294
0 0.0000 0.8930 0.4279 0.6567 1.6310 1.5859 1.4246 1.5642 1.6253 1.5429 1.5273 1.6195 1.5429 1.5642 1.5914 1.6663 1.6110 1.8087 1.7348 2.4190 3.1849 2.8573 2.8154 2.6906 2.8257 3.1130 2.6996 3.0202 2.6816 2.4463 2.8052 3.0992 2.7951 2.8361 2.6296 3.6196 2.7272 2.9011 3.9755 2.9238 2.4603 3.2463 2.7087 3.0992 3.2784 2.7087 2.8573 2.4463 3.1701 2.4190 2.8573 3.0856 3.7114 2.2756 3.4940 2.5335 3.0202 5.6597 2.7752 3.2948 2.8900 2.7752 2.7654 3.1130 2.9011 2.7087 2.6816 2.7951 3.8107 2.7951 2.9124 2.5644 2.1265 2.3794 2.0153 2.3666 2.7272 2.7557 1.8739 1.9685 1.8443 1.9279 1.9121 1.8739 1.7677 2.0833 1.7744 1.8701 2.0927 1.8890 3.8633 4.1970 2.9830 2.7851 3.6196 3.8633 2.6296 2.8573 3.8107 2.8466 4.0978 3.0992 2.8681 3.5343 3.3456 4.2315 3.2463 4.3783 4.1632 2.9708 2.9011 3.1849 3.1130 4.3032 3.0856 3.5762 3.8107 3.6646 3.5762 2.5566 2.8573 2.4257 2.9354 2.8154 2.9238 3.1270 2.0880 2.8257 2.7557 3.0202 2.6046 2.9952 2.6381 2.9011 2.6639 2.3230 3.3456 2.4325 2.5335 2.8573 3.9466 2.6552 3.0202 2.2034 2.3109 2.4673 3.0722 2.5335 2.2699 2.3794 2.3170 2.6996 3.2784 6.5129 3.7114 3.2463 2.6129 3.5343 2.6727 3.5140 2.9238 2.5803 2.4463 2.4056 2.4603 2.5644 2.5184 2.4603 2.7557 2.1565 2.9830 4.3403 3.6196 3.2151 2.9952 3.7851 215.8902 3.9755 3.3456 3.8107 2.8573 2.9470 3.4940 3.2306 3.0202 2.9470 3.5343 2.3794 3.0722 3.0459 2.4056 2.7557 3.0202 2.5644 2.5411 2.8790 3.2151 2.8154 2.5566 3.2784 2.8900 2.9952 2.7461 2.5335 2.4745 2.6639 2.2361 2.6212 2.5566 2.3353 2.5109 3.0992 2.8154 3.3989 2.8361 2.9011 3.2151 2.8361 2.6816 2.7951 2.4603 2.7179 2.5964 2.7654 2.2585 2.3666 2.0555 2.1875 1.9521 2.5035 2.0197 2.4962 1.8590 2.3414 2.7179 2.4257 2.5109 2.4603 2.3291 2.1265 2.5883 2.7951 2.8361 2.9708 2.1928 2.4394 3.0330 2.5035 2.4325 2.3666 2.5335 3.2784 2.4190 3.0202 2.3924 2.8154 2.8573 2.4889 2.7851 2.7087 2.6381 2.7557 2.4463 2.5644 3.1130 2.7087 2.6639 2.5184 2.7654 2.9354 2.9952 2.5883 2.6296 3.1555 3.3809 2.9830 2.5644 2.7179 2.5035 2.7461 3.1555 2.8052 3.0459 3.3456 2.6466 2.8052 3.0856 2.6046 2.7366 2.7179 3.1701 3.5343 2.3050 2.6906
1 0.8930 0.0000 0.8572 1.0009 1.4481 1.6253 1.6368 1.5750 1.6724 1.6026 1.3620 1.6544 1.5588 1.6544 1.6784 1.6968 1.6426 1.7413 1.6845 2.6466 2.9589 3.4940 3.3631 2.9830 3.1270 3.0856 2.8681 3.0459 3.2463 3.2306 3.3809 3.4173 2.7752 3.3284 3.3809 3.7114 2.8154 2.8790 3.0459 3.1849 3.1555 3.7114 3.6196 3.5343 2.8790 3.4360 3.1849 2.9708 2.9470 2.3666 3.1270 2.6639 2.8681 2.9354 3.0722 2.4325 3.3989 2.4889 2.7087 2.5964 2.9470 2.7557 3.1849 4.3032 2.9470 3.0459 2.9011 2.9952 2.8052 2.6466 2.9011 3.1849 3.1555 2.7179 3.4940 2.4325 2.6296 3.1412 2.1719 1.9769 2.2585 2.4603 1.9121 2.1565 2.0647 2.4325 2.2585 2.0285 2.2814 1.9603 2.7557 3.8905 3.2622 2.5964 3.8107 2.7557 3.0202 3.5762 3.8107 3.1849 3.9755 3.2151 2.9238 2.7752 3.4550 3.8633 4.6269 3.3456 2.8154 3.1849 2.9238 3.1412 5.6597 4.2669 3.3456 3.7114 2.5644 3.9755 4.0978 3.0722 2.9589 3.7114 3.0459 3.0856 2.3291 3.3114 3.3989 2.8790 3.9183 2.5335 2.8466 2.8790 2.9830 3.5343 3.6878 3.1849 2.8361 2.9708 4.0353 3.3631 2.9011 3.0459 2.5184 1.7744 2.3924 2.4190 2.3477 2.1070 2.1414 2.0023 2.1414 1.9521 4.3403 4.4980 3.3456 3.5343 3.3456 3.2463 3.8107 3.4550 3.2463 2.6129 2.7179 2.3794 2.5488 2.9470 2.9952 2.4122 2.6816 3.1849 2.7654 4.1632 3.2151 3.2151 2.8154 3.6646 215.8902 3.0856 3.6646 3.5140 4.2669 2.5644 3.3989 2.3924 3.4550 3.0459 2.7951 2.9708 2.8790 2.6129 2.7752 3.0992 2.9011 3.4550 3.0589 2.7951 2.7951 3.2151 2.8257 3.2463 2.6906 2.4463 2.5184 2.9238 3.4550 2.1216 2.4962 2.4056 2.6129 2.4190 2.1070 2.2873 2.1616 3.5762 2.0285 2.4603 2.8681 2.3794 2.8257 2.7752 3.1555 2.9011 2.8790 2.8361 2.6129 2.4190 2.2196 2.6129 2.2361 2.4745 1.8480 2.2472 2.2416 2.2931 2.3924 1.9685 2.5644 1.9769 2.2642 2.5488 2.9952 2.1515 2.5335 2.4056 3.2784 2.7179 2.8900 3.3284 2.4962 2.9708 4.0662 3.1270 3.1270 2.6816 3.1849 3.8633 2.4257 2.6639 3.1999 2.9011 2.5411 3.1555 2.9354 2.8154 2.9708 2.3924 3.6646 2.7654 4.1970 3.4940 2.6639 2.3291 2.6639 2.5488 2.6381 2.4394 2.4257 2.9708 2.8790 2.5883 2.8052 2.5964 2.8466 3.8633 2.5411 3.7600 2.7461 3.5343 2.6727 2.7179 2.7951 2.5644 2.4463 3.1999
2 0.4279 0.8572 0.0000 0.5734 1.4528 1.6082 1.4246 1.5642 1.6195 1.4968 1.5068 1.4293 1.4246 1.5859 1.5429 1.6281 1.5750 1.6195 1.5804 2.3794 2.7366 2.4056 2.7366 2.8790 3.0992 2.9952 3.5977 3.2151 2.5566 2.7951 2.6296 2.4745 2.4889 2.4056 2.7179 2.7461 2.8573 2.8573 3.5977 3.0992 2.8361 2.8681 2.5035 3.2151 3.0202 2.9589 3.0722 2.7557 3.2948 2.7951 2.7654 2.2873 3.2463 2.4889 2.5184 2.5335 2.9708 4.7185 3.0992 3.2151 2.6906 2.6296 2.8573 2.9354 2.7951 2.5644 2.9952 2.6212 3.2306 2.9470 2.3794 2.4463 2.3666 2.4673 2.2034 2.3230 2.4745 2.5803 1.8739 1.8966 1.8966 1.9769 2.0023 1.9439 2.0464 2.2699 2.0110 1.8928 1.9853 1.7880 2.5109 2.8154 3.0459 2.8361 2.7366 3.5977 2.9952 3.2948 4.0051 2.7654 4.8651 3.2151 3.1701 4.0978 3.2463 4.0353 3.0722 3.1701 4.3783 2.9470 2.9011 3.5343 3.1849 4.5399 3.1270 4.1632 3.9183 2.3539 4.1301 2.9589 2.6296 2.5964 2.9708 3.3284 3.0856 3.0992 2.5411 3.4173 2.6296 3.2622 2.5411 2.9011 2.5566 2.7951 3.2463 2.9470 3.6878 2.8900 2.8573 2.6381 3.6196 2.8361 2.2250 2.6639 2.2305 2.1823 2.5964 2.0555 2.1928 1.9938 2.3666 2.1823 2.9238 5.9702 3.0992 2.9708 4.0662 3.4550 2.9952 5.0239 2.9589 2.3539 2.0241 1.8852 2.3990 2.4190 2.4056 2.2814 2.7179 2.2699 2.6296 3.5551 3.8905 4.2669 3.6196 2.6816 3.8905 3.5762 4.3403 3.3456 4.9166 3.0992 2.7272 2.7461 2.8154 2.3414 3.6196 2.6466 3.0459 2.8790 2.4962 2.9952 2.9354 2.4325 2.3414 2.6996 2.4745 2.7366 3.0459 2.7272 2.7951 3.0202 2.8466 2.6296 2.3050 2.2931 2.3990 2.2305 2.3859 2.3730 2.2990 2.4122 1.8192 3.5140 2.3414 2.6046 2.5964 2.2931 2.6296 2.8573 2.6639 2.4056 2.5184 2.4603 2.3539 2.4673 2.2361 2.4816 2.0693 2.2305 1.9439 2.3291 1.8443 2.3050 2.4325 1.9853 2.5488 2.0374 2.0927 2.3414 2.4325 2.5035 2.4190 2.3353 2.4816 2.8257 2.3666 2.2528 2.5411 2.1616 2.7179 3.3809 2.5184 3.1270 2.2034 2.7272 2.8257 2.3859 2.6906 2.4673 2.7461 2.3050 2.1070 2.4190 2.7851 2.4325 2.5488 2.3050 3.5762 2.3414 2.7951 2.6727 2.9354 2.6906 3.0330 2.7366 2.8361 2.5184 2.6466 2.3730 3.0992 2.7951 2.8361 2.8052 3.0589 3.2784 2.5109 2.8154 2.9830 2.7366 2.5259 3.4173 2.3353 2.5411
3 0.6567 1.0009 0.5734 0.0000 1.6195 1.5642 1.5119 1.6724 1.7478 1.5696 1.6026 1.5482 1.6026 1.6845 1.6604 1.6968 1.5273 1.6026 1.6968 2.4325 2.5964 2.5723 2.7654 2.6816 2.5488 2.7087 2.5723 2.7557 2.8466 3.0076 2.7557 2.8573 2.5335 2.8361 2.6906 2.8052 2.3291 2.8361 3.2463 2.8257 2.4533 2.6996 2.4325 2.6296 2.7272 3.1999 2.9470 3.4360 2.4603 3.8367 2.7179 2.6296 2.5723 2.7557 3.0076 2.8154 3.6419 4.1301 2.5803 2.8154 2.9354 3.3284 3.1555 3.0722 2.9470 2.7272 2.7752 2.9011 4.0662 2.5184 2.5035 2.4190 2.3477 2.6816 2.3666 2.4463 2.6129 2.8361 1.7948 1.8590 1.9359 1.8017 1.8087 1.8299 1.8228 1.9853 1.9521 1.7031 1.8966 1.8017 3.5140 5.0239 4.6269 215.8902 4.1970 2.7557 3.2306 4.1632 3.3114 2.9238 3.9755 3.8905 3.4550 2.7557 3.0589 3.2784 3.1555 2.7366 4.0353 3.2784 2.4190 2.6046 2.7951 4.8150 2.0374 2.5488 4.5399 3.4940 4.3783 3.1555 2.7654 3.2151 2.9952 2.6129 2.9238 3.8633 3.4550 3.2151 2.6466 2.9011 2.7179 2.8790 2.6129 3.7851 3.0722 2.8790 3.0992 3.2151 2.9011 3.2463 4.0051 3.0992 2.5184 2.4463 2.4745 2.2305 2.8257 2.3924 2.2699 2.1414 2.2585 2.4394 2.8790 4.2315 3.4173 3.1849 2.9238 3.9183 3.7600 5.3835 2.6046 2.6129 2.3539 2.1216 2.6296 2.9011 2.2814 2.3539 2.8361 2.2034 2.7366 3.2784 5.0239 3.9183 2.4962 3.0459 4.5829 3.2784 3.3631 2.9470 3.7114 2.9011 3.3456 2.5411 3.6419 2.9238 2.9708 2.3924 2.9011 2.9470 2.4962 2.8154 3.1270 2.9470 2.5803 2.9708 2.9238 2.9011 2.7461 3.1701 2.7179 2.6129 2.3924 3.8367 2.6296 2.8681 2.9238 2.2990 2.6906 2.5803 2.9238 3.7114 2.6906 2.9238 2.9589 2.5803 2.6996 2.4190 2.8573 2.7461 2.3990 2.7272 2.7366 2.7951 2.8361 2.3050 1.9769 2.3859 2.0110 2.0833 1.9044 2.2034 1.6784 2.1616 2.2472 2.0739 2.6296 2.3924 2.5488 2.3539 2.4889 2.3109 2.3794 2.2814 2.7752 3.0330 2.9011 2.7461 2.7654 2.5964 2.9589 3.8633 2.9011 3.1412 2.3990 3.3284 2.3353 2.9952 2.7851 3.0076 2.6906 2.6046 2.4889 2.3794 2.7366 2.3794 3.0459 2.4190 3.0992 3.0992 3.0856 2.8361 2.9952 2.6466 3.7600 2.7179 3.2622 3.2151 3.2948 2.5184 2.8154 3.5140 2.7087 2.2088 2.6296 3.2622 2.4257 2.7461 2.6212 2.5883 2.9708 2.9589 2.8573 2.4257
4 1.6310 1.4481 1.4528 1.6195 0.0000 0.6506 0.8106 0.7283 0.8178 0.7131 0.7174 0.9524 0.7800 0.7731 0.8154 0.8373 0.7594 0.8522 0.3476 2.5184 2.7461 2.6727 2.8154 3.2306 3.0202 2.7557 3.0722 3.0992 2.5109 3.4173 2.5184 2.9011 2.8154 2.7179 2.6296 3.0330 4.0353 3.3284 3.2948 2.6639 2.7752 2.9238 2.9354 2.9011 2.9124 2.9708 2.7461 3.7851 2.6296 3.0202 2.6639 2.8681 3.4550 2.4122 2.2416 3.2463 2.4816 2.0197 2.2361 2.5109 3.1412 2.8790 2.6129 3.6196 3.0722 2.3291 2.5803 2.6639 2.8790 2.6816 4.1632 3.0330 2.9708 2.2034 2.8466 2.3414 2.7557 2.8257 2.6816 2.8154 2.5335 3.3114 2.8573 2.6129 3.1849 3.0459 3.0992 2.8361 2.7654 2.6996 2.9354 4.0353 3.2463 2.7087 2.9952 2.9952 3.2151 3.1130 3.5343 3.3456 3.3989 3.6196 3.4743 4.0978 2.8790 2.9952 3.8633 3.2784 3.5343 3.3631 3.0459 3.3631 3.9466 3.8633 3.5762 4.0353 3.4360 3.3456 3.2463 2.9470 3.3456 2.8052 2.7366 2.6129 2.9238 2.8257 2.4325 3.5762 3.2784 2.7557 3.0076 3.3456 2.4394 2.9952 3.1849 2.8573 2.9011 2.5488 3.2151 3.8107 3.2784 2.8361 3.4940 2.4056 2.8573 3.0076 2.4673 2.8790 3.1130 2.5335 2.8361 3.3631 3.8107 3.0202 3.7600 3.5551 3.9183 4.1970 3.1999 3.5762 3.4173 2.9011 2.5883 2.7951 2.6639 2.5184 2.7752 2.6816 2.6129 2.9011 3.3809 4.3032 5.0239 4.5399 2.6996 3.6878 2.5883 4.3783 3.3809 4.1970 4.4571 3.9466 2.9470 2.3990 2.7179 2.7851 3.0202 2.9011 2.7557 2.6296 3.5140 3.8633 2.8790 3.5762 2.9470 3.0076 3.0992 3.3284 3.2463 4.3783 2.8361 2.9470 2.9708 3.1412 3.1849 2.5488 2.4394 6.0539 2.8573 2.9124 2.2472 2.7951 4.1632 2.9238 3.1270 2.3477 3.3809 2.8900 3.2151 3.3114 2.9354 2.9708 3.1412 2.8900 4.5399 3.1555 2.9238 2.7951 2.6296 2.4673 2.4533 2.7951 2.5566 2.3602 2.5335 2.4056 2.5335 3.0992 3.3284 2.6296 3.3456 2.5644 2.8790 2.9238 2.9830 2.7557 3.4173 3.5762 3.1412 2.7557 2.8790 3.8633 2.9238 3.3809 2.7179 3.3456 3.4940 4.9695 4.3783 3.6646 3.8905 3.6646 3.7355 2.4889 3.4173 2.4533 3.0330 2.6296 5.2569 3.0202 2.9011 3.4940 2.8573 3.1849 2.5883 3.3284 3.4173 2.6466 2.8361 2.6212 2.9708 3.3456 2.8681 2.6212 2.7654 3.4173 2.7272 2.3794 2.9238 3.3284 2.7272 3.0202 2.4745 2.7951
5 1.5859 1.6253 1.6082 1.5642 0.6506 0.0000 0.9806 0.7847 0.7371 0.7239 0.7131 1.0128 0.8118 0.7549 0.7088 0.7549 0.7371 0.8250 0.6288 2.6129 2.6906 2.5803 2.9952 2.6639 2.6466 2.6212 2.8573 2.9124 2.5035 2.5644 2.5488 3.0992 2.6381 2.7752 2.5644 2.3859 2.5803 3.1130 2.9830 3.0722 2.7179 2.7557 2.8790 2.9708 2.8681 2.9952 2.5644 3.3456 2.6466 3.4173 2.6046 2.9011 3.3809 2.7851 3.9183 2.8361 2.8154 2.8790 2.6996 2.4603 2.6296 3.0589 2.6639 2.9238 2.6212 2.3050 2.4394 2.5883 2.8790 3.8107 3.3114 3.8367 3.5343 3.1412 2.7752 3.1555 2.6639 3.5762 2.5488 2.7366 2.9589 2.5184 2.7851 2.6129 2.7557 2.5035 2.4745 2.4463 2.5803 2.7752 2.6996 3.7851 3.2463 2.7654 3.0856 2.9952 3.1555 3.5762 4.1632 3.5762 3.3809 4.2315 3.4940 5.1372 3.9466 3.0722 3.8905 3.1849 4.7661 3.8633 3.5140 3.8367 3.7114 3.7851 3.2463 4.7185 3.7355 4.1632 8.9402 3.6196 3.1412 2.8790 3.2463 3.6646 3.2151 3.1270 3.2463 2.9952 2.9708 2.9470 3.2948 2.9708 3.3989 4.0353 3.4360 3.2151 3.1701 2.8257 3.8633 3.4743 3.1270 2.8154 3.3631 2.7951 3.0459 3.3809 2.6816 3.9755 2.9124 2.9952 2.6296 3.5343 4.3783 6.5129 7.6817 4.5399 3.5762 11.0955 3.1849 4.5399 4.2315 2.9470 3.4173 2.8573 3.3456 3.7114 3.1555 3.2151 3.6196 3.2463 3.2784 3.9183 4.3032 4.9166 3.5977 3.6646 3.0202 5.5176 3.9755 6.7176 3.6646 5.0239 3.5551 2.8154 2.6996 3.0992 2.7179 2.6129 3.0330 2.4889 4.4571 6.5129 3.4173 3.7114 3.0722 3.6419 3.5977 4.9166 4.7661 3.9755 4.5399 4.7185 4.1970 4.5399 4.1301 3.2151 3.2151 4.3403 2.8573 2.8361 2.5035 8.1141 3.0459 3.1999 2.9354 3.3456 3.6196 2.9011 3.5762 3.0459 2.9708 3.1130 3.2784 3.5977 2.8361 3.1270 2.9011 3.0459 2.9952 2.7366 2.5184 2.9011 2.7951 2.5335 2.3291 2.8573 3.4550 2.8154 2.7557 3.2151 2.7179 2.5035 2.6996 2.3539 4.4571 3.6196 3.9466 7.8210 3.8633 3.3114 3.0992 4.1632 4.0353 3.6878 3.3631 4.1632 3.1849 4.6721 3.7851 3.4360 2.9830 3.0076 3.5977 2.9830 3.1999 2.9354 3.9466 3.1555 4.1632 3.1555 2.8466 3.1849 2.8154 2.7179 3.2306 3.0856 2.9470 3.1412 3.1130 2.8790 3.1270 2.7557 2.8257 2.8361 3.0330 3.0856 2.7851 3.0856 2.5803 3.0330 2.7851 2.6727 3.1701 3.2463
6 1.4246 1.6368 1.4246 1.5119 0.8106 0.9806 0.0000 0.8852 0.9579 0.8597 0.7800 0.9358 0.9468 0.9692 0.8749 0.9664 0.8943 1.0647 0.7893 3.0459 3.2463 2.6046 2.7179 2.9708 2.8573 3.1130 2.7752 3.2306 2.3990 3.3809 2.7272 2.6816 2.7654 2.5035 2.5488 2.8790 3.8633 3.0589 3.2306 2.9952 3.8905 2.7557 3.0992 2.8154 3.1555 2.8154 2.8573 3.5551 2.9011 2.7272 2.6906 2.8361 4.0051 3.9755 3.1701 3.2784 2.9952 3.4173 3.0076 2.7851 3.1270 2.8466 3.4743 2.9238 3.8107 2.7951 3.4550 2.9470 3.7600 3.2151 3.8107 3.6878 2.7557 2.8790 2.4463 2.3794 2.4325 2.5488 2.6816 2.6816 2.5184 2.5964 2.6816 2.9470 2.5803 3.2948 2.7752 2.6466 2.8900 2.8573 3.2948 3.4743 4.3403 3.6646 3.4550 3.7355 3.3456 2.8052 4.8651 2.8790 2.7851 2.9124 2.9952 3.9183 2.7557 2.9011 3.8633 2.7951 3.4173 3.8107 2.8790 2.8681 3.3631 3.3114 3.2622 2.9952 4.1970 3.5551 3.6646 3.2622 4.1970 3.8107 4.0051 2.8466 3.9466 3.2784 2.6296 3.8367 3.4550 3.1701 2.8361 3.7851 3.7851 3.2306 3.6878 3.7114 3.1412 3.3114 3.1412 3.9466 4.0662 3.1412 3.7114 2.3539 2.6727 3.2463 2.5259 2.6639 2.7366 2.5411 3.0202 2.8052 3.7114 9.7121 4.1632 3.1270 4.0978 2.9952 3.3809 4.4571 3.9755 2.8154 2.6816 2.5335 2.6296 2.6046 2.9708 2.6296 3.0459 2.5184 2.4745 3.0459 3.9183 3.1412 3.0856 2.9952 2.0285 4.1632 4.0978 4.4980 3.9183 3.4360 3.7114 2.8052 2.7951 2.8573 3.0330 2.6906 2.9708 2.6466 3.4940 3.1849 3.2463 2.9470 2.9830 2.6996 3.3114 3.9466 4.5399 3.6646 5.3835 3.5343 3.1999 3.1130 2.7366 5.3193 2.9952 215.8902 11.6271 8.1141 9.1232 215.8902 2.5411 2.8154 2.5644 2.3291 3.0722 3.5977 3.0459 2.7752 3.0459 2.9124 2.9708 3.1130 2.7179 3.0722 2.6129 2.8154 2.6816 2.5644 2.5488 2.7366 2.4056 2.7951 2.7179 3.0202 3.1555 2.5644 3.6196 2.4745 2.7179 2.5964 2.8154 2.6129 2.7557 2.8900 2.6466 3.4173 3.3989 2.3539 3.0722 2.9011 2.5184 2.8257 3.1849 2.9830 3.0459 3.3456 3.0459 2.7752 2.8790 2.3924 2.9124 2.6466 3.2784 2.6466 2.6381 2.5964 3.9755 2.9952 2.7366 3.0330 2.9124 3.5343 3.4550 2.7087 3.8107 3.1130 3.2784 3.6646 3.1701 2.6129 3.1555 3.2784 2.8361 3.7114 3.2948 3.3284 3.3809 3.1999 3.3631 2.9011 2.9124 3.5343
7 1.5642 1.5750 1.5642 1.6724 0.7283 0.7847 0.8852 0.0000 0.9551 0.7527 0.8226 0.9980 0.8130 0.8447 0.9182 0.9664 0.9062 0.8930 0.7131 2.7179 2.5184 2.6906 2.7951 3.0856 2.6466 2.7851 2.7557 3.0459 2.3666 3.2948 2.3859 2.6639 2.6727 2.4889 2.3291 2.4325 2.7087 2.9708 3.0992 2.4533 3.4360 2.3666 2.8900 2.6639 2.8361 3.0722 2.3477 3.2463 2.4463 3.6646 2.8790 2.5259 4.0978 2.1464 2.5488 3.0459 3.2948 2.8466 2.8154 2.1616 2.5109 2.5335 2.6129 2.7272 2.9011 2.2931 2.5035 2.9011 2.4325 2.8257 3.0856 2.9708 3.0992 3.0459 2.9589 2.6296 3.3284 3.0992 2.1414 2.3794 2.1928 2.4889 2.8790 2.2585 2.6129 2.5335 2.4325 2.6639 2.7752 2.7179 2.8466 3.0722 2.9011 2.2585 3.0202 2.7557 3.0202 3.1701 3.5551 3.3631 2.6046 3.0202 2.7366 4.0051 2.9470 2.7654 3.7114 2.9124 4.3783 3.3809 4.0353 2.9470 3.7600 3.5977 3.5551 3.6646 3.3989 2.8573 5.6597 3.1130 2.8573 3.6419 3.1555 2.8466 3.2306 2.6296 2.8361 2.7179 2.6996 2.6296 3.2948 2.7851 2.9238 3.0992 3.1130 2.8790 3.2784 2.7752 3.1555 2.9470 4.1970 2.8790 2.8361 2.6046 2.1119 2.8681 2.5109 2.3291 2.8257 2.3170 2.5803 2.4325 4.7185 4.3032 2.8361 3.4173 2.7557 2.8573 2.7366 3.0202 3.4940 2.6129 2.2814 2.6466 2.4463 2.9708 2.8361 2.6466 2.7951 2.6212 2.7366 3.6646 3.9755 2.9830 3.5762 3.3456 2.4889 5.5176 2.8790 4.6269 4.1632 2.6727 2.9238 2.8361 2.7366 3.4940 3.0459 2.3477 3.2306 3.2463 3.4550 3.8107 3.4173 3.4360 2.8790 3.6196 3.1270 3.1555 3.2463 3.2306 5.9702 3.4550 2.8900 3.6196 3.4173 2.0153 2.2034 215.8902 2.2416 215.8902 2.1823 215.8902 2.7654 2.8790 2.4463 2.3170 3.2463 2.5566 3.3631 2.7851 2.8900 2.4816 3.1849 2.9470 2.4533 2.8573 2.8257 2.8573 2.4325 2.5184 2.3539 2.6046 2.7179 2.2699 2.3109 2.5335 2.6996 2.3291 2.6816 2.5723 2.4056 2.5803 2.6996 2.5411 3.1270 2.7752 2.8790 2.6816 4.0662 2.5488 4.2315 3.4550 2.5644 2.4745 2.9708 2.8154 3.0992 3.4550 3.4550 3.4360 3.5343 2.9011 3.0202 3.3809 3.2784 3.1270 2.7366 2.6996 4.1301 2.9011 2.8361 2.7272 2.4056 2.8681 2.9708 2.8573 2.8361 3.8633 2.7752 3.0722 3.2784 2.6466 2.5803 2.7752 2.6639 3.0992 2.8052 2.8361 3.1270 2.7557 2.6296 2.4603 2.7752 2.8790
8 1.6253 1.6724 1.6195 1.7478 0.8178 0.7371 0.9579 0.9551 0.0000 0.8397 0.8422 0.9579 0.9551 0.6751 0.6170 0.7003 0.6093 0.6587 0.7708 3.0722 2.9470 2.9708 2.8790 2.8573 2.7851 2.8900 3.0202 3.1270 2.7557 3.1130 3.0076 2.6296 2.9589 2.8154 3.2463 3.0589 3.2151 2.7851 3.4550 2.6996 3.3989 2.9011 3.2463 2.6639 3.1999 3.8367 2.5035 2.7461 2.8790 3.8107 2.4603 3.1412 3.3809 3.7114 2.7951 2.6996 3.4173 3.2463 2.8573 3.0856 2.7557 2.8154 3.1270 2.9952 2.9830 2.5035 2.9011 2.5803 3.1555 3.5551 5.0239 3.1555 3.3809 3.7851 3.8633 2.9011 3.3809 2.9238 2.5964 2.6996 2.6129 3.1555 2.6816 2.6639 2.8361 3.4550 2.9708 2.6639 2.9952 2.5803 3.5343 2.7654 3.0202 2.6552 2.4962 2.6381 3.1849 3.4173 3.7114 2.9708 3.1849 4.0353 2.8052 4.2669 2.6639 2.5803 3.5343 3.0722 3.7114 3.9466 3.3456 3.4550 3.8633 3.6196 3.5343 3.5343 3.1849 4.5399 2.8790 2.8573 3.0202 2.9238 2.8361 2.7752 2.7951 2.5488 3.0992 2.9238 2.7366 2.5644 2.7179 3.0722 2.6639 3.1270 3.4550 3.1555 2.8790 2.4816 3.1270 3.2948 3.2306 2.4603 3.4173 3.0992 2.5184 2.9238 2.7461 2.8466 3.1130 2.6552 3.2622 3.2948 4.3032 4.7661 3.5762 5.5176 3.4940 7.1683 3.6196 4.1632 3.1555 3.0722 3.2784 2.3291 3.0202 2.6466 2.9830 2.8154 2.5488 2.8154 3.1555 3.2622 3.5762 3.8633 3.3284 3.4940 2.4603 4.1301 4.6269 7.8210 4.2315 4.0353 3.7851 3.4940 2.8257 3.0459 2.9011 2.9124 3.1412 2.8361 3.9466 4.3032 4.0353 3.0330 4.0353 4.1970 3.6196 5.8103 4.2315 5.1372 3.8107 5.3835 3.3989 6.9357 4.3783 2.5488 2.3794 3.6196 8.5927 3.8905 2.6296 2.5803 3.0856 2.5803 3.1270 2.9470 2.9708 3.2151 3.4173 3.4940 2.9708 3.0202 3.0992 3.3284 3.1270 3.3114 2.9952 2.8573 3.1412 2.6296 2.5488 2.7851 2.8154 2.6466 2.7366 3.1999 2.7179 2.7752 3.0992 2.9011 2.7752 3.1999 2.8154 2.7366 5.1372 3.6196 3.0856 4.3032 4.6269 3.4550 3.5977 3.6196 3.5343 4.5829 3.3809 3.4940 4.3403 4.0353 4.0353 4.5399 4.4571 2.8900 3.7851 2.9952 3.5343 3.1555 3.4550 3.0992 4.4980 3.7851 3.0856 3.8633 3.3114 3.3114 3.4743 2.7272 2.8257 3.4940 2.7951 2.8790 3.6878 3.0330 2.8790 2.4816 3.3284 3.0722 3.3809 2.7851 4.3032 2.9470 3.0076 3.0992 2.8900 3.2622
9 1.5429 1.6026 1.4968 1.5696 0.7131 0.7239 0.8597 0.7527 0.8397 0.0000 0.7174 1.0805 0.5107 0.9062 0.8647 0.8673 0.8904 0.8904 0.7174 2.6996 3.3631 2.8361 2.8361 2.8573 3.2784 3.0330 2.9124 2.9830 2.4889 2.4394 2.7654 2.8154 3.1412 3.1999 3.0992 2.9952 2.8573 2.4745 3.5762 2.9470 3.3114 2.9470 3.6646 3.0722 3.7600 2.9708 2.7752 2.3291 2.7272 3.6646 2.0555 2.6381 4.8150 2.6552 3.8107 2.7851 2.8681 3.9755 2.4325 3.8905 3.0992 2.8466 2.9238 3.3809 2.4603 2.7654 2.7087 3.2463 3.2784 3.1849 3.8107 4.0353 3.8107 2.8361 2.9830 2.7951 3.6419 2.9470 2.3539 2.2699 2.2142 2.5335 2.5335 2.3539 2.2931 2.8361 2.2990 2.2034 2.2585 2.5964 3.5343 3.3809 3.8633 6.5129 2.8790 2.6296 3.3809 2.5964 3.6419 3.5762 3.5140 2.9238 3.0992 3.7114 2.8681 3.6646 3.1270 3.2784 3.7355 3.2622 3.0459 3.5762 4.4571 3.3631 3.5343 3.5343 3.4360 3.0076 3.6646 2.6906 2.8573 2.9124 3.0992 2.7366 3.6196 2.7752 2.8573 3.3456 2.7087 3.0202 3.1130 2.9354 3.2463 2.9589 3.2151 2.9011 3.3631 2.9124 2.9708 3.2306 3.2151 2.7752 2.5644 2.0241 2.4603 2.5335 2.5964 2.8573 2.4889 2.4190 2.7179 2.9011 3.3114 3.3114 3.3809 3.9755 3.2151 3.7600 3.6196 3.0722 3.3989 2.6466 2.4056 2.9952 2.6639 2.5411 2.4745 3.1849 2.6639 2.9470 3.0202 4.0353 4.8150 3.1849 2.9470 3.3456 3.6646 4.3783 3.5343 3.0459 3.9755 3.3809 3.3989 2.4190 2.8573 2.6816 2.6129 2.5964 2.9708 2.6296 4.6269 4.0353 3.5343 3.3456 3.0202 3.5762 3.5551 9.7121 3.4940 4.6721 3.7114 3.8107 3.4743 5.5876 3.1849 2.4257 2.5488 10.6010 3.1999 3.0722 2.6296 4.7661 2.6639 3.1270 2.6129 2.5184 3.4940 3.4173 2.8573 3.3631 3.0992 3.3114 2.5964 2.9011 3.0589 2.8790 2.6129 3.3114 2.6816 2.9952 2.5644 2.9952 2.4745 2.8790 2.3170 2.5488 2.5488 2.5803 2.9952 2.6296 2.7366 2.4816 3.4173 2.6816 3.1270 3.6646 4.9695 3.3631 3.6878 3.2151 3.0722 3.3456 3.0202 3.4173 3.3456 3.8107 3.4173 3.2622 2.9708 4.0353 3.1999 3.3114 2.9011 2.9708 4.1301 2.8154 3.5762 2.9952 3.5762 3.5343 3.3989 2.6212 2.5566 2.8573 3.2306 2.7951 2.9952 3.1849 2.8790 3.0992 2.6129 2.5184 2.8573 2.7851 2.6639 2.7366 2.7654 2.5883 2.8681 2.5723 2.4889 2.9238 3.2306 2.7951
10 1.5273 1.3620 1.5068 1.6026 0.7174 0.7131 0.7800 0.8226 0.8422 0.7174 0.0000 0.9778 0.7174 0.9276 0.7975 0.8597 0.8058 0.9195 0.7034 2.7366 2.9470 3.0722 2.4056 2.7366 2.5035 3.2151 2.8361 2.6816 2.4889 3.4550 2.6816 2.6996 3.1270 2.4325 2.6466 3.1555 2.8361 2.6996 2.6816 2.2990 2.8573 2.9011 3.4550 2.7951 2.8573 3.2948 2.6296 2.8466 2.6296 3.1130 2.8466 3.1555 2.9589 2.9238 3.4940 2.7179 3.4940 3.3456 2.8573 3.1555 2.9011 2.8361 2.9708 3.4173 2.7951 2.4745 2.6996 3.1270 2.9470 3.3809 2.6129 2.7179 2.6466 2.3794 2.7752 2.2472 2.6552 2.3291 2.7752 2.6639 2.6296 3.0992 2.8790 2.6816 2.8790 2.9470 2.5803 2.6129 2.4056 2.5488 2.9952 3.5551 2.6296 2.7179 2.6906 3.3284 3.1555 3.1270 3.3114 2.9708 2.6046 3.6196 2.9238 3.2463 2.6129 2.7366 4.0662 2.5184 3.2463 4.0051 2.4056 2.5964 4.0353 2.5488 3.1270 3.3809 3.1849 3.1270 2.6296 2.8154 2.9952 2.7366 3.3284 2.8790 3.1270 2.8900 2.8900 4.3783 2.7366 3.5762 3.8633 3.2784 2.9238 3.2151 3.1555 2.8466 3.4550 2.8681 3.7600 3.5140 3.1130 2.7179 2.7366 2.5488 2.6129 2.6996 2.3414 2.8573 2.5964 2.3794 2.8154 3.2463 3.5343 7.4165 3.4173 3.2463 2.9470 4.1632 3.2151 3.1555 3.6196 3.0992 2.4889 2.6296 2.7557 2.3666 2.4745 2.4603 2.3924 2.8790 2.7366 3.6878 4.3783 3.4550 3.1849 2.9354 215.8902 5.1962 3.1555 3.4550 3.1849 3.5343 2.7179 2.2472 2.5035 2.3990 2.8154 2.5964 2.4056 2.6046 3.6196 6.9357 3.6878 3.8633 5.2569 3.1270 4.0978 5.9702 3.7600 5.2569 4.4980 3.7355 3.0992 4.3032 3.0459 2.4816 2.8052 2.5335 4.6721 215.8902 2.5335 4.5399 2.2699 2.8361 2.8790 2.5644 3.0459 2.4745 3.6646 2.8681 2.8790 2.8154 2.6296 3.5977 215.8902 2.9952 2.4745 2.3794 2.4889 2.2361 2.3414 2.5184 2.4056 2.6296 2.9589 2.6996 2.7654 2.9011 3.2784 2.6381 2.4603 2.4056 2.3291 2.5184 2.6639 2.7851 3.1130 2.9011 2.4056 2.5335 3.0330 3.0330 3.2784 2.6466 2.6552 2.9011 3.2463 5.3835 4.3032 3.1270 3.3809 3.2151 3.2784 2.3794 3.4360 2.3414 3.4940 2.5803 4.0353 4.0353 3.3631 2.5488 2.2699 3.0202 2.9011 2.9238 2.9354 3.1849 2.7752 2.5335 3.4743 2.6639 2.8900 2.8361 3.2622 3.0076 2.7851 3.1701 2.9952 2.7366 2.3924 3.0722 3.0076 2.7366
11 1.6195 1.6544 1.4293 1.5482 0.9524 1.0128 0.9358 0.9980 0.9579 1.0805 0.9778 0.0000 0.9835 0.9276 0.9385 1.0247 0.9276 0.9317 0.8917 2.6906 3.1849 3.2784 3.1555 3.0459 2.9238 2.9238 2.7654 3.2622 2.7752 3.0202 2.9011 3.2151 2.6906 2.6046 3.0722 3.1849 2.8790 2.4889 2.6816 2.9011 4.3403 2.9952 2.9830 2.5488 3.1412 2.8466 2.7366 3.5343 2.3539 2.9708 3.3114 2.9589 2.5035 2.6296 3.0459 3.2463 2.5109 3.3456 2.7951 2.8466 3.4550 3.0076 3.3989 3.0202 3.0589 2.7557 3.0722 2.8900 2.8361 2.9011 2.7851 3.0992 3.0589 3.1701 3.5762 2.9708 2.8052 3.1555 2.6996 2.3170 2.4122 2.5803 2.6129 2.6816 2.4673 2.7557 2.2699 2.5035 2.8466 2.6816 4.3032 3.6419 3.5762 215.8902 3.0459 3.6196 3.5551 2.8257 4.0353 2.8466 3.4173 3.7114 2.9238 3.4550 3.0992 2.7951 3.0202 2.5723 2.5964 3.8633 2.8154 2.7951 3.6419 4.3783 3.0722 3.2622 3.8107 3.5762 3.1849 2.7951 3.2622 3.2151 3.2306 2.6996 2.9589 3.0992 2.9011 3.8367 2.5184 3.2784 4.2315 2.8573 3.1412 2.7366 3.0459 3.1999 3.1130 2.6129 3.0459 3.3989 4.0353 3.2463 2.8900 2.4889 2.8052 2.8361 2.7752 3.0076 2.8790 2.5259 2.4325 2.3666 3.7851 5.1372 3.3456 3.8367 3.3114 4.2669 6.3208 4.6269 3.3989 2.6466 2.3666 2.3414 2.5259 3.1849 2.5803 2.3924 2.9011 2.6296 2.4816 3.9755 5.6597 3.8107 3.9183 3.6419 3.9755 3.2151 5.0239 3.4173 3.0330 3.7114 2.7087 3.1270 2.3170 3.3456 2.6046 2.7272 2.6129 2.4962 3.1130 3.7600 4.1970 3.8367 3.6419 3.3114 3.0722 3.9183 3.7355 3.7600 3.4550 3.2463 3.7355 3.4743 3.4550 3.3809 9.3127 215.8902 7.1683 215.8902 2.8154 215.8902 215.8902 3.4360 215.8902 5.0239 2.9354 2.6046 4.1632 2.7087 2.8790 3.0589 3.4940 3.8905 2.8900 2.9708 2.6381 2.7461 2.6296 2.3924 2.5644 3.0202 2.6466 3.3809 2.2814 2.6129 2.9708 2.7179 3.0202 2.9238 2.9708 2.5259 3.9183 2.5964 4.0051 3.3989 3.4550 3.3114 3.1555 2.7654 3.8633 3.4360 2.6381 2.7272 2.6552 3.6196 2.7179 3.4173 4.1301 3.0202 3.2622 2.9124 2.9952 2.9238 3.4743 2.9952 3.1130 2.9354 3.7114 3.3456 2.9952 3.0992 2.7557 3.0330 2.8573 2.9708 3.4940 2.8790 3.4940 3.1555 2.9708 3.2622 3.4940 2.8790 3.7114 3.3456 2.9952 3.1270 4.1970 3.2151 4.3403 3.8107 3.1412 2.6129
12 1.5429 1.5588 1.4246 1.6026 0.7800 0.8118 0.9468 0.8130 0.9551 0.5107 0.7174 0.9835 0.0000 0.8917 0.9128 0.9276 0.8572 0.9664 0.7731 2.8573 2.9830 3.1130 3.4173 2.9238 3.1999 1.8701 2.9952 2.9830 2.1771 2.2472 3.5343 3.8633 3.3989 3.0330 2.9470 3.3809 2.7851 2.7179 4.0662 3.1849 2.8361 2.7557 2.9011 2.9238 3.1555 2.7951 2.8154 2.3794 2.2931 2.3730 2.2585 2.2472 3.4550 2.0601 2.9011 2.5259 1.8263 2.4190 1.9603 2.6996 2.9708 3.2622 2.8681 3.6878 2.8900 2.7557 2.8154 3.3809 2.9011 4.0978 5.1372 3.7355 3.3284 3.3456 2.7179 2.3539 2.6639 3.0076 2.7557 2.5184 2.6129 3.0459 2.5035 3.2463 2.5964 2.8790 2.6466 2.9238 2.9354 2.6639 4.5399 4.3783 4.1970 2.8361 3.1130 3.7114 3.6196 3.0992 3.3809 2.4122 3.0459 3.5343 2.7752 3.3456 1.9853 3.2463 3.3114 2.9830 3.7114 4.8150 3.3284 3.8107 5.0239 3.1555 4.0978 4.1632 2.7366 2.5335 3.9466 2.8573 2.9708 3.0076 3.0992 2.9011 3.1130 2.5411 2.5035 2.3990 2.6296 3.6196 3.0076 2.5184 2.6816 3.2463 3.0330 3.0722 2.8361 2.5035 3.4550 1.7948 3.4360 2.3859 3.0722 2.5723 2.6466 3.0722 2.4673 2.4673 2.5035 2.3666 2.6129 2.5035 4.4571 5.4496 3.9183 4.9695 3.5140 4.5399 4.8651 5.2569 3.5977 2.8154 2.5035 2.8154 2.6816 2.4603 2.4325 2.6996 2.7366 2.8573 2.6296 2.9589 3.8633 2.9952 3.1701 215.8902 215.8902 3.8107 215.8902 6.1401 5.5176 4.4571 3.3809 2.7951 2.9238 3.2784 3.9183 2.8900 2.8573 2.7179 3.6419 3.9755 3.6878 3.2151 4.1301 3.9183 3.9755 5.5176 4.3783 7.0501 5.9702 5.9702 4.0978 4.5399 3.6878 2.7654 8.4277 7.4165 215.8902 1.8516 2.7654 4.4571 2.0693 2.7366 2.0647 2.1364 2.7851 2.6381 3.0722 3.4743 3.2151 3.2463 3.2784 2.9708 3.3989 3.1270 2.5964 3.2463 2.5964 2.3050 2.3794 2.5883 2.6296 2.5803 2.4325 3.1412 2.6816 3.1999 3.1849 2.9238 3.0202 2.6552 3.1130 2.9011 3.5343 3.7114 4.3032 2.9238 2.9470 3.4173 4.4172 3.3809 3.1999 2.9238 3.0076 3.7600 3.0330 3.7114 3.0992 3.3631 2.9708 3.7600 3.1130 2.7752 3.3456 2.5411 3.4550 2.8900 3.4550 3.3456 3.2948 3.0992 3.3114 3.8633 3.0459 2.9708 3.4360 3.6878 3.4940 3.6419 3.2463 3.1701 3.4940 2.4325 3.7114 3.7851 3.7355 3.7114 4.4571 3.3456 3.0076 3.0459 3.0856 2.9011
13 1.5642 1.6544 1.5859 1.6845 0.7731 0.7549 0.9692 0.8447 0.6751 0.9062 0.9276 0.9276 0.8917 0.0000 0.3711 0.4618 0.3418 0.5827 0.7393 2.8900 2.8790 2.8573 2.9708 3.0330 2.9238 3.2622 2.9830 3.4173 2.7752 3.5343 2.8790 2.8573 3.0330 2.7654 3.1270 2.9952 3.0589 2.5803 3.8367 2.9011 2.8681 2.9589 3.4743 3.3114 2.9589 3.2948 2.5723 5.2569 3.0330 3.2463 3.7114 2.7179 3.2948 2.6466 3.5762 3.1555 3.0330 2.9354 3.4173 2.5803 2.9708 2.9589 3.1270 3.1270 2.5566 2.1771 2.6129 2.6381 3.8107 3.4360 3.0992 2.9830 3.0992 2.9708 3.1130 3.0722 2.8052 2.6296 2.1616 2.6639 2.2814 2.5184 2.4122 2.4122 2.5803 2.6212 2.3353 2.4745 2.3666 2.5803 3.5977 2.7752 2.7951 3.5343 2.6727 3.0202 2.7366 2.9830 4.1301 2.8681 2.7951 2.9354 2.6639 3.5343 3.2463 2.9011 3.3114 3.4940 4.5399 4.1301 3.0992 3.0202 5.1372 3.9183 3.4940 2.8573 3.2948 4.6269 3.8107 2.7087 3.4940 2.8790 2.9708 2.6212 3.2948 3.2463 3.3284 3.4173 2.9470 3.4940 3.0992 2.6996 3.5343 3.5977 2.9589 3.0459 3.1849 2.6639 3.4940 3.5343 3.9183 2.8154 3.1270 2.6466 2.8154 2.9354 2.5035 3.1849 2.7752 2.9952 3.3114 2.8790 3.9755 4.1632 6.5129 5.2569 4.1632 5.5176 3.5551 3.8107 3.1849 3.0992 2.4745 2.6296 2.7366 2.6466 2.6996 2.7951 3.3456 2.6296 2.8573 4.9166 4.5399 3.9183 3.0202 3.5140 2.5644 3.5343 4.0051 6.7176 3.5343 4.1632 3.0722 2.7851 2.4056 2.6552 2.6466 2.5644 2.6129 2.6466 3.0076 3.7600 3.3114 3.4940 3.9183 3.7355 2.8573 3.8107 3.6419 3.6419 3.3989 5.2569 2.9470 3.7851 3.4550 3.0459 3.0722 9.3127 3.4550 2.6727 3.1849 8.9402 3.7114 2.8154 3.8107 2.2472 2.7951 2.9708 3.0459 3.0992 2.8154 2.7461 3.2622 2.5411 7.5469 3.8107 2.4325 3.5762 3.2784 2.5035 2.6296 2.6816 2.5035 2.8790 2.9011 3.8107 3.4550 2.5964 3.2151 2.8573 2.5488 2.5335 2.6816 2.5488 2.8361 3.5551 2.9238 3.8107 3.5343 2.7557 3.8107 3.6878 3.1270 2.7654 3.4743 3.2784 3.6196 3.3456 5.1372 4.1970 4.0978 2.7951 2.8573 2.6296 3.4360 2.7851 2.9708 2.8900 3.8107 3.1412 3.1270 3.0202 2.6996 2.9470 2.9470 2.9124 3.0202 2.4673 3.3631 2.6046 3.3284 2.6906 2.9470 2.8900 3.1270 2.8790 2.9708 3.5343 3.5977 2.6816 3.2463 2.6639 2.6552 2.8154
14 1.5914 1.6784 1.5429 1.6604 0.8154 0.7088 0.8749 0.9182 0.6170 0.8647 0.7975 0.9385 0.9128 0.3711 0.0000 0.4423 0.2290 0.5902 0.7482 3.2463 3.7851 2.6996 3.0202 2.8790 2.6906 3.1270 3.1555 2.9952 2.6129 2.9830 3.0459 2.7179 2.6381 2.3859 2.8573 3.0459 3.6419 3.3989 3.8905 2.8573 2.9124 2.9708 3.4360 3.1701 2.8052 2.7366 2.7752 2.4603 2.3477 3.0856 2.6046 2.5411 2.8361 3.4173 3.3456 2.6996 3.1999 2.1771 2.9952 2.6046 3.0330 2.6552 3.0992 2.9952 2.6639 2.2250 2.9470 2.5488 3.1270 3.6646 3.1999 2.6552 3.1849 2.8361 3.4550 3.4940 3.0589 3.1999 3.0589 2.8154 2.7752 3.0076 2.9470 3.1270 3.0992 2.7951 2.5335 2.8154 2.8361 2.7179 3.8633 3.5762 3.3631 2.6296 2.9470 4.6269 3.4940 3.0992 3.5343 3.0856 2.9470 3.3989 2.8466 4.0353 3.0856 2.9011 2.9830 3.1555 3.5762 3.1412 3.9466 3.3809 5.1962 3.6646 4.1970 3.4940 3.2784 3.6646 3.5762 2.7087 3.4940 3.0459 3.3114 2.9952 3.6646 3.3809 3.0722 3.4360 2.6296 3.3631 3.1555 2.9708 3.1701 3.2463 3.2151 2.9238 2.9238 2.5335 3.0722 4.0051 3.3631 2.7557 3.7114 2.5803 2.6296 3.1701 2.6996 3.5343 2.9952 2.6639 2.8681 3.2948 4.3032 7.1683 5.0239 4.2315 3.8905 3.9755 2.8790 3.9755 3.8633 3.0992 2.9470 2.6129 3.5140 2.9708 3.3631 3.3114 2.9124 3.1849 2.5644 4.7185 4.3032 3.9755 3.4743 4.1632 2.5488 4.1301 3.7114 3.7355 3.1270 4.1632 3.6196 2.9470 2.5644 2.7366 2.8790 2.5259 2.4889 2.6381 3.4940 6.1401 3.3456 3.3809 3.9755 4.1301 3.4173 4.4571 4.3032 4.0051 4.0353 5.8103 3.0076 3.9466 3.8633 3.5343 5.8103 12.1988 3.1849 2.9952 3.8633 7.9651 3.4550 3.3114 3.1555 2.7752 3.5762 3.0459 4.2315 3.5343 2.7752 3.0722 3.8905 2.9011 8.1141 2.9708 2.4463 3.1849 3.0992 2.9238 2.5259 2.6129 2.4122 2.7752 2.6296 3.4940 2.9470 2.8154 3.6196 2.6466 2.5803 2.6552 2.7179 2.7951 3.7114 3.8633 4.1301 3.3809 3.4173 2.9952 3.5551 3.6419 3.8367 4.4571 3.1130 3.0459 3.3114 3.6878 6.6136 3.5343 4.8150 3.2622 3.1130 2.6381 3.1555 2.5184 3.8367 2.4533 4.2315 3.0992 3.5762 3.8633 2.5335 2.9708 2.8900 3.8633 3.1701 2.6639 3.0202 3.2463 3.6878 3.0992 3.1270 2.7951 3.0202 3.1555 2.7366 3.3809 3.9755 2.6906 3.0992 3.3809 3.0992 2.5335
15 1.6663 1.6968 1.6281 1.6968 0.8373 0.7549 0.9664 0.9664 0.7003 0.8673 0.8597 1.0247 0.9276 0.4618 0.4423 0.0000 0.4834 0.6669 0.7940 2.6552 3.1555 2.3924 3.6196 3.1412 3.4173 2.7366 3.0856 3.1555 2.8361 3.1849 2.8681 2.5335 2.7366 2.5184 3.0202 2.8573 3.3456 3.2151 3.4940 2.8361 2.9470 2.7461 3.5343 3.2463 3.6196 2.8361 2.9470 3.6196 3.0202 3.5762 3.5343 2.7851 4.0051 2.8154 3.2622 3.7355 3.7851 2.8790 3.6419 3.0459 3.3631 2.9238 2.9589 3.0076 2.7851 2.4745 3.1849 2.7752 3.2784 4.0662 2.8790 3.3809 3.2463 3.1412 2.6906 3.1270 2.6816 3.0330 3.0722 3.2948 3.0076 2.8154 3.0992 3.1849 2.9952 3.5343 2.5803 2.6639 2.7366 2.6996 3.9183 9.1232 3.0722 3.0856 2.9708 7.0501 2.9952 3.6196 4.5399 3.6878 3.0992 3.5343 3.3284 3.9755 2.7851 2.8361 3.2151 3.7355 4.4571 3.5762 3.2784 3.2784 3.2784 3.7600 4.1970 3.1270 4.1970 3.7114 4.1632 3.3456 3.1555 3.1270 2.9238 2.9589 3.3456 3.3114 2.5803 3.5343 2.9354 2.8790 2.7951 3.1412 3.2463 2.9708 2.8790 2.8790 2.7366 3.0992 2.8573 3.4940 4.0353 3.1555 3.3456 3.7114 2.9952 4.5399 2.7087 3.1412 2.4673 2.8573 3.0722 3.0589 4.3783 4.3783 4.0051 3.9755 3.9183 3.8107 3.8367 4.1632 3.4173 2.8466 3.4550 2.7557 3.2784 2.6129 2.7366 2.9011 2.6816 3.1270 3.1270 4.9166 7.2904 5.0239 4.0662 3.8633 2.3539 4.0353 3.7355 4.3032 3.5977 3.6196 3.6196 2.6212 2.6996 3.0330 2.8257 2.5488 2.7461 2.7557 4.0051 6.1401 4.4571 5.8891 3.6419 3.3284 3.3989 4.0353 5.7339 5.6597 3.7600 4.4571 4.6269 4.3403 5.8103 2.5964 2.9011 11.6271 3.2784 2.9952 2.4889 6.3208 3.5343 3.7114 3.8633 3.5140 3.7600 3.1270 4.5399 3.7600 3.6646 2.9470 3.6878 3.4360 3.2151 4.5399 2.5644 3.3456 3.3284 2.9011 2.8361 2.9124 2.5259 3.5343 2.6996 2.8790 2.3414 3.1270 3.3114 2.3539 2.3794 2.9708 2.9238 2.6996 3.7114 3.9466 3.8905 4.7185 4.3032 3.9183 3.6196 4.1632 4.9166 2.7179 3.7114 3.3456 5.0239 4.4172 7.2904 4.3032 4.7185 4.7661 3.2622 3.1555 4.3403 3.5551 6.3208 2.9952 5.9702 2.6816 2.9124 3.0202 3.2784 3.8107 2.9124 3.1555 2.7087 2.9470 2.9124 2.6212 2.7951 2.8052 2.9708 2.7851 2.9238 2.5411 2.6296 2.9830 4.5829 2.6727 2.8790 2.9470 3.3114 2.4122
16 1.6110 1.6426 1.5750 1.5273 0.7594 0.7371 0.8943 0.9062 0.6093 0.8904 0.8058 0.9276 0.8572 0.3418 0.2290 0.4834 0.0000 0.5318 0.7261 2.9011 2.9470 2.9952 3.1555 3.1412 2.6129 2.8681 2.7752 3.3114 2.6639 2.8052 2.6129 2.9238 2.5566 2.4603 3.1849 2.9011 2.8154 3.0459 2.9952 2.9470 3.2151 3.1270 3.2784 3.4550 2.9952 3.1555 2.5803 2.8790 2.3050 3.1270 2.3990 2.7654 4.3032 2.8573 3.1701 3.0330 2.7557 3.0076 4.2315 2.8790 2.8790 2.8790 2.8681 3.0459 2.9708 2.2585 3.3114 2.5964 3.1130 3.2463 3.3284 2.8361 3.7114 2.8466 3.4940 2.7951 2.8154 3.0076 2.8154 2.7951 2.5883 2.9238 2.7366 2.8154 2.8154 2.8900 2.6129 3.1849 2.6466 2.9708 3.7114 3.3456 2.7951 6.4153 2.6639 8.2682 3.0856 3.7600 3.0589 3.4360 3.2622 2.9470 2.8361 3.4940 2.5644 2.6996 3.0076 2.7366 3.3809 3.0722 3.5762 3.7114 3.2463 3.5977 4.0353 3.4550 3.2463 3.6419 2.7752 2.3666 3.5343 2.9011 3.1130 2.9952 3.0589 3.1849 3.0459 3.4173 2.9708 3.1555 3.0722 3.0992 2.8154 3.2151 3.0459 3.3456 2.9708 3.0202 2.8573 4.4980 3.5343 2.6296 3.8633 3.3631 2.7557 2.7366 2.7557 4.1301 3.4550 2.9589 3.2948 3.4743 4.4571 6.3208 5.2569 5.1372 3.5551 3.9183 2.8790 4.2315 3.2151 3.5551 3.1849 2.5803 3.3809 3.0202 3.2622 2.9470 3.4940 3.4940 3.1555 7.6817 4.5399 4.3403 4.3032 3.1701 6.6136 4.0978 3.4173 5.0798 5.5176 4.8150 3.9466 2.1719 2.5723 2.8052 2.4463 2.3666 2.8466 2.5035 3.2622 4.7661 3.0992 3.6419 3.6196 3.6878 3.3989 3.7600 3.4360 5.0798 3.6646 3.3284 3.0330 4.3403 5.0239 3.0202 4.3783 3.6419 2.8154 2.8052 2.3859 3.1130 3.7114 3.1701 4.4571 2.5566 3.0856 2.5488 3.3809 3.6196 2.9011 2.9830 3.7114 2.6296 2.7752 3.0992 2.4325 3.5762 2.9238 2.5803 2.4463 2.5803 2.4745 2.9011 2.7851 3.9755 3.4173 2.8154 3.9183 2.6816 2.8361 2.7951 2.6129 2.5335 3.7355 3.2622 3.2622 3.5140 3.3114 2.7366 4.4571 3.1270 3.6419 2.9354 2.8052 3.7114 4.1632 4.0978 4.0662 4.0353 3.4550 3.3284 3.3114 2.4603 3.1701 2.6816 3.8107 2.6639 3.1999 3.1270 3.0589 2.6996 2.6296 3.1130 2.7087 3.5140 2.8257 3.0202 3.0589 2.9708 3.8633 2.8573 2.7179 2.6816 2.8361 3.2151 3.0992 2.7366 3.7355 2.5335 2.7461 3.1270 2.5335 2.3291
17 1.8087 1.7413 1.6195 1.6026 0.8522 0.8250 1.0647 0.8930 0.6587 0.8904 0.9195 0.9317 0.9664 0.5827 0.5902 0.6669 0.5318 0.0000 0.7754 3.3114 2.9011 3.3284 2.9708 3.3114 3.6419 3.1701 2.9238 4.1970 2.6129 3.2948 3.0992 2.9238 2.7851 3.3456 2.9470 3.3989 2.8790 3.3809 3.5551 2.9470 3.5762 3.0589 2.9238 3.5977 2.8361 2.9830 3.0202 3.2463 2.9238 3.0992 2.8681 3.0722 3.7600 2.9124 3.3114 2.9124 2.8573 2.8681 3.5551 3.0076 2.8790 3.2151 2.7557 3.7851 3.2151 2.8257 2.9124 2.7557 3.1270 2.9011 3.9755 3.3114 2.8900 2.9952 3.5762 3.2463 3.4940 4.6721 2.7851 2.9470 2.9952 2.9470 2.8573 2.7851 2.9238 2.6639 2.9470 2.5803 2.9011 2.9952 3.7355 2.9238 3.2151 2.8466 3.2622 7.2904 3.7600 3.3631 4.1970 3.0722 2.9830 2.9011 2.6639 3.0722 2.8361 2.5335 3.0856 2.7951 3.9466 3.5762 2.2361 3.0856 3.8107 3.4550 3.0589 2.5723 3.3631 3.3456 3.4173 2.8466 3.2784 3.0330 3.3456 3.2463 3.0202 3.3809 2.8154 2.9952 2.7366 2.8573 3.1849 2.7752 3.3809 3.5762 3.0589 2.7461 2.5411 3.1849 2.7179 3.4550 3.4940 3.0330 2.7951 2.3414 2.8790 2.8466 2.7366 3.1270 2.7752 2.4463 2.8790 3.0202 4.1301 5.6597 3.7355 3.9755 3.9466 5.3835 3.4173 3.7600 3.6646 2.9708 2.5964 2.4745 2.9470 2.8790 3.0722 2.9952 2.9470 2.9011 2.6816 3.7851 3.6196 3.8107 2.8573 3.3809 3.0722 3.3989 3.0722 5.5176 3.9755 6.3208 3.1849 2.7366 2.5335 3.2151 2.7557 2.4889 3.2463 2.7366 3.9183 3.9755 4.3403 4.6269 3.7600 4.5399 2.9589 5.0239 3.1701 7.6817 3.3456 3.4550 3.1849 6.7176 4.3783 3.3114 3.4173 3.2463 3.3809 2.8361 2.7087 215.8902 3.6878 3.0992 215.8902 2.6996 3.4173 3.0202 3.8633 3.6196 3.3284 3.0202 3.6646 3.1270 215.8902 3.5343 2.7557 3.0992 3.0722 2.5964 2.5964 3.0459 2.9011 2.9011 2.7179 4.0353 3.8633 2.9952 3.0722 2.5964 2.9952 2.5488 3.1555 2.6296 3.0459 3.2463 4.5829 3.2948 3.2948 2.9238 3.7114 3.1849 3.1701 3.4550 3.1270 3.3284 2.9011 3.9755 4.8150 4.5399 4.4571 3.1701 3.2784 2.7179 2.7366 2.9011 3.1999 2.6129 3.0076 2.9952 3.1849 3.3456 3.3114 3.3456 3.3456 3.6196 3.1555 2.7366 4.4571 2.9124 3.6196 4.1301 2.9708 3.6646 3.1849 3.2151 2.6129 3.3809 3.3456 2.6996 2.6996 3.6878 2.9952 2.5964
18 1.7348 1.6845 1.5804 1.6968 0.3476 0.6288 0.7893 0.7131 0.7708 0.7174 0.7034 0.8917 0.7731 0.7393 0.7482 0.7940 0.7261 0.7754 0.0000 2.5335 3.1849 2.6639 2.7366 2.7752 2.4463 2.8052 2.4745 2.7179 2.6466 2.4603 2.5723 2.8466 2.5184 2.5035 2.7179 3.1849 2.5723 3.0589 2.9830 2.7951 2.6381 2.6996 2.8257 2.7179 2.8790 2.9238 2.5259 2.5184 2.9011 2.6296 2.6816 2.4463 3.9755 2.2699 2.5644 2.5644 2.9952 2.0197 2.6212 2.6996 3.0992 2.8790 2.6906 3.0589 2.8900 2.5566 2.6816 2.5488 2.7951 3.0202 2.9011 3.2151 2.4889 2.1216 2.7461 2.4533 2.9238 2.8154 2.6996 3.0856 2.6129 3.0459 2.7951 2.9952 2.8361 2.4962 2.5644 2.8361 2.6129 2.7179 3.2463 3.0992 2.9708 2.4962 3.0992 3.2784 3.9183 3.2306 3.3114 3.3809 3.0722 3.3114 3.1555 4.4980 3.2306 3.3989 3.3114 3.1555 3.8107 4.0662 3.7851 3.6646 3.6646 3.4360 3.8367 4.1301 3.4940 3.6646 4.1970 2.6466 3.6646 2.7179 2.9238 2.9238 3.7355 3.0992 2.8154 4.0353 2.8154 3.0076 3.0459 2.9830 2.6466 2.7557 2.7752 2.9124 2.7752 2.7179 2.7951 3.1130 3.4940 2.3666 3.6878 2.6466 2.5723 2.7461 2.3170 2.7557 3.0459 2.5644 2.6906 2.9354 3.6646 7.1683 3.5551 3.3631 3.3456 3.7355 3.3456 4.4172 4.1632 2.8154 2.6296 2.5644 2.4745 2.5335 2.5803 2.4962 2.7179 2.6466 2.8361 3.5140 4.4571 3.2784 3.1130 2.8790 2.6552 4.7185 3.4940 3.0589 5.8103 3.2948 3.0722 2.7752 2.2699 2.8573 2.4056 2.4463 2.4190 2.8154 3.0202 3.3114 3.5762 3.5343 3.4360 3.4550 3.5140 3.6196 3.7600 4.2315 3.3809 3.3114 2.9011 4.4571 3.3456 3.3456 2.7366 5.8103 2.7087 8.4277 2.9470 215.8902 3.3456 2.6906 215.8902 2.1119 2.9708 2.8790 3.1849 3.2948 2.8154 3.1849 3.4940 2.5035 6.5129 3.5343 2.7752 2.9952 2.7951 2.4603 2.2250 2.7557 2.6816 2.8573 2.4745 2.5964 2.3794 3.1130 2.9470 2.6639 2.5184 2.5184 3.1849 2.6996 3.0202 2.8361 3.3284 3.2622 2.9830 2.8900 3.0589 2.6996 3.0992 3.3284 2.8790 3.6196 3.1849 4.6269 3.9183 3.4360 3.0856 2.7179 4.0662 2.6816 3.1412 2.7272 3.2948 2.7366 3.4550 2.9708 2.8573 3.0722 2.8790 2.5335 2.6639 3.1270 2.6552 2.9124 3.2948 3.0856 2.7557 2.6129 3.2151 2.8790 2.8052 3.3631 2.5723 2.9830 3.0459 2.6129 2.6046 2.7179 3.3114 2.5566
19 2.4190 2.6466 2.3794 2.4325 2.5184 2.6129 3.0459 2.7179 3.0722 2.6996 2.7366 2.6906 2.8573 2.8900 3.2463 2.6552 2.9011 3.3114 2.5335 0.0000 0.7305 0.6918 0.6229 0.9864 1.0247 1.1197 1.1281 0.9579 0.6855 1.1997 0.7261 1.0368 1.0647 1.0368 1.0430 1.0616 1.0232 1.1197 1.2636 0.6367 1.1853 1.2793 1.3156 1.2070 1.2675 1.4918 1.1676 2.1515 1.9603 2.3794 1.9603 2.2699 2.2814 2.1119 2.2361 2.1823 2.2416 2.0739 1.8017 2.0786 1.0837 1.0710 1.1164 1.1711 1.2368 1.1536 1.1853 0.9721 1.5804 3.2306 2.4603 2.2361 2.4745 2.6466 2.7851 2.3539 2.9830 2.5883 3.8633 3.1849 3.0459 2.3539 3.9183 3.5140 2.7557 4.0051 2.9238 3.0202 3.5343 2.9470 2.1667 2.1771 2.4056 2.1265 2.4056 2.2472 2.4962 2.3730 2.6639 2.6296 2.8361 2.3539 2.9354 2.8154 2.6906 2.7752 2.5964 2.5566 2.6639 2.5803 2.8052 2.6466 2.6466 2.8790 2.7752 2.8052 2.7366 2.6296 2.6296 3.0076 1.8890 1.7093 1.7677 1.6426 1.8228 1.8966 1.7914 1.8299 1.7948 1.8052 1.8739 1.8966 1.6845 2.0786 1.9121 2.0647 1.9279 1.9603 2.0927 1.8157 1.9044 1.8087 2.6129 2.9470 2.7654 2.6129 2.9708 2.6816 2.9470 2.5488 2.4962 2.5184 3.3456 3.2784 3.2463 2.9952 2.8900 3.1270 3.8107 3.2784 3.0992 2.7951 2.4190 2.9470 2.8257 2.6466 2.9011 2.9952 2.9470 2.6466 2.4889 2.7951 4.1632 3.1270 3.0202 3.1130 7.4165 3.2784 2.9238 3.2463 2.9952 2.8573 2.5035 2.6996 2.5035 3.2784 2.4816 2.7752 3.0330 2.5184 3.1412 2.8790 2.5964 2.6996 3.2784 3.0589 2.9708 3.0330 3.0589 3.0459 3.7114 2.9589 2.9952 3.4550 2.8154 1.9603 2.5883 2.3990 2.1119 2.2931 2.0241 2.0975 2.3539 3.0202 2.2034 2.3230 2.9238 3.1412 2.7557 2.8790 2.5109 3.0202 2.6996 3.1555 2.0197 2.5259 2.1823 2.4603 2.3109 2.5035 2.7951 2.8573 2.5035 2.3924 3.1555 2.4603 3.0992 2.5964 2.6296 2.8466 2.9238 2.8361 2.6296 3.6419 2.8790 3.0202 3.2151 3.2151 3.5343 2.7366 2.9470 3.2784 2.9708 3.0459 2.7179 2.9238 2.7366 2.8361 3.1130 3.3456 3.2784 2.9708 3.2151 2.9011 2.7654 2.7366 2.9708 2.9952 3.8905 2.7951 2.8790 2.2361 2.4463 3.0589 2.5644 3.1270 2.9238 2.7366 2.8573 2.6816 3.0589 3.2622 2.8257 3.2306 2.7851 3.0992 2.6552 2.7557 3.6196 2.6727 2.6212 3.3114 2.7461 2.7179
20 3.1849 2.9589 2.7366 2.5964 2.7461 2.6906 3.2463 2.5184 2.9470 3.3631 2.9470 3.1849 2.9830 2.8790 3.7851 3.1555 2.9470 2.9011 3.1849 0.7305 0.0000 0.8572 0.5753 1.2292 1.1588 1.2913 1.2973 1.3449 1.0009 1.3281 0.8957 0.9608 1.0068 1.0308 0.9440 0.9579 1.1331 1.2070 1.3839 0.5753 1.3773 1.3364 1.4481 1.2813 1.3322 1.4918 1.3322 2.2814 2.2585 2.2990 2.0833 2.2472 2.3353 2.3924 2.4257 1.9895 2.3924 2.4745 2.0555 2.5411 1.1746 1.1606 1.1835 1.2913 1.3534 1.2070 1.3034 1.0368 1.5642 3.9466 2.6296 2.5964 2.3859 2.9238 3.4550 2.3666 3.5762 2.8361 2.8466 3.0722 2.5964 3.1849 3.8633 2.8466 4.0353 3.7355 3.3456 3.3631 3.5977 3.7114 2.8052 3.0459 2.6996 2.1315 2.6552 2.4816 2.7366 2.5723 2.5109 2.4889 2.6727 2.6212 2.5803 2.8466 2.7461 2.6816 2.2088 2.3730 2.5644 2.4816 3.0459 2.8154 2.4603 2.5566 3.1555 2.6816 2.8154 2.6816 2.4673 2.6727 1.9121 1.9359 1.9161 1.7478 1.9399 1.8087 1.8516 2.1119 1.9239 1.9359 2.0555 2.0023 2.0110 2.2814 2.1928 2.2034 1.9727 2.0555 2.0739 2.1022 2.2305 1.9439 2.7557 3.0992 2.7654 2.4603 2.7179 2.6381 3.0076 2.7087 2.4889 2.8900 3.1270 3.3114 3.4550 3.9755 3.0202 3.0076 2.9238 2.9238 2.8573 3.0722 2.4325 2.7461 3.2622 2.8681 3.0722 3.1701 3.2784 2.8052 2.6129 3.0992 3.6878 3.0459 3.2784 3.1849 2.5883 2.9238 3.5762 5.1962 3.4173 2.9952 3.0202 2.6906 2.2142 3.1555 2.6381 2.8790 3.0589 2.8257 3.0459 2.9470 2.6381 2.7851 3.5140 3.3631 2.9830 3.0076 3.7355 3.3284 4.1301 3.4940 3.0992 3.1412 3.2463 2.0880 2.3170 2.4122 2.1070 2.2699 2.4533 2.5644 2.4257 2.9238 2.1928 2.1771 2.8790 2.5803 2.6996 2.5964 2.4889 2.6727 2.9952 2.8257 2.1414 2.2034 2.2990 2.4745 2.4463 2.5184 2.6639 2.2873 2.3924 2.2931 2.8466 2.5411 2.9708 2.8361 2.5964 2.7272 2.4190 2.8154 2.4056 2.6296 2.6296 2.4122 2.7951 2.5723 2.5723 2.5335 2.6906 3.0330 2.5803 2.3666 2.4889 2.8154 2.3414 2.9589 2.8052 3.2622 3.0202 3.4550 3.1412 3.1130 2.5184 2.7557 2.7851 2.7179 3.4360 2.6466 2.4962 2.5411 2.6296 2.6996 2.6816 3.0459 2.9124 2.5964 2.6212 2.4257 2.7366 3.4550 2.4673 3.4360 2.9830 2.7851 3.1270 2.3414 3.1130 2.5411 2.9011 2.7752 2.4889 2.3990
21 2.8573 3.4940 2.4056 2.5723 2.6727 2.5803 2.6046 2.6906 2.9708 2.8361 3.0722 3.2784 3.1130 2.8573 2.6996 2.3924 2.9952 3.3284 2.6639 0.6918 0.8572 0.0000 0.7870 1.0869 1.1746 1.1925 1.1799 1.1048 0.9222 1.3884 0.8572 1.0217 0.9721 1.0584 0.9980 1.0098 1.1365 1.2482 1.4293 0.7708 1.1889 1.4293 1.4673 1.3156 1.3364 1.5299 1.3074 2.2142 2.1719 2.2756 2.5335 2.3353 2.1875 2.4056 2.1981 2.2250 2.7366 2.7179 2.2250 2.6996 1.4132 1.1197 1.1641 1.2714 1.4673 1.1853 1.3281 1.1676 1.7380 2.9830 2.7951 2.5644 2.6466 2.7366 2.7654 2.3990 3.1270 2.9238 2.8790 3.4940 2.9011 3.1270 3.7114 2.8361 3.1130 3.5762 3.4743 3.4743 2.7087 2.6639 2.7654 2.3666 2.3414 2.4463 2.0330 2.4190 2.6296 2.4745 2.9124 2.8052 2.7087 2.3291 2.4122 2.8790 2.8257 2.5411 2.7654 2.7557 2.6381 2.1464 2.7557 2.4816 2.5035 2.7461 3.0202 3.0722 2.5803 2.5335 2.9238 2.7654 1.9685 1.8890 1.9685 1.9279 2.0285 1.9200 1.9644 2.0464 1.9685 1.9359 1.9044 1.9439 1.7778 2.2416 1.8664 2.0241 2.1315 2.1315 2.4190 1.9359 1.9769 1.8966 2.4122 2.9124 2.6212 2.7179 2.6046 2.6816 2.9238 2.6046 2.4190 2.7366 3.1270 3.4940 3.7114 4.9166 3.2151 3.5140 3.2784 2.8681 3.1412 3.1849 2.4056 2.8361 2.4056 2.5803 2.9124 2.8790 2.6727 2.5803 2.7179 3.3284 3.8367 3.4173 3.7355 3.3989 2.7951 3.4940 3.8633 4.1632 3.2463 3.5762 2.9011 2.1216 2.4889 2.5803 2.4463 2.7366 2.5488 2.6816 2.9830 2.7366 2.6816 2.6381 3.3809 2.6727 3.6878 2.8361 2.4122 3.3284 3.3114 2.6906 2.4745 3.2463 2.7087 2.7179 2.6466 2.6212 3.2151 2.5488 2.7851 3.3989 2.7179 2.9952 2.5335 3.1412 3.0202 2.8257 3.4173 3.4940 3.1130 3.2151 3.4173 2.6129 2.2472 2.4603 2.4056 2.7461 2.2472 2.3050 2.8466 2.4257 2.3477 2.2814 2.8790 2.4889 3.6196 3.2784 2.3170 3.8633 2.6381 2.7366 2.6639 2.6639 3.2622 2.9011 2.9952 3.4743 3.9466 2.7272 3.0992 2.9011 3.0330 2.6466 2.8154 3.8633 2.9238 3.4743 3.1999 3.3114 3.3989 3.4173 2.8573 3.4173 2.8257 3.3456 3.0722 3.2948 3.9755 2.7752 2.9124 2.6466 2.9238 2.8361 2.8154 3.4173 2.9952 2.6996 3.1412 2.8573 3.5977 3.9755 3.0856 2.7654 3.0722 3.0076 3.0722 3.1130 3.3631 2.9011 2.8361 3.6419 3.2306 3.0992
22 2.8154 3.3631 2.7366 2.7654 2.8154 2.9952 2.7179 2.7951 2.8790 2.8361 2.4056 3.1555 3.4173 2.9708 3.0202 3.6196 3.1555 2.9708 2.7366 0.6229 0.5753 0.7870 0.0000 1.0805 0.9721 1.1097 1.0247 1.0902 0.7617 1.1519 0.7594 0.9922 1.0678 1.0491 0.9951 0.9951 0.9035 1.1676 1.2597 0.0556 1.2033 1.2754 1.4528 1.2520 1.2015 1.4109 1.3599 2.2585 1.8739 2.3602 2.1515 2.5184 2.1823 2.3050 2.2142 2.2250 2.1928 2.3924 2.0330 2.1981 1.0678 1.0584 1.0902 1.0742 1.2953 1.2482 1.2368 1.0584 1.6054 3.1849 2.6816 2.2361 2.4889 2.6906 2.5488 2.3353 2.6816 2.6466 3.0722 2.9830 3.4550 3.8367 3.4360 3.5343 3.3456 3.8107 3.0202 2.9589 3.6196 2.6639 2.7461 2.5335 2.2250 2.9124 2.5335 2.4603 2.3794 2.5109 2.5803 2.7366 2.4122 2.3539 2.0601 2.8361 2.1928 2.4463 2.3291 2.0197 2.8466 2.1616 2.8573 2.5184 2.7272 2.3990 2.7272 2.4463 2.7087 2.3794 2.4603 2.3730 1.6784 1.6937 1.6026 1.7744 1.8443 1.7031 1.7445 1.6544 1.8228 1.6845 1.8017 1.7744 1.6426 1.8966 1.8814 1.7544 1.8228 1.8407 1.9044 1.7413 1.8371 1.5221 2.5803 3.0856 2.9238 2.8900 2.7272 3.2784 3.4550 2.5964 2.5723 3.1130 3.8107 2.7951 3.9183 3.8367 3.1555 3.3114 3.2784 3.2784 3.0722 3.2151 2.8361 2.6296 3.1270 2.9354 3.1701 2.9708 3.0459 2.6727 2.5488 3.0722 3.2306 3.3989 3.4940 3.8107 2.5803 3.3284 3.0459 3.5762 3.0459 3.9183 2.9952 2.6129 2.3666 2.9708 2.7557 3.2151 2.6381 2.8361 2.7951 3.3114 2.5109 3.0992 3.0202 3.1270 3.7114 3.3284 3.3114 4.3032 3.8633 3.0722 3.0589 4.0978 2.6906 2.1719 2.3170 2.2472 2.4889 2.2142 2.7366 2.4325 2.3050 2.9011 2.6296 2.0374 2.5335 2.6639 2.7179 2.7366 3.0202 2.4463 2.6639 2.6296 2.0197 2.5803 2.2034 2.4190 2.3170 2.4394 2.5964 2.4603 2.1719 2.5335 2.9952 2.4962 3.1270 2.9011 2.5644 2.7654 2.9708 2.6296 2.4889 2.5259 2.6129 2.4889 2.6816 2.3859 2.6552 2.3859 2.5964 3.3114 2.3109 2.1823 2.3990 2.4603 2.4463 2.6381 2.4603 2.8154 2.8466 3.4940 3.1130 2.8573 2.2699 2.6639 2.4463 2.8361 2.8257 3.1555 2.5964 2.2250 2.4673 2.5411 2.7461 3.0722 2.9124 2.7272 2.8900 2.5883 2.6639 2.9952 2.5566 2.8154 3.0856 3.0992 2.6381 2.5335 3.0992 2.5803 2.8154 2.8681 2.6129 2.7366
23 2.6906 2.9830 2.8790 2.6816 3.2306 2.6639 2.9708 3.0856 2.8573 2.8573 2.7366 3.0459 2.9238 3.0330 2.8790 3.1412 3.1412 3.3114 2.7752 0.9864 1.2292 1.0869 1.0805 0.0000 0.4936 0.7662 0.6567 0.3983 0.9385 0.7847 1.0368 1.2181 1.2833 1.3406 1.3707 1.3239 0.5460 0.8572 1.1502 1.0950 0.6258 1.5970 1.4844 1.5998 1.4943 1.5750 1.4648 2.3794 2.1515 2.5035 2.3170 2.4325 2.7557 2.5644 2.1616 2.5035 2.4394 2.6906 2.1119 2.3414 1.3973 1.3034 1.3239 1.4109 1.5325 1.5221 1.3839 1.1711 1.7220 3.2784 2.9124 3.0202 2.6212 2.6212 2.8154 2.7557 2.7366 2.5723 3.8107 2.8681 3.6196 3.5977 3.5140 4.3783 3.3809 3.0992 3.7355 3.3114 4.4571 4.4571 2.6212 3.1849 2.3730 2.7366 2.3539 2.2305 2.8466 2.3291 2.8681 2.5411 2.6552 2.5644 2.5644 3.4173 3.0330 2.6296 2.6996 2.7557 2.4463 3.1412 2.7951 3.1270 2.7557 2.6996 3.0459 2.6212 3.3456 3.2151 2.7461 3.0992 1.9359 2.0647 2.2756 1.9644 2.0023 2.0927 1.9319 2.0601 2.1119 2.1216 1.9279 1.8516 2.1771 2.1771 2.0786 2.1565 2.1875 2.2250 2.3050 2.0330 2.1515 1.9685 2.9124 2.9238 2.7179 3.0856 3.4360 2.9354 2.9830 2.8573 2.8257 2.7752 4.7661 3.9183 3.8107 5.4496 4.7185 3.1130 4.6269 4.1632 3.2622 3.0076 2.8154 2.6552 2.9238 2.7179 2.8257 2.6996 3.2151 2.8790 3.2151 3.8107 3.3284 3.5343 3.5762 3.5343 3.5762 3.4173 3.2622 3.6419 3.7600 3.7114 2.9011 2.6212 2.9830 3.0076 2.7951 3.2463 2.8361 2.9830 3.5762 3.8633 2.5803 2.4816 4.3403 3.1701 3.0202 3.2463 3.5762 4.4980 4.0662 3.3456 3.6646 4.0353 2.6996 2.6996 3.5762 2.7557 3.0459 2.7752 2.9708 2.4257 2.7557 3.1270 2.6996 2.2699 3.2306 2.5184 2.9708 2.5259 2.8900 2.9830 2.6816 2.9830 2.5566 2.6296 2.8681 2.3291 2.7851 2.7951 2.6129 2.6129 2.6996 2.7272 3.7600 2.9011 3.6196 3.8367 3.2463 2.4325 2.4122 2.7461 2.9470 2.9470 3.0992 2.6212 3.0856 3.0722 2.9470 2.9124 2.7087 3.2306 2.8900 3.2151 2.9238 2.9011 2.6639 2.6906 2.4962 3.7851 2.8790 3.5977 2.7179 3.0856 3.0992 3.1849 2.8900 2.7087 3.1412 3.1130 3.1555 2.2931 2.6906 3.0856 2.9011 2.6906 3.1270 2.8154 2.9238 2.7461 2.9830 2.6381 2.6639 2.8052 2.6046 2.6996 2.6552 2.6639 2.7557 2.6816 2.4889 2.9124 2.9952 2.4533
24 2.8257 3.1270 3.0992 2.5488 3.0202 2.6466 2.8573 2.6466 2.7851 3.2784 2.5035 2.9238 3.1999 2.9238 2.6906 3.4173 2.6129 3.6419 2.4463 1.0247 1.1588 1.1746 0.9721 0.4936 0.0000 0.7504 0.5478 0.5624 0.9317 0.6813 0.9496 1.2734 1.3281 1.3928 1.3449 1.3239 0.5265 0.9088 1.1015 0.9636 0.5771 1.5804 1.4293 1.5043 1.5429 1.5144 1.5696 2.2756 2.1981 2.4190 2.4962 2.5723 2.2931 1.8664 2.4962 2.6046 2.3291 2.5964 2.3539 2.3539 1.4041 1.4018 1.5119 1.4600 1.5119 1.5535 1.4528 1.2368 1.6604 3.0856 2.5184 2.6996 2.5803 2.8052 2.7179 3.1270 3.0076 2.4325 3.0202 3.3456 3.4550 3.3114 3.4173 3.2622 3.4550 2.7557 3.4940 3.2306 3.1849 2.9952 2.5964 3.0459 2.5184 2.3109 3.1555 3.4550 2.7851 2.3794 2.4056 2.6212 2.3730 2.1414 2.2642 2.6466 2.5964 2.3666 2.4889 2.2196 2.4463 2.6996 2.7179 2.6466 2.7461 2.4463 3.0202 2.6381 2.8573 2.7752 2.3050 2.6639 2.0927 2.1464 2.2472 2.0330 1.9769 2.1216 2.1414 2.1070 2.1981 2.1315 2.1875 1.9938 2.2034 2.5964 2.4394 2.5883 2.1414 2.0647 2.5488 2.2756 2.1823 2.0110 3.2622 2.8573 2.6129 2.6129 2.8361 2.6046 2.7557 2.8154 2.4056 2.4463 3.1412 3.0722 7.1683 3.9755 3.1270 3.5140 3.3989 4.2315 3.2151 2.7951 2.6296 2.4745 2.7461 2.4816 2.8361 2.6129 2.6639 2.4816 2.5411 3.7355 4.0353 3.1555 3.6878 3.8633 3.9755 3.3809 3.3114 4.2315 3.6196 3.0722 2.6466 2.4745 2.6816 2.5644 3.0076 3.2622 2.7654 2.7461 3.2151 3.3456 2.6996 2.9470 4.2669 3.4173 2.7951 2.6996 3.0076 3.3989 3.1130 3.4360 3.1270 3.2784 2.8466 3.2151 3.3809 2.5964 3.2306 2.7366 2.6639 2.7366 3.3284 2.8900 2.9011 2.2142 2.8154 3.0330 3.1270 2.9470 2.9708 2.7366 2.6129 2.3990 3.4360 2.3170 2.4056 2.1823 2.0023 2.4745 2.3794 2.2034 2.2585 2.1464 3.1849 2.7752 3.4550 3.6646 2.6639 2.6996 2.9011 3.1130 2.8466 2.9830 2.8573 2.7951 2.6552 2.9011 3.0202 2.6212 2.4816 3.0722 2.4463 2.7851 2.7654 3.0330 2.5803 2.8900 2.8052 3.4940 2.6381 3.3989 3.1555 2.8361 2.7179 2.7461 2.4889 2.8154 3.2306 2.6212 2.7752 2.5488 2.7272 2.7461 2.4122 2.9011 2.8052 2.6552 2.6639 2.3477 2.8790 2.5259 2.4816 2.5566 2.3477 2.9708 2.6552 2.8466 2.8573 2.4816 2.5723 3.2948 2.5803 2.5259
25 3.1130 3.0856 2.9952 2.7087 2.7557 2.6212 3.1130 2.7851 2.8900 3.0330 3.2151 2.9238 1.8701 3.2622 3.1270 2.7366 2.8681 3.1701 2.8052 1.1197 1.2913 1.1925 1.1097 0.7662 0.7504 0.0000 0.9075 0.7917 0.9142 1.0039 0.9778 1.3281 1.3239 1.3620 1.3839 1.4246 0.7847 0.9276 1.2015 1.0742 0.8647 1.4339 1.5914 1.6026 1.5696 1.6815 1.5482 2.4533 2.5035 2.3859 2.1565 2.6129 2.1216 2.2642 2.7752 2.2873 2.4056 2.5488 2.1616 2.3730 1.3322 1.4063 1.5094 1.4819 1.6138 1.5887 1.4481 1.2406 1.5777 2.8573 2.7752 2.7366 2.9952 2.7557 2.7951 3.2463 2.6816 2.5964 3.0459 2.8154 4.3783 3.7114 3.5343 4.5399 4.2669 3.8633 4.4980 3.8107 3.0856 5.0239 3.0992 2.6296 2.4056 2.3170 2.6046 2.5644 3.0330 2.4190 2.3353 2.5803 2.4056 2.3924 2.3859 3.5762 2.0975 2.3291 2.3539 2.1928 2.3291 2.6639 2.8573 2.8681 2.6996 2.0601 3.0202 2.8573 2.5964 3.1999 2.4816 2.5723 1.9359 1.7811 2.0833 2.0647 2.3170 2.1167 1.9044 2.0647 1.9279 1.9938 2.0509 1.9121 2.0464 2.2642 2.2034 2.3170 2.0153 2.1364 2.2416 2.1216 1.9685 2.0419 2.9952 3.2151 2.4889 2.9011 3.8107 3.0459 3.2463 3.3809 2.9708 2.7752 3.5977 3.3114 5.4496 3.5762 3.1849 3.2948 3.7114 3.9755 3.6646 3.2151 2.7179 2.3990 2.7557 2.8361 2.9708 3.0202 3.0722 2.6381 2.6816 4.3403 3.3114 3.8633 3.8633 3.6646 3.4173 3.7851 3.5343 5.1372 3.6646 4.6721 3.1999 2.4463 2.5488 2.4325 2.7752 2.6906 2.5566 2.7087 2.6906 2.7461 2.5411 2.4325 3.7114 3.5977 2.9238 3.0076 2.9830 3.3456 4.1632 3.1999 3.0722 3.5343 2.4190 2.7752 2.0739 2.2034 2.2814 2.1464 2.4889 2.0464 2.4463 2.7851 2.7951 2.5335 2.9011 3.1555 2.6129 2.7461 2.7752 2.6906 2.4463 2.8361 2.8154 3.0202 2.2990 2.8790 2.3414 2.6296 2.6996 2.5035 2.3539 2.6296 3.7355 3.1555 3.2463 3.5343 2.9238 2.8790 3.0459 2.9011 2.6996 2.9952 3.1999 3.1701 3.0076 2.5964 2.5803 3.3631 2.4889 2.6996 2.8790 3.1701 2.8573 3.0459 2.5964 3.2151 2.9952 3.0330 3.4360 3.5343 3.1999 2.7179 2.7272 2.8361 2.8361 2.4962 3.7114 3.4173 2.6816 2.3924 2.6129 2.9011 2.8681 2.6296 2.5883 2.9124 2.5803 2.2873 2.5883 2.4816 2.5259 2.4533 2.5259 2.3353 2.5566 2.6466 2.7851 2.4394 2.5035 2.8257 2.6906 2.5566
26 2.6996 2.8681 3.5977 2.5723 3.0722 2.8573 2.7752 2.7557 3.0202 2.9124 2.8361 2.7654 2.9952 2.9830 3.1555 3.0856 2.7752 2.9238 2.4745 1.1281 1.2973 1.1799 1.0247 0.6567 0.5478 0.9075 0.0000 0.6377 1.0113 0.7142 1.0934 1.2636 1.2636 1.2973 1.3115 1.2501 0.5496 0.9454 1.1032 1.0553 0.5697 1.4505 1.5970 1.5119 1.4316 1.5887 1.4270 2.4745 2.2873 2.5883 2.8154 2.6552 2.4056 2.3477 2.4603 2.7087 2.5566 2.4603 2.3414 2.5488 1.5273 1.4993 1.5068 1.4745 1.6663 1.7125 1.4339 1.2444 1.8052 3.3809 2.8257 2.5109 2.1928 2.8154 2.6466 2.4603 3.1130 2.5335 3.3809 2.9952 2.3794 2.9238 3.0202 3.6419 3.1412 3.0856 3.3114 4.0051 3.9183 3.1130 2.6046 2.6727 2.3414 2.2472 2.6552 2.5109 2.3924 2.5259 2.5723 2.8361 2.8361 2.3539 2.2585 2.6816 2.1565 2.4122 2.4889 2.2142 2.3539 2.6129 2.8790 2.7087 2.7179 2.8052 2.9708 2.5035 2.6727 3.0202 2.3291 2.4056 1.9480 2.1875 2.2361 2.0023 2.3170 1.9439 2.0739 2.1823 2.3291 2.0374 2.1823 2.0739 2.0880 2.2931 2.2990 2.1315 2.1119 2.1515 2.3924 2.0374 2.1216 2.0555 2.8466 2.7654 2.5488 3.0459 3.0722 3.0076 3.1555 2.6816 2.3666 2.6816 3.2306 4.0978 3.6646 3.9183 4.2669 4.5399 3.4940 4.3032 4.0051 3.0992 2.7951 2.4673 3.0459 2.8361 3.1849 2.8154 2.7179 2.5184 2.4603 4.5399 3.2622 5.1372 3.9755 3.8905 2.8154 3.2784 3.0589 4.4172 3.5140 3.0459 3.4940 2.6296 2.9830 2.6296 2.7951 2.8573 2.2814 2.8681 3.1999 2.9952 2.7951 3.2784 4.4172 4.8150 2.8052 3.0722 2.6046 3.1701 3.7600 3.1270 3.5343 3.2948 2.8154 3.7851 3.3989 2.7654 2.8900 2.7654 3.2463 2.3666 3.3114 3.0589 3.2948 2.4962 3.0589 2.8052 2.9708 2.8790 2.9589 3.0722 2.6046 2.7752 3.6878 2.3666 2.3291 2.6727 2.5335 2.7557 2.2472 2.3291 2.5411 2.7951 3.3809 2.7272 3.4360 3.6196 2.9011 2.6212 2.7752 2.5964 3.0076 2.5035 2.7366 3.5140 2.8790 3.0459 3.0992 2.3539 2.7366 3.2463 2.7461 3.0722 2.7461 3.0330 2.9011 3.1849 3.0856 3.1701 3.2151 3.7114 3.5551 3.2151 2.9238 3.1412 2.5644 3.4173 3.1555 3.6196 2.8681 2.5883 2.9952 3.2151 2.7557 3.3456 2.9238 2.9354 2.7366 2.3602 2.7557 3.2784 2.8573 2.2585 2.5964 2.9124 2.5883 2.6639 2.7272 2.2814 2.6129 2.9589 2.6996 3.0722
27 3.0202 3.0459 3.2151 2.7557 3.0992 2.9124 3.2306 3.0459 3.1270 2.9830 2.6816 3.2622 2.9830 3.4173 2.9952 3.1555 3.3114 4.1970 2.7179 0.9579 1.3449 1.1048 1.0902 0.3983 0.5624 0.7917 0.6377 0.0000 0.9636 0.7987 1.1097 1.3034 1.3620 1.2913 1.4433 1.3751 0.6710 0.8034 1.1281 1.0710 0.6608 1.5429 1.6426 1.5482 1.6426 1.5561 1.6426 2.7179 2.6296 2.5723 2.5964 2.6639 2.3291 2.4325 2.4394 2.3170 2.4394 2.5335 2.0555 2.3291 1.3406 1.4293 1.5377 1.4109 1.5170 1.5970 1.4246 1.2181 1.6426 3.1849 2.5803 2.8466 2.7461 2.8681 2.5644 2.5184 2.7366 2.5644 3.8633 3.8633 3.6196 3.6196 3.0722 3.9466 3.8633 6.3208 4.3403 3.5762 3.7851 3.9183 2.9011 2.4745 2.2931 2.0647 2.8154 2.3666 2.5964 2.3666 2.7951 2.7272 2.8154 2.5259 2.6466 3.1701 2.5883 2.4889 2.5488 2.4962 2.6296 3.1849 2.7654 3.3114 2.6129 2.6129 3.6646 2.9238 2.8154 3.1270 2.7557 3.2151 2.0739 1.8263 2.0927 1.9644 2.1119 2.1364 1.9200 1.9200 2.0927 1.9044 1.8814 1.8928 2.0241 2.1070 2.1719 2.2699 2.1414 2.1364 2.3666 1.8664 2.0833 1.9603 2.9124 3.2784 2.6906 3.1130 2.9589 2.8257 3.2784 3.0589 2.4745 2.8573 3.4360 3.9183 4.8651 3.3456 3.4173 3.1999 3.0589 4.6269 3.1130 2.8790 3.0589 2.8790 3.1849 3.3631 2.9952 3.2151 3.1270 2.5035 3.0992 3.3809 5.4496 4.0353 4.3032 4.5829 6.7176 3.8633 2.8154 4.0353 4.5399 4.6269 2.7752 2.5883 2.7087 3.3114 2.9124 2.6552 2.7654 3.1555 2.9011 2.9952 2.8900 3.1130 3.4173 3.7114 2.6296 2.8466 3.0992 3.6878 2.8900 3.5343 3.4940 3.1999 2.8900 2.8466 2.7752 2.3794 3.0459 2.9830 2.9952 2.4603 3.0202 3.2622 2.8361 2.5644 2.5035 2.7557 2.7752 2.6466 2.9238 2.9011 2.3666 3.7600 2.9952 2.8573 2.5335 2.4257 2.6727 2.5184 2.7752 2.7654 2.6296 2.7179 3.5343 2.7951 3.3456 3.7114 3.2306 2.6816 2.6046 2.7272 2.7179 2.7851 2.8573 2.8257 2.7366 2.9011 3.1555 2.6816 2.4190 4.0353 2.8573 3.0202 2.7366 2.6727 2.8573 2.3602 2.7366 2.5803 2.8361 3.0202 2.4463 2.7752 3.0202 2.7179 2.8790 2.5566 3.6878 3.1849 2.9952 2.9354 2.5803 3.1270 2.9011 2.9952 2.7851 2.9238 2.6816 2.9124 2.8900 2.8573 2.6816 2.6381 2.6046 2.7752 2.6996 2.7179 2.9952 2.2699 2.4190 3.1130 2.8154 2.3794
28 2.6816 3.2463 2.5566 2.8466 2.5109 2.5035 2.3990 2.3666 2.7557 2.4889 2.4889 2.7752 2.1771 2.7752 2.6129 2.8361 2.6639 2.6129 2.6466 0.6855 1.0009 0.9222 0.7617 0.9385 0.9317 0.9142 1.0113 0.9636 0.0000 1.0292 0.6112 1.1297 1.1925 1.2793 1.1536 1.1641 0.9524 1.0710 1.1961 0.7305 1.0338 1.4293 1.3364 1.2199 1.3707 1.4433 1.2368 2.2088 1.9938 2.1315 2.0464 2.3353 2.0786 2.1719 2.1167 2.0693 1.9811 2.6552 2.0786 1.4968 1.2993 1.2873 1.2482 1.2406 1.4109 1.3928 1.3322 1.1746 1.6253 2.9238 2.5184 2.9708 2.7272 2.5803 2.8361 2.3170 3.0992 2.2873 3.2463 3.0722 2.9238 3.0856 3.0202 3.2463 2.9354 4.2315 3.5140 2.8154 3.3989 2.9011 3.0202 2.1216 2.1414 1.9439 1.9853 1.7948 2.3794 2.3050 2.5964 2.5184 2.3794 2.5803 2.2814 2.5488 2.5803 2.6466 2.4056 2.2931 2.6046 2.5488 2.9708 2.4394 2.6552 2.4257 2.4056 2.3990 2.3170 2.2142 2.3794 2.4889 1.9769 1.9521 2.1515 1.8590 1.9769 2.0330 1.9399 2.0927 1.9685 1.9200 1.9200 1.8299 1.8776 2.0555 2.0833 2.0601 2.0693 1.9521 2.1771 1.8407 2.0927 1.9480 2.8257 2.8790 2.8900 3.3809 2.7272 2.4603 3.0459 2.6296 2.5964 2.6129 3.3989 3.1701 3.3809 3.5977 3.3456 2.8257 4.5399 4.0051 2.8681 3.3631 2.7752 2.5335 2.6816 3.1849 3.0992 3.0856 3.0856 2.6552 2.2931 4.5399 3.4940 3.9183 3.7600 3.7600 3.1849 2.9708 3.7600 3.9755 4.5829 4.5399 2.6639 2.5335 2.7366 3.1270 2.6996 2.6466 2.6466 3.6196 3.0202 3.1270 2.4745 2.7179 3.6196 3.3809 2.9708 2.6816 3.9755 2.8052 3.7114 3.6646 2.9952 2.6639 2.3924 2.2814 2.2472 2.3990 1.9980 1.9480 2.7654 2.1928 2.1771 3.1555 2.7557 2.0419 2.7752 2.6129 2.6996 2.6996 2.9470 2.5259 2.5566 3.1999 2.7272 2.6129 2.2528 2.3170 2.6466 2.3794 2.4190 2.4889 2.1315 2.2931 3.3631 2.8052 3.6196 3.1270 2.8900 2.8361 2.7851 2.7752 2.4889 2.6296 2.6816 2.8900 2.8573 2.4190 2.8361 2.1928 2.6816 2.9708 2.3291 2.6381 2.4745 2.5035 2.5803 2.6816 2.5566 2.7179 2.9589 3.3114 2.9354 3.1555 2.8900 3.2151 2.4673 2.8154 2.7752 2.9354 3.0589 2.3050 2.4190 3.1130 2.3170 3.0856 2.8466 2.5723 3.0722 3.0459 3.0459 2.9952 2.6129 2.5964 2.5184 2.8257 3.0722 2.7179 2.7366 2.8257 2.5335 2.9238 2.4816 2.5723
29 2.4463 3.2306 2.7951 3.0076 3.4173 2.5644 3.3809 3.2948 3.1130 2.4394 3.4550 3.0202 2.2472 3.5343 2.9830 3.1849 2.8052 3.2948 2.4603 1.1997 1.3281 1.3884 1.1519 0.7847 0.6813 1.0039 0.7142 0.7987 1.0292 0.0000 1.1571 1.3861 1.3664 1.4410 1.4063 1.3620 0.7109 0.9893 1.2181 1.1468 0.7640 1.6310 1.7093 1.6253 1.5998 1.6082 1.5325 2.2305 2.1565 2.5259 2.5411 2.5184 2.7461 2.1823 2.5644 2.2034 2.4533 2.8361 2.2305 2.2361 1.4528 1.4968 1.4993 1.6544 1.7284 1.8443 1.6195 1.4018 1.6574 3.5343 3.1270 2.7461 2.4816 2.5803 3.0589 2.5964 2.8900 2.6129 3.4743 2.7851 2.9124 3.5140 3.5762 3.3114 4.1632 3.8367 2.8154 3.8905 3.7114 3.1555 2.7179 1.9359 2.6296 1.7478 1.7948 1.9895 3.0076 2.4325 2.8257 2.6296 2.7461 2.3924 2.4816 2.6552 2.6816 2.5644 2.3794 2.4603 2.8154 3.1999 2.9124 2.8573 2.9708 2.9830 2.9124 2.6129 2.8573 2.7272 2.4889 2.6381 2.2034 2.3230 2.2931 2.1667 2.2305 2.0067 1.9239 2.0833 2.1823 2.4056 2.2196 1.9399 2.0833 2.4122 2.4122 2.3109 2.1981 2.2642 2.2873 2.1464 2.1771 2.1119 3.0459 2.6816 2.5803 3.3114 2.9708 2.8790 2.9470 2.9708 2.9011 2.6816 5.1962 3.4360 5.3193 4.0353 3.8633 4.0978 6.1401 5.3835 3.9755 3.1999 2.9124 2.7752 2.8154 3.4360 2.9589 3.0459 2.9708 2.4394 2.7461 3.9183 4.2315 3.9183 3.7600 4.1970 3.3809 4.3032 3.2306 4.1301 3.2622 3.3809 3.0202 2.3859 2.5488 3.0856 2.6046 2.6996 2.5035 2.8466 2.9952 3.3631 2.6996 3.6196 3.9183 4.0978 3.5140 3.0856 3.5551 5.0798 3.8107 4.2315 4.0353 4.6269 3.6646 2.6816 2.8573 2.6816 3.1849 2.9354 2.9952 2.7179 2.8790 3.2306 2.7851 2.8573 2.7461 2.9354 3.5343 2.9708 3.4360 2.4816 2.7951 3.3284 2.9830 2.6466 2.3924 2.6296 2.1616 2.7179 2.5488 2.3794 2.4056 2.4962 3.5343 2.9124 3.3809 3.1849 3.0330 2.9124 3.2463 3.2463 3.1270 4.0051 3.3809 3.0202 2.9708 3.1849 2.9708 2.6816 2.6296 3.3989 2.6212 3.0459 2.9124 3.0202 2.7272 2.6466 3.0459 3.0722 3.0589 3.0992 2.9952 3.2463 3.5977 2.8466 2.6129 3.3809 3.2463 2.9354 3.1412 2.5184 2.6046 3.2463 2.7951 2.9354 3.1999 3.3456 3.0330 2.7752 3.2306 3.4743 3.0992 2.5644 2.7557 2.4603 2.5488 3.0722 3.2784 2.5883 2.9238 3.0992 3.4173 2.7179
30 2.8052 3.3809 2.6296 2.7557 2.5184 2.5488 2.7272 2.3859 3.0076 2.7654 2.6816 2.9011 3.5343 2.8790 3.0459 2.8681 2.6129 3.0992 2.5723 0.7261 0.8957 0.8572 0.7594 1.0368 0.9496 0.9778 1.0934 1.1097 0.6112 1.1571 0.0000 1.0837 1.1571 1.1961 1.0491 1.1180 0.8943 1.0217 1.1889 0.7415 0.9551 1.3115 1.2520 1.2754 1.1641 1.4648 1.2617 2.2585 2.0739 2.1216 2.0647 2.3291 2.4122 2.1719 2.2250 2.0555 2.0555 2.4463 2.2416 2.5184 1.2406 1.1433 1.1782 1.1853 1.4200 1.3795 1.3322 1.0009 1.5804 3.1555 2.5566 2.9124 2.4889 2.5644 2.9952 2.3666 2.9238 2.7752 3.0856 3.1849 3.0722 3.4360 3.0722 2.9589 2.9470 3.1999 3.5977 4.0353 4.0353 3.6646 3.0856 2.6639 2.6296 1.4745 2.4816 2.2931 2.7087 2.1719 2.3924 2.8154 2.5335 2.3539 2.2361 2.9238 2.6129 2.5803 2.3990 2.4190 3.0459 2.5488 2.9470 2.5335 2.5723 2.6466 2.6906 2.6381 3.0856 2.4325 2.3794 2.6381 1.9980 1.7220 1.8966 1.6574 1.7778 1.7478 1.6082 1.8017 1.8966 1.7284 1.9044 1.9521 1.9521 1.9399 1.9685 1.9082 1.7252 1.9938 1.9603 2.1464 1.9521 1.8443 2.3990 3.2463 2.5184 2.8154 2.5488 2.6466 2.9952 2.5964 2.6996 2.5259 4.1632 3.6196 5.3193 3.9755 3.0459 3.0076 3.7114 3.0722 2.7951 2.9952 2.3170 2.2990 2.5488 2.7272 2.5488 2.6552 2.8154 2.4816 2.6906 3.3809 4.2315 2.9238 4.0662 3.5343 4.6721 3.3456 4.1632 3.7114 3.1999 3.9183 2.8681 2.5883 2.3794 3.5343 2.6466 2.4816 2.7752 2.9708 3.0992 2.4745 2.8154 2.6296 2.9011 3.1555 3.0202 2.8573 3.0722 3.1555 4.6269 3.1270 2.8573 2.6129 2.5803 2.1364 2.4056 2.2642 3.0722 2.6296 2.4889 2.2756 2.2361 2.7557 2.7366 2.3924 2.9952 2.7087 2.8052 2.8361 2.6727 3.0202 2.9124 3.1849 2.4257 2.6129 2.3924 2.5803 2.4325 2.7366 2.4962 2.4745 2.3109 2.2361 2.9238 2.7087 3.3456 3.4173 2.6996 2.7951 2.7752 3.3989 2.8154 2.4603 3.0722 2.4889 2.9011 3.1130 2.5184 2.2990 2.7366 2.9470 2.7654 2.4889 2.6816 3.1555 2.5883 3.0202 2.8573 3.5140 2.8790 3.1555 2.9238 3.2784 2.7366 2.7951 2.6996 2.9124 3.4940 2.6552 2.6727 2.2088 2.4463 2.8361 2.5184 2.8573 2.8052 2.7752 2.8790 2.6466 2.8681 2.7851 2.7272 2.6996 2.7752 3.0459 2.6381 2.5035 2.5803 2.5259 2.8466 2.8573 2.6381 2.5883
31 3.0992 3.4173 2.4745 2.8573 2.9011 3.0992 2.6816 2.6639 2.6296 2.8154 2.6996 3.2151 3.8633 2.8573 2.7179 2.5335 2.9238 2.9238 2.8466 1.0368 0.9608 1.0217 0.9922 1.2181 1.2734 1.3281 1.2636 1.3034 1.1297 1.3861 1.0837 0.0000 0.4423 0.6813 0.4651 0.2406 1.1889 1.2330 1.4721 1.0128 1.2255 1.4223 1.5273 1.4697 1.5750 1.5914 1.3664 2.1414 2.0464 1.5482 2.3666 2.2361 2.1515 2.1928 2.3230 2.0927 2.2472 2.7557 1.5914 2.2756 1.3034 1.2144 1.2444 1.1468 1.3406 1.3281 1.3449 1.1711 1.5068 3.4940 2.8361 3.0459 2.4463 3.0202 2.8573 2.5488 3.5343 2.7951 2.8573 3.5762 3.0722 4.1632 3.5343 2.8573 3.6646 2.8790 2.5035 3.2306 3.4173 2.7366 2.9470 2.1464 2.3539 215.8902 2.9708 2.7366 2.3924 2.6212 2.8466 3.0202 2.8154 2.5184 2.6129 3.2463 2.8573 2.4745 2.6816 2.3666 2.5566 2.6816 3.2622 2.7951 2.4325 2.5964 2.8790 3.0202 2.9124 2.8466 2.6129 2.9238 1.8443 1.8087 1.8814 1.8157 1.7880 2.1167 1.7948 1.9603 1.8890 1.7811 1.8087 2.1616 1.9044 2.0067 2.1515 1.9239 1.9603 1.9727 2.0374 2.1823 2.2361 1.7948 2.6996 3.8107 2.6639 2.9589 3.0459 2.9124 3.4940 2.7851 2.4673 2.7752 4.3032 3.9183 4.0353 3.5343 3.8633 3.6646 3.1270 2.8573 3.5977 2.6296 2.8681 2.9470 2.7179 2.4673 2.9011 2.9470 2.3666 2.6046 2.6996 3.5977 4.5399 3.3631 3.1270 3.1130 2.5488 3.4940 3.3631 4.2315 3.5343 3.6878 3.3809 2.9952 2.8900 3.1555 2.6727 2.6046 3.0589 3.7114 3.1555 3.0722 2.6296 2.4962 3.2463 3.1701 4.0353 2.9708 3.0202 3.4360 3.0722 3.0202 3.1701 3.2151 2.4745 2.1719 2.0241 2.2699 2.4603 2.1928 2.1823 2.3109 2.3230 2.5964 2.1022 2.1616 2.8361 2.9238 2.6639 2.6639 2.1823 3.0992 2.4394 2.6996 2.2250 2.5644 2.4190 2.6381 2.6296 2.5035 2.5803 2.1315 2.4533 2.4257 3.2784 2.6816 3.2784 3.4550 2.6816 3.1412 2.8361 2.5488 2.4463 2.5109 2.7366 2.6552 2.6816 2.5035 2.8154 2.3990 2.7366 2.9354 2.5488 2.6129 2.8900 2.6552 2.5964 3.4360 2.8790 2.8361 2.6996 3.0722 3.0459 2.9708 2.5035 3.0992 2.6552 3.1849 3.1130 3.3284 2.7654 2.8154 2.9238 2.8257 2.6816 2.8257 2.6296 2.8257 2.6727 2.6129 3.4360 2.9708 2.7179 2.6639 2.5803 2.8790 2.4889 2.5803 3.2463 2.9238 2.7087 2.9238 2.8790 2.8900
32 2.7951 2.7752 2.4889 2.5335 2.8154 2.6381 2.7654 2.6727 2.9589 3.1412 3.1270 2.6906 3.3989 3.0330 2.6381 2.7366 2.5566 2.7851 2.5184 1.0647 1.0068 0.9721 1.0678 1.2833 1.3281 1.3239 1.2636 1.3620 1.1925 1.3664 1.1571 0.4423 0.0000 0.7066 0.5229 0.4076 1.1536 1.3577 1.5377 1.0569 1.4246 1.4063 1.4433 1.4770 1.4246 1.5942 1.4154 2.1823 2.3170 2.3230 2.3924 2.3414 2.2305 2.6466 2.2250 2.4056 2.2585 2.6466 2.1216 2.6212 1.3884 1.3281 1.2833 1.4819 1.5429 1.4893 1.4624 1.3406 1.6574 3.4940 2.4190 2.6906 2.7951 3.3809 2.7752 2.3666 3.2784 2.4745 2.9354 3.8633 3.2784 4.1632 2.8361 2.9354 3.7600 2.5803 2.6466 3.4743 3.4940 2.5335 2.3794 2.1167 2.7557 3.9183 1.6195 1.9895 2.6212 2.5109 2.9470 2.7087 2.5035 2.7654 2.6816 3.5140 2.7272 2.3666 2.4816 2.4190 2.5335 2.7951 2.9708 2.8052 3.0330 3.1555 2.7179 3.0459 3.1130 2.6639 2.6816 2.4533 2.0023 1.8157 1.9044 1.8590 1.9644 1.9685 1.8664 2.0786 1.9853 1.8776 1.9561 2.0555 1.8966 2.1515 1.9561 2.0197 2.0285 1.9521 2.0647 2.2814 2.2196 1.7478 3.0992 3.8107 2.7179 2.2931 2.8790 2.7557 3.1270 2.7557 2.8154 2.7179 3.0992 3.9755 4.8150 5.5176 3.5343 3.5343 3.2463 3.4360 3.4173 3.0330 3.0992 3.0459 2.8257 3.6646 3.0459 3.3809 2.9354 2.9952 2.4463 3.4940 5.2569 3.8633 3.1849 2.7951 2.7087 3.1555 3.4550 8.5927 4.5829 3.6196 3.1270 3.0330 2.7654 3.3456 2.7366 2.7951 2.8052 3.1130 3.6878 3.5762 2.5488 2.4816 3.4940 3.4940 5.8103 3.6646 2.6906 4.4571 4.2669 2.9470 3.2784 3.5551 2.7179 2.0647 2.2361 2.5644 2.5488 2.1719 2.1928 2.4889 2.1875 2.6639 2.1167 2.5803 2.4257 3.0992 2.5964 2.5964 2.7951 2.4325 2.2873 2.4394 2.1928 2.5803 2.7179 2.4190 2.2814 2.6129 2.7752 2.4056 2.6639 2.4325 3.1270 2.7366 3.5343 3.5762 2.6906 2.6639 2.9238 2.6129 2.3602 2.7557 3.0722 3.1849 3.3631 3.0459 2.9238 2.6816 3.1555 3.2622 2.6466 3.3456 2.6296 2.9708 2.6996 3.6646 3.4173 4.1970 2.9011 2.9952 2.7752 3.0459 2.5488 3.0992 2.6639 3.0722 3.0589 3.2463 2.9011 2.6466 2.7179 3.4360 2.7557 2.9124 2.5644 2.8466 2.5184 2.5803 2.8790 2.4122 2.9470 2.3602 2.8573 3.3284 2.5035 2.5644 3.1849 2.8154 2.4190 2.7851 2.8154 2.5335
33 2.8361 3.3284 2.4056 2.8361 2.7179 2.7752 2.5035 2.4889 2.8154 3.1999 2.4325 2.6046 3.0330 2.7654 2.3859 2.5184 2.4603 3.3456 2.5035 1.0368 1.0308 1.0584 1.0491 1.3406 1.3928 1.3620 1.2973 1.2913 1.2793 1.4410 1.1961 0.6813 0.7066 0.0000 0.7152 0.6486 1.2033 1.2754 1.4063 1.0277 1.2993 1.4624 1.3707 1.4270 1.4109 1.6026 1.4200 2.2250 2.2142 2.5109 2.4325 2.5035 2.2528 2.3414 2.5803 2.0601 2.4056 2.3050 2.3794 2.2305 1.3751 1.2953 1.1746 1.2274 1.2993 1.3074 1.3449 1.2218 1.5914 2.9238 2.7366 2.2814 2.5488 3.3456 2.6639 2.7752 4.0978 2.9952 2.9952 3.1270 2.8361 4.0353 3.6196 3.2306 3.5762 3.6419 3.2463 3.3631 3.3456 3.0589 2.4257 2.6996 2.7654 2.8681 2.6129 2.3924 2.6046 2.4056 3.0856 2.7851 2.8466 2.7752 2.8900 3.0076 2.7272 2.2931 2.3109 2.3414 2.4816 2.6906 2.8681 3.0856 2.8052 2.8466 2.6639 3.4743 2.8052 2.6296 2.5184 2.7179 1.8966 1.9359 1.8664 1.7948 2.0601 2.0601 1.6845 2.0374 2.0647 1.9439 1.8776 1.9853 1.9044 1.9895 2.0153 2.0023 1.8443 2.1167 1.9044 2.2990 2.0285 2.0464 2.9354 3.3809 3.3631 3.0589 2.9952 3.3284 3.5140 2.8681 3.0856 3.4743 3.4743 4.8150 3.4743 4.3783 4.8150 3.6419 4.0978 3.3809 3.4550 3.5762 3.1849 2.8052 3.1999 3.3456 3.1555 2.7654 2.9589 2.6906 3.0202 4.7185 4.4571 3.8107 4.3032 3.5762 3.3114 3.4550 2.9470 5.7339 3.3456 3.2784 3.5762 2.6639 3.1270 2.5566 2.7654 3.7851 2.6906 3.0459 3.4940 2.9708 2.3230 3.1555 3.0459 3.5551 3.7114 3.3456 3.0202 3.5977 3.8107 3.1555 2.7654 3.5140 2.5184 2.5803 1.9727 2.5184 2.0330 1.9439 2.5184 2.2361 2.2699 2.9952 2.2034 2.0419 2.6727 3.0722 3.0330 2.3924 2.6046 2.7951 2.4673 2.7851 1.9603 2.6046 2.4190 2.9011 2.8681 2.5109 2.4394 2.4603 2.4190 2.4394 3.1849 3.1701 4.0662 3.5140 2.9124 2.6996 2.5723 2.8052 2.8790 2.8681 2.8573 2.8361 2.7179 2.8900 2.8361 2.4673 3.3631 3.5343 2.7557 2.6296 2.4962 2.8466 3.6196 3.4173 2.7951 2.9952 2.8573 2.7087 2.9952 2.7461 2.6466 2.7461 2.9708 2.5883 2.9589 2.6816 2.5184 2.5964 2.6727 3.0722 2.8257 3.0992 2.6129 2.5411 2.3924 2.6466 2.6816 2.7951 2.8681 2.4257 2.6381 3.3114 2.8466 2.7461 2.6046 2.9470 3.0330 3.2622 3.1412 2.7557
34 2.6296 3.3809 2.7179 2.6906 2.6296 2.5644 2.5488 2.3291 3.2463 3.0992 2.6466 3.0722 2.9470 3.1270 2.8573 3.0202 3.1849 2.9470 2.7179 1.0430 0.9440 0.9980 0.9951 1.3707 1.3449 1.3839 1.3115 1.4433 1.1536 1.4063 1.0491 0.4651 0.5229 0.7152 0.0000 0.4472 1.1032 1.2913 1.4673 0.9864 1.3534 1.4528 1.3928 1.4154 1.3817 1.4918 1.3620 1.9359 2.2361 1.4721 1.4433 2.2196 2.2585 2.1823 2.2088 1.6724 2.3539 2.5335 1.7811 2.3170 1.3534 1.3115 1.2107 1.2636 1.3620 1.3491 1.3906 1.2406 1.5615 3.5343 2.8361 2.5723 2.5488 3.0992 2.8573 2.5644 3.8367 2.6296 2.6816 2.8790 3.3809 3.4550 3.1555 2.5883 4.3783 2.5109 3.1555 3.4743 3.5762 2.7179 2.9470 2.4325 3.0992 2.2034 2.9952 2.6727 2.7557 2.7654 2.8790 3.1412 2.7951 2.8790 2.6816 3.7114 2.4745 2.4190 2.5803 2.5644 2.9708 2.6639 2.8257 2.5644 2.6046 2.8052 2.9124 2.7366 3.1999 2.8154 2.5035 2.7366 1.9279 1.7577 2.0464 1.8739 2.0110 1.9044 1.9359 2.1022 2.0374 1.9439 2.0110 2.0110 1.9853 2.0739 1.9200 1.9980 1.9685 2.0786 2.1119 2.1515 2.2699 2.1216 2.6552 2.7557 2.7461 3.0992 2.4122 2.7272 2.7654 2.4889 2.3414 2.5803 3.0722 4.1632 3.0992 3.8633 3.7114 2.7951 2.9708 3.2151 3.5762 2.9354 2.5803 2.6816 2.5644 2.4463 2.5964 2.3050 2.2472 2.5035 2.4962 3.3456 4.9695 3.0459 3.8633 2.7654 2.4190 2.9238 3.5343 5.8891 3.2622 3.4550 3.6196 2.7272 2.9470 2.9354 2.6466 3.1849 2.7851 2.7557 3.3809 3.1270 2.3602 2.6212 3.4360 3.7114 4.0978 3.2784 2.9952 3.5343 4.0353 3.0459 2.7366 3.9755 3.0992 2.1119 2.2305 2.1616 2.1216 2.0555 2.1928 2.0833 2.1216 2.7272 2.1216 2.5488 2.4745 2.6466 2.2585 2.3794 2.4190 2.9470 2.5566 2.9354 2.2361 2.4889 2.2250 2.5644 2.5035 2.3924 2.3602 2.2873 2.3170 2.1414 3.4360 2.7654 3.3284 3.2622 2.8052 3.1412 3.7355 2.8361 2.7179 2.9470 2.6296 2.7557 3.1555 3.1555 2.8361 2.6296 2.9124 2.9470 2.7366 2.6466 2.3924 2.8573 2.8466 3.3809 3.5140 3.8107 3.0992 2.6639 3.9183 2.9470 2.6129 2.8790 2.6129 2.7951 3.0330 3.1270 3.7600 2.4190 2.7087 3.1701 3.0856 3.2306 2.6129 2.4673 2.7179 2.8900 2.6639 3.4360 3.8905 2.4056 2.7179 3.5343 2.9238 3.0856 2.8790 2.6816 2.9238 3.3989 2.8052 3.0992
35 3.6196 3.7114 2.7461 2.8052 3.0330 2.3859 2.8790 2.4325 3.0589 2.9952 3.1555 3.1849 3.3809 2.9952 3.0459 2.8573 2.9011 3.3989 3.1849 1.0616 0.9579 1.0098 0.9951 1.3239 1.3239 1.4246 1.2501 1.3751 1.1641 1.3620 1.1180 0.2406 0.4076 0.6486 0.4472 0.0000 1.1746 1.3664 1.3906 0.9922 1.3707 1.3364 1.4177 1.4386 1.5018 1.6110 1.3322 2.2699 1.9853 1.4433 2.1928 2.2528 2.0374 2.4056 2.2699 2.2528 2.2642 2.7557 1.7031 2.6639 1.3239 1.2368 1.2636 1.2292 1.3973 1.4246 1.4154 1.2675 1.4918 3.4550 2.5184 2.9708 2.1414 3.0992 2.7272 2.3990 2.9952 2.6466 2.8573 3.3456 2.7752 4.2669 2.7557 2.8573 3.2151 2.5803 2.9124 3.2784 3.1849 3.4173 2.6046 2.1719 2.8052 6.4153 2.6552 2.3539 2.5803 2.5488 2.6996 3.7600 2.8361 2.8154 3.0459 3.1555 2.8573 2.7179 2.8573 2.2699 2.5335 2.6129 3.2463 3.3809 2.6816 2.9470 2.8052 3.0202 3.0459 2.7179 2.5644 2.5488 1.7610 1.9359 1.8228 1.8052 1.8017 1.8480 1.7914 1.7811 1.9200 1.7031 1.7284 2.0464 1.7983 1.9319 2.0464 1.8701 1.8664 1.9769 1.9521 2.1167 2.2142 1.6082 2.7951 3.2151 2.8466 2.9124 3.0076 2.8900 3.7600 2.9952 2.7851 3.0992 3.5762 5.6597 4.0978 4.4571 3.7355 3.7600 3.0856 3.2151 5.0798 2.6727 3.0330 3.2151 2.8154 2.7851 2.8573 3.0992 2.5488 2.7366 2.9238 3.3631 6.0539 3.1999 4.0353 4.2315 3.0856 3.9466 3.6878 5.1962 3.9183 4.0662 3.6196 3.1412 3.3114 2.7557 3.0589 3.2151 3.5551 4.1632 3.4940 3.7600 2.5035 2.5109 3.1849 3.2151 5.8891 3.7600 3.0856 3.8367 4.3032 3.3989 3.9183 3.2784 2.3170 2.2585 2.4394 2.6381 2.8154 2.1928 2.3666 2.4056 2.3666 2.7951 2.2361 2.2585 2.7087 3.4173 2.5723 2.6129 2.3602 2.8257 2.3990 2.9589 2.4816 2.6816 2.9589 2.6466 2.6639 2.5184 2.6466 2.3924 2.5644 2.3539 2.9470 2.7752 3.9183 3.5762 2.5644 3.0992 2.6639 2.5035 2.6296 2.6552 3.0202 2.6296 2.6996 2.8154 2.8466 2.5335 2.5964 2.9011 2.5335 2.6996 2.6639 2.4673 2.6639 3.4360 3.1849 3.0722 2.7179 2.9011 3.2463 3.1270 2.4745 3.0992 2.8257 2.9238 3.0992 3.2151 2.6639 2.5644 2.7179 2.4816 2.6296 2.8361 2.4463 2.6381 2.7179 2.4122 3.2151 2.6129 2.8154 2.4190 2.8361 2.6816 2.5964 2.6046 3.4360 2.7851 2.6129 2.9589 2.7087 2.9011
36 2.7272 2.8154 2.8573 2.3291 4.0353 2.5803 3.8633 2.7087 3.2151 2.8573 2.8361 2.8790 2.7851 3.0589 3.6419 3.3456 2.8154 2.8790 2.5723 1.0232 1.1331 1.1365 0.9035 0.5460 0.5265 0.7847 0.5496 0.6710 0.9524 0.7109 0.8943 1.1889 1.1536 1.2033 1.1032 1.1746 0.0000 0.8275 1.0999 0.8930 0.6486 1.5615 1.6138 1.5043 1.5170 1.6339 1.5068 2.5488 2.5109 2.9470 2.3666 2.3990 2.7087 2.8681 2.6552 2.6906 2.6906 3.0202 2.2873 2.8154 1.4154 1.4673 1.3577 1.3795 1.6724 1.6253 1.4673 1.2933 1.6281 3.0459 2.5883 2.2756 2.3291 2.5184 2.5723 2.6552 2.9589 2.4533 3.2463 2.1719 2.7752 3.0722 2.1515 3.7114 3.3456 3.1130 1.8814 2.7366 3.7114 2.4190 2.4962 2.5644 2.5109 2.2250 2.9011 2.2088 2.4962 2.5488 2.2873 2.6212 2.4122 2.4463 2.2361 3.1999 2.6816 2.2034 2.7557 2.0833 2.4325 2.7366 2.4056 2.5109 2.5803 2.5723 2.6129 2.6046 2.6046 2.7951 2.2361 2.6296 2.0197 2.0833 2.0833 2.0739 2.1070 2.0285 1.9521 2.2585 2.1022 2.1414 2.1823 2.0786 2.2361 2.1464 2.2196 2.0464 2.0975 2.2931 2.4122 2.1823 2.4056 2.1022 2.6996 2.8361 2.3414 2.6466 2.8573 2.5035 2.5644 2.4603 2.2990 2.3990 3.6878 3.4940 7.0501 9.7121 5.6597 4.3403 3.8107 5.5176 6.1401 2.7654 2.9470 2.7851 2.7654 3.0722 3.4550 2.8681 3.0330 2.9470 2.4056 5.3193 6.5129 5.8103 3.2151 3.7851 215.8902 3.1270 4.2315 3.5343 4.6721 4.7185 2.6996 2.5411 2.5964 2.8154 2.6996 2.9238 2.2250 2.5644 4.0353 3.1555 2.5644 4.3032 4.7185 5.6597 3.8905 3.0992 3.3809 4.7185 4.3783 3.4173 3.1849 4.7185 3.3284 2.5109 2.3924 2.1216 2.5184 2.6906 2.3602 2.0067 1.8664 4.1301 2.1265 2.1167 3.0992 3.1701 3.7114 3.3809 3.3456 2.7752 2.8681 3.3809 2.4816 2.9011 2.4325 3.3809 2.4394 3.2784 2.7851 2.6212 2.4257 2.5335 2.9238 2.1719 2.7179 2.7851 2.8154 2.9589 2.9354 2.6639 3.0589 2.8361 3.3114 3.4550 3.1555 2.7087 2.6906 2.9708 3.3631 3.7114 2.8154 2.8790 2.9952 3.1270 3.2784 2.9952 2.8573 3.1849 2.9708 3.2151 2.7851 3.5343 3.2306 3.6878 3.0202 3.2784 3.7355 2.6466 2.9952 2.3924 2.6466 3.3284 2.7461 2.7366 3.4940 2.9354 2.8361 2.3414 2.6129 2.8361 2.8361 215.8902 2.5723 3.0992 2.4325 2.6296 2.6296 2.6996 2.6296 3.1270 2.9011 2.7654
37 2.9011 2.8790 2.8573 2.8361 3.3284 3.1130 3.0589 2.9708 2.7851 2.4745 2.6996 2.4889 2.7179 2.5803 3.3989 3.2151 3.0459 3.3809 3.0589 1.1197 1.2070 1.2482 1.1676 0.8572 0.9088 0.9276 0.9454 0.8034 1.0710 0.9893 1.0217 1.2330 1.3577 1.2754 1.2913 1.3664 0.8275 0.0000 0.9331 1.1676 0.9303 1.5588 1.5887 1.4673 1.3449 1.6082 1.5482 2.4745 2.3666 2.2814 2.3109 2.3666 2.3050 2.7087 2.3291 2.3794 1.9239 2.4889 2.2585 2.2250 1.4721 1.3577 1.3364 1.4721 1.4819 1.4293 1.4200 1.2873 1.6845 3.8633 2.5566 2.6212 2.3109 2.6381 2.6727 2.8361 3.3989 2.7366 3.3284 3.2463 2.9952 3.4940 3.0589 3.5343 3.7600 5.0239 4.2315 4.0353 4.0353 3.7600 3.1270 2.8681 2.3730 2.7851 2.6296 2.3539 2.6996 2.4463 2.6381 2.4533 2.4889 2.3414 2.1667 2.9470 2.2416 2.5644 2.4816 2.1515 2.3666 2.5803 3.0589 2.4325 2.3990 2.5184 2.8361 2.3477 2.7179 2.4325 2.3170 2.6466 2.0374 2.1414 2.0975 2.0374 1.9938 2.0110 2.0419 2.0374 2.0023 2.0880 2.1928 1.9121 2.0880 2.1719 2.2142 2.2990 1.9279 2.1823 2.2990 2.0833 1.9161 2.1414 2.2250 2.5803 2.5335 2.5488 2.8361 2.5184 2.5644 2.9011 2.3291 2.5335 3.0992 3.4550 3.1555 6.2291 3.9755 3.6196 3.1849 4.2669 3.7600 2.7179 2.6129 2.5335 2.8154 2.7461 2.5184 2.7087 2.7951 2.3539 2.4889 3.3989 3.4940 3.1555 3.3809 3.9755 3.1555 3.2784 2.9952 3.1270 4.0978 3.0992 2.7654 2.6816 2.4745 2.9011 2.8052 2.8154 3.0330 2.6552 3.8107 3.0992 2.6466 3.1849 3.3809 3.9183 3.3809 3.3809 3.6646 3.6196 3.9755 3.7114 3.9183 3.2784 3.0722 2.6046 2.3794 2.6906 2.9470 2.5035 2.6639 2.5644 2.6996 3.8905 2.3477 2.1928 3.3114 2.7951 2.6996 3.0202 2.9470 2.4190 2.7557 2.8900 2.6996 2.5883 2.5803 2.6381 2.6639 2.6816 2.6212 2.3666 2.3414 2.4394 3.1555 2.3859 2.8361 3.0459 2.9708 2.7951 2.6212 2.8790 3.0722 3.4173 3.4743 3.8905 3.3114 2.9011 2.8154 3.1130 3.4940 2.7654 2.5184 3.4743 2.6466 2.9470 2.6296 3.3989 3.1999 3.2784 3.9755 2.7557 3.2306 4.0353 3.1555 4.0353 2.6816 3.8633 3.0202 4.0051 2.9952 2.7557 2.9238 3.3114 3.0076 2.7179 2.9124 2.9470 2.7272 2.4533 3.3114 2.9124 2.9708 2.6466 2.3990 2.9952 2.6727 2.8573 2.9011 2.4673 3.0459 2.7272 2.6727 2.4257
38 3.9755 3.0459 3.5977 3.2463 3.2948 2.9830 3.2306 3.0992 3.4550 3.5762 2.6816 2.6816 4.0662 3.8367 3.8905 3.4940 2.9952 3.5551 2.9830 1.2636 1.3839 1.4293 1.2597 1.1502 1.1015 1.2015 1.1032 1.1281 1.1961 1.2181 1.1889 1.4721 1.5377 1.4063 1.4673 1.3906 1.0999 0.9331 0.0000 1.2597 1.1131 1.6724 1.5221 1.7093 1.7610 1.6754 1.7220 2.3539 2.2361 2.3924 2.5035 2.4816 2.5184 2.3924 2.6639 2.2814 2.3794 2.5335 2.1167 1.8966 1.5377 1.5535 1.5642 1.6368 1.7380 1.8299 1.6845 1.3928 1.8890 3.3631 3.0722 2.9124 2.4463 2.9830 2.8573 3.1555 2.8052 2.6552 2.9830 3.1270 2.3539 3.7600 3.0459 3.0722 3.3456 3.4940 2.5488 2.9470 3.2784 3.3809 2.8361 2.4463 2.8466 2.2585 2.4190 2.3924 3.0459 2.5488 2.9589 3.0992 2.8361 2.4056 2.5035 2.6816 2.8154 2.6816 2.4889 2.5035 2.2416 2.8052 3.3809 3.0589 3.2948 2.9238 3.3809 2.9952 3.2784 2.5488 3.3456 2.4962 2.0374 2.0197 1.7778 1.9399 1.8627 1.9359 2.1070 1.8966 1.9727 2.4962 2.0285 1.8371 1.9359 2.1315 1.9439 2.2250 1.9769 2.0374 2.0786 2.1981 2.1515 1.9603 2.6996 2.5964 2.8790 2.7951 2.9830 2.8900 2.7752 3.1701 2.9354 3.0992 2.7851 3.4173 4.9166 3.6646 6.6136 4.4571 3.6196 5.6597 4.0978 3.3114 2.5184 2.6466 3.2463 2.8257 3.6878 2.8681 3.0076 2.4257 2.8361 3.4743 4.0353 3.9183 2.9354 3.0992 7.0501 3.5977 2.9952 3.1270 3.5762 2.9589 2.7752 2.3990 2.7179 2.9011 2.7461 2.8900 2.4889 2.6129 3.0076 3.5140 2.6212 2.6996 3.4940 3.2306 3.3809 3.7600 2.9830 4.6721 2.9124 2.9011 3.4173 4.5399 2.6996 2.4056 2.6296 2.8154 2.7557 2.5335 2.5335 2.3539 2.4463 3.5762 2.1216 2.4325 3.0076 2.6639 3.0459 2.7366 3.0992 2.3477 3.0589 3.0589 2.4190 2.4257 2.4673 2.5964 2.6996 3.2784 2.4325 2.8900 2.6296 2.4325 3.8107 2.8790 3.7114 2.9589 2.7557 2.7557 2.7557 2.9708 2.7366 2.9470 3.2463 2.7087 3.4550 3.3809 2.7951 2.7179 2.9952 3.0076 2.9952 3.0722 2.7087 2.6466 2.8052 2.8257 3.1701 3.4173 3.8633 3.0202 3.5140 2.6296 2.7851 2.8573 3.0589 2.6639 3.6878 3.5977 2.8052 2.3924 2.9011 3.8367 2.8361 2.7366 2.6046 2.9354 3.6419 2.8052 2.6996 2.9708 2.7752 2.8154 3.1701 3.0589 2.8052 2.7951 2.8900 2.2034 2.9470 3.2306 2.7366 3.0202
39 2.9238 3.1849 3.0992 2.8257 2.6639 3.0722 2.9952 2.4533 2.6996 2.9470 2.2990 2.9011 3.1849 2.9011 2.8573 2.8361 2.9470 2.9470 2.7951 0.6367 0.5753 0.7708 0.0556 1.0950 0.9636 1.0742 1.0553 1.0710 0.7305 1.1468 0.7415 1.0128 1.0569 1.0277 0.9864 0.9922 0.8930 1.1676 1.2597 0.0000 1.1817 1.2482 1.3884 1.1997 1.1416 1.3685 1.3428 2.2250 2.0464 2.4603 2.3990 2.5335 2.3924 2.4325 2.4325 2.3539 2.1928 2.3602 2.1315 1.9082 1.0966 1.0934 1.0773 1.1331 1.2913 1.2218 1.2292 1.0678 1.5588 3.8633 2.5964 2.1315 2.4603 2.6129 2.7366 2.1616 2.6816 2.5335 3.1849 3.2151 3.9755 3.5343 3.5977 3.2948 3.5343 3.6196 2.9124 3.2622 3.6646 3.1270 2.8681 2.4745 2.3539 2.7366 2.3291 2.5803 2.4325 2.4533 2.7366 2.6552 2.4122 2.7752 2.4463 2.7557 2.3539 2.3109 2.2142 2.0374 2.9589 2.1464 3.2622 2.6552 2.7366 2.3414 3.1849 2.7087 2.9470 2.6212 2.4533 2.4190 1.6426 1.7252 1.6426 1.7220 1.7610 1.7544 1.6633 1.6784 1.8664 1.7677 1.8017 1.6968 1.6253 1.8890 1.8157 1.7983 1.8299 1.8553 1.9121 1.7220 1.8814 1.5351 2.7752 3.1270 2.7951 2.9238 2.7272 3.1849 3.3456 2.4603 2.6466 3.1999 4.1301 3.0459 3.9183 4.0662 3.1555 3.4940 3.0330 3.2151 3.6196 3.5343 2.8790 2.6296 3.0992 2.7557 2.9238 2.9470 2.7851 2.5488 2.6727 3.1412 3.2784 3.7355 3.4940 3.4743 2.6996 3.3631 2.8790 4.0353 3.0459 2.9708 3.2463 2.6639 2.0023 2.9011 2.8154 3.0459 2.6727 2.7752 2.6816 3.1701 2.4673 2.9011 3.2463 2.8573 3.8107 3.6646 3.1270 4.1301 4.0051 3.1555 3.1849 3.2151 2.9011 2.3291 2.2361 2.1719 2.4889 2.2142 2.7366 2.5335 2.1414 2.8361 2.5488 2.0374 2.6816 2.4889 2.6639 2.7179 2.9952 2.4889 2.5184 2.5335 1.9044 2.6816 2.1719 2.3291 2.2699 2.4603 2.6639 2.5488 2.2642 2.3602 3.0992 2.4533 3.0722 2.9708 2.3170 2.6129 2.8466 2.6639 2.4673 2.6129 2.5964 2.4190 2.5644 2.4962 2.6906 2.2585 2.5803 2.7951 2.3602 2.2642 2.3109 2.5335 2.5803 2.6727 2.4533 2.8681 2.7752 3.1849 3.0992 2.7951 2.2585 2.6639 2.4056 2.9011 2.8361 2.8052 3.1849 2.2305 2.5109 2.6046 2.5488 2.9952 2.8361 2.6906 2.7087 2.4745 3.0459 2.8900 2.9124 2.7272 3.0202 3.1555 2.7851 2.7272 3.0992 2.9470 2.8790 2.8681 2.7654 2.7366
40 2.4603 3.1555 2.8361 2.4533 2.7752 2.7179 3.8905 3.4360 3.3989 3.3114 2.8573 4.3403 2.8361 2.8681 2.9124 2.9470 3.2151 3.5762 2.6381 1.1853 1.3773 1.1889 1.2033 0.6258 0.5771 0.8647 0.5697 0.6608 1.0338 0.7640 0.9551 1.2255 1.4246 1.2993 1.3534 1.3707 0.6486 0.9303 1.1131 1.1817 0.0000 1.6485 1.5998 1.6999 1.5998 1.5535 1.5170 2.5259 2.4056 2.1464 2.6552 2.0110 2.6552 1.6968 2.7654 2.6212 2.8257 2.6466 2.2472 2.6466 1.5914 1.4410 1.4721 1.6485 1.5723 1.6082 1.5723 1.3301 1.7744 3.5977 2.8790 2.8154 2.6296 2.6466 2.5644 2.4325 2.4962 2.5488 4.8150 2.8681 2.8052 3.4360 4.2669 3.2784 2.9952 3.7851 3.7355 3.8633 4.3783 2.6296 2.9238 2.2990 2.6129 2.4463 2.3414 2.1216 2.7557 2.5035 2.7752 2.4962 2.2528 2.3794 2.4889 2.9589 2.3539 2.7951 2.4056 2.3990 2.8900 2.8466 2.6727 2.6212 2.8154 2.8900 2.5259 2.7272 2.8900 3.0589 2.7179 2.6639 1.9439 2.1070 2.2196 2.2034 2.3414 2.0880 1.8664 2.3050 2.2361 2.1265 2.0509 2.0419 2.2142 2.3539 2.2196 2.2361 2.1667 2.1616 2.4257 2.1719 2.2034 2.2250 3.0722 3.1555 2.4745 3.0202 3.5343 3.1270 2.7951 2.8154 2.4122 2.7752 3.6419 3.7114 5.8103 3.5762 5.5176 3.5343 3.7114 3.7355 3.7355 3.1701 2.8052 2.1315 2.4673 2.6296 2.5109 2.6727 2.9238 2.1875 2.8790 3.6419 3.6196 4.5829 3.1849 5.3193 2.9589 3.3989 3.4360 3.7114 4.6269 4.0662 3.8367 2.5184 2.4394 2.9238 2.8361 3.1270 2.3477 2.6129 3.5551 3.5343 2.8052 2.9952 4.6269 4.1632 3.2948 3.8367 3.0722 3.4550 4.0051 3.8633 3.2784 3.9466 2.7557 2.9354 3.1701 2.7461 2.6996 2.9952 2.7654 2.4463 2.8361 3.1412 3.3456 2.6212 3.1999 2.8790 3.7851 3.2948 3.3284 3.3284 2.7087 3.2784 3.6646 2.8573 2.6552 2.8790 2.6552 2.4603 2.5803 2.5488 2.4816 2.5259 3.4360 3.0076 3.3809 3.2784 2.6639 2.9830 2.9011 3.4173 3.2463 3.4550 3.0992 3.0459 3.2306 3.0202 3.4743 2.8052 2.4889 2.8681 3.0459 3.1849 2.9470 2.8681 2.6129 3.1701 2.9470 3.0856 3.5343 3.9755 3.1130 2.7272 2.9470 2.7851 3.0589 2.5488 3.1849 3.0202 2.9589 2.8790 3.5140 3.2622 2.7087 2.6129 2.9354 3.4550 2.8681 2.4190 2.6906 2.7272 2.6816 2.6046 2.3414 3.0722 2.3794 2.8573 2.6727 2.3730 2.8361 3.0722 2.8681 2.7851
41 3.2463 3.7114 2.8681 2.6996 2.9238 2.7557 2.7557 2.3666 2.9011 2.9470 2.9011 2.9952 2.7557 2.9589 2.9708 2.7461 3.1270 3.0589 2.6996 1.2793 1.3364 1.4293 1.2754 1.5970 1.5804 1.4339 1.4505 1.5429 1.4293 1.6310 1.3115 1.4223 1.4063 1.4624 1.4528 1.3364 1.5615 1.5588 1.6724 1.2482 1.6485 0.0000 0.7870 0.3260 0.6446 0.8011 0.5194 1.5273 2.1070 2.2305 2.1464 2.0927 2.0023 2.1515 2.1315 2.3477 2.1515 2.2873 1.9200 1.9044 1.1571 1.0491 1.1889 1.1711 1.0068 1.0742 1.0837 1.1433 1.2406 3.3284 2.8257 2.8466 2.5566 2.8257 2.8790 2.4325 3.4550 3.0589 4.7661 4.2315 4.0978 5.8103 4.1632 4.4980 4.4172 6.6136 3.6196 4.0978 4.4172 4.7661 2.6639 2.6296 2.7179 2.5411 2.1565 2.8900 3.0202 2.5335 3.0589 2.9011 2.9238 2.4745 2.6381 3.0856 2.6727 2.3666 3.1130 2.4533 2.3730 2.4325 2.6639 2.6129 2.4325 2.9589 2.5335 2.7087 2.6727 3.0459 2.6212 2.3353 1.8480 1.8553 1.9644 1.7710 2.1719 1.8443 1.8590 1.9319 2.0739 2.1119 1.9938 1.8516 1.8966 1.8739 1.9439 2.0330 1.7845 1.8890 1.8157 1.9980 2.1928 1.9082 2.6906 2.8573 2.9124 2.5803 3.3809 2.3414 2.8573 2.6296 2.6381 2.6639 3.7355 3.7355 3.4173 2.8361 3.1130 3.2784 2.8466 3.4940 2.8681 2.6129 2.8361 2.6727 3.1130 2.6552 2.7752 2.9708 2.6996 2.8681 2.7851 3.5977 4.6269 3.5762 3.5343 4.3032 3.3631 3.6196 3.2784 3.5343 2.8466 4.5399 2.9952 3.1849 2.4190 3.1701 2.7654 2.9952 2.5335 2.8573 3.5551 3.6419 2.9238 2.8466 4.4980 4.4571 3.9755 3.5551 3.1849 3.5140 4.3403 3.7114 3.6196 3.5977 2.6552 2.5184 2.0374 2.1119 2.0880 1.8890 2.2814 1.8664 2.1216 2.7272 2.3050 1.9769 2.8361 2.8900 3.0076 3.2306 2.3291 2.9708 2.8790 2.8361 2.5035 2.1464 2.5335 2.1515 2.3170 2.3230 2.3666 2.2142 2.2585 2.2699 3.8905 3.5977 3.2784 3.0992 2.8790 2.8257 2.5803 2.5035 2.5803 2.4673 2.9354 2.6466 3.1270 3.0992 4.2315 2.8361 3.0856 3.0992 3.0202 2.8052 2.7179 2.8257 2.7366 3.4550 3.2151 4.0978 3.4743 3.6646 3.3284 2.6816 3.2151 2.7951 2.9830 2.6381 3.6646 3.7114 2.9830 2.9830 2.8052 2.8466 2.9124 2.5259 2.6906 2.6816 2.9708 2.5723 2.9354 2.7752 2.8790 2.6466 2.5964 2.8257 2.6129 3.0459 2.5803 2.6639 2.7272 3.3114 2.7557 2.6639
42 2.7087 3.6196 2.5035 2.4325 2.9354 2.8790 3.0992 2.8900 3.2463 3.6646 3.4550 2.9830 2.9011 3.4743 3.4360 3.5343 3.2784 2.9238 2.8257 1.3156 1.4481 1.4673 1.4528 1.4844 1.4293 1.5914 1.5970 1.6426 1.3364 1.7093 1.2520 1.5273 1.4433 1.3707 1.3928 1.4177 1.6138 1.5887 1.5221 1.3884 1.5998 0.7870 0.0000 0.7504 0.7777 0.9551 0.8178 1.9439 1.8299 2.1823 2.0555 1.9685 2.1771 1.9521 2.1464 1.9769 1.7983 2.0647 1.8966 1.9853 1.2559 1.0553 1.1468 1.0869 1.0678 1.1131 1.1065 1.0522 1.3281 3.4550 2.6816 3.0722 2.2142 2.7366 3.0202 2.4962 3.4360 2.9124 3.2306 3.1999 3.1555 3.2463 4.0353 3.2784 4.0353 3.8905 2.9238 3.6646 3.8633 2.9589 2.5964 2.7951 2.9470 2.3414 2.8681 2.8573 3.0992 2.2416 2.4325 2.6466 2.6296 2.3990 2.2034 2.7951 2.5035 2.6212 2.3539 2.5644 2.2196 2.5335 2.9952 2.5723 2.2756 2.8257 2.9238 2.4816 2.3050 2.4325 2.6552 2.4463 1.7845 1.8017 1.8852 1.8407 1.7380 1.7880 1.8299 1.8017 1.7511 1.6968 1.8701 1.6754 1.8228 1.7156 1.7577 1.8966 1.8228 1.8553 1.6663 1.9319 1.8299 1.6082 2.5803 2.8052 2.8681 2.5335 2.7179 2.4056 2.8154 2.4603 2.6639 2.4325 2.5488 2.7557 3.5762 2.8257 3.1849 3.3989 2.5803 3.2948 2.4603 3.4550 2.5035 2.3414 2.7179 2.7087 2.7272 2.3291 3.1701 2.5411 2.5566 2.9238 2.9708 3.1412 2.8361 3.3809 2.3602 2.5335 2.7272 3.2151 3.1130 3.1849 2.3170 2.8573 2.3109 2.7461 3.0856 2.6129 2.8052 2.4325 3.4173 2.7752 2.5803 2.3602 3.5343 4.2669 3.9183 3.5551 3.2463 3.8633 2.8154 3.5762 3.2463 3.0459 2.4962 2.0241 2.1823 2.0374 2.1414 1.8299 2.1667 1.9895 2.0419 2.4603 2.3109 1.9938 2.6046 2.5411 2.7557 2.3794 2.6212 2.6046 2.3924 2.5184 2.6212 2.2931 2.4745 2.4056 2.0739 2.3666 2.1719 2.3666 2.3291 2.5109 3.5551 3.2784 2.7366 3.0202 2.7179 3.0589 2.8790 2.6381 2.6816 2.9708 2.9011 2.9124 3.3114 3.1555 2.9830 3.1555 3.1849 3.1555 3.3114 2.9708 2.8257 2.7557 3.5140 3.4173 2.8052 4.0662 2.9708 3.9755 3.0459 2.9011 2.7654 2.9708 3.1130 2.9470 3.0459 3.9755 2.7752 2.3990 2.5184 2.6552 2.5411 2.4463 2.4889 2.4463 2.6381 2.2528 2.6816 2.5566 2.9830 3.0459 3.2463 3.0330 2.8154 2.6381 2.5566 2.8573 2.4816 3.0459 2.3353 2.6296
43 3.0992 3.5343 3.2151 2.6296 2.9011 2.9708 2.8154 2.6639 2.6639 3.0722 2.7951 2.5488 2.9238 3.3114 3.1701 3.2463 3.4550 3.5977 2.7179 1.2070 1.2813 1.3156 1.2520 1.5998 1.5043 1.6026 1.5119 1.5482 1.2199 1.6253 1.2754 1.4697 1.4770 1.4270 1.4154 1.4386 1.5043 1.4673 1.7093 1.1997 1.6999 0.3260 0.7504 0.0000 0.5038 0.7217 0.4668 1.6082 2.1364 2.2642 1.4819 2.2250 1.8553 2.0464 2.2034 2.2873 2.2472 2.1265 1.9439 1.8739 1.1746 1.0476 1.1230 1.0934 0.9864 1.1065 1.0694 1.0805 1.3074 3.5551 2.3291 2.8154 2.2931 2.8790 3.3114 2.3414 3.6196 3.1270 4.0662 3.0992 3.1849 4.9695 3.5762 4.9166 4.2315 5.8103 3.9183 3.7355 3.9755 3.6878 2.5411 2.3414 2.4745 2.3990 2.2034 2.6046 2.6129 2.2250 2.9708 2.4889 3.0992 2.4257 2.7366 3.1555 3.0992 2.9238 2.8257 2.3539 2.5964 2.4394 3.0459 2.9124 2.5964 2.5335 2.8573 2.7179 2.4962 2.9011 2.6296 2.4889 1.7316 1.8739 1.8814 1.6724 2.0555 1.7413 1.7511 1.9769 2.0419 1.9644 1.9521 1.9044 1.8371 1.9082 1.8966 2.0833 1.9980 1.8590 1.7677 1.9895 2.0285 1.8739 2.6046 2.6906 2.7951 2.5964 2.8466 2.4816 2.7366 2.5883 2.6381 2.5803 3.2784 3.3456 3.0722 3.1270 2.9238 3.2306 2.6816 3.9183 2.6212 2.7951 3.1270 2.6296 2.9238 2.5964 2.5184 2.6996 2.9708 2.7087 3.0722 3.1849 3.3456 3.5762 2.8154 3.8107 2.6296 3.2784 2.7951 3.0722 2.6816 3.6196 2.6639 2.7752 2.3794 2.6996 2.6639 2.7951 2.5566 2.3924 3.7600 3.8905 2.6639 2.5803 3.9466 3.6646 4.0662 3.8633 3.9755 4.3783 5.8103 3.8633 3.8367 3.4940 2.6996 2.2472 2.6212 2.2699 2.6046 2.1315 2.3170 1.9399 2.1315 2.7752 2.4816 2.1022 3.2622 2.8361 3.3809 3.5343 2.6639 3.3456 2.8573 3.2306 2.5335 2.0374 2.4603 2.2361 2.3602 2.2472 2.3924 2.4190 2.1823 2.2361 3.5977 2.9011 3.4173 2.5488 2.6296 2.9011 2.7557 2.5883 2.9354 3.0330 3.1849 2.7557 3.1270 3.3631 3.3456 3.4940 3.4940 3.1999 3.1999 2.9354 2.9589 2.8573 3.8107 3.4743 3.1849 3.9183 3.6646 3.8107 4.7185 3.0459 2.9011 3.0459 3.6419 2.9952 3.4940 3.3989 2.7654 2.9470 2.4889 3.0722 2.7951 2.8790 2.6381 2.7557 2.9124 2.7557 2.5964 3.0202 2.8154 2.9708 2.4745 2.8573 2.5035 2.6129 2.8154 2.7951 2.8257 2.9830 2.7461 2.6129
44 3.2784 2.8790 3.0202 2.7272 2.9124 2.8681 3.1555 2.8361 3.1999 3.7600 2.8573 3.1412 3.1555 2.9589 2.8052 3.6196 2.9952 2.8361 2.8790 1.2675 1.3322 1.3364 1.2015 1.4943 1.5429 1.5696 1.4316 1.6426 1.3707 1.5998 1.1641 1.5750 1.4246 1.4109 1.3817 1.5018 1.5170 1.3449 1.7610 1.1416 1.5998 0.6446 0.7777 0.5038 0.0000 0.7393 0.5827 1.9769 1.6224 1.9980 1.8122 2.0975 2.0601 1.9521 2.1315 2.2472 2.2142 2.1216 1.9121 2.0647 1.2181 0.9440 1.0399 1.1711 1.0157 1.0869 1.1230 1.0491 1.2754 4.0662 2.5566 2.6296 2.3794 3.4940 2.7951 2.5488 2.9952 2.5644 3.4173 3.5762 3.4940 3.8107 3.6196 3.5762 3.2463 5.8103 4.2315 5.0239 3.5762 3.3456 2.5488 2.5803 2.8154 2.8257 2.4816 2.3924 2.7179 2.4673 2.9124 2.5566 2.5644 2.5803 2.6129 2.7752 2.2305 2.7366 2.3414 2.3230 2.7461 2.2873 2.1823 2.5488 2.3291 2.3539 2.5259 2.6906 2.4889 2.8361 2.2756 2.1070 1.9769 1.9399 1.6968 1.6604 1.9005 1.8664 1.6082 1.7710 1.7845 1.8299 1.9044 1.6310 1.7544 1.8052 1.9279 1.9319 1.8299 2.0110 1.9359 1.9480 1.9044 1.7948 2.7557 3.0202 2.7461 2.5964 2.5566 2.5964 2.9470 2.4745 2.5411 2.6639 3.3456 3.6196 3.4940 3.1130 2.8361 3.2784 2.6816 3.3989 2.7752 2.9952 2.7654 2.5184 3.2151 2.6296 2.5644 2.6639 3.1270 2.5184 2.8154 2.9011 3.1270 2.9952 4.0978 3.9466 2.8257 3.7600 3.1849 3.5140 2.8154 3.5762 2.8573 2.8790 2.5035 2.6727 2.6816 2.6129 2.8900 2.6296 3.7355 3.9183 3.0459 2.7179 3.6878 3.6196 4.1970 4.6269 3.5762 3.9755 4.2669 3.7114 3.3114 4.6269 2.8790 2.2472 2.1719 2.0647 2.1823 2.0110 2.2873 2.1616 1.8407 2.8154 2.2585 2.1265 2.7752 2.4257 3.1849 2.9238 2.5109 2.6129 2.8257 2.6727 2.0601 1.8890 2.2931 1.9279 2.0285 2.0110 2.0555 2.0647 2.2250 2.0464 3.1555 2.7366 2.8681 2.9470 3.0330 2.5883 2.8466 2.5184 3.0722 3.0992 2.9708 2.9238 3.4173 3.8107 3.1849 3.4550 3.4550 3.0202 3.1999 2.8573 2.9708 3.1270 3.3114 3.8905 3.7355 4.9166 4.0051 4.0353 4.8150 3.0589 2.6996 2.8154 3.6196 3.0459 3.6419 3.3284 2.6466 2.2528 2.6906 2.7851 2.5964 2.4673 2.7654 2.2931 2.6906 2.3602 2.4603 2.6466 3.1270 2.6381 2.4673 2.9589 2.4816 2.5035 2.7179 2.7851 2.9589 2.6296 2.5411 2.7366
45 2.7087 3.4360 2.9589 3.1999 2.9708 2.9952 2.8154 3.0722 3.8367 2.9708 3.2948 2.8466 2.7951 3.2948 2.7366 2.8361 3.1555 2.9830 2.9238 1.4918 1.4918 1.5299 1.4109 1.5750 1.5144 1.6815 1.5887 1.5561 1.4433 1.6082 1.4648 1.5914 1.5942 1.6026 1.4918 1.6110 1.6339 1.6082 1.6754 1.3685 1.5535 0.8011 0.9551 0.7217 0.7393 0.0000 0.7393 1.6663 1.7125 2.3414 2.0647 2.1119 1.5221 1.8516 2.5035 2.6046 2.5259 1.8966 1.7348 1.8087 1.2714 1.1032 1.2833 1.3281 1.0678 1.2199 1.2597 1.1197 1.3239 6.5129 3.2622 3.1849 2.8052 3.0459 3.5551 2.7951 3.1849 3.3631 5.0239 2.5964 3.6646 4.4980 4.1301 4.3403 4.8150 5.0798 3.6419 3.8633 4.4571 2.4533 3.1270 2.5184 3.6419 3.4743 3.2463 2.6212 3.0992 2.5411 2.6727 2.5184 2.4257 2.4257 2.6129 3.1555 2.6639 2.9470 2.6727 2.5644 2.5803 2.5259 2.7366 2.6129 2.3730 2.5883 3.0722 2.4673 2.6381 2.4463 2.9830 2.2756 1.7778 2.0197 1.9439 1.8480 2.2990 2.0285 1.8299 2.0880 1.9200 2.1070 1.9685 1.9200 1.9480 2.0110 2.0739 1.9399 1.9938 2.0197 1.9439 2.1616 2.0833 2.1070 3.0459 2.8790 2.9354 2.8257 3.1555 2.7557 2.6466 2.8900 2.6727 2.9952 3.9466 4.6269 3.3809 2.9952 3.1412 3.0459 2.8900 3.0202 2.7366 3.5343 3.6878 2.9238 3.0722 2.8257 2.6816 3.0722 2.9238 2.9124 3.7355 2.9708 5.2569 3.9183 3.8633 5.3193 3.1849 3.2948 3.7355 4.0353 3.2306 4.3783 2.8900 3.0856 2.9354 3.3114 3.2463 2.7179 3.1849 2.8052 4.8150 4.1970 3.0722 2.7461 3.8905 4.8150 4.3032 3.4360 3.8905 5.0798 4.3783 3.9466 4.8651 4.1970 3.1555 2.1119 2.1216 2.2361 2.0647 2.2361 2.4463 2.2361 2.1216 2.9708 2.3353 2.2931 3.1849 2.8052 3.3284 3.1270 2.8573 2.7461 2.8573 2.6552 2.2873 2.1771 2.3050 2.2642 2.0739 2.2642 2.1414 2.1616 2.2528 2.3924 3.4550 3.1999 3.3809 3.2622 3.0330 3.0202 3.5762 3.0202 3.4550 3.0589 3.0076 2.5488 2.9354 3.1999 3.4743 2.7951 2.9952 3.1701 3.2784 3.1412 2.8052 2.8466 3.1270 3.3284 3.0992 3.3114 3.4360 3.6646 3.9466 3.0589 3.0076 2.7951 3.2463 2.9589 3.7114 3.1701 2.5723 2.5803 2.8790 2.7366 2.5488 2.4745 2.6552 2.5803 2.6129 2.6129 2.6552 2.6296 2.9354 2.7461 2.5964 3.0202 2.7366 2.7752 2.6381 2.8466 3.0722 3.1849 2.9124 2.7461
46 2.8573 3.1849 3.0722 2.9470 2.7461 2.5644 2.8573 2.3477 2.5035 2.7752 2.6296 2.7366 2.8154 2.5723 2.7752 2.9470 2.5803 3.0202 2.5259 1.1676 1.3322 1.3074 1.3599 1.4648 1.5696 1.5482 1.4270 1.6426 1.2368 1.5325 1.2617 1.3664 1.4154 1.4200 1.3620 1.3322 1.5068 1.5482 1.7220 1.3428 1.5170 0.5194 0.8178 0.4668 0.5827 0.7393 0.0000 2.1875 1.1782 2.0509 2.0601 2.1167 2.1616 1.8966 2.0739 2.2873 1.7744 2.1414 1.7744 2.2990 1.1468 1.0039 1.0805 1.1264 1.0647 1.1264 1.1065 1.0217 1.2559 4.6721 3.0589 2.9952 2.2305 2.7087 2.5411 2.4745 2.9011 2.4745 3.7851 3.0992 3.0202 4.4571 4.3032 3.7851 3.7355 3.8367 3.3809 3.2784 3.8107 4.7185 2.8154 2.2472 2.5803 2.1981 2.0464 2.2873 2.4745 2.5335 2.7087 2.7366 2.4816 2.7087 2.7752 3.1849 2.7087 2.5883 2.6816 2.5644 2.5488 2.6129 2.5259 2.5411 2.6046 2.5803 2.4889 2.4190 2.5335 2.7366 2.6129 2.6046 1.9561 1.6026 1.8852 1.6195 1.7610 1.7577 1.8087 1.8590 1.8590 1.8228 1.9769 1.8664 1.7880 1.8890 1.9121 1.9685 1.8814 1.8739 1.9603 1.9521 2.0739 1.8228 2.6996 3.1849 2.8154 2.6296 2.7951 2.7752 3.0722 2.5644 2.7179 2.8257 3.9466 3.3809 3.8905 3.1701 3.0202 2.7951 2.4962 3.7114 2.7752 2.8361 3.1130 2.5411 3.0992 2.6046 2.6996 3.2151 3.0076 2.7366 2.7557 3.3284 3.1130 3.5762 3.3284 4.3783 3.0459 4.0978 3.4550 3.9755 3.0202 3.7114 2.4463 2.8790 2.3730 3.4550 2.6727 2.8361 2.8790 2.6381 3.1849 3.4940 2.8900 2.6046 3.8633 4.0353 5.1372 3.6419 2.6466 4.5399 5.5176 3.3456 2.9011 3.7600 2.7557 2.0833 2.0023 1.9044 1.9521 1.9480 2.0197 2.1315 2.0023 2.6996 2.8573 2.1167 2.6466 2.7557 2.8790 2.9952 2.5335 2.6046 2.6552 2.8466 2.1616 2.2585 2.5883 2.3414 2.2931 2.4533 2.3859 2.2585 2.5803 2.1216 3.3284 2.7557 3.0330 2.9952 2.8154 3.2622 2.7179 2.4673 2.8573 2.8573 2.9708 2.8257 3.0459 3.6878 2.9952 2.8052 3.5551 3.7600 2.9238 3.8905 3.4173 3.2151 3.2306 4.0353 3.8905 3.5343 3.5343 3.7114 4.2315 2.6816 2.8790 2.5803 3.2151 2.4190 4.8150 2.7366 2.5184 2.5644 2.4056 2.5964 2.4463 2.1928 2.3990 2.0285 2.5035 2.3859 2.4603 2.8154 2.8900 3.0459 2.2814 2.7179 2.9238 2.6381 2.4889 3.0992 2.8052 2.5803 2.2814 2.6466
47 2.4463 2.9708 2.7557 3.4360 3.7851 3.3456 3.5551 3.2463 2.7461 2.3291 2.8466 3.5343 2.3794 5.2569 2.4603 3.6196 2.8790 3.2463 2.5184 2.1515 2.2814 2.2142 2.2585 2.3794 2.2756 2.4533 2.4745 2.7179 2.2088 2.2305 2.2585 2.1414 2.1823 2.2250 1.9359 2.2699 2.5488 2.4745 2.3539 2.2250 2.5259 1.5273 1.9439 1.6082 1.9769 1.6663 2.1875 0.0000 0.3317 0.8801 0.8275 0.8622 1.2597 0.9195 0.9835 0.9276 0.9035 1.0128 0.9385 1.0039 2.1515 1.9359 1.9359 1.8664 2.2528 2.1022 1.9480 1.9811 2.4056 3.3631 3.0330 2.3666 3.2784 3.7851 2.8573 2.8573 3.9183 3.5977 2.5488 2.6046 4.2315 2.7179 2.4463 2.4889 2.6296 2.4394 2.2585 2.9952 3.0992 2.6129 2.2814 1.7914 2.9238 1.3795 1.7284 1.6368 2.0786 2.6381 2.4745 1.9769 2.0374 2.4533 2.3602 2.4962 2.4889 3.0076 3.1270 2.4190 2.1616 2.4533 2.6466 2.6639 2.6212 2.4190 2.3109 3.4173 2.9952 2.9952 2.0285 2.1315 2.0647 2.2585 2.2472 2.2196 2.4257 2.0067 2.1119 2.1981 1.2482 1.9561 1.9895 2.1667 2.0927 2.0739 2.1515 2.3477 1.9853 2.0833 1.9239 2.2699 1.5777 2.2142 2.6212 3.0992 2.8361 2.9830 2.7272 2.9011 3.1555 2.8257 2.7179 2.9952 2.9952 3.8633 3.0992 4.4980 3.1270 3.1555 3.2306 3.1412 3.5140 3.1130 2.8573 3.2151 3.0722 3.1412 3.1412 3.3456 2.7557 3.2463 2.8154 3.6419 3.2784 2.1616 4.6269 3.5140 4.1632 2.6816 4.5399 3.4360 3.1555 2.3602 2.3859 3.2151 3.1849 2.6466 3.0076 3.2948 3.0992 2.8361 3.5343 3.2306 2.4603 2.9238 4.1632 3.8107 3.6646 3.7600 2.5184 3.6419 3.4743 3.2463 2.9952 3.7114 2.5184 2.0197 2.1119 2.0693 2.2361 2.1119 2.0509 2.0197 2.2756 2.6046 1.9938 2.1216 2.5723 2.5488 2.0927 2.7654 1.9480 2.8257 1.8157 2.7951 2.0975 1.7220 1.9980 1.7677 1.9644 2.4056 3.0589 2.3924 2.0601 2.2034 3.0076 3.2622 4.3032 3.2463 2.8361 3.4173 3.4940 3.3631 3.2622 3.7114 3.2622 2.7179 2.4394 2.3414 1.8157 2.4603 2.9124 2.5184 2.4394 2.4257 2.0153 2.6129 2.4056 2.2361 2.6466 3.2463 2.8361 2.7272 2.4533 2.5035 3.3284 2.5488 2.5335 2.3794 3.4550 2.9354 3.0992 1.9044 1.8480 2.3230 3.1849 2.8790 2.7272 2.7752 2.2472 2.3539 2.3109 2.6381 3.4940 1.9603 2.8573 2.6466 1.9200 2.1875 4.4571 1.7643 3.5551 2.8681 2.5723 2.3859
48 3.1701 2.9470 3.2948 2.4603 2.6296 2.6466 2.9011 2.4463 2.8790 2.7272 2.6296 2.3539 2.2931 3.0330 2.3477 3.0202 2.3050 2.9238 2.9011 1.9603 2.2585 2.1719 1.8739 2.1515 2.1981 2.5035 2.2873 2.6296 1.9938 2.1565 2.0739 2.0464 2.3170 2.2142 2.2361 1.9853 2.5109 2.3666 2.2361 2.0464 2.4056 2.1070 1.8299 2.1364 1.6224 1.7125 1.1782 0.3317 0.0000 0.8724 0.8522 0.8299 1.2274 0.8058 0.9331 0.8275 0.8497 1.0247 0.8178 0.9385 2.1022 1.9044 1.9121 2.0285 2.2472 2.1315 2.1070 1.9811 2.2142 3.2151 3.4743 2.9470 3.4940 2.8154 2.4325 2.7654 4.0051 2.9830 2.4190 2.4325 2.3414 2.7179 2.7179 2.6296 2.3050 2.5411 2.4394 2.6816 2.6639 2.4394 2.8900 1.6138 2.5184 1.7811 1.7413 1.5273 3.1849 2.0374 2.3924 2.1022 2.1315 2.7272 2.3602 2.2990 2.6996 3.2151 2.7951 2.4190 2.0833 2.2931 2.6466 2.4325 2.3924 2.5184 2.3170 2.1616 2.6296 2.8573 2.1719 2.5035 2.0739 2.0647 2.0374 1.9121 2.1928 1.9121 1.9938 1.9769 1.4745 1.8017 1.9685 2.0023 2.0647 2.0833 1.9561 2.3170 1.6724 1.5859 2.0067 1.8890 1.4918 2.0067 2.7366 3.0459 3.0202 2.7557 2.9238 3.2151 3.2622 3.4550 2.9952 3.2784 2.6466 2.5035 3.0202 3.3114 3.0722 3.5140 2.6996 2.9952 3.5343 2.7752 3.5762 3.1849 4.3032 2.9238 3.2784 2.9470 2.4056 2.6816 2.9952 2.0067 3.4360 2.1265 2.7272 3.0992 3.1270 2.5184 3.4173 3.2151 3.6646 2.6727 1.9895 3.2622 2.9011 3.4360 3.1130 2.9238 3.4173 2.6046 3.1849 2.9589 2.4056 2.4962 3.0330 2.9011 3.4173 3.1555 2.7179 3.1555 3.1849 3.0459 2.8681 2.9589 2.4962 1.9319 1.8739 1.9521 1.9769 1.8890 1.9603 1.8776 2.1464 2.9952 2.0153 2.1565 2.5411 2.7272 1.9359 2.0555 1.9121 1.9980 1.9521 2.7851 1.8443 1.7845 1.9239 1.7348 1.8228 2.0110 3.3809 2.6129 2.9952 2.6639 3.4550 3.1999 3.5343 3.4940 3.2784 3.6419 3.5140 3.1849 3.2151 2.7557 3.7600 3.0459 2.1414 2.5335 2.8790 2.3859 2.8573 3.6196 2.1928 3.1555 2.6466 2.2250 2.6296 2.2361 2.4325 2.4533 2.3859 3.4743 2.5488 2.6816 2.7557 2.7951 2.3050 2.2034 3.6196 2.6639 2.9124 1.7744 1.9521 2.2814 2.6046 2.5411 2.7366 2.5883 2.1771 3.0992 2.6906 2.7752 3.2784 2.1719 3.1849 2.5883 2.1315 2.6212 2.7179 2.5566 3.0992 2.7654 2.9124 2.8466
49 2.4190 2.3666 2.7951 3.8367 3.0202 3.4173 2.7272 3.6646 3.8107 3.6646 3.1130 2.9708 2.3730 3.2463 3.0856 3.5762 3.1270 3.0992 2.6296 2.3794 2.2990 2.2756 2.3602 2.5035 2.4190 2.3859 2.5883 2.5723 2.1315 2.5259 2.1216 1.5482 2.3230 2.5109 1.4721 1.4433 2.9470 2.2814 2.3924 2.4603 2.1464 2.2305 2.1823 2.2642 1.9980 2.3414 2.0509 0.8801 0.8724 0.0000 0.5809 0.7305 1.0869 0.7482 0.6710 0.6751 0.7349 0.9636 0.7393 0.9222 2.2142 1.9769 2.2642 2.0509 2.3859 2.3666 2.2873 1.9938 2.4962 3.0722 2.3730 2.7179 2.3666 3.4940 2.7557 3.0992 4.0978 2.9238 3.2463 3.1999 3.3114 3.8633 3.0202 3.4173 3.4940 3.1412 3.3114 2.6466 3.3809 3.3456 2.6552 1.9727 2.4962 1.8122 1.5588 1.8590 3.0076 2.4889 2.5566 2.2814 2.1565 2.6466 2.2088 2.7951 2.3050 2.6816 2.4257 2.1565 2.4122 2.5566 2.6466 2.3730 2.5184 2.1616 2.5035 2.3109 3.5343 2.8573 2.2873 2.2416 1.8739 1.8157 2.2528 2.0647 2.1216 2.1315 2.2585 2.2034 1.2236 2.1265 1.9938 2.0601 2.3291 2.4257 2.2585 2.2814 1.9895 2.2699 2.3050 2.2196 1.3599 2.1771 2.8790 2.9354 3.1270 2.9011 4.3403 2.9830 3.3456 2.5964 3.1849 2.1981 2.2361 3.7600 3.3809 2.2699 2.7366 3.1412 2.5335 2.9470 3.1270 3.5762 3.4173 4.0978 2.5644 3.1999 3.8633 2.7179 2.6906 4.2669 3.5343 2.6906 3.1999 3.3114 2.9354 3.2463 3.8367 3.0330 3.0589 2.9952 2.8573 2.6996 2.3291 2.4533 3.1849 3.3114 2.4745 2.3539 2.9589 2.9708 3.1701 2.9238 2.9470 2.0023 2.5803 3.1412 3.7355 3.3114 2.9354 2.8573 3.5551 3.3284 3.0202 2.3291 1.9399 2.0880 1.7778 1.9359 2.1216 1.8228 2.0739 1.9603 2.0153 2.6816 2.1719 2.0023 2.7951 2.6906 2.1216 2.1464 2.1464 3.3284 2.8681 3.7600 2.2472 1.7284 2.0023 2.2250 1.9980 1.9769 1.9603 2.1216 2.1981 2.0197 3.8107 2.7087 3.5343 4.3403 2.4889 3.5762 3.3809 2.8052 3.2622 2.4463 2.5335 3.9466 2.7179 3.3989 2.4325 2.6816 2.1875 3.2151 2.3170 3.2151 2.4962 2.1667 2.0739 2.4816 2.9830 3.2622 2.8257 3.1701 2.2931 2.6906 2.9470 2.8257 2.2034 2.3794 3.0589 2.7654 1.8516 1.7093 1.8299 2.7752 2.4889 2.0601 2.6129 2.1616 2.3291 3.1849 2.6552 2.4122 2.4394 2.5259 2.1771 2.5566 2.0601 2.1167 3.7851 2.3414 3.8107 3.0202 2.1981 2.7272
50 2.8573 3.1270 2.7654 2.7179 2.6639 2.6046 2.6906 2.8790 2.4603 2.0555 2.8466 3.3114 2.2585 3.7114 2.6046 3.5343 2.3990 2.8681 2.6816 1.9603 2.0833 2.5335 2.1515 2.3170 2.4962 2.1565 2.8154 2.5964 2.0464 2.5411 2.0647 2.3666 2.3924 2.4325 1.4433 2.1928 2.3666 2.3109 2.5035 2.3990 2.6552 2.1464 2.0555 1.4819 1.8122 2.0647 2.0601 0.8275 0.8522 0.5809 0.0000 0.8178 1.1048 0.9088 0.8348 0.8082 0.7731 1.1097 0.8522 1.0616 1.5588 2.2361 1.9685 2.1719 2.2305 2.0023 1.9811 1.8371 2.2472 3.3114 2.7461 2.7272 2.6129 2.7179 2.8257 2.9589 3.1999 2.4257 3.3631 2.8900 2.9830 3.5551 2.8790 3.0202 2.7366 3.1701 2.9011 3.3114 2.9238 3.2948 2.4325 1.7811 1.9161 1.9200 1.7811 1.7948 2.4190 2.6552 2.1771 1.9769 2.1315 2.4889 2.9708 2.8154 2.8052 2.8900 3.5343 2.4603 1.9603 2.5035 2.5723 2.5644 2.3477 2.1667 2.3477 2.0197 3.0459 2.8790 1.9603 2.1119 2.3602 2.2699 2.3353 2.0464 2.4889 2.1315 2.5723 2.4325 1.6224 1.9359 1.9769 1.9727 2.3170 2.2585 2.2814 2.0023 2.2472 1.4745 2.2873 2.0374 1.3449 2.2699 2.8361 3.1555 2.5644 2.7366 2.6296 2.7951 3.2306 2.8900 2.8361 2.7951 3.0330 2.4889 3.5977 2.7557 3.3809 4.3032 2.5488 3.6878 3.4173 3.1555 3.0722 2.7087 2.6296 3.2784 3.4743 2.3794 2.8790 3.1849 2.9011 2.9011 3.3809 3.1849 2.7951 3.4173 3.6646 2.6466 2.3050 2.8154 2.7461 2.6552 2.2528 3.1701 2.6466 2.9952 2.7272 3.3631 3.0459 2.6552 2.0693 2.5803 2.0647 2.7179 2.7951 2.4745 2.9011 2.7951 2.6906 2.5488 3.7114 3.8905 3.0856 2.4533 2.7366 2.2528 1.7948 1.9161 2.2585 1.7948 2.0555 1.9439 1.9895 2.2699 1.9603 1.8228 2.9470 3.0722 2.0153 1.9685 2.0285 2.1216 1.8928 1.9359 2.2528 1.9439 2.3414 2.0927 2.1823 2.0833 1.7478 2.0555 2.0693 2.1565 3.3284 2.8052 4.2315 3.7114 2.6129 3.3809 3.3631 3.2784 2.9589 2.8573 2.8790 2.6816 2.7179 2.4463 2.6129 2.6996 2.3109 2.4745 2.9589 2.9708 2.2990 2.2814 2.7179 2.3794 3.0202 3.0459 2.8573 3.3456 2.4603 2.9708 2.6639 3.0459 2.4673 2.2585 3.0589 2.5488 1.9938 1.9811 2.1022 2.0555 2.2931 3.0589 2.7654 2.5109 2.6466 3.4743 3.2784 2.1771 2.6639 2.1771 2.2814 2.7851 2.1616 2.0067 3.9183 1.8852 3.1999 3.5977 2.1315 2.1515
51 3.0856 2.6639 2.2873 2.6296 2.8681 2.9011 2.8361 2.5259 3.1412 2.6381 3.1555 2.9589 2.2472 2.7179 2.5411 2.7851 2.7654 3.0722 2.4463 2.2699 2.2472 2.3353 2.5184 2.4325 2.5723 2.6129 2.6552 2.6639 2.3353 2.5184 2.3291 2.2361 2.3414 2.5035 2.2196 2.2528 2.3990 2.3666 2.4816 2.5335 2.0110 2.0927 1.9685 2.2250 2.0975 2.1119 2.1167 0.8622 0.8299 0.7305 0.8178 0.0000 1.0869 0.7662 0.7527 0.8904 0.7731 0.9664 0.7594 0.9551 2.3291 1.9980 1.9811 2.1515 2.1414 2.1719 2.0330 1.8814 1.9853 3.1270 2.4673 2.7179 2.2585 2.9830 2.4190 3.3284 3.6196 3.0722 2.4463 2.7951 2.6906 2.7179 2.5644 2.3924 2.1823 2.9470 2.4325 2.7654 2.6129 2.5184 2.4190 1.8407 3.0202 1.5804 1.6082 1.7811 1.9561 1.9980 2.1565 2.2699 1.8664 1.9121 2.1022 2.8573 1.8443 2.9708 2.9708 2.0285 2.1315 1.8122 2.3477 2.4673 2.6046 2.3794 2.3730 2.3602 2.5335 2.6996 2.0927 1.8017 2.0464 2.0739 2.1022 1.8590 2.2361 2.1719 2.0023 2.2250 2.2196 1.4770 2.2142 2.0285 2.0647 1.9938 2.3794 2.3477 2.4325 1.9121 2.1981 1.7811 1.4968 2.2416 2.3291 2.6906 3.0459 3.2151 2.9470 1.9399 2.4673 2.0975 2.3730 2.0330 3.2622 2.7951 2.6212 2.1464 2.4190 2.4190 2.4190 3.4173 2.8052 1.9980 2.8154 3.6878 2.8573 2.2990 3.3456 2.7951 2.4603 2.3602 3.6878 2.6296 3.4360 2.6296 2.6996 3.6196 3.2784 2.7087 2.4533 3.1849 2.4889 3.0589 1.9938 3.4360 3.3114 2.9354 2.6816 2.2034 2.9124 2.9952 4.0978 2.6552 2.7461 2.5109 3.1412 3.1270 3.4550 3.5343 3.2948 3.3989 4.0353 3.7114 2.8573 2.2873 2.5184 1.8087 1.8627 1.7316 2.0374 1.7511 1.8407 1.8966 1.7643 2.0374 1.7983 1.8701 2.6212 2.5488 1.8017 2.6552 2.8900 2.4816 2.4889 3.0992 1.9279 1.9082 2.1565 2.0509 1.8017 1.9727 1.6663 2.3990 2.0110 2.4325 3.1701 2.7557 2.7951 3.3456 2.6639 3.2622 3.0076 2.7179 2.8573 2.9589 2.8361 2.7752 2.4603 2.4816 2.4673 2.4533 2.2756 2.6996 2.4190 3.3809 2.2088 2.1719 2.4122 2.2873 2.6296 2.0647 2.2756 2.2196 1.9811 2.5803 2.7951 2.5964 2.6129 2.9011 2.9708 3.2784 2.3924 1.8739 1.7284 1.9938 2.1216 2.0833 2.6296 2.7179 2.7087 2.7087 3.3809 2.6727 2.1515 2.2642 2.0786 2.3353 2.2642 2.0833 3.6196 1.9603 2.1928 2.7557 2.4122 2.4889
52 3.7114 2.8681 3.2463 2.5723 3.4550 3.3809 4.0051 4.0978 3.3809 4.8150 2.9589 2.5035 3.4550 3.2948 2.8361 4.0051 4.3032 3.7600 3.9755 2.2814 2.3353 2.1875 2.1823 2.7557 2.2931 2.1216 2.4056 2.3291 2.0786 2.7461 2.4122 2.1515 2.2305 2.2528 2.2585 2.0374 2.7087 2.3050 2.5184 2.3924 2.6552 2.0023 2.1771 1.8553 2.0601 1.5221 2.1616 1.2597 1.2274 1.0869 1.1048 1.0869 0.0000 1.0308 1.1399 1.0966 1.1433 1.2107 1.0491 1.1889 2.0786 2.2585 2.2361 2.0880 1.9938 1.7744 2.1771 2.2034 2.2931 2.8790 2.7179 3.4940 3.3989 2.7851 3.5762 2.7752 3.0459 3.1270 3.3456 2.5184 3.1270 2.7179 2.6996 3.1999 3.7355 3.6419 3.0459 3.9183 4.0978 3.1270 2.8790 2.3353 3.1849 1.7445 2.1414 2.3050 4.2315 1.6663 1.6138 2.0374 2.1616 1.8017 2.1022 2.5335 2.0555 2.3539 2.3353 2.0647 1.8966 2.1070 2.0374 2.7851 1.9895 1.9439 2.0285 2.3990 2.2305 1.7478 2.0739 1.9359 2.3230 1.9319 1.9769 2.2814 1.9603 2.3859 2.1771 1.9239 1.6138 1.4819 2.3602 2.3230 2.1823 1.7252 2.2034 1.8590 1.6310 1.5482 1.8890 1.9121 1.5403 1.7156 3.5343 4.5399 2.7951 2.9952 3.2784 2.7752 3.2948 3.2463 2.4745 2.7461 2.9011 5.3835 3.4940 2.6816 2.8681 3.8107 2.5566 3.8905 3.4360 3.5551 3.3456 3.2784 5.6597 4.0978 5.1372 3.3631 5.0239 3.4743 3.1555 3.7600 2.6906 2.9011 4.8150 3.9755 2.7179 2.8790 3.5551 2.9589 2.9708 2.6129 2.1414 3.2622 3.2151 2.5109 3.8633 3.8633 4.5399 4.2315 3.0202 2.9011 2.2990 2.3170 2.8790 3.3456 2.5184 2.9011 2.9238 2.9011 2.9952 3.2151 2.8573 2.6466 2.2814 2.2585 1.9769 1.9319 2.3539 2.0110 2.0419 2.2196 1.8664 3.2306 2.0374 2.2585 2.7951 2.6816 2.6816 2.5803 2.8361 2.6212 2.6727 3.0202 2.4122 2.9011 2.5964 2.7366 3.1999 2.6212 1.8739 2.5488 2.5644 2.3291 3.6646 3.5762 3.6878 4.5399 2.9952 3.2784 3.8367 2.2990 2.9124 2.4463 2.5488 3.5343 2.8573 2.9238 3.2948 3.4173 3.0459 2.7272 2.8900 2.9589 2.9830 2.4463 2.6046 2.7179 3.0330 2.7087 3.6196 2.9354 2.8573 2.7366 3.3456 3.4360 2.9708 3.3456 2.9470 3.0459 1.9439 2.0374 2.7752 2.1167 4.1301 3.5551 2.1315 3.5551 3.8107 3.7355 3.5551 2.3859 2.6466 2.1928 2.6996 2.5566 2.1981 2.5566 2.4122 2.4533 2.8361 4.1301 2.8900 2.5335
53 2.2756 2.9354 2.4889 2.7557 2.4122 2.7851 3.9755 2.1464 3.7114 2.6552 2.9238 2.6296 2.0601 2.6466 3.4173 2.8154 2.8573 2.9124 2.2699 2.1119 2.3924 2.4056 2.3050 2.5644 1.8664 2.2642 2.3477 2.4325 2.1719 2.1823 2.1719 2.1928 2.6466 2.3414 2.1823 2.4056 2.8681 2.7087 2.3924 2.4325 1.6968 2.1515 1.9521 2.0464 1.9521 1.8516 1.8966 0.9195 0.8058 0.7482 0.9088 0.7662 1.0308 0.0000 0.8058 0.8154 0.7349 0.9385 0.7847 0.8422 2.0739 2.0880 1.9811 2.0023 2.0647 2.2034 1.8852 2.0419 1.9359 3.1999 2.8681 2.8790 2.4603 2.6552 2.6727 2.6296 3.3284 2.5184 3.2151 3.7355 2.4962 4.6269 2.8361 3.0202 2.8790 2.9952 2.7087 3.5343 5.0239 2.5803 2.2756 1.6845 2.8900 1.7093 1.6138 1.8299 3.4550 1.8087 2.3353 2.0693 2.0285 2.1022 2.2642 2.3794 1.8890 2.2472 2.8361 2.1823 2.0647 2.0833 2.0197 1.7610 2.2699 2.5109 1.9603 1.7156 2.4394 2.6996 2.1719 2.2361 2.0927 2.1823 2.0880 2.1414 2.4056 2.1981 1.9561 2.1414 2.0330 2.3109 2.4056 2.1719 2.0555 2.0927 2.0509 2.1616 2.0786 2.0023 2.1315 2.1981 1.4600 2.3414 3.6646 2.9470 3.3809 2.9124 3.3114 2.8257 3.0459 2.8573 2.9708 3.1130 3.0202 2.7366 2.4325 3.1555 2.3794 2.7951 2.3666 3.2463 3.4360 3.2151 2.9011 3.2151 3.7114 3.1270 3.2622 3.8367 3.0992 3.0330 2.6816 2.6906 2.4889 3.7600 3.2948 3.5551 3.0722 2.5964 2.3050 3.6878 2.7557 2.7461 2.5184 3.0992 3.0589 3.2306 3.1412 2.9589 3.2151 3.0589 2.9589 2.8790 2.4325 2.1719 3.0992 3.5551 3.1270 3.4940 2.9238 3.5343 3.9755 3.1130 2.9952 3.8367 2.5566 1.9521 1.9200 2.0374 2.0927 1.7948 2.0419 2.0464 1.9359 2.6466 2.0833 2.0880 2.9708 2.9470 2.3170 2.2642 3.0459 2.6816 2.1022 2.6296 1.9769 2.1216 1.9279 2.2142 1.9279 1.7093 1.6281 2.2756 1.8928 1.9005 3.0722 3.0722 2.3859 3.3284 2.3924 3.1555 2.7951 3.0992 3.0202 2.7179 3.3456 2.4533 2.2472 2.5964 2.2472 2.2196 2.6212 3.0992 2.2642 2.3170 2.5566 2.7951 2.3414 2.8466 2.6906 3.7355 2.8361 2.9238 2.6129 3.1270 2.7557 3.1701 2.2142 3.2151 3.0992 2.4463 2.9470 2.7179 2.4889 2.6129 2.4745 2.6552 2.5964 2.6906 2.6639 3.0856 2.5259 3.0856 2.4889 2.3414 2.1719 2.7179 2.0374 2.1875 3.3456 2.6296 2.5035 2.1667 2.7951 2.4962
54 3.4940 3.0722 2.5184 3.0076 2.2416 3.9183 3.1701 2.5488 2.7951 3.8107 3.4940 3.0459 2.9011 3.5762 3.3456 3.2622 3.1701 3.3114 2.5644 2.2361 2.4257 2.1981 2.2142 2.1616 2.4962 2.7752 2.4603 2.4394 2.1167 2.5644 2.2250 2.3230 2.2250 2.5803 2.2088 2.2699 2.6552 2.3291 2.6639 2.4325 2.7654 2.1315 2.1464 2.2034 2.1315 2.5035 2.0739 0.9835 0.9331 0.6710 0.8348 0.7527 1.1399 0.8058 0.0000 0.9088 0.9222 0.9893 0.9088 0.8904 2.1823 1.9044 2.0464 2.0509 2.0023 2.1464 2.0285 2.0464 2.3924 3.0459 2.5803 2.6381 2.7951 2.9708 2.6296 2.9952 4.0353 2.3666 2.6996 3.1270 3.3989 3.0722 2.8052 2.8361 2.6996 3.1849 3.4550 3.4743 3.1270 3.7600 2.4257 1.4819 2.6552 1.5068 1.4968 1.8299 2.6381 1.8017 2.6381 2.2814 2.0285 2.3170 2.2585 2.7557 2.3353 2.5335 3.1849 2.2931 2.1515 2.0197 2.1616 2.1216 2.0555 2.3794 2.2472 2.0647 2.5184 2.1364 2.4603 2.3794 2.0693 2.1771 2.1981 2.0153 2.0647 2.2931 2.1070 2.2034 2.2250 2.1616 2.5566 2.3602 2.3924 2.3353 2.1928 2.4325 2.6296 2.2361 2.3109 2.2250 2.3666 2.4190 3.1555 2.7951 2.7557 2.4962 2.6727 3.0076 2.9708 2.8573 2.6816 2.7557 3.5343 4.3403 3.0722 3.0856 3.2784 3.2151 3.8367 3.5140 3.9755 3.1849 2.8361 3.5762 3.2151 3.1270 3.0992 3.6196 2.5035 3.5343 3.2151 2.4122 3.1849 3.9183 3.4550 3.9183 2.9354 2.5883 2.3666 3.8905 2.2142 2.6996 2.1928 2.7752 2.3990 3.1701 2.8361 3.2151 3.0076 3.4743 2.9470 2.7752 2.4889 2.2585 3.2784 3.3114 4.0978 3.1412 3.5551 3.1555 4.0051 3.1270 3.3284 4.7185 2.6296 2.0647 1.9279 2.0786 2.2756 1.7125 2.0647 2.0110 1.9121 3.1701 1.9685 2.0464 3.1270 2.7557 3.0202 2.9238 3.6878 2.9470 2.9011 3.1270 2.1216 1.8664 3.1412 2.6129 2.7179 2.1216 3.3114 3.0459 2.9589 2.4394 3.3456 2.8900 3.5762 3.5140 2.7752 6.2291 4.3032 3.2622 3.4173 3.3989 2.4673 3.0330 2.4603 2.8154 2.9589 2.4056 2.6727 2.9708 2.3539 2.6466 2.3730 2.6046 2.6212 2.8900 2.7087 2.7557 3.2306 2.7752 2.6639 3.3284 2.7557 3.3456 2.5488 3.0722 3.4550 3.4550 2.2756 2.1616 2.5184 2.8466 3.3809 3.0722 3.1849 2.4816 2.8361 3.4940 3.0856 3.3114 2.4056 2.1414 3.7355 2.1119 2.1364 3.0330 2.8361 2.9589 2.7654 3.0992 2.4745 2.4962
55 2.5335 2.4325 2.5335 2.8154 3.2463 2.8361 3.2784 3.0459 2.6996 2.7851 2.7179 3.2463 2.5259 3.1555 2.6996 3.7355 3.0330 2.9124 2.5644 2.1823 1.9895 2.2250 2.2250 2.5035 2.6046 2.2873 2.7087 2.3170 2.0693 2.2034 2.0555 2.0927 2.4056 2.0601 1.6724 2.2528 2.6906 2.3794 2.2814 2.3539 2.6212 2.3477 1.9769 2.2873 2.2472 2.6046 2.2873 0.9276 0.8275 0.6751 0.8082 0.8904 1.0966 0.8154 0.9088 0.0000 0.9035 1.0553 0.6347 0.9721 2.1315 2.0197 2.0374 1.9359 2.6639 2.2873 2.0330 1.9239 2.2814 3.7114 3.3114 2.1070 2.8466 3.2784 2.7272 3.4743 2.9830 2.6129 3.5343 2.6381 2.9952 3.0722 2.8361 3.7600 2.9708 3.9466 2.9952 4.0662 3.0856 3.0992 2.9124 1.9644 2.5723 1.4457 1.5750 1.7413 2.0555 1.6544 2.2931 2.2814 1.9279 2.1167 1.6633 2.5335 1.8017 2.6296 2.6996 2.0110 2.3602 2.1928 2.8257 2.1119 2.9589 1.9044 2.2699 1.9603 2.4816 1.9938 2.1823 1.7643 2.1414 2.2472 2.0786 2.1216 2.2034 1.7156 2.1823 2.3414 1.9279 1.7577 1.5068 1.9439 2.0975 2.1981 2.1565 2.2196 2.2088 2.2361 2.2196 1.9239 1.6110 1.7880 3.0722 2.8154 4.5399 2.4962 2.7654 2.4325 2.3050 2.7752 2.5035 2.4673 2.4190 2.7272 3.6196 2.1119 3.2784 3.9183 2.6296 3.9755 3.1555 3.5762 3.1270 3.4550 3.6196 3.2306 4.2315 3.1270 2.9011 2.7752 3.6646 2.8154 2.2931 3.8367 2.6296 2.7951 3.1701 3.2948 2.6466 3.8367 2.8361 2.4257 2.0419 2.4745 2.9011 2.4056 2.9124 3.5140 3.0722 2.6296 4.0978 4.0353 2.3924 2.2814 3.5343 3.3456 4.9166 4.0662 4.2669 3.3989 3.3114 3.6646 3.5343 3.3456 2.6906 1.9685 1.8443 1.7544 2.0833 1.9938 1.7188 2.0464 1.8966 2.5883 1.8966 2.1414 2.8573 2.4603 3.0992 3.1701 3.1412 2.9011 3.2151 3.0459 1.9279 1.9279 1.8590 1.9319 1.9938 1.8087 1.7220 2.1464 1.9853 2.0197 2.9708 2.6996 3.1849 3.4550 2.4889 3.2948 3.6646 3.1270 2.9708 3.1701 2.6296 3.2948 2.7461 2.6466 2.0833 2.6816 2.6046 2.9952 2.6212 2.3539 2.3353 2.5335 2.9708 2.5259 2.3859 2.7366 2.5964 2.8900 2.2361 2.5644 2.9011 2.4257 2.5335 2.2699 3.9466 2.2034 3.0722 1.7284 2.0374 2.2305 2.9589 2.9354 1.9480 2.5883 2.1875 2.2196 2.0374 3.4173 2.5883 2.2088 2.1719 2.1875 2.1414 2.6996 3.4173 2.1167 3.0202 3.3989 2.5566 2.4325
56 3.0202 3.3989 2.9708 3.6419 2.4816 2.8154 2.9952 3.2948 3.4173 2.8681 3.4940 2.5109 1.8263 3.0330 3.1999 3.7851 2.7557 2.8573 2.9952 2.2416 2.3924 2.7366 2.1928 2.4394 2.3291 2.4056 2.5566 2.4394 1.9811 2.4533 2.0555 2.2472 2.2585 2.4056 2.3539 2.2642 2.6906 1.9239 2.3794 2.1928 2.8257 2.1515 1.7983 2.2472 2.2142 2.5259 1.7744 0.9035 0.8497 0.7349 0.7731 0.7731 1.1433 0.7349 0.9222 0.9035 0.0000 0.9922 0.7940 0.9835 2.0833 2.0197 2.0110 2.0374 2.3050 2.3602 1.9895 1.9685 2.4190 2.7557 2.2990 2.5035 2.3414 2.8790 2.7752 2.9952 4.1301 2.6466 3.5343 3.0992 3.3114 3.9183 3.0202 3.2463 3.1555 3.4550 2.9952 3.3456 5.5176 3.0992 2.7087 1.6485 2.8681 1.8299 1.7677 1.9279 2.9708 3.1270 2.4816 2.1022 2.6639 2.6639 2.9470 2.7557 2.5035 2.6296 3.3284 1.9769 1.9938 2.3414 2.6296 2.6466 3.0992 2.4257 2.2990 2.1667 3.0589 2.7752 1.9439 2.2990 2.1414 2.0739 2.0555 1.9938 2.1515 2.0374 2.1414 2.2361 2.0464 2.4463 2.2699 2.0739 2.1771 2.0927 1.9769 2.0374 2.0693 2.3291 2.0067 2.3666 1.5325 2.0285 2.9238 2.9011 3.7114 2.7366 3.0459 3.0202 3.0722 2.9238 3.0992 3.1555 5.1372 3.0459 3.1412 3.1130 4.4571 2.4533 2.8361 6.5129 3.7600 2.8361 3.0330 3.9755 3.9755 3.5551 3.3809 3.9755 3.4550 3.5343 2.9470 3.0589 3.2948 2.7951 3.3114 2.7366 3.2463 2.6466 2.9952 2.9354 3.4743 2.7654 2.0464 3.7114 2.9011 3.8107 3.0722 4.0978 2.9708 3.4743 3.3456 2.9952 3.0589 2.5964 4.7661 3.5762 3.1701 2.7461 3.3114 3.2151 4.3032 3.0992 3.2306 3.0076 3.1849 1.9853 1.8017 1.8890 2.1070 1.7544 2.0023 1.8739 1.8017 3.0330 1.9121 2.0601 2.3414 2.6129 2.6996 2.6129 2.6296 2.3291 2.7951 2.9470 1.9769 2.5644 2.3794 2.4745 3.2463 2.4325 2.6466 2.5035 2.5184 2.3794 3.5343 3.0459 4.0978 3.4940 3.0992 3.8905 4.3032 3.3114 3.5343 3.8107 3.2306 3.7114 3.1270 3.0459 2.6296 2.6996 2.5335 2.8466 2.5883 2.8790 3.3456 2.7179 2.6996 2.2585 2.8900 3.4743 2.8257 3.0992 3.0459 3.0459 2.7366 3.0459 2.7461 2.9011 3.1412 2.6906 2.7461 2.7654 2.5803 2.3109 2.7654 2.8052 2.3353 2.5335 2.8681 2.7851 2.5184 2.9830 2.8257 2.4325 2.0374 2.5723 2.7461 2.6639 3.2463 2.7851 2.7557 2.3859 3.0202 2.4190
57 5.6597 2.4889 4.7185 4.1301 2.0197 2.8790 3.4173 2.8466 3.2463 3.9755 3.3456 3.3456 2.4190 2.9354 2.1771 2.8790 3.0076 2.8681 2.0197 2.0739 2.4745 2.7179 2.3924 2.6906 2.5964 2.5488 2.4603 2.5335 2.6552 2.8361 2.4463 2.7557 2.6466 2.3050 2.5335 2.7557 3.0202 2.4889 2.5335 2.3602 2.6466 2.2873 2.0647 2.1265 2.1216 1.8966 2.1414 1.0128 1.0247 0.9636 1.1097 0.9664 1.2107 0.9385 0.9893 1.0553 0.9922 0.0000 1.0247 0.5265 2.1719 2.1119 2.0374 2.2585 2.2699 2.1719 2.1928 2.0285 2.4190 3.3989 2.9124 3.3809 3.5977 2.5964 3.0076 2.8257 4.3783 2.6996 2.6816 2.5644 1.9005 3.1849 2.9238 2.5335 2.4962 3.0992 2.6129 3.0076 2.6466 2.3291 3.1849 1.6368 2.4463 1.9200 1.6368 1.6368 1.5119 2.0927 2.7557 1.7744 2.9589 3.4550 3.1701 2.7366 2.8154 3.2948 3.5762 2.3666 1.8228 2.2034 2.5883 2.7654 2.1823 2.0647 2.3730 3.0459 2.7951 2.9708 2.6639 2.3170 2.0693 2.3539 2.2585 2.1719 2.2472 1.8228 2.1414 2.4190 2.2699 2.3230 2.3794 2.2305 2.3414 1.8664 2.0374 2.0786 1.8157 1.5804 2.0739 2.1464 2.1667 2.4463 3.0076 3.7600 3.8107 4.0353 4.0051 3.6419 3.3114 4.1301 3.6646 3.5762 2.9952 5.1372 3.4550 4.2315 3.6646 3.0202 3.2948 4.1301 4.4172 3.5343 3.6196 3.3284 5.0239 3.0459 2.7557 3.9755 2.7951 3.7114 2.7179 3.3631 4.2315 2.8361 2.7851 3.3456 3.3114 2.8361 3.4360 2.7179 3.5762 2.9470 2.0927 3.2306 3.3989 3.4743 2.8466 2.6816 3.4173 3.1849 4.0353 3.6646 2.7557 3.1555 2.9011 6.6136 4.3032 4.0353 6.2291 3.2151 5.8103 3.9755 8.7634 3.3809 3.3114 2.1022 2.2472 1.9727 2.1928 1.8299 2.2142 2.0975 2.1022 2.8257 2.1414 3.0202 2.9354 2.8573 1.9561 3.0459 1.9359 3.0459 3.0722 2.7951 2.2142 2.1823 1.8263 2.2142 2.5964 2.2756 3.4173 2.9470 2.6996 2.2250 2.8790 3.4940 4.0978 3.8633 2.8573 3.7355 3.5140 2.9011 4.2315 4.7661 3.1999 3.9466 5.8103 3.2622 3.1849 3.6646 2.7179 3.1130 3.6419 3.6878 3.6196 2.9952 3.3631 3.7851 2.6381 4.6269 2.7179 3.4550 2.8573 3.8633 3.2948 4.0353 3.6196 3.6646 3.7600 2.7087 3.0589 2.3414 2.5566 2.7951 2.4962 3.0856 2.8052 2.8681 2.5964 2.9354 2.4056 2.8900 2.8052 2.5109 3.2151 2.2305 2.6046 2.6552 2.9470 2.7951 2.7557 2.7752 2.7087 2.3924
58 2.7752 2.7087 3.0992 2.5803 2.2361 2.6996 3.0076 2.8154 2.8573 2.4325 2.8573 2.7951 1.9603 3.4173 2.9952 3.6419 4.2315 3.5551 2.6212 1.8017 2.0555 2.2250 2.0330 2.1119 2.3539 2.1616 2.3414 2.0555 2.0786 2.2305 2.2416 1.5914 2.1216 2.3794 1.7811 1.7031 2.2873 2.2585 2.1167 2.1315 2.2472 1.9200 1.8966 1.9439 1.9121 1.7348 1.7744 0.9385 0.8178 0.7393 0.8522 0.7594 1.0491 0.7847 0.9088 0.6347 0.7940 1.0247 0.0000 0.9331 2.1719 1.7845 1.9121 2.0067 2.1771 2.0927 2.0693 1.8052 1.8814 3.5762 2.3794 2.7366 2.9354 2.8154 2.6639 3.1849 3.4173 2.7366 2.9354 5.8103 2.6639 6.9357 2.6296 2.8573 3.7114 2.9952 3.5762 5.8103 4.1632 3.6196 2.3109 1.9561 1.8122 1.6082 1.7880 1.8701 2.3170 1.9769 2.0880 1.9603 2.1315 1.9319 2.3730 2.3539 1.9200 2.2361 3.0722 2.2585 1.9603 2.5411 2.3602 1.9200 2.4394 2.2361 2.0739 2.0285 2.5883 2.3859 2.4325 2.0555 2.2034 2.3730 1.9603 2.0786 2.1719 1.7710 2.0285 2.1981 1.3729 2.1022 1.7445 1.7948 2.0285 2.3539 2.1515 2.2814 2.1616 2.2361 2.3859 1.6082 1.5482 1.9439 3.0722 3.0459 3.0330 2.8573 2.9830 3.1555 3.6196 3.4743 2.9470 2.8790 3.7600 3.4173 3.1270 3.0722 3.4940 2.9238 3.0992 2.9011 2.7272 2.7272 2.8361 3.4173 2.7752 3.4940 2.9952 3.4940 3.0076 3.2948 3.2463 2.7752 3.1849 3.0722 5.3835 2.8154 4.0662 3.0330 2.7654 2.8257 2.6996 2.9124 2.1070 3.9755 2.9708 3.4550 2.7851 3.6196 2.9708 3.1849 4.1632 3.0722 2.4325 2.3990 3.5343 3.0330 3.9755 3.2784 3.5762 3.4173 3.5977 3.4550 3.5762 3.9755 2.8052 2.0693 1.8776 1.7610 2.0647 1.8516 1.9359 2.2034 1.8017 3.9183 1.7413 1.9895 2.5259 2.5964 2.5803 2.6129 2.5184 2.6552 2.4603 3.0202 1.9082 2.0023 2.2699 1.8776 1.8701 1.8890 2.0067 2.2361 1.9121 2.0693 2.6552 2.9354 2.2250 3.4173 2.0197 3.3114 3.7600 2.7752 3.1270 2.9354 3.0459 2.5335 2.7366 2.7951 3.1849 2.2250 2.3859 2.8900 2.1515 2.3170 2.4962 2.5335 2.5035 2.7752 2.8790 2.7366 3.0722 2.1719 2.7557 3.0202 2.9708 3.0202 2.3050 3.0076 3.0856 2.8900 3.2463 1.8263 1.7316 3.6646 3.1130 2.8900 2.2142 2.8681 2.6466 2.9952 2.7951 3.0459 2.8900 2.6381 2.9011 2.4122 2.9011 3.2622 2.7851 2.8052 3.4550 2.8900 2.4962 2.8681
59 3.2948 2.5964 3.2151 2.8154 2.5109 2.4603 2.7851 2.1616 3.0856 3.8905 3.1555 2.8466 2.6996 2.5803 2.6046 3.0459 2.8790 3.0076 2.6996 2.0786 2.5411 2.6996 2.1981 2.3414 2.3539 2.3730 2.5488 2.3291 1.4968 2.2361 2.5184 2.2756 2.6212 2.2305 2.3170 2.6639 2.8154 2.2250 1.8966 1.9082 2.6466 1.9044 1.9853 1.8739 2.0647 1.8087 2.2990 1.0039 0.9385 0.9222 1.0616 0.9551 1.1889 0.8422 0.8904 0.9721 0.9835 0.5265 0.9331 0.0000 2.2990 2.0647 1.9044 2.1022 2.1771 2.0197 2.2250 2.0285 2.4056 3.5762 2.5488 3.2463 3.4940 2.5964 3.4743 2.5184 3.1701 2.2814 2.8361 2.2585 2.6552 3.1849 2.6816 2.8361 2.1364 3.7600 3.1555 2.9238 3.4743 2.6129 2.3602 1.7156 2.8790 1.6485 1.7156 1.7544 1.5914 1.8701 2.7752 2.1119 2.1981 2.4745 3.1270 2.4745 2.5566 2.4056 3.2151 1.9279 2.1070 2.1119 2.1616 2.9952 2.4463 2.5644 2.3291 2.3353 2.6996 2.3291 2.3730 2.3794 1.9319 2.2528 2.3050 2.2931 2.3170 2.0693 2.1515 2.4673 2.2931 1.4481 2.1515 2.1464 2.4190 1.6845 2.2585 1.8052 2.2873 2.0975 1.7445 1.9727 2.2873 2.3291 3.4550 3.5343 4.4980 3.2784 3.7851 3.5762 3.3114 3.7600 3.1130 3.2306 5.2569 2.8154 2.8681 2.4673 3.9183 2.5259 2.9830 3.3114 3.2306 3.0856 4.0978 3.0992 3.1270 3.9466 3.1555 3.0202 2.8154 3.0722 3.2622 4.6721 2.8361 2.8790 3.5977 3.0992 4.4571 2.7557 2.2416 3.4360 3.1999 2.8361 2.4463 3.2151 3.5551 2.6816 3.1849 2.5259 2.5259 2.9470 3.5762 3.5343 2.9589 2.8361 3.1130 5.9702 3.5343 3.8107 4.3032 3.5762 4.3783 4.3783 4.4172 3.3284 3.9755 2.1565 2.1719 2.0110 2.1928 1.7478 2.0739 2.3291 2.0285 2.7272 2.1464 2.2305 3.0076 2.6296 2.2931 2.9354 2.8790 3.0202 2.7557 3.0202 2.0647 2.1022 1.8087 2.9011 1.9521 2.0330 3.1555 2.0601 2.6906 1.7544 2.6996 2.8790 6.5129 3.6878 3.1701 3.4940 3.1849 3.6196 4.1632 3.9466 3.5762 3.1412 3.4360 3.2463 2.4190 3.4173 2.2699 3.6646 3.0856 3.6196 2.9470 2.8900 3.3456 3.2151 3.1412 3.7114 3.3284 2.9708 3.2622 2.4603 3.2151 2.5803 3.4743 2.6212 3.4550 2.9952 3.4173 2.5566 2.3414 2.5644 2.9124 2.5488 2.6996 2.4816 2.9952 3.1130 3.0589 2.9952 3.0459 2.4394 2.9708 2.0067 2.7366 2.3666 2.7272 2.3990 3.1270 2.7752 2.8154 2.7087
60 2.8900 2.9470 2.6906 2.9354 3.1412 2.6296 3.1270 2.5109 2.7557 3.0992 2.9011 3.4550 2.9708 2.9708 3.0330 3.3631 2.8790 2.8790 3.0992 1.0837 1.1746 1.4132 1.0678 1.3973 1.4041 1.3322 1.5273 1.3406 1.2993 1.4528 1.2406 1.3034 1.3884 1.3751 1.3534 1.3239 1.4154 1.4721 1.5377 1.0966 1.5914 1.1571 1.2559 1.1746 1.2181 1.2714 1.1468 2.1515 2.1022 2.2142 1.5588 2.3291 2.0786 2.0739 2.1823 2.1315 2.0833 2.1719 2.1719 2.2990 0.0000 0.9385 1.0647 1.0966 1.0553 1.1782 0.9692 0.8299 1.1131 3.0992 2.4190 2.3602 2.9011 2.8154 2.2931 2.2873 2.9238 2.4603 2.6296 3.0330 2.8681 3.3284 2.9830 2.8361 3.3114 3.9183 3.1849 3.5762 3.0992 3.3114 3.3456 3.0992 2.6296 2.6639 2.5964 2.9354 2.6727 2.3924 2.3859 2.4673 2.5488 2.6816 2.7752 2.5259 2.1928 2.4533 2.7557 2.5109 2.1616 2.5035 2.9238 2.8361 2.5964 2.4816 2.9470 2.7087 2.7951 2.8790 2.4463 2.3414 1.8553 1.7125 1.8017 1.8443 1.8516 1.9161 1.8371 1.7610 1.6310 1.8590 1.9727 1.7577 1.8739 2.0285 1.8814 2.0153 1.7677 1.7478 1.9938 1.8299 1.9121 1.7284 2.8052 3.0459 2.7951 2.9011 3.5140 3.0992 3.4550 3.1999 3.7600 3.3456 3.0202 2.8900 3.4173 2.6639 3.3114 3.3989 2.7654 4.6269 3.4173 2.7179 2.5964 2.2699 2.5488 2.5335 3.1849 2.6296 2.8361 2.2814 2.6296 4.9695 3.1270 3.9183 3.2463 3.8905 2.2142 3.4743 2.6906 3.1849 2.9354 3.1849 2.4745 2.3170 2.5035 2.7366 2.3414 2.8154 3.1130 2.8361 2.7179 3.6878 2.6996 2.7366 3.7600 3.3456 3.3989 3.9466 3.7600 4.0662 3.9755 3.2784 3.0076 3.2784 2.8154 2.4603 2.5259 2.5335 2.3730 2.2699 2.5644 2.7087 2.5035 3.2463 2.5184 2.3602 2.4056 2.6466 3.4360 2.6129 2.5488 2.8154 2.4889 2.8573 2.3291 2.1315 2.1022 2.1315 2.3794 2.1823 2.2814 2.2142 2.1119 1.9161 3.3809 3.2463 3.1412 3.2463 2.6639 2.5723 2.8573 3.4173 2.4325 3.9755 3.2306 2.8573 3.1270 3.1849 2.8790 2.9238 2.7752 3.6196 2.7366 2.3539 2.4190 2.6296 2.5644 3.1701 2.4962 2.7752 2.9238 3.2151 2.5723 2.8154 2.7851 2.5488 2.9011 2.7557 3.3631 3.5343 2.7272 2.2250 2.4190 2.8361 2.7272 2.9470 3.0459 2.6129 2.6727 2.4603 3.1130 2.9238 2.7366 2.7179 2.5566 2.5184 2.4745 2.5723 2.3230 2.5184 2.4889 3.0722 2.3477 2.7366
61 2.7752 2.7557 2.6296 3.3284 2.8790 3.0589 2.8466 2.5335 2.8154 2.8466 2.8361 3.0076 3.2622 2.9589 2.6552 2.9238 2.8790 3.2151 2.8790 1.0710 1.1606 1.1197 1.0584 1.3034 1.4018 1.4063 1.4993 1.4293 1.2873 1.4968 1.1433 1.2144 1.3281 1.2953 1.3115 1.2368 1.4673 1.3577 1.5535 1.0934 1.4410 1.0491 1.0553 1.0476 0.9440 1.1032 1.0039 1.9359 1.9044 1.9769 2.2361 1.9980 2.2585 2.0880 1.9044 2.0197 2.0197 2.1119 1.7845 2.0647 0.9385 0.0000 0.8957 0.8622 0.9749 0.9864 0.9980 0.7549 1.2406 3.2151 2.5803 2.4816 2.0833 2.9708 2.5964 2.4394 2.3170 2.7557 3.5762 2.9952 3.8107 4.0353 3.5343 3.5762 2.8154 3.8367 3.3456 4.0353 3.9183 4.0978 2.5803 2.5644 2.3794 2.6129 2.4394 2.4190 2.6639 2.4816 2.7557 2.4394 2.6639 2.8466 2.7461 2.7179 2.6906 2.9470 2.8466 2.5803 2.7179 2.1928 2.6996 2.6816 2.6466 2.9470 2.6639 2.6552 2.4394 2.8466 2.8154 2.4325 1.8122 1.7156 1.7125 1.6663 1.5998 1.7811 1.6082 1.6907 1.7348 1.7348 1.5696 1.7677 1.6604 1.7880 1.8890 1.8192 1.7610 1.9439 1.7610 1.7544 1.7413 1.7188 2.5109 2.5644 2.5803 2.8361 2.4889 2.6296 2.8790 2.7557 2.6996 2.6296 3.2463 3.5977 2.7272 3.0459 4.1632 3.1555 2.6906 3.7114 3.3114 2.7179 2.9708 2.7179 2.7179 2.5964 2.4190 2.7557 2.9952 2.9708 2.5335 3.4940 3.4173 3.7355 2.9011 3.7114 2.3924 2.8052 2.9830 3.1130 2.8790 3.3114 2.5644 2.6639 1.9521 2.8573 2.4745 2.9238 2.8466 2.9470 3.3989 3.2463 2.9708 2.7272 3.5140 3.6646 3.7600 3.7114 3.0202 3.2306 4.3783 2.9952 3.3114 3.7114 2.8154 2.0197 2.3050 1.9082 2.3230 2.2699 2.1515 2.1515 2.1823 3.0722 2.0739 2.2585 2.4190 2.6996 2.3730 2.7179 2.3990 2.3050 2.3539 2.6381 2.2814 2.0110 2.2034 2.1265 2.1414 2.3794 2.2873 2.1928 2.2756 2.1167 3.2151 2.8257 3.0992 3.1701 2.4603 3.0992 2.8900 2.7087 2.7272 2.7951 2.9952 3.1555 3.0722 2.8466 3.2784 2.8154 2.9952 3.8367 2.8052 2.9952 2.7366 3.0992 3.0202 2.8900 3.5762 3.6646 3.2151 3.1555 3.3456 3.1849 2.9952 3.2463 2.8052 3.0856 3.9466 3.8905 2.4603 2.6552 2.6639 2.1719 2.2472 2.3539 2.6212 1.9853 2.5109 2.0555 2.4463 2.7752 2.6296 2.4533 2.1719 2.6466 2.5644 2.7557 2.4816 2.7461 2.4603 2.4745 2.3859 2.6129
62 2.7654 3.1849 2.8573 3.1555 2.6129 2.6639 3.4743 2.6129 3.1270 2.9238 2.9708 3.3989 2.8681 3.1270 3.0992 2.9589 2.8681 2.7557 2.6906 1.1164 1.1835 1.1641 1.0902 1.3239 1.5119 1.5094 1.5068 1.5377 1.2482 1.4993 1.1782 1.2444 1.2833 1.1746 1.2107 1.2636 1.3577 1.3364 1.5642 1.0773 1.4721 1.1889 1.1468 1.1230 1.0399 1.2833 1.0805 1.9359 1.9121 2.2642 1.9685 1.9811 2.2361 1.9811 2.0464 2.0374 2.0110 2.0374 1.9121 1.9044 1.0647 0.8957 0.0000 0.9331 1.1468 1.2218 1.0742 0.8826 1.3884 3.9183 2.5184 2.5566 2.5566 2.8466 2.5723 2.5964 3.7600 2.7366 4.7185 3.0202 3.3809 3.9183 4.0051 4.7185 3.5762 4.4571 3.9755 3.4940 3.9755 4.3032 2.2642 2.4122 2.9708 1.8516 2.5184 2.9011 3.0202 2.4816 3.0722 2.6046 2.4122 2.5644 2.3666 3.1849 2.3539 3.2306 2.4463 2.5644 2.5488 2.4533 3.0589 2.5411 2.4962 2.5488 2.9124 2.9238 2.7557 2.7752 2.5335 2.3924 1.6663 1.7511 1.6368 1.5998 1.6604 1.6310 1.5750 1.7811 1.7577 1.8590 1.6604 1.5196 1.6368 1.6574 1.6663 1.6724 1.6633 1.6724 1.7316 1.7062 1.7948 1.7156 2.4394 2.5964 2.5488 2.7087 2.4745 2.4394 2.6727 2.5488 2.4190 2.4533 3.2948 2.8154 3.2784 2.9470 2.9470 2.9708 3.0992 3.3809 3.1999 2.9011 2.6212 2.4889 2.7557 3.1412 2.9470 2.7557 3.2784 2.4463 3.0330 2.9011 3.1270 3.7851 4.7185 3.4173 2.5035 2.4745 2.9011 3.4940 3.0202 3.8633 2.1981 2.5488 2.4603 3.0722 3.0076 2.8681 3.0856 3.1555 3.4940 3.0722 3.0722 2.4190 4.1632 3.3114 3.1849 3.5343 3.2784 2.9470 3.8633 3.6196 3.9755 3.1701 2.5035 2.6816 2.8790 2.2585 2.3050 2.5109 2.5644 2.4463 2.0110 2.6466 2.1719 2.1928 2.8790 2.8900 3.1849 3.0856 2.7851 3.2151 3.0202 2.8154 2.1119 2.0693 2.4122 2.1414 2.1515 2.5411 2.4603 2.0555 2.2142 1.8966 2.9952 2.7654 3.6878 3.1130 2.5109 2.6046 2.7851 2.7557 2.5803 2.9470 2.9830 2.8154 2.8790 2.8573 2.5644 2.6212 2.8790 4.3032 2.4962 2.5335 3.0992 2.6129 2.7179 2.7461 2.7179 3.2784 2.9708 3.0459 3.0202 2.7179 2.7752 2.6466 2.8361 2.6639 3.6196 3.1555 2.7461 2.4603 2.2931 2.9470 2.6816 2.7557 2.8790 2.4463 2.8154 2.9470 2.6639 2.8154 3.0076 2.8573 2.7461 2.7179 2.5035 2.6996 2.8154 2.8790 2.7179 3.1270 2.9124 2.5803
63 3.1130 4.3032 2.9354 3.0722 3.6196 2.9238 2.9238 2.7272 2.9952 3.3809 3.4173 3.0202 3.6878 3.1270 2.9952 3.0076 3.0459 3.7851 3.0589 1.1711 1.2913 1.2714 1.0742 1.4109 1.4600 1.4819 1.4745 1.4109 1.2406 1.6544 1.1853 1.1468 1.4819 1.2274 1.2636 1.2292 1.3795 1.4721 1.6368 1.1331 1.6485 1.1711 1.0869 1.0934 1.1711 1.3281 1.1264 1.8664 2.0285 2.0509 2.1719 2.1515 2.0880 2.0023 2.0509 1.9359 2.0374 2.2585 2.0067 2.1022 1.0966 0.8622 0.9331 0.0000 1.1065 1.1032 1.1164 0.6876 1.3491 3.7114 3.0722 2.9470 2.3730 3.4743 3.0202 2.6129 2.9354 3.5551 3.4173 2.9011 3.1555 4.1632 3.2948 3.8107 3.3114 3.8633 3.0330 3.1555 3.0589 3.8107 3.2784 3.0330 2.8790 2.0509 3.0722 2.7752 3.3456 3.1849 2.9952 2.9238 2.6639 3.3456 3.0076 3.2306 2.6639 3.1555 2.9708 2.9124 2.7179 2.9952 3.2306 2.8154 2.9708 2.9952 2.8361 3.2463 3.0992 2.7087 2.5964 2.7366 1.7445 1.7252 1.7880 1.7380 1.7914 1.8516 1.8814 1.8590 1.9603 1.7811 1.7577 1.8052 1.9121 1.6195 1.8407 1.7220 1.7744 1.6253 1.6968 1.7643 1.7610 1.8192 2.7179 3.2784 3.3989 3.3456 3.0202 2.8573 3.2463 2.7951 2.8154 3.5343 4.3783 3.5343 4.0353 3.6646 2.9011 3.0076 2.9470 4.7661 3.1130 3.3809 3.1849 2.8154 3.3114 2.8361 3.0722 3.1849 3.1849 2.5488 2.7557 3.6196 4.0978 3.4173 2.8681 4.5399 2.6296 3.8107 2.9470 4.0353 3.4940 3.0459 3.0856 3.7600 2.4603 2.6639 3.2622 2.7179 3.1130 2.9011 2.9708 3.2151 2.9238 2.6466 3.9755 3.2463 3.4940 3.5977 2.8154 3.3809 4.5829 3.7114 3.4173 3.2622 2.3924 2.3291 2.4394 1.9980 2.1823 1.9279 2.2814 2.0739 1.7284 2.7179 2.2814 2.2142 2.9830 2.7087 2.8790 2.6816 2.9124 3.2151 3.0202 2.5883 2.1928 2.3050 2.3666 2.4190 2.5035 2.3990 2.2699 2.4325 2.4325 2.2250 3.7600 2.9354 3.3809 3.3989 2.7851 2.9470 3.2784 2.9708 3.4940 2.4603 2.7752 2.8681 2.8790 3.8107 2.9238 2.5803 2.8361 3.2151 2.5488 2.4962 2.7366 2.6906 3.8107 3.1270 3.0992 2.8790 3.1849 3.2622 2.5488 3.2151 3.0459 3.2151 2.5184 2.9238 4.2315 3.0076 2.6381 2.4745 2.6296 2.7461 2.7461 2.7851 2.5964 2.2873 2.8573 2.4745 2.8257 2.6639 3.1555 3.6646 3.1555 3.4550 3.3456 2.7654 3.0992 3.9183 3.5343 2.6996 2.4889 2.8790
64 2.9011 2.9470 2.7951 2.9470 3.0722 2.6212 3.8107 2.9011 2.9830 2.4603 2.7951 3.0589 2.8900 2.5566 2.6639 2.7851 2.9708 3.2151 2.8900 1.2368 1.3534 1.4673 1.2953 1.5325 1.5119 1.6138 1.6663 1.5170 1.4109 1.7284 1.4200 1.3406 1.5429 1.2993 1.3620 1.3973 1.6724 1.4819 1.7380 1.2913 1.5723 1.0068 1.0678 0.9864 1.0157 1.0678 1.0647 2.2528 2.2472 2.3859 2.2305 2.1414 1.9938 2.0647 2.0023 2.6639 2.3050 2.2699 2.1771 2.1771 1.0553 0.9749 1.1468 1.1065 0.0000 0.7305 0.9276 0.9413 1.0009 2.7951 2.4056 2.3859 2.5964 2.8154 2.4325 2.6996 2.9952 2.9238 2.9830 2.9011 2.7557 3.4550 2.8573 3.0722 2.7752 3.3631 3.4550 2.8573 3.4550 3.2784 2.4603 3.1849 3.0202 2.6466 2.8361 2.9124 2.6639 2.5184 2.7951 2.2756 2.6727 2.5488 2.9830 3.0202 2.6381 2.3170 2.5335 2.5964 2.6466 2.4325 2.5184 2.9011 2.3990 2.5411 2.6296 3.0330 2.4190 3.0459 2.5335 2.4603 1.8627 1.9644 1.8776 1.7348 1.9853 1.9439 1.6693 1.9938 2.0555 1.8701 1.8590 1.9200 1.7544 2.0197 1.9439 2.0197 1.8299 1.9121 1.9727 2.1315 1.9938 1.9769 2.7557 2.9238 2.5883 2.5964 2.7272 2.6816 2.7851 2.2990 2.5644 2.5803 3.3284 3.8633 3.4173 2.6552 2.9354 2.9708 2.8790 2.9830 2.6639 3.2622 2.9011 2.9011 2.8790 2.6212 2.5723 3.1999 3.3456 2.7179 2.8154 3.5762 4.0353 3.1270 3.2784 4.2669 2.4257 2.9238 2.7752 2.7179 2.8900 3.7114 2.9238 2.3602 2.2472 2.4394 2.5184 3.0202 2.6906 2.7272 3.1999 3.6196 2.6816 3.0202 3.6878 3.1849 3.7114 3.3284 3.3456 4.6721 3.1849 2.9830 3.3809 3.2622 2.8154 2.4463 2.6296 2.1515 2.3539 2.2699 2.7557 2.3170 2.0555 2.8681 2.1515 2.4603 2.4463 2.9354 3.0202 2.7366 2.5644 2.4190 2.5035 2.3730 2.2034 2.2814 2.3477 2.3353 2.2250 2.2196 3.0202 2.4257 2.3291 2.1928 3.0459 2.8361 3.0202 2.8573 2.5964 2.8681 2.9470 2.5566 3.1130 2.8052 3.3809 3.0992 3.2784 3.5343 2.6639 2.8681 4.2315 3.8107 3.0992 2.6296 3.0202 2.9124 3.4940 3.3456 2.8361 3.4743 3.2463 3.2948 2.9589 3.1130 3.1701 3.2463 3.8633 2.9952 3.2784 4.4980 2.5566 2.4533 2.6046 2.7752 2.5803 3.0459 2.5883 2.6996 2.3602 2.6129 2.7851 2.8681 2.9708 3.7114 2.4190 3.3809 2.8900 2.7461 2.5109 3.2784 2.7951 2.7557 2.8900 2.6639
65 2.7087 3.0459 2.5644 2.7272 2.3291 2.3050 2.7951 2.2931 2.5035 2.7654 2.4745 2.7557 2.7557 2.1771 2.2250 2.4745 2.2585 2.8257 2.5566 1.1536 1.2070 1.1853 1.2482 1.5221 1.5535 1.5887 1.7125 1.5970 1.3928 1.8443 1.3795 1.3281 1.4893 1.3074 1.3491 1.4246 1.6253 1.4293 1.8299 1.2218 1.6082 1.0742 1.1131 1.1065 1.0869 1.2199 1.1264 2.1022 2.1315 2.3666 2.0023 2.1719 1.7744 2.2034 2.1464 2.2873 2.3602 2.1719 2.0927 2.0197 1.1782 0.9864 1.2218 1.1032 0.7305 0.0000 1.0773 1.0247 1.1097 3.4550 2.5035 2.2585 2.7752 2.9708 2.6296 2.3539 3.0202 2.9830 2.7087 2.3924 2.8790 3.2151 2.9238 2.6381 2.5488 3.5343 2.7557 2.9354 2.9708 2.7951 2.5335 3.0589 2.6046 2.9354 2.8257 2.7087 2.6296 2.4056 2.6727 2.3924 2.9708 2.6639 2.8466 2.5488 2.4463 2.6727 2.9708 2.9124 2.6996 2.3666 2.7087 2.6639 2.7654 2.7366 3.3631 3.0459 2.4745 2.4745 2.7951 2.1981 1.6968 1.7744 1.9399 1.7220 2.0419 1.9439 1.7220 1.9161 1.6968 1.7880 1.8814 2.0023 1.8966 1.9561 1.9603 2.0419 1.7948 1.8966 2.0153 2.0786 1.7413 1.8087 2.6466 2.6816 2.5035 2.8154 2.3477 2.4889 2.4962 2.3414 2.5335 2.4533 3.3809 3.5343 3.5551 3.2463 3.4743 3.4940 3.2622 3.3631 2.8466 3.0589 2.7366 2.6466 3.2784 2.5803 2.6129 2.4463 2.8900 2.4816 2.6381 3.0992 3.3284 3.9183 3.4360 3.8633 2.7557 2.9708 3.2463 2.8573 3.5140 3.2463 2.6296 2.6296 2.0927 2.6296 2.6996 2.4603 3.2948 2.5644 4.0978 2.9708 2.6639 3.1270 4.0051 3.1849 4.7661 5.1372 3.9466 4.3783 3.2151 3.1555 3.5343 5.5176 2.6466 3.2948 2.8154 2.6212 2.8573 2.3666 2.7752 2.3666 2.2361 2.7272 2.4463 2.2142 2.2642 2.3291 2.9708 2.8681 2.6129 2.5964 2.5184 2.9011 2.7087 2.1565 2.3170 2.5964 2.2756 2.2990 2.3291 2.1616 2.1875 2.2699 2.8573 2.9589 3.6646 3.0202 2.4816 2.6212 2.7752 2.4603 2.7461 2.6552 2.8154 3.0992 3.4173 3.0992 3.3114 2.9011 2.7557 3.5762 2.9238 2.6046 2.9238 2.7461 2.7752 3.4940 3.7114 3.4743 4.4571 3.7355 3.4743 2.6816 3.5343 2.8052 2.9952 2.5723 3.6878 3.3809 2.7752 2.4325 2.4463 2.6816 2.4889 2.9589 2.9830 2.5035 2.9708 2.9011 2.7461 2.9470 3.0202 3.2784 2.5644 3.0076 3.6196 2.3539 2.9952 3.0856 2.6639 2.5184 2.8154 2.7752
66 2.6816 2.9011 2.9952 2.7752 2.5803 2.4394 3.4550 2.5035 2.9011 2.7087 2.6996 3.0722 2.8154 2.6129 2.9470 3.1849 3.3114 2.9124 2.6816 1.1853 1.3034 1.3281 1.2368 1.3839 1.4528 1.4481 1.4339 1.4246 1.3322 1.6195 1.3322 1.3449 1.4624 1.3449 1.3906 1.4154 1.4673 1.4200 1.6845 1.2292 1.5723 1.0837 1.1065 1.0694 1.1230 1.2597 1.1065 1.9480 2.1070 2.2873 1.9811 2.0330 2.1771 1.8852 2.0285 2.0330 1.9895 2.1928 2.0693 2.2250 0.9692 0.9980 1.0742 1.1164 0.9276 1.0773 0.0000 0.9088 1.1536 3.8107 3.4173 3.1999 2.4745 2.8154 3.1555 2.4257 4.0978 2.6996 2.9011 2.8154 2.6996 2.9238 3.2151 2.9708 3.2151 3.5762 2.9708 3.3114 2.7557 2.8681 2.9470 3.0076 2.5964 7.4165 4.1632 2.9952 2.3666 2.6552 2.5964 2.7557 2.6816 2.3666 2.4962 3.3114 2.8257 2.4889 2.7752 2.5723 2.9011 2.2990 2.7557 2.4463 2.5184 2.8681 2.6816 2.9124 2.7179 3.0330 2.9354 2.6296 1.7478 1.7948 2.0647 1.6784 1.9439 1.7413 1.8814 1.9769 1.7156 1.8590 1.9399 1.9121 1.7880 2.2088 2.0880 2.1515 2.1414 1.8228 2.0555 1.9082 1.9521 1.9938 3.0076 2.8154 3.1849 2.7087 2.9589 3.0202 3.0722 2.9952 2.8900 3.1849 3.6196 3.0992 2.8573 3.0459 3.4550 3.1999 2.9354 3.1270 2.9952 3.0992 2.9011 2.6816 3.0992 2.4816 2.9238 2.9589 2.4325 2.7366 3.0202 3.4743 3.1270 4.1632 4.1301 3.2784 2.1119 3.6196 2.8154 2.9011 2.7179 3.7355 2.5035 2.5109 2.2931 2.7366 2.7557 2.5883 2.7366 2.4122 3.9755 2.9238 2.9470 2.8154 3.5551 2.9238 3.9755 3.4173 3.7114 3.9183 3.2784 3.5343 3.3114 3.5977 3.7114 2.5335 2.3291 1.8739 2.2472 2.0647 2.4325 2.9952 2.1515 2.6296 2.3050 2.3539 2.6296 3.2784 2.9830 2.9124 2.5109 2.4816 2.9238 2.3050 2.4190 2.2361 2.5566 2.3794 2.3050 2.3794 2.5184 2.5803 2.4673 2.5335 3.6878 2.8154 3.1701 2.9830 2.6906 2.7557 2.8361 3.1555 3.1130 2.7851 2.8154 2.8052 3.2622 2.9011 2.8361 2.8681 3.3809 3.2463 2.8052 2.7179 3.4743 3.1849 3.1270 3.1849 2.6639 3.1849 3.1412 3.5551 3.3809 3.2151 3.2622 3.2151 2.6639 3.1412 3.7114 3.4173 2.7087 2.5723 2.6046 2.9708 2.7752 2.5964 2.8361 2.8573 3.0856 2.9952 3.4550 2.8361 3.5140 3.1270 2.8466 2.8790 2.8466 2.5803 2.5488 2.8900 3.1849 2.7951 3.1999 3.0076
67 2.7951 2.9952 2.6212 2.9011 2.6639 2.5883 2.9470 2.9011 2.5803 3.2463 3.1270 2.8900 3.3809 2.6381 2.5488 2.7752 2.5964 2.7557 2.5488 0.9721 1.0368 1.1676 1.0584 1.1711 1.2368 1.2406 1.2444 1.2181 1.1746 1.4018 1.0009 1.1711 1.3406 1.2218 1.2406 1.2675 1.2933 1.2873 1.3928 1.0678 1.3301 1.1433 1.0522 1.0805 1.0491 1.1197 1.0217 1.9811 1.9811 1.9938 1.8371 1.8814 2.2034 2.0419 2.0464 1.9239 1.9685 2.0285 1.8052 2.0285 0.8299 0.7549 0.8826 0.6876 0.9413 1.0247 0.9088 0.0000 1.1097 3.4550 2.9011 3.2306 2.6996 3.1555 2.7272 2.5411 3.6646 2.9708 3.4940 2.6816 3.1849 3.8367 2.9708 3.4940 3.0856 6.1401 3.4940 3.1555 3.5977 3.2784 2.6639 2.5335 2.5035 2.9470 3.1270 2.9470 2.9011 2.5803 3.1412 2.1616 2.6129 2.2361 2.3730 2.7951 2.1414 2.6129 2.6552 2.1616 2.5335 2.9011 2.9952 2.4325 2.6639 2.7461 2.6639 3.0589 2.9011 3.1849 2.3990 2.5644 1.7188 1.7643 1.7511 1.8590 1.7677 1.7093 1.7880 1.8192 1.7811 1.8299 1.6663 1.6026 1.8814 1.8590 1.7544 1.8371 1.7413 1.7677 1.7948 1.8443 1.7478 1.7811 3.1701 2.7461 2.9470 2.8361 2.9354 2.5335 3.0459 2.6466 2.5488 2.6296 4.0353 3.2463 3.3114 3.0992 3.0992 2.7851 3.6646 4.7185 3.1270 3.0202 2.7951 2.4190 2.8573 2.5883 2.9011 2.5488 3.1270 2.4603 2.8154 3.8367 3.1555 3.0992 2.7366 3.5343 2.4190 2.9238 3.2784 2.8052 2.9354 2.6466 2.4325 2.4673 2.8361 3.2306 2.5411 2.5488 2.9354 2.7654 3.4173 2.9708 2.6816 2.5883 3.6646 3.0856 3.3456 2.7851 3.3809 3.1701 3.4550 3.4360 2.6129 3.0722 2.4745 2.0739 2.1875 1.9439 2.1928 1.9727 2.0739 2.3794 2.0464 2.5184 2.1414 2.0739 2.2250 2.7752 2.5644 2.3050 2.1823 2.2142 2.6552 2.2472 2.0833 2.1823 2.2250 2.3414 2.3794 2.1119 2.2361 2.6466 2.1464 2.2250 3.0202 2.8573 3.0992 3.1555 2.7272 2.6296 2.7557 2.5803 2.7951 3.0076 2.4603 2.7272 2.6129 3.1849 2.9708 2.6816 3.4173 3.0076 2.6996 2.5883 2.3414 2.4889 2.7366 3.3284 3.4360 3.0459 3.8633 3.1130 3.1701 2.7851 2.9011 3.0330 2.9124 2.7557 3.7114 2.5723 2.6046 2.4889 2.8154 2.9011 2.5035 2.9708 2.9952 2.0197 2.4889 2.6552 2.8154 3.0722 2.6552 2.9470 2.9238 3.0589 2.7557 2.7951 3.1849 2.5723 2.5964 2.6129 2.6129 2.4889
68 3.8107 2.8052 3.2306 4.0662 2.8790 2.8790 3.7600 2.4325 3.1555 3.2784 2.9470 2.8361 2.9011 3.8107 3.1270 3.2784 3.1130 3.1270 2.7951 1.5804 1.5642 1.7380 1.6054 1.7220 1.6604 1.5777 1.8052 1.6426 1.6253 1.6574 1.5804 1.5068 1.6574 1.5914 1.5615 1.4918 1.6281 1.6845 1.8890 1.5588 1.7744 1.2406 1.3281 1.3074 1.2754 1.3239 1.2559 2.4056 2.2142 2.4962 2.2472 1.9853 2.2931 1.9359 2.3924 2.2814 2.4190 2.4190 1.8814 2.4056 1.1131 1.2406 1.3884 1.3491 1.0009 1.1097 1.1536 1.1097 0.0000 7.4165 2.4533 2.8790 2.9952 2.7272 2.4463 2.7557 4.6269 2.5723 3.0992 3.2151 3.2463 5.5176 3.3809 3.0076 3.0722 4.9166 3.0722 3.0992 3.1270 3.0722 3.0330 215.8902 3.7355 215.8902 4.1632 215.8902 3.9755 2.5566 2.7557 2.6381 2.3666 2.5488 2.4056 2.5488 2.6639 2.5335 2.6129 2.5184 2.6552 2.6996 2.4603 2.5488 3.4173 2.9238 2.8900 3.1555 2.6296 3.0459 2.3859 2.4603 2.0833 1.7677 2.0197 1.8664 1.9895 1.7744 1.8299 1.7811 1.9853 1.9938 2.0464 1.6784 1.7948 1.9439 1.8017 1.9769 1.8017 1.9769 1.9121 2.2088 2.1216 1.7880 3.6196 2.7179 3.0722 3.3989 2.8154 2.8361 3.0856 2.5803 2.6816 2.7752 4.6269 3.9755 3.7114 3.0459 4.0978 3.4173 3.5343 3.4940 3.3456 3.9183 2.6296 2.5335 3.0856 3.4743 3.1701 2.5035 3.3284 3.2151 2.5335 3.8633 4.1632 3.5343 3.1849 4.2315 2.5803 3.8905 3.5343 3.1555 3.3284 3.8633 2.6466 2.6639 2.5035 2.8361 2.4816 2.6129 2.4889 3.3114 3.9755 3.9466 3.8633 3.4550 5.3835 4.4172 6.9357 6.9357 5.4496 3.1999 4.3783 11.3565 5.0239 3.1849 3.2463 3.0459 2.1315 3.1849 2.7179 3.4173 2.8466 2.6552 3.1849 2.7851 3.0459 2.9124 3.4360 3.9183 4.2315 3.5343 3.0459 3.8107 3.6646 3.4173 2.5803 3.1555 2.5964 2.7557 2.7557 3.0330 2.3414 2.7752 2.6296 2.8900 2.5488 2.8154 2.5488 2.4056 2.8900 3.4940 3.0459 3.4550 2.7557 3.7600 3.5762 3.4550 4.1301 3.9183 3.4173 3.5762 3.1270 3.5140 3.1849 3.1849 3.0330 3.4173 3.0856 2.8790 3.1849 3.5343 3.1412 3.6419 3.5343 3.1849 3.2948 3.0722 3.4173 2.9238 5.1372 3.7114 2.8257 3.6878 3.0992 2.5803 2.3050 2.7272 2.6129 2.8257 2.8790 3.0459 2.4889 2.8573 2.8790 7.2904 2.5644 3.3284 2.7557 2.4257 2.5566 2.6996 2.8257 2.7752 2.7272 3.0459
69 2.7951 2.6466 2.9470 2.5184 2.6816 3.8107 3.2151 2.8257 3.5551 3.1849 3.3809 2.9011 4.0978 3.4360 3.6646 4.0662 3.2463 2.9011 3.0202 3.2306 3.9466 2.9830 3.1849 3.2784 3.0856 2.8573 3.3809 3.1849 2.9238 3.5343 3.1555 3.4940 3.4940 2.9238 3.5343 3.4550 3.0459 3.8633 3.3631 3.8633 3.5977 3.3284 3.4550 3.5551 4.0662 6.5129 4.6721 3.3631 3.2151 3.0722 3.3114 3.1270 2.8790 3.1999 3.0459 3.7114 2.7557 3.3989 3.5762 3.5762 3.0992 3.2151 3.9183 3.7114 2.7951 3.4550 3.8107 3.4550 7.4165 0.0000 2.5488 2.8052 2.6296 2.7366 2.5964 2.6727 2.5109 2.9011 3.1555 4.0353 4.4571 4.0353 6.1401 3.1555 4.4980 3.0076 3.9755 3.3809 3.9466 3.1849 3.3114 2.3539 2.5644 2.3666 2.5883 2.4889 2.3924 2.7272 2.2756 2.6212 3.3114 2.9952 3.5762 2.9830 3.1555 2.4962 2.4463 2.5803 1.9853 2.9708 2.2472 2.7851 2.5184 2.6906 2.5411 2.9952 3.4550 3.0459 2.8573 2.8361 3.8107 3.9466 3.6419 3.2784 2.7179 3.2784 3.0722 3.6196 3.9755 4.0051 3.9183 3.2784 3.4940 3.3989 3.7355 4.7185 4.1970 2.9011 3.9755 4.3032 3.0856 2.7851 2.7951 3.0722 3.4550 2.8790 2.5184 2.5184 3.0459 2.8154 2.7366 2.5964 2.9589 2.7557 3.0992 2.6296 2.3666 2.4745 3.8905 2.8361 2.2699 3.5343 3.0722 3.1555 2.2585 2.9011 2.7557 2.3539 2.7557 3.0202 2.5335 2.9238 4.3783 3.1849 2.8361 2.9589 2.2250 2.7951 3.1270 3.7114 4.1632 2.8361 2.9124 2.5109 2.8681 2.8573 4.0353 3.9755 2.9708 2.8361 0.7045 0.7045 1.2559 1.1853 0.6327 0.8130 0.7685 0.6347 0.3816 0.7731 0.4585 0.2960 0.3196 0.7415 0.9980 2.0110 1.8928 2.4962 2.4603 2.1771 2.2034 2.0509 2.0927 2.4745 1.9685 1.8052 1.9938 1.9685 1.9938 2.0647 2.1070 1.9938 1.9685 2.0647 1.9938 2.4603 3.0589 2.5335 2.4463 2.9470 2.3291 2.5803 2.5803 2.4056 3.3989 3.2151 2.6996 2.8790 2.7366 2.1771 2.2416 2.1216 2.2756 2.2034 2.3539 2.2361 2.1315 2.5644 2.3291 2.2472 2.1616 1.9439 2.1119 2.5335 2.1719 2.5335 2.5184 2.3730 2.3794 2.3050 2.4325 2.4325 2.1515 2.1414 2.1022 2.2361 2.2250 2.0374 2.8573 2.2472 2.0739 2.2250 2.2361 2.2142 2.3414 2.1823 1.9200 2.2361 2.5035 2.2814 2.1022 1.9853 2.3794 2.3050 2.5184 2.3414 2.1119 2.1616 2.2699 2.0927 2.1823 2.2472 2.5411 2.2472
70 2.9124 2.9011 2.3794 2.5035 4.1632 3.3114 3.8107 3.0856 5.0239 3.8107 2.6129 2.7851 5.1372 3.0992 3.1999 2.8790 3.3284 3.9755 2.9011 2.4603 2.6296 2.7951 2.6816 2.9124 2.5184 2.7752 2.8257 2.5803 2.5184 3.1270 2.5566 2.8361 2.4190 2.7366 2.8361 2.5184 2.5883 2.5566 3.0722 2.5964 2.8790 2.8257 2.6816 2.3291 2.5566 3.2622 3.0589 3.0330 3.4743 2.3730 2.7461 2.4673 2.7179 2.8681 2.5803 3.3114 2.2990 2.9124 2.3794 2.5488 2.4190 2.5803 2.5184 3.0722 2.4056 2.5035 3.4173 2.9011 2.4533 2.5488 0.0000 0.6981 1.1197 1.0710 1.3197 1.3751 1.2754 1.4918 2.1216 2.3414 2.2196 2.2142 2.4056 2.2250 2.5184 2.3050 2.4745 2.3666 2.3414 2.4056 1.2330 0.8698 1.4063 0.9763 0.9413 0.9608 1.1348 2.5723 2.7179 2.6552 2.8052 2.8466 3.0202 2.5803 2.8361 3.2784 2.9952 2.5184 2.9708 2.7461 3.7114 2.8790 2.6552 3.0330 3.4173 2.6129 2.8154 2.9238 2.5644 2.4603 2.5803 2.5184 2.6046 2.6906 2.6996 2.9952 2.5035 2.9708 2.5259 2.4673 2.5883 2.5644 2.9238 2.6816 3.1555 2.8257 2.7179 2.6727 2.5803 3.0992 2.6639 2.7557 2.2528 2.3539 2.0555 2.7951 2.4962 2.1981 2.2472 2.3477 2.4673 2.5109 2.8790 3.9183 3.7114 3.2784 4.0978 4.2669 2.8900 4.1632 4.6721 2.6129 2.6466 2.4603 2.4603 3.3456 2.4889 2.6296 2.8154 2.8573 2.5488 3.6646 4.7185 5.5176 2.9952 4.1632 2.5488 3.4173 2.6129 4.3783 3.2463 3.9466 2.8573 3.0856 3.7600 2.5335 2.3170 2.4603 2.7087 2.4122 2.5335 2.7951 2.6466 2.4190 2.8257 3.2784 3.0202 2.5723 2.7179 3.3284 2.4463 2.6639 2.7752 2.5723 2.4463 2.1823 2.3477 2.4190 2.1119 2.8154 2.3730 2.4673 2.2585 2.5964 2.3794 2.2250 2.6639 3.5762 2.8466 2.5488 2.7557 2.7752 3.0992 2.5184 2.4257 2.6816 2.6996 2.6129 2.8573 3.0459 2.8154 2.6996 2.3602 2.7087 2.5964 2.5411 2.4463 2.2642 2.5488 2.3477 2.3666 2.7366 2.4962 2.6727 2.6296 2.4056 2.6639 2.7179 3.0992 2.5335 2.5488 2.4889 2.7272 2.6639 2.2699 2.2305 2.6906 2.2931 2.4325 2.2642 2.3539 2.7752 2.3602 2.5723 2.9470 2.6639 2.7179 2.4603 3.0459 2.6639 2.0739 2.2305 2.6639 1.9685 2.2873 2.2250 2.2034 2.2472 1.9439 2.2250 2.0739 2.0880 2.3477 2.3414 2.1616 2.2088 2.2814 2.1515 2.1414 2.2142 2.0833 2.2305 2.2931 2.0197
71 2.5644 3.1849 2.4463 2.4190 3.0330 3.8367 3.6878 2.9708 3.1555 4.0353 2.7179 3.0992 3.7355 2.9830 2.6552 3.3809 2.8361 3.3114 3.2151 2.2361 2.5964 2.5644 2.2361 3.0202 2.6996 2.7366 2.5109 2.8466 2.9708 2.7461 2.9124 3.0459 2.6906 2.2814 2.5723 2.9708 2.2756 2.6212 2.9124 2.1315 2.8154 2.8466 3.0722 2.8154 2.6296 3.1849 2.9952 2.3666 2.9470 2.7179 2.7272 2.7179 3.4940 2.8790 2.6381 2.1070 2.5035 3.3809 2.7366 3.2463 2.3602 2.4816 2.5566 2.9470 2.3859 2.2585 3.1999 3.2306 2.8790 2.8052 0.6981 0.0000 1.1097 1.1925 1.2052 1.1961 1.1979 1.4721 2.2361 2.3291 2.2814 2.5035 2.2931 2.1167 2.2196 2.5035 2.3170 2.1823 2.4603 2.3794 1.1032 1.0277 1.5068 1.0142 1.0584 0.9551 1.2015 2.8154 3.1999 2.4603 3.1130 3.0856 2.3666 3.1270 2.9708 2.6381 2.7557 2.6816 2.5566 3.1849 3.3809 2.8573 3.1130 2.8361 2.9470 2.8361 2.8361 3.7851 2.7272 2.4056 2.5035 2.9830 2.4190 2.4962 2.7752 2.8154 2.7087 2.3666 2.4056 2.3050 2.9952 2.3414 2.7272 2.4463 2.6906 2.5109 2.3539 3.0459 2.3170 2.6816 2.7087 2.8466 2.3170 3.0076 2.4673 2.8573 2.8361 2.7557 2.7366 2.4603 2.8052 2.9011 4.0051 3.3631 3.6419 3.9183 6.3208 5.5176 3.6646 4.1632 4.5399 2.8361 2.5803 2.6129 3.0722 3.6196 2.4190 3.0459 2.8154 2.9238 2.7951 2.9830 3.3809 4.3032 2.9952 3.9755 2.3050 2.5184 2.6816 3.8107 3.3989 3.0992 2.5488 2.8790 3.8107 2.7851 3.0856 2.8790 2.5964 2.4962 2.8790 2.9011 3.1555 2.5335 2.6906 2.7087 2.7366 2.9708 2.7557 3.7114 3.2622 2.9238 2.8361 3.3809 2.5723 2.5035 2.4889 2.5035 2.3602 2.8573 2.5566 2.6296 2.4325 2.6996 2.5644 2.4122 2.6727 2.9011 3.0459 2.6727 2.6816 3.2784 3.2306 2.6996 2.4816 3.0589 2.4056 2.8900 2.7752 2.9238 2.4394 2.7951 2.7654 2.8154 2.7557 2.5184 2.2814 2.5644 2.8573 2.2528 2.5803 2.5335 2.5035 2.5184 2.9470 2.9124 2.9238 2.8681 3.2151 2.7951 2.4056 2.9952 2.6466 2.3291 2.5184 2.7179 2.5964 2.3353 2.4122 2.6212 2.4745 2.6046 2.5335 2.7752 2.9708 2.7179 2.7951 2.6639 3.5140 3.1555 2.2814 2.5883 2.5488 2.2305 2.7366 2.2142 2.2528 2.3990 2.1823 2.3666 2.3859 2.1565 2.5109 2.2196 2.5566 2.5803 2.2250 2.5566 2.3050 2.2814 2.4190 2.4673 2.2931 2.3414
72 2.1265 3.1555 2.3666 2.3477 2.9708 3.5343 2.7557 3.0992 3.3809 3.8107 2.6466 3.0589 3.3284 3.0992 3.1849 3.2463 3.7114 2.8900 2.4889 2.4745 2.3859 2.6466 2.4889 2.6212 2.5803 2.9952 2.1928 2.7461 2.7272 2.4816 2.4889 2.4463 2.7951 2.5488 2.5488 2.1414 2.3291 2.3109 2.4463 2.4603 2.6296 2.5566 2.2142 2.2931 2.3794 2.8052 2.2305 3.2784 3.4940 2.3666 2.6129 2.2585 3.3989 2.4603 2.7951 2.8466 2.3414 3.5977 2.9354 3.4940 2.9011 2.0833 2.5566 2.3730 2.5964 2.7752 2.4745 2.6996 2.9952 2.6296 1.1197 1.1097 0.0000 1.1782 1.3973 1.1197 1.2953 1.4968 2.2585 2.3170 2.8154 2.4745 2.5488 2.2585 2.7752 2.9011 2.7272 2.2699 2.2990 2.5335 1.4770 1.0694 1.5482 1.0338 1.0522 1.0869 1.1889 2.8790 3.0330 2.7461 2.7557 2.9589 2.6296 2.6996 2.8900 2.8361 2.5335 2.9470 2.8466 2.8900 2.9011 2.6129 2.8900 3.0202 2.8154 2.4889 3.0330 3.3456 2.9708 2.6381 2.6129 2.7951 2.4190 3.0459 2.9952 2.2250 2.6466 2.7179 3.0459 2.6639 2.5035 2.2931 2.6466 2.9011 2.6046 2.7752 2.8466 2.9708 2.7851 2.4745 3.0330 2.7461 2.4463 2.7557 2.0647 2.8573 2.5723 2.3109 2.3602 2.5259 2.4745 2.4603 3.2463 2.8573 3.1555 7.4165 3.3456 3.3989 3.2151 3.4173 4.3783 2.6129 2.7752 2.6727 2.4325 2.7752 2.4603 2.3924 2.6129 2.5184 2.6816 3.9183 3.8107 2.8573 2.5035 3.1270 2.6212 3.1999 3.0722 3.3456 2.9238 3.4940 2.2472 2.1875 2.9354 2.2814 2.2931 2.2585 2.1315 2.4190 2.9708 2.9952 2.3666 2.5109 2.9124 2.5723 3.2151 2.9708 2.6296 3.0992 2.5488 2.7557 2.5411 2.5566 2.5411 2.4463 2.6906 2.6996 2.1364 3.0459 2.5644 2.2642 2.3602 2.5803 2.9470 2.3924 3.0076 2.7179 2.9238 2.8790 2.8154 3.3284 2.8052 2.6296 2.4603 2.1771 2.2361 2.2250 2.4325 2.2585 2.3794 2.5184 2.3170 2.1414 2.6296 2.4122 2.9011 2.6639 2.9124 2.1928 2.1823 2.6296 2.3602 2.6552 2.3170 3.2622 2.8361 2.7366 2.8573 2.8052 2.3666 2.4056 2.5259 2.2528 2.1719 2.6996 2.8790 2.5411 3.0856 2.8790 2.8573 2.7752 2.8361 2.4056 2.5644 2.4056 2.5335 2.3794 2.8361 2.9011 2.2361 2.7752 2.6129 2.7179 2.7179 2.6046 2.3666 2.6816 2.3794 2.4056 2.3353 2.2250 2.7951 2.4325 2.0880 2.4463 2.6046 2.7366 2.4325 2.4533 2.4056 2.4394 2.3859 2.3602
73 2.3794 2.7179 2.4673 2.6816 2.2034 3.1412 2.8790 3.0459 3.7851 2.8361 2.3794 3.1701 3.3456 2.9708 2.8361 3.1412 2.8466 2.9952 2.1216 2.6466 2.9238 2.7366 2.6906 2.6212 2.8052 2.7557 2.8154 2.8681 2.5803 2.5803 2.5644 3.0202 3.3809 3.3456 3.0992 3.0992 2.5184 2.6381 2.9830 2.6129 2.6466 2.8257 2.7366 2.8790 3.4940 3.0459 2.7087 3.7851 2.8154 3.4940 2.7179 2.9830 2.7851 2.6552 2.9708 3.2784 2.8790 2.5964 2.8154 2.5964 2.8154 2.9708 2.8466 3.4743 2.8154 2.9708 2.8154 3.1555 2.7272 2.7366 1.0710 1.1925 1.1782 0.0000 1.2482 1.2218 1.3620 1.5221 2.1022 2.2250 2.0197 2.5411 2.1414 2.1022 2.2528 2.3990 2.2250 2.0110 2.1565 2.1616 1.2793 1.0430 1.4433 0.9088 1.1502 1.0678 1.1641 2.4257 2.6552 2.6906 3.0330 2.7752 2.6639 2.9124 2.9124 2.3924 2.8790 2.5644 2.5723 3.0076 2.9470 2.7087 2.9830 2.5964 3.1555 2.5184 2.9830 2.6296 2.5411 2.1875 2.6996 2.5411 2.9238 2.5803 2.9830 3.4360 3.2463 2.9011 2.3170 2.6046 2.8573 3.0459 2.8573 3.2463 2.9952 2.9238 3.2784 3.4173 3.3631 2.7087 3.0459 2.9238 2.6129 2.7179 2.0880 2.6996 2.7087 2.6381 2.5488 2.7179 2.7752 2.8573 3.4743 3.2784 3.1999 3.1412 5.2569 3.7114 4.1632 4.0978 4.2315 2.9708 2.6466 2.4889 2.6381 3.0722 2.6129 2.7366 2.6996 2.6996 2.7366 3.1555 3.9755 2.8573 2.5035 3.9466 1.9938 4.5829 3.2463 3.4743 3.0722 3.8367 2.6381 2.6466 2.7557 2.5259 2.4889 2.5109 2.8154 2.5883 3.1555 2.6381 2.5964 2.5035 2.7654 2.8573 2.6639 2.4533 2.8790 3.0992 2.6296 2.7951 2.7366 2.6996 2.6466 2.1719 2.4603 2.2931 2.3353 2.3414 2.0833 2.3170 2.1616 2.4603 2.3109 2.7179 2.5803 2.9952 2.6639 2.4325 2.5335 2.6129 2.7366 2.7179 2.5723 2.3924 2.5723 2.6466 2.3539 2.9708 2.4190 2.6296 2.4394 2.9952 2.1414 2.4745 2.2814 2.2196 2.6381 2.1364 2.0555 2.4745 2.6129 2.5644 2.9238 2.7951 2.7179 2.8154 2.5644 2.6639 2.3794 2.6296 2.5488 2.5488 2.2814 2.3794 2.6639 2.9011 2.6296 2.7557 2.7557 2.6996 3.1130 2.6466 2.3990 2.5964 2.4745 2.6129 3.3456 4.0978 2.4673 2.7366 2.4889 2.2472 2.4190 2.3230 2.3170 2.2931 2.3924 2.2528 2.5035 2.2196 2.5488 2.3990 2.4463 2.7179 2.3859 2.2361 2.1515 2.3602 2.5335 2.6212 2.3990 2.2699
74 2.0153 3.4940 2.2034 2.3666 2.8466 2.7752 2.4463 2.9589 3.8633 2.9830 2.7752 3.5762 2.7179 3.1130 3.4550 2.6906 3.4940 3.5762 2.7461 2.7851 3.4550 2.7654 2.5488 2.8154 2.7179 2.7951 2.6466 2.5644 2.8361 3.0589 2.9952 2.8573 2.7752 2.6639 2.8573 2.7272 2.5723 2.6727 2.8573 2.7366 2.5644 2.8790 3.0202 3.3114 2.7951 3.5551 2.5411 2.8573 2.4325 2.7557 2.8257 2.4190 3.5762 2.6727 2.6296 2.7272 2.7752 3.0076 2.6639 3.4743 2.2931 2.5964 2.5723 3.0202 2.4325 2.6296 3.1555 2.7272 2.4463 2.5964 1.3197 1.2052 1.3973 1.2482 0.0000 0.8348 0.5478 0.7617 2.4673 2.4889 2.6906 2.9708 2.5035 2.4673 2.5644 3.0992 2.5803 2.6381 2.4056 2.4889 1.5723 1.4293 1.8966 1.3664 1.5170 1.4770 1.4576 2.4889 2.8257 2.8573 2.9708 2.8573 2.7087 3.0722 2.5723 2.6727 3.0589 2.5411 2.7951 3.0992 2.0197 3.0722 3.9466 2.6466 3.2948 3.1849 1.9561 2.8790 2.8573 2.3170 2.6816 2.3924 2.5964 2.7179 2.7366 2.7654 2.5184 2.7087 2.5644 2.5723 2.3170 2.8466 2.6552 2.9708 2.5644 2.3794 3.1849 2.6996 2.5335 2.8573 2.7366 2.5035 2.2585 2.3291 1.7948 2.1719 2.3170 2.5184 2.4056 2.3477 2.3602 2.5109 2.9238 3.4743 3.0589 3.1555 3.1130 2.8573 2.8052 3.1270 2.9354 2.6996 2.0833 2.5488 2.3666 2.5964 2.9011 2.6046 2.6046 2.3666 2.7179 2.2142 3.0992 2.7851 2.4190 5.0798 215.8902 3.1412 2.6906 4.4980 3.2463 2.9238 3.0722 2.3859 2.8154 2.7752 2.6727 2.7752 2.4056 2.7951 2.3050 2.2416 2.2361 2.2250 2.4190 1.9938 2.2931 2.5035 2.4056 2.4889 2.5035 2.5335 2.4533 2.2699 2.1414 2.1315 2.1265 1.8157 1.8852 1.9853 2.2361 2.0285 1.8480 2.5644 2.0880 1.8017 2.9238 2.7557 2.4889 2.5964 2.2472 2.4816 2.3859 2.4056 2.2585 2.3539 2.0241 2.5335 2.0927 2.4745 2.2990 2.0647 2.2931 2.0153 2.1022 2.5644 2.3794 2.3109 2.5964 2.2142 2.6727 2.3602 2.1875 2.2472 1.9439 1.9603 2.3170 1.8928 2.3539 2.2142 1.7610 2.0419 2.1070 2.2088 2.1719 1.8017 1.8966 1.8590 1.7948 1.9082 1.6968 1.7677 1.9603 2.2142 2.1022 2.1616 2.0880 2.1565 2.8790 3.4940 2.4962 2.3730 2.5964 2.3230 2.8790 2.5644 2.3794 2.3730 2.3990 2.4889 2.6046 2.4394 2.3170 2.1928 2.2699 2.9238 2.4603 2.2699 2.3730 2.6296 2.1875 2.5259 2.4190 2.3050
75 2.3666 2.4325 2.3230 2.4463 2.3414 3.1555 2.3794 2.6296 2.9011 2.7951 2.2472 2.9708 2.3539 3.0722 3.4940 3.1270 2.7951 3.2463 2.4533 2.3539 2.3666 2.3990 2.3353 2.7557 3.1270 3.2463 2.4603 2.5184 2.3170 2.5964 2.3666 2.5488 2.3666 2.7752 2.5644 2.3990 2.6552 2.8361 3.1555 2.1616 2.4325 2.4325 2.4962 2.3414 2.5488 2.7951 2.4745 2.8573 2.7654 3.0992 2.9589 3.3284 2.7752 2.6296 2.9952 3.4743 2.9952 2.8257 3.1849 2.5184 2.2873 2.4394 2.5964 2.6129 2.6996 2.3539 2.4257 2.5411 2.7557 2.6727 1.3751 1.1961 1.1197 1.2218 0.8348 0.0000 0.8724 0.9331 2.1616 2.2642 2.5335 2.5488 2.1119 2.1616 2.3050 2.4122 2.3230 2.0739 2.5723 2.2416 1.3973 1.3343 1.6253 1.2520 1.3534 1.3364 1.2873 3.1849 2.9708 3.1849 3.0202 3.6646 2.9952 3.3284 3.2463 2.9470 3.1270 2.9952 2.9589 3.2948 3.4550 3.1555 3.1270 3.5140 3.6646 2.9830 3.3809 3.5140 3.0459 2.9011 3.3456 2.9011 2.9124 2.9470 3.4940 3.4550 2.5964 2.7951 3.0722 2.8257 2.8900 2.9708 2.6466 3.2784 2.9470 2.8154 2.6816 2.7951 3.1999 2.7366 3.2784 2.8361 2.6381 2.4745 2.4533 2.7752 2.3291 2.4816 2.8154 2.6046 2.6296 2.4463 3.9183 3.5762 4.3032 8.9402 4.7661 4.4980 3.6878 4.5829 3.9755 2.6046 2.5964 2.5644 2.3170 2.9011 2.7087 2.6727 2.8573 2.6639 2.5883 3.6646 4.3783 3.3989 2.4325 4.0662 2.6466 3.2622 3.3809 4.7185 3.5762 3.2948 2.6906 2.4816 3.0459 2.7461 2.7752 3.0202 2.7461 2.6296 2.8361 2.5964 2.8573 2.8361 2.6296 2.4325 2.3924 2.7272 2.8154 2.7557 2.7366 2.6816 2.6996 2.7851 2.5109 2.4190 2.8257 2.4533 2.3109 2.8900 2.5488 2.3050 2.2585 3.0202 2.2814 2.4056 2.5184 2.7461 2.9830 2.6906 2.5964 2.4745 2.7366 3.0589 2.3414 2.6996 2.5488 2.4056 2.5035 2.3794 1.9769 2.3666 2.3666 2.3230 2.3859 2.7366 2.8361 2.3990 2.8573 2.2585 2.2585 2.1928 2.1719 2.1414 2.7752 2.6996 2.8154 2.5184 3.0330 3.0459 2.4190 2.7366 2.9011 2.6727 2.7557 2.9124 2.3230 2.3414 2.4603 2.6381 2.5035 2.6639 2.6129 2.4122 2.6381 2.4745 2.8900 2.3666 2.6381 4.3783 2.6466 2.7752 2.5883 2.6046 2.8361 2.6212 2.5335 2.3414 2.7461 2.3170 2.5566 2.4889 2.5488 2.6129 2.5803 2.9952 2.4889 2.7179 2.4394 2.8900 2.7654 2.5803 2.2931 2.6129
76 2.7272 2.6296 2.4745 2.6129 2.7557 2.6639 2.4325 3.3284 3.3809 3.6419 2.6552 2.8052 2.6639 2.8052 3.0589 2.6816 2.8154 3.4940 2.9238 2.9830 3.5762 3.1270 2.6816 2.7366 3.0076 2.6816 3.1130 2.7366 3.0992 2.8900 2.9238 3.5343 3.2784 4.0978 3.8367 2.9952 2.9589 3.3989 2.8052 2.6816 2.4962 3.4550 3.4360 3.6196 2.9952 3.1849 2.9011 3.9183 4.0051 4.0978 3.1999 3.6196 3.0459 3.3284 4.0353 2.9830 4.1301 4.3783 3.4173 3.1701 2.9238 2.3170 3.7600 2.9354 2.9952 3.0202 4.0978 3.6646 4.6269 2.5109 1.2754 1.1979 1.2953 1.3620 0.5478 0.8724 0.0000 0.9835 2.7366 2.6816 2.8681 3.0722 2.4463 2.7951 3.2622 2.9354 2.6816 2.7272 3.0589 2.7366 1.4624 1.2255 1.6485 1.2368 1.2330 1.2597 1.4293 3.2622 3.3284 3.4550 3.3989 2.8361 3.0992 4.3783 2.6906 3.0992 3.3456 3.0722 3.3989 3.7355 4.7185 3.8367 3.7851 3.0992 4.0662 3.5140 3.2306 3.8905 3.3989 2.9589 2.5964 2.8154 2.7366 2.6129 3.2784 2.4463 2.6816 2.7179 3.1849 2.7272 2.5488 2.8361 2.5964 2.9470 2.8900 2.7179 2.9589 2.7366 2.8361 3.1849 2.7557 2.2416 2.7179 2.4257 2.4122 2.8466 2.5184 2.6727 2.6639 2.6727 2.2142 2.8257 4.6269 3.9755 4.6269 3.4173 2.7179 4.1632 3.2463 4.4980 2.9708 2.6466 2.9011 2.7179 2.8900 3.6196 2.6296 3.2622 2.8257 2.3730 2.8573 3.2463 3.6646 3.5977 3.0722 4.3403 3.9755 4.3403 3.0722 3.8633 2.8361 4.2315 3.2463 3.2784 3.6646 3.2784 3.3456 3.2151 3.8633 3.9183 2.4190 2.5803 2.7752 2.5964 2.5411 2.3109 2.0464 2.7752 2.6816 2.3794 2.7366 2.7366 2.8052 2.1070 2.5803 2.5335 2.1823 2.7951 2.0197 3.1849 2.6129 2.4889 2.4603 3.4743 2.2990 2.9124 2.9470 3.1999 2.9011 2.9238 2.7557 2.7087 3.0722 2.6639 2.6466 2.9124 2.5803 2.5335 2.6212 3.0589 2.9470 2.8361 2.3730 2.5035 3.1270 2.9952 3.1412 3.4550 3.3456 2.6906 2.3291 3.1555 2.9470 3.0722 2.9124 2.6296 2.6381 2.6996 2.5335 3.0202 2.6996 2.7752 2.6996 2.5644 2.3924 2.5803 2.8361 2.2361 2.4394 2.2142 2.0833 2.2642 2.1464 2.7179 2.7654 2.7752 2.6296 2.6727 2.8900 5.0239 2.4533 2.8154 2.8154 2.8154 2.8257 2.5488 2.2699 2.3794 2.9238 2.6466 2.6996 2.3291 2.6552 2.7557 2.6129 2.5259 2.8361 2.4745 2.2585 2.5488 2.6212 2.7179 2.2305 2.5035
77 2.7557 3.1412 2.5803 2.8361 2.8257 3.5762 2.5488 3.0992 2.9238 2.9470 2.3291 3.1555 3.0076 2.6296 3.1999 3.0330 3.0076 4.6721 2.8154 2.5883 2.8361 2.9238 2.6466 2.5723 2.4325 2.5964 2.5335 2.5644 2.2873 2.6129 2.7752 2.7951 2.4745 2.9952 2.6296 2.6466 2.4533 2.7366 2.6552 2.5335 2.5488 3.0589 2.9124 3.1270 2.5644 3.3631 2.4745 3.5977 2.9830 2.9238 2.4257 3.0722 3.1270 2.5184 2.3666 2.6129 2.6466 2.6996 2.7366 2.2814 2.4603 2.7557 2.7366 3.5551 2.9238 2.9830 2.6996 2.9708 2.5723 2.9011 1.4918 1.4721 1.4968 1.5221 0.7617 0.9331 0.9835 0.0000 2.9952 3.0992 2.8790 3.0992 2.7272 3.1555 2.6466 3.7114 3.2784 3.1555 3.0202 2.7951 1.6604 1.3115 1.5429 1.2330 1.3301 1.3385 1.3839 2.7851 2.9238 3.1999 3.6419 2.7366 2.9589 3.2463 2.7654 2.8573 2.6212 2.4745 2.1315 2.5566 3.0589 2.9470 3.6196 3.0589 3.1849 3.1555 2.0285 3.1412 2.9011 2.5109 2.6906 2.9124 3.2151 2.7951 2.6129 2.9830 2.5335 2.4889 2.9708 2.5335 2.2931 2.4673 2.9011 3.1130 2.9470 2.9708 3.1130 2.4745 3.0589 2.5035 2.5803 2.7851 2.7654 3.3456 2.6816 3.0722 2.6906 3.0722 2.8790 3.0992 2.6296 3.1555 3.0330 3.7114 3.7600 5.3835 4.0353 3.4173 2.6046 4.3783 3.7355 3.2463 2.5883 2.4533 2.2814 3.6646 2.8573 2.3050 3.2463 2.7752 2.4056 3.6196 3.2622 3.4173 3.3456 4.7185 4.1632 3.0722 3.2784 4.0051 3.0992 4.1632 2.6639 2.9354 3.4940 3.0459 3.1555 5.1372 3.0076 3.4940 2.6816 3.0459 2.2142 2.6129 2.5964 2.5184 2.6466 3.0459 3.1849 3.0202 2.9952 3.1270 3.3284 3.0992 2.3539 2.1616 2.1265 2.7752 2.1928 2.3730 2.2088 2.4889 2.3050 2.7087 2.1216 2.0693 3.0330 2.7557 2.7179 2.6816 2.9354 2.8052 2.7654 2.8361 2.5883 2.4325 2.4463 2.5184 2.7654 3.0202 2.3794 2.6129 2.5964 2.4463 3.1849 2.4122 2.4816 2.6816 2.3050 2.8361 2.8573 3.0076 2.8900 2.9952 2.5964 2.4603 2.8681 2.2585 2.8466 2.5335 2.1414 2.5335 2.3924 2.5035 2.4533 2.2585 2.5035 2.9830 2.6639 2.5566 2.4673 2.4325 2.6906 2.4889 2.3291 2.3539 2.4533 2.5964 3.0076 3.7851 2.4325 3.1999 2.9238 2.4463 2.4463 2.7179 2.5488 2.5259 2.4463 2.3414 2.8257 2.6996 2.4889 2.5488 2.3924 2.3990 2.6381 2.3353 2.4673 2.4533 2.3859 2.6552 2.3109 2.7366
78 1.8739 2.1719 1.8739 1.7948 2.6816 2.5488 2.6816 2.1414 2.5964 2.3539 2.7752 2.6996 2.7557 2.1616 3.0589 3.0722 2.8154 2.7851 2.6996 3.8633 2.8466 2.8790 3.0722 3.8107 3.0202 3.0459 3.3809 3.8633 3.2463 3.4743 3.0856 2.8573 2.9354 2.9952 2.6816 2.8573 3.2463 3.3284 2.9830 3.1849 4.8150 4.7661 3.2306 4.0662 3.4173 5.0239 3.7851 2.5488 2.4190 3.2463 3.3631 2.4463 3.3456 3.2151 2.6996 3.5343 3.5343 2.6816 2.9354 2.8361 2.6296 3.5762 4.7185 3.4173 2.9830 2.7087 2.9011 3.4940 3.0992 3.1555 2.1216 2.2361 2.2585 2.1022 2.4673 2.1616 2.7366 2.9952 0.0000 0.3346 0.4717 0.3622 0.3346 0.0070 0.3519 0.4520 0.4201 0.3711 0.2736 0.4407 2.3924 3.1999 2.9124 2.2088 2.8257 2.4673 2.2873 3.3114 4.0353 2.2814 2.8573 4.0978 2.7179 3.3456 3.3456 3.3456 3.3989 2.8154 3.0992 2.3730 2.9708 3.5343 4.2315 3.7851 4.3032 3.6196 2.0693 3.1270 3.4173 2.3539 4.0353 3.0992 3.2151 4.3403 5.1372 3.4360 4.0353 3.4940 3.9755 3.2784 3.7600 3.3809 3.3809 4.0051 4.0978 3.5551 4.2669 2.9830 4.0051 4.7185 4.0978 3.5762 2.2142 1.9521 1.6456 2.2034 2.1928 2.2250 2.4325 2.2472 1.9980 2.4463 3.2948 4.1632 3.3989 3.1701 2.9124 2.7851 3.5551 7.4165 2.7272 2.6727 2.9011 2.5566 2.6816 2.5035 2.6296 2.4962 2.3794 2.3794 2.6296 3.7851 2.6996 2.8573 3.2151 2.7557 3.0722 3.2948 3.5343 6.5129 4.2315 2.6816 2.9952 1.9769 2.4394 3.1849 2.4889 2.2196 2.2361 2.7179 3.6646 6.1401 3.6646 3.0992 3.1555 3.6646 4.4172 3.7600 4.0353 9.9226 4.0353 3.4940 3.7114 10.6010 3.4360 2.4257 3.4940 2.7272 3.3456 3.1701 2.3602 2.4962 3.0589 3.1270 2.3353 2.9124 3.3456 2.9470 2.4673 2.9470 3.6878 3.0459 3.2306 3.2784 3.7600 2.3170 2.7557 2.7461 1.8407 2.3230 1.8966 2.1315 2.3924 2.7557 1.9938 2.0023 2.4190 1.9603 2.4122 2.4325 2.2873 2.4122 2.3666 2.7752 2.3109 2.4122 2.3990 2.5411 2.4962 2.2931 2.4463 2.7951 2.5883 2.5566 2.3666 2.5964 2.5335 2.6996 2.1981 2.8681 2.4325 2.7272 2.9470 2.2585 2.4122 2.4325 2.5184 2.3414 2.6381 2.4190 3.5762 2.6046 3.3114 3.2948 2.8790 3.0202 2.7272 2.6296 4.3032 2.9952 3.1270 4.2669 3.3631 3.0330 3.1130 2.5723 3.3809 3.3809 3.6419 2.3230 3.5977 4.0353 2.6996 3.2784
79 1.9685 1.9769 1.8966 1.8590 2.8154 2.7366 2.6816 2.3794 2.6996 2.2699 2.6639 2.3170 2.5184 2.6639 2.8154 3.2948 2.7951 2.9470 3.0856 3.1849 3.0722 3.4940 2.9830 2.8681 3.3456 2.8154 2.9952 3.8633 3.0722 2.7851 3.1849 3.5762 3.8633 3.1270 2.8790 3.3456 2.1719 3.2463 3.1270 3.2151 2.8681 4.2315 3.1999 3.0992 3.5762 2.5964 3.0992 2.6046 2.4325 3.1999 2.8900 2.7951 2.5184 3.7355 3.1270 2.6381 3.0992 2.5644 5.8103 2.2585 3.0330 2.9952 3.0202 2.9011 2.9011 2.3924 2.8154 2.6816 3.2151 4.0353 2.3414 2.3291 2.3170 2.2250 2.4889 2.2642 2.6816 3.0992 0.3346 0.0000 0.3232 0.4264 0.3232 0.3346 0.3050 0.5177 0.3876 0.2912 0.3711 0.3741 2.5723 3.5762 2.9708 3.3631 3.1849 2.7851 2.8154 1.8157 2.9011 2.4889 2.0153 2.7087 1.9938 2.2931 2.5488 2.5184 2.5803 2.2250 2.1719 3.0992 2.6212 2.8573 2.9011 2.4889 2.1315 2.4962 2.5723 2.5803 3.2784 2.5644 3.7851 3.4173 3.4743 3.8367 5.3835 3.4940 3.7600 4.0353 4.2669 3.4940 3.4550 3.1849 3.0202 3.6646 3.7851 3.1555 4.0353 3.7114 2.8790 2.9589 4.5399 3.9755 2.1022 1.9480 1.7220 2.2699 2.4745 2.2585 2.9011 2.5184 2.9011 2.3859 3.0992 3.4550 3.5551 3.3284 2.7557 2.7179 3.2622 3.8905 3.5343 2.7951 3.0202 2.3414 2.3794 2.5035 2.7366 2.5488 2.5488 2.4745 2.9470 3.4173 3.0459 2.9952 3.2306 3.7114 2.4190 3.5140 3.5140 4.0662 3.5343 3.0722 3.2784 2.2814 3.4173 3.1555 2.9238 2.6996 2.6996 2.4745 3.0722 3.9755 3.8633 4.1632 3.6196 4.0662 6.0539 3.1849 4.4571 5.9702 4.0978 5.1372 3.7851 5.3835 3.9183 2.6212 4.3032 2.4745 2.4056 2.8361 2.4889 2.6296 3.0202 3.4173 2.2585 3.2306 2.9011 2.6296 2.5335 3.0992 3.0330 3.1412 2.9470 3.4940 4.4980 2.3414 2.3170 2.6639 2.0833 2.4533 1.9644 2.3414 2.2250 2.4603 2.2814 2.2250 2.2034 2.5803 2.6296 2.2642 2.4394 2.3414 2.6996 2.4325 3.1412 2.7752 2.3730 2.4603 2.6296 2.5566 2.2990 2.7179 2.5411 2.1823 2.2088 2.5488 1.9769 2.6212 2.3170 2.6816 2.5644 2.7951 2.6552 2.3414 2.2814 2.4673 2.4816 2.2528 4.3783 2.6381 3.6196 2.6129 2.8790 2.8154 2.7179 3.2463 3.0992 3.4940 3.5140 2.9238 3.2784 3.5343 4.6269 4.3032 2.8573 3.7114 3.3989 5.0798 2.7366 3.3809 5.0798 3.1999 3.3456 3.5343
80 1.8443 2.2585 1.8966 1.9359 2.5335 2.9589 2.5184 2.1928 2.6129 2.2142 2.6296 2.4122 2.6129 2.2814 2.7752 3.0076 2.5883 2.9952 2.6129 3.0459 2.5964 2.9011 3.4550 3.6196 3.4550 4.3783 2.3794 3.6196 2.9238 2.9124 3.0722 3.0722 3.2784 2.8361 3.3809 2.7752 2.7752 2.9952 2.3539 3.9755 2.8052 4.0978 3.1555 3.1849 3.4940 3.6646 3.0202 4.2315 2.3414 3.3114 2.9830 2.6906 3.1270 2.4962 3.3989 2.9952 3.3114 1.9005 2.6639 2.6552 2.8681 3.8107 3.3809 3.1555 2.7557 2.8790 2.6996 3.1849 3.2463 4.4571 2.2196 2.2814 2.8154 2.0197 2.6906 2.5335 2.8681 2.8790 0.4717 0.3232 0.0000 0.5679 0.5335 0.4818 0.4684 0.5753 0.5004 0.4076 0.5038 0.5407 2.3794 2.7179 2.6129 2.5035 2.5335 2.3539 2.9011 1.6195 2.5644 2.7951 1.7880 2.1265 2.0739 2.4325 2.2699 2.0464 2.1616 1.9603 2.3539 2.6296 2.9952 2.5335 2.9708 3.9466 2.3170 2.6296 2.1515 2.5035 3.1270 2.8361 4.1301 3.5343 2.8361 3.4940 5.5176 3.9466 3.7114 3.6196 4.2669 3.4173 3.6196 3.8633 4.9166 6.9357 5.4496 3.8107 5.2569 4.4571 4.4571 5.0239 4.6721 3.9466 1.9853 1.9521 1.9399 2.0464 2.4603 2.7179 2.5644 2.1719 2.2814 2.4673 3.4550 4.0353 4.1970 3.1701 2.9470 2.6552 2.8154 3.3631 2.7557 2.2931 2.4463 2.4190 2.4816 2.7179 2.6816 2.3291 2.4056 2.7557 2.9011 2.7366 2.7557 3.3114 3.1270 2.7951 3.2622 4.3032 3.2306 4.3032 4.0353 3.0459 2.8154 2.3539 2.7951 2.6816 2.9011 2.6816 2.5488 2.8154 3.9755 11.0955 3.0992 3.6196 4.1632 5.6597 7.6817 3.2151 4.5399 3.9755 4.5399 5.7339 4.1632 5.6597 4.0353 2.8573 2.6381 3.0330 4.5829 3.0330 2.4673 2.9354 2.8466 2.9238 2.4745 2.6296 3.2463 3.1849 3.0992 2.5964 3.4743 3.1412 3.6196 4.3403 2.6816 2.6639 2.5488 2.5335 2.6996 2.2699 2.0374 2.3170 2.0647 2.7752 2.5964 2.5335 2.5803 2.4889 2.5488 2.2361 2.1719 2.0739 2.1616 1.9769 2.6816 2.9354 2.5803 2.6129 2.9011 2.6816 2.4603 2.8052 2.5964 2.6996 2.1875 2.5723 2.3859 2.6466 3.1701 2.9830 2.7272 2.8154 2.6727 2.3170 2.5335 2.2990 2.4673 2.4889 2.7087 2.8790 3.0992 2.4325 3.1555 4.3032 3.0992 4.6269 3.7600 3.4173 3.4550 3.6196 3.4743 3.3809 3.8367 5.8103 3.0722 3.8905 6.5129 4.4172 3.4360 2.9589 4.2315 4.6269 3.1849 2.6129
81 1.9279 2.4603 1.9769 1.8017 3.3114 2.5184 2.5964 2.4889 3.1555 2.5335 3.0992 2.5803 3.0459 2.5184 3.0076 2.8154 2.9238 2.9470 3.0459 2.3539 3.1849 3.1270 3.8367 3.5977 3.3114 3.7114 2.9238 3.6196 3.0856 3.5140 3.4360 4.1632 4.1632 4.0353 3.4550 4.2669 3.0722 3.4940 3.7600 3.5343 3.4360 5.8103 3.2463 4.9695 3.8107 4.4980 4.4571 2.7179 2.7179 3.8633 3.5551 2.7179 2.7179 4.6269 3.0722 3.0722 3.9183 3.1849 6.9357 3.1849 3.3284 4.0353 3.9183 4.1632 3.4550 3.2151 2.9238 3.8367 5.5176 4.0353 2.2142 2.5035 2.4745 2.5411 2.9708 2.5488 3.0722 3.0992 0.3622 0.4264 0.5679 0.0000 0.3786 0.3711 0.3593 0.4902 0.4569 0.3968 0.4107 0.5229 2.3924 2.6466 2.5644 3.3989 4.0051 2.9238 2.5803 2.8361 2.3539 2.3291 2.2814 2.5644 2.0067 2.7366 2.3291 2.2472 2.9238 2.3291 2.3602 3.1130 3.0722 3.1849 2.7851 2.8573 2.5488 2.9011 2.5566 2.5964 3.1270 2.5488 3.3114 3.0459 6.9357 4.4571 10.1407 3.3456 5.3835 5.8891 3.2784 4.3783 4.8150 7.9651 3.6878 3.9183 4.0978 5.3835 4.7661 3.4173 3.5762 4.1632 6.3208 4.0978 2.6046 2.0833 1.9044 1.8228 2.9470 2.2142 2.8361 2.4603 2.2034 2.1719 3.4550 3.7114 4.1970 3.0856 2.8681 2.7179 3.9183 10.1407 2.6906 3.2151 2.6996 2.0693 2.4603 2.9011 4.0353 2.4816 2.7179 2.5035 2.6727 3.1130 3.1555 2.6466 3.1849 3.2151 2.9589 3.5140 4.4571 4.7661 4.5399 2.8790 2.9354 2.4962 3.3456 3.5551 3.2784 2.9708 2.8154 2.9011 3.3989 3.1555 3.5551 4.0353 2.6996 3.4550 3.6646 2.9470 3.6878 4.5829 3.8633 2.8681 3.6419 4.6721 3.4743 2.8790 3.6646 2.4603 3.6196 2.7087 2.2873 2.2931 2.9952 3.0202 2.8466 3.2463 3.2463 2.6296 2.5035 2.9124 3.8367 3.1849 3.0459 3.3809 3.4940 2.8900 2.4463 2.9238 2.2416 2.7179 1.9685 2.5488 2.2361 2.7179 2.1414 2.3794 2.3170 1.9685 2.5964 2.4745 2.3990 2.2250 2.9708 2.2472 2.7951 2.2990 2.3170 2.4962 2.6906 2.2472 2.1981 2.3291 2.2756 2.3924 2.0419 2.2814 2.4603 2.8681 2.7851 2.6727 3.1849 2.7752 2.8573 2.3539 2.5883 2.2814 2.0419 2.4056 2.8573 2.6727 3.1412 2.7851 3.3114 4.0662 2.9952 3.4550 3.6646 3.0722 3.7114 3.1555 4.3783 3.1849 4.1970 2.5335 2.8573 2.7951 3.5762 3.3631 2.8681 2.9708 3.5140 3.8367 2.6129 3.3114
82 1.9121 1.9121 2.0023 1.8087 2.8573 2.7851 2.6816 2.8790 2.6816 2.5335 2.8790 2.6129 2.5035 2.4122 2.9470 3.0992 2.7366 2.8573 2.7951 3.9183 3.8633 3.7114 3.4360 3.5140 3.4173 3.5343 3.0202 3.0722 3.0202 3.5762 3.0722 3.5343 2.8361 3.6196 3.1555 2.7557 2.1515 3.0589 3.0459 3.5977 4.2669 4.1632 4.0353 3.5762 3.6196 4.1301 4.3032 2.4463 2.7179 3.0202 2.8790 2.5644 2.6996 2.8361 2.8052 2.8361 3.0202 2.9238 2.6296 2.6816 2.9830 3.5343 4.0051 3.2948 2.8573 2.9238 3.2151 2.9708 3.3809 6.1401 2.4056 2.2931 2.5488 2.1414 2.5035 2.1119 2.4463 2.7272 0.3346 0.3232 0.5335 0.3786 0.0000 0.3346 0.3681 0.4311 0.4375 0.3505 0.3711 0.4201 2.5035 3.0992 3.6196 3.3631 3.2151 2.5335 3.1270 2.4394 2.7752 2.2931 2.8681 3.0459 2.1616 2.4745 2.9708 2.8154 2.3539 2.6212 2.2034 2.4603 3.0722 3.3456 2.9011 2.8790 2.5335 3.0722 2.3859 2.1875 3.2151 3.1849 3.5343 3.3809 4.4571 5.6597 8.9402 3.4550 4.4571 3.8633 4.6269 3.0992 5.1372 4.7185 5.1372 3.4743 9.3127 5.8103 3.8107 3.3114 2.6381 4.1970 5.1372 5.5176 2.7654 1.8890 1.7093 2.0739 2.7179 2.3291 2.6466 2.5488 2.5335 2.2250 2.8154 3.9755 3.5762 4.1632 3.3809 2.9470 4.5829 3.7600 3.3114 3.1270 2.9952 2.3291 2.8573 3.0722 3.4940 2.8573 2.9238 2.4190 3.3809 3.7600 3.3809 2.9238 3.1555 3.3284 3.3456 3.4940 4.9695 3.8107 4.5399 3.3809 2.7087 2.7851 2.7951 2.9952 3.7114 2.9952 2.8790 2.8573 3.5343 4.3783 7.2904 3.8107 3.2463 4.0978 2.9238 3.1555 4.0353 4.3783 3.2948 4.8651 5.1372 3.7600 4.1632 3.4743 3.3114 2.3291 2.6996 4.6721 2.4394 2.5335 2.6129 3.4550 3.1849 2.9011 3.3456 2.7654 2.9708 4.0051 4.8150 3.0459 3.6196 3.4940 3.4743 2.4745 2.3794 2.7366 2.1216 2.3730 1.8299 2.4190 2.4889 2.3666 2.1464 2.6296 2.6996 2.4603 2.7366 2.6996 2.4603 2.5723 2.8466 3.2463 2.9354 2.5644 2.7654 2.8257 2.5335 2.8257 2.1022 2.4257 2.5644 2.2250 2.3666 2.7272 2.1515 2.7461 2.8361 2.5723 2.7272 2.6046 2.4325 2.5644 2.6727 2.6296 2.6381 2.3414 3.3456 3.0722 3.0202 3.2784 4.2315 2.9238 2.7951 3.0202 2.9238 3.2622 3.9183 2.6296 3.3809 2.8573 3.9466 3.5140 2.8790 2.5803 4.4172 3.2151 2.7272 2.9238 3.2151 3.5343 2.8466 3.0722
83 1.8739 2.1565 1.9439 1.8299 2.6129 2.6129 2.9470 2.2585 2.6639 2.3539 2.6816 2.6816 3.2463 2.4122 3.1270 3.1849 2.8154 2.7851 2.9952 3.5140 2.8466 2.8361 3.5343 4.3783 3.2622 4.5399 3.6419 3.9466 3.2463 3.3114 2.9589 2.8573 2.9354 3.2306 2.5883 2.8573 3.7114 3.5343 3.0722 3.2948 3.2784 4.4980 3.2784 4.9166 3.5762 4.3403 3.7851 2.4889 2.6296 3.4173 3.0202 2.3924 3.1999 3.0202 2.8361 3.7600 3.2463 2.5335 2.8573 2.8361 2.8361 3.5762 4.7185 3.8107 3.0722 2.6381 2.9708 3.4940 3.0076 3.1555 2.2250 2.1167 2.2585 2.1022 2.4673 2.1616 2.7951 3.1555 0.0070 0.3346 0.4818 0.3711 0.3346 0.0000 0.3519 0.4618 0.4201 0.3711 0.2817 0.4407 2.3924 3.0076 2.7654 3.1849 2.6906 2.4673 2.3050 2.5335 4.0978 2.2361 2.8573 4.7185 2.9238 3.4550 3.3456 3.4940 3.3989 2.3666 3.0330 2.0739 2.9354 3.6646 3.3284 3.8905 3.9183 3.2948 1.9603 3.1701 3.4173 2.3539 3.8633 3.0202 3.5551 4.0978 5.1372 3.2784 3.8633 3.4940 3.7355 3.1849 3.7600 3.6646 3.4173 3.7600 4.3783 3.8367 4.5399 2.9830 3.6419 4.3783 4.1632 3.4550 2.1515 1.9200 1.6426 2.3170 2.2814 2.2699 2.4889 2.3414 2.1823 2.3924 3.7114 3.2151 3.0722 3.4743 2.9238 2.7366 3.7851 5.2569 2.7272 2.6296 2.9011 2.4673 2.7951 2.5335 2.6466 2.4962 2.4257 2.4056 2.4533 4.0662 2.7851 3.0992 3.2948 3.0459 4.9695 3.4360 3.7114 5.7339 4.8150 3.0202 3.1270 2.3353 2.6466 2.7366 2.6129 2.2814 2.4463 2.6466 3.7600 5.5876 3.8107 3.0722 3.2306 3.6196 4.9166 4.6269 4.7185 9.7121 4.0353 3.4940 3.7114 9.1232 3.4743 2.3924 4.3032 2.6552 3.6419 2.8466 2.3859 2.4962 3.0589 3.2463 2.4962 3.0202 3.1130 2.9470 2.4745 3.0076 3.6878 3.2151 3.2784 3.7851 3.3114 2.4463 2.7557 2.6381 1.8407 2.3859 1.8966 2.2699 2.3924 2.6639 2.0197 1.9938 2.3859 1.9603 2.5488 2.5488 2.3477 2.1565 2.3414 2.6639 2.2990 2.2699 2.3539 2.8466 2.4394 2.2416 2.4463 2.9011 2.4673 2.4394 2.3666 2.8361 2.5335 2.7272 2.3477 2.9124 2.6816 2.6381 2.9708 2.2585 2.2585 2.4325 2.3414 2.1823 2.5803 2.7461 3.5343 2.6381 3.5762 3.6196 2.7951 3.0992 2.8361 2.7654 5.0239 3.0076 3.1270 4.1632 3.5140 4.3783 2.8790 2.7087 3.9183 3.5551 3.5140 2.6639 3.2151 3.7114 3.2948 3.0722
84 1.7677 2.0647 2.0464 1.8228 3.1849 2.7557 2.5803 2.6129 2.8361 2.2931 2.8790 2.4673 2.5964 2.5803 3.0992 2.9952 2.8154 2.9238 2.8361 2.7557 4.0353 3.1130 3.3456 3.3809 3.4550 4.2669 3.1412 3.8633 2.9354 4.1632 2.9470 3.6646 3.7600 3.5762 4.3783 3.2151 3.3456 3.7600 3.3456 3.5343 2.9952 4.4172 4.0353 4.2315 3.2463 4.8150 3.7355 2.6296 2.3050 3.4940 2.7366 2.1823 3.7355 2.8790 2.6996 2.9708 3.1555 2.4962 3.7114 2.1364 3.3114 2.8154 3.5762 3.3114 2.7752 2.5488 3.2151 3.0856 3.0722 4.4980 2.5184 2.2196 2.7752 2.2528 2.5644 2.3050 3.2622 2.6466 0.3519 0.3050 0.4684 0.3593 0.3681 0.3519 0.0000 0.4107 0.3505 0.3232 0.2722 0.4201 3.0076 3.2306 2.5883 3.8633 2.9238 2.1719 2.5964 2.8361 3.0459 2.7951 2.2931 3.3284 2.6906 2.3794 2.7461 3.3809 2.7179 2.2931 2.0833 2.8257 3.4550 3.9466 3.2622 3.1849 2.6996 3.3114 3.9183 2.4889 3.1270 2.7366 3.9755 3.6196 3.8107 5.1372 5.5176 3.9183 3.8633 4.6269 3.8633 4.9166 4.1970 5.3193 4.0978 3.7114 3.4173 5.1962 6.2291 3.8367 3.3114 3.5343 7.5469 4.3783 2.2142 1.9727 1.9521 2.2361 2.7087 2.5109 2.5184 2.4603 2.7366 2.6727 3.1130 6.7176 3.9755 3.3456 2.6552 3.0202 3.3989 3.5343 3.4940 2.6639 3.0459 2.6129 2.7654 2.8154 3.0459 3.0076 2.7851 2.6296 2.7461 3.1849 3.4360 3.3809 3.3809 3.2948 3.3456 4.3783 3.8107 4.6721 4.0978 3.7114 2.9011 2.1315 2.5964 2.8361 2.8900 2.5883 3.0722 2.8681 4.0978 4.5399 3.1849 3.3456 3.2622 8.9402 4.4172 2.8154 3.6646 5.5176 4.8150 4.1632 3.4743 5.2569 3.2463 2.8466 3.8633 2.6212 3.1130 3.5977 2.2931 2.3859 2.6296 3.2151 2.2142 3.4173 3.1555 2.8361 3.1849 3.6878 3.3114 3.7355 3.6419 4.0978 3.5343 2.3414 2.5335 2.9952 2.1070 2.7179 1.8087 2.4745 2.6296 2.5109 2.6466 2.6296 2.6129 2.6129 2.5335 2.2142 2.0647 2.4603 2.5644 2.3924 2.8361 2.3291 2.5184 2.6129 2.5883 2.5335 2.1119 2.5109 2.5035 2.6996 2.1315 2.6639 2.1216 2.3170 2.7461 2.7851 2.6381 2.9952 2.5109 2.5803 2.4603 2.6129 2.3666 2.8900 3.8633 2.4889 2.8361 2.5883 3.5762 3.8367 3.0722 3.2948 3.2948 2.6816 2.9952 2.5964 3.3809 3.2306 3.8107 2.8790 2.7951 2.7366 3.6196 3.0459 3.0459 2.7851 3.8905 3.6196 2.6906 3.1270
85 2.0833 2.4325 2.2699 1.9853 3.0459 2.5035 3.2948 2.5335 3.4550 2.8361 2.9470 2.7557 2.8790 2.6212 2.7951 3.5343 2.8900 2.6639 2.4962 4.0051 3.7355 3.5762 3.8107 3.0992 2.7557 3.8633 3.0856 6.3208 4.2315 3.8367 3.1999 2.8790 2.5803 3.6419 2.5109 2.5803 3.1130 5.0239 3.4940 3.6196 3.7851 6.6136 3.8905 5.8103 5.8103 5.0798 3.8367 2.4394 2.5411 3.1412 3.1701 2.9470 3.6419 2.9952 3.1849 3.9466 3.4550 3.0992 2.9952 3.7600 3.9183 3.8367 4.4571 3.8633 3.3631 3.5343 3.5762 6.1401 4.9166 3.0076 2.3050 2.5035 2.9011 2.3990 3.0992 2.4122 2.9354 3.7114 0.4520 0.5177 0.5753 0.4902 0.4311 0.4618 0.4107 0.0000 0.2967 0.4520 0.4734 0.5827 2.2990 2.6466 2.6466 3.0992 2.7752 2.5035 2.5035 2.4603 3.0722 2.3794 2.2642 2.7951 2.1928 2.2361 2.7951 2.3414 2.5803 2.6296 2.5964 2.5184 3.3631 2.8154 3.3114 2.2361 2.7752 3.2463 2.9708 2.6129 2.6296 2.9708 2.8052 4.4172 3.5977 3.8107 6.1401 4.2669 3.1701 2.7752 4.5399 2.4533 3.2151 4.0978 5.5176 4.2315 2.9011 2.9011 3.4360 3.4173 3.3284 3.7114 6.7176 3.3809 2.6816 2.5035 2.1616 2.0927 4.3032 3.0992 2.7366 3.0459 3.4743 2.8361 2.9952 3.9755 3.3989 4.4172 3.3989 2.8466 4.8150 4.0353 2.9830 3.9755 3.3809 2.5964 2.7654 4.9166 3.5343 2.6639 2.7752 2.9238 3.3456 7.6817 3.3809 2.6996 3.0459 2.6639 4.3403 3.3989 4.7661 2.8154 5.0798 4.1301 2.6816 2.6212 3.5140 3.7600 2.6816 3.6646 3.1270 3.5343 3.4940 2.9011 4.6721 3.4940 2.4673 3.0330 2.6639 2.4889 2.8573 4.5829 3.1555 2.8154 3.3114 3.5977 3.1849 3.0330 3.5140 2.7272 3.6646 3.9755 2.6466 2.5964 3.0856 3.4173 2.8573 4.2315 3.8367 2.6639 3.8905 3.7600 3.2622 4.5829 3.3456 4.0051 3.4360 2.5335 2.8466 2.9238 2.4463 2.6381 1.8443 2.8573 2.5335 2.9708 2.5035 2.9952 2.7557 2.8154 2.6552 3.2463 3.0459 2.9238 3.7114 2.8466 2.7654 3.2306 3.2622 2.8361 2.5184 2.5566 2.3414 2.1616 2.3539 2.8573 2.3170 2.9470 2.5259 2.9011 3.1701 3.1849 2.4889 2.9589 3.2463 2.2528 2.4745 2.1928 2.2034 2.3859 3.0992 2.4603 3.2948 3.2784 4.0978 2.7951 3.0992 3.5140 2.7272 2.6639 5.2569 3.5343 3.0459 3.2306 4.3783 3.1130 3.8905 2.6296 4.2315 4.7661 3.4743 3.6646 4.0051 3.4173 3.9466 3.1270
86 1.7744 2.2585 2.0110 1.9521 3.0992 2.4745 2.7752 2.4325 2.9708 2.2990 2.5803 2.2699 2.6466 2.3353 2.5335 2.5803 2.6129 2.9470 2.5644 2.9238 3.3456 3.4743 3.0202 3.7355 3.4940 4.4980 3.3114 4.3403 3.5140 2.8154 3.5977 2.5035 2.6466 3.2463 3.1555 2.9124 1.8814 4.2315 2.5488 2.9124 3.7355 3.6196 2.9238 3.9183 4.2315 3.6419 3.3809 2.2585 2.4394 3.3114 2.9011 2.4325 3.0459 2.7087 3.4550 2.9952 2.9952 2.6129 3.5762 3.1555 3.1849 3.3456 3.9755 3.0330 3.4550 2.7557 2.9708 3.4940 3.0722 3.9755 2.4745 2.3170 2.7272 2.2250 2.5803 2.3230 2.6816 3.2784 0.4201 0.3876 0.5004 0.4569 0.4375 0.4201 0.3505 0.2967 0.0000 0.3232 0.4107 0.4311 2.3924 2.2699 2.2034 3.0589 3.1412 2.1515 2.6466 2.7461 2.6466 2.7951 2.6129 2.9238 2.1616 2.5488 2.5184 2.5803 2.7366 2.5335 2.9952 2.8257 3.4940 3.7600 3.2151 2.5644 3.0459 3.4940 2.0110 2.8257 3.5343 2.8154 4.7185 3.6646 2.9708 2.8573 5.8103 2.8154 3.3114 3.5762 4.2669 3.8905 5.8103 3.4173 3.4173 3.0330 2.5488 3.2306 8.5927 3.6196 2.6906 3.6646 4.1632 3.7114 2.3414 2.3539 1.6968 2.2472 2.9124 2.5964 2.7951 2.6296 2.9011 2.3291 3.3456 3.4743 3.0076 3.6196 3.5977 3.0076 4.5399 4.1632 3.1555 4.0353 3.5762 2.4889 2.8154 2.7557 3.1849 2.8573 3.1555 3.3114 3.5551 3.6646 3.2463 3.7600 3.8107 3.0330 4.0353 4.0662 2.9952 5.3193 3.7114 3.7355 2.5488 2.5184 2.7752 3.3114 2.8361 2.9952 2.7752 2.6996 4.3032 3.9466 2.6816 3.1270 3.3114 3.6196 3.5343 2.9011 5.7339 7.0501 5.1372 7.6817 4.0353 3.9755 4.0978 2.3414 3.3989 3.1270 2.8790 2.4056 2.4603 2.6129 2.3477 3.1701 2.6816 3.6419 3.4743 2.8361 2.8573 2.9354 3.0856 4.2315 3.0722 3.0722 2.6552 2.4257 2.0023 2.4056 2.4056 2.3170 1.7948 2.3109 2.2250 2.5035 2.2034 2.5109 3.0202 2.3414 2.5723 3.0459 2.9238 2.8790 2.4889 2.5803 2.8361 2.5644 2.6996 3.0459 2.9708 2.6046 2.8052 2.7557 2.2361 2.4325 2.3353 2.9238 2.5411 2.6296 3.0202 2.7557 2.4190 2.8257 3.0330 2.4257 2.4325 2.1216 2.2034 2.4190 3.1701 2.4603 3.3114 2.6816 3.3114 3.0722 3.1270 3.1999 2.6639 3.0992 3.5762 3.1270 2.9238 2.9708 5.8103 3.0202 2.9470 3.4173 3.9466 3.1849 2.8681 2.5259 4.3783 3.0202 3.0992 3.3809
87 1.8701 2.0285 1.8928 1.7031 2.8361 2.4463 2.6466 2.6639 2.6639 2.2034 2.6129 2.5035 2.9238 2.4745 2.8154 2.6639 3.1849 2.5803 2.8361 3.0202 3.3631 3.4743 2.9589 3.3114 3.2306 3.8107 4.0051 3.5762 2.8154 3.8905 4.0353 3.2306 3.4743 3.3631 3.4743 3.2784 2.7366 4.0353 2.9470 3.2622 3.8633 4.0978 3.6646 3.7355 5.0239 3.8633 3.2784 2.9952 2.6816 2.6466 3.3114 2.7654 3.9183 3.5343 3.4743 4.0662 3.3456 3.0076 5.8103 2.9238 3.5762 4.0353 3.4940 3.1555 2.8573 2.9354 3.3114 3.1555 3.0992 3.3809 2.3666 2.1823 2.2699 2.0110 2.6381 2.0739 2.7272 3.1555 0.3711 0.2912 0.4076 0.3968 0.3505 0.3711 0.3232 0.4520 0.3232 0.0000 0.3432 0.3274 2.7179 2.6466 2.7179 2.7752 2.6296 2.4463 2.8052 2.8790 2.4889 2.4745 2.5644 3.0722 2.6296 2.5644 2.6466 2.8573 2.5184 2.0464 3.6196 2.3477 2.8361 2.4603 3.1270 3.4173 2.4745 2.2250 2.0023 2.2142 3.7600 2.6996 3.2784 4.1632 4.1301 3.0992 6.8249 3.2151 3.4173 5.8103 4.1632 3.3114 4.0353 3.9755 3.9755 3.0992 5.1372 4.2315 4.2315 3.5343 2.2699 5.1372 4.8150 4.4172 2.0555 1.8516 1.7284 2.6381 2.3414 2.5035 2.3414 2.0110 2.4190 2.5644 3.2948 3.3114 5.2569 3.4743 3.3631 2.6296 3.0722 4.1632 3.5343 2.6639 2.8573 2.3666 2.6381 2.6996 2.5644 2.9238 2.7366 2.8573 3.5343 2.9238 3.1270 3.4940 2.7366 3.0589 2.5184 3.4173 3.2784 5.2569 5.1372 3.1270 3.8107 2.4257 2.9011 2.9011 3.1270 2.9011 2.2931 2.0739 3.9183 2.6639 3.6646 3.1270 3.8633 4.1632 3.3114 2.6296 5.1372 5.1372 5.0239 4.1632 5.8103 4.2669 2.9708 2.6727 3.1270 2.9354 3.2622 2.7461 2.9952 2.5803 2.6639 3.1555 2.7557 3.0589 3.9755 2.7557 2.5335 3.1555 3.1412 3.4173 3.3989 4.7185 2.7557 2.6129 2.2585 2.5644 2.4257 2.6296 1.8627 2.6296 2.2142 2.6129 2.5335 2.2250 2.3924 2.6296 2.9011 2.2305 2.3353 2.3050 2.3291 2.3291 2.6046 2.8154 2.2034 3.0589 2.6466 2.3539 2.3794 2.9470 2.7752 2.4325 2.0927 2.6996 2.0927 2.8790 2.7752 2.9354 2.4394 2.8257 2.6466 2.2642 2.4816 2.1515 2.3859 2.4190 3.4173 3.3284 3.4173 3.0202 3.5762 3.4743 3.3456 3.5343 3.1849 4.3032 4.5399 3.0992 4.8150 7.1683 3.4743 5.5876 3.8905 4.1632 4.2669 3.2463 3.2306 2.6639 4.1301 3.7355 6.3208 2.7951
88 2.0927 2.2814 1.9853 1.8966 2.7654 2.5803 2.8900 2.7752 2.9952 2.2585 2.4056 2.8466 2.9354 2.3666 2.8361 2.7366 2.6466 2.9011 2.6129 3.5343 3.5977 2.7087 3.6196 4.4571 3.1849 3.0856 3.9183 3.7851 3.3989 3.7114 4.0353 3.4173 3.4940 3.3456 3.5762 3.1849 3.7114 4.0353 3.2784 3.6646 4.3783 4.4172 3.8633 3.9755 3.5762 4.4571 3.8107 3.0992 2.6639 3.3809 2.9238 2.6129 4.0978 5.0239 3.1270 3.0856 5.5176 2.6466 4.1632 3.4743 3.0992 3.9183 3.9755 3.0589 3.4550 2.9708 2.7557 3.5977 3.1270 3.9466 2.3414 2.4603 2.2990 2.1565 2.4056 2.5723 3.0589 3.0202 0.2736 0.3711 0.5038 0.4107 0.3711 0.2817 0.2722 0.4734 0.4107 0.3432 0.0000 0.3907 2.5964 2.8154 2.2585 3.4550 2.8154 2.4463 2.3539 3.0722 3.4550 2.7272 3.0589 4.0978 2.7557 3.2784 3.5977 3.0722 3.5977 3.1270 2.9708 2.8361 3.0992 3.3114 3.2306 3.4940 3.6196 3.3284 3.8367 3.0459 3.4550 2.9238 4.8150 3.8107 4.4172 5.6597 6.1401 4.0051 5.6597 3.6196 4.5829 3.1270 5.1372 3.6419 4.1301 4.1632 6.5129 5.0239 5.8103 3.6419 4.3783 4.9166 5.8891 4.0051 2.2472 2.0786 1.7744 2.1315 2.5335 2.2472 2.3170 2.1771 2.0555 2.6129 2.7851 3.6196 3.8905 5.0798 2.6296 3.1555 3.2463 3.3989 3.1701 2.4325 2.6639 2.3602 2.6466 2.5335 3.0459 2.4962 2.4673 2.6466 2.8154 3.4940 5.1962 3.3809 4.4571 3.9183 9.5089 4.4571 3.6646 3.6878 4.0978 3.9183 2.8900 1.7544 2.7951 2.3924 2.3170 3.0202 2.1119 2.4533 3.9183 3.3284 3.5343 3.1849 2.8790 3.5762 3.0202 2.6996 2.9011 4.4571 3.0202 3.6878 4.2315 3.3114 3.1130 2.6129 2.9952 2.5883 2.3050 2.4889 2.4394 2.2034 2.7851 4.0051 3.0459 3.0856 3.1555 2.7366 2.6816 2.8052 3.9183 3.3284 2.9589 3.5977 3.5140 2.2416 2.7366 2.5109 2.0419 2.2416 1.8017 2.4463 2.6129 2.7557 1.9603 2.1119 2.1719 2.2034 2.0419 2.6046 2.6816 2.1216 2.4190 2.1823 2.5184 2.5259 2.5109 2.7951 2.7557 2.3539 2.1565 2.3170 2.6129 2.5566 2.3291 2.8681 2.0927 2.5411 2.6816 2.5259 2.1667 2.4325 2.4325 2.7366 2.3859 2.3414 2.5184 2.4889 2.7557 2.2814 2.9011 2.6727 2.8361 2.7851 3.0202 2.9124 2.4889 3.1270 4.0353 2.9589 2.7366 2.8154 3.4360 3.4940 2.4745 3.6196 3.5762 3.5343 2.9354 2.4463 3.6646 3.4550 2.9238 2.7752
89 1.8890 1.9603 1.7880 1.8017 2.6996 2.7752 2.8573 2.7179 2.5803 2.5964 2.5488 2.6816 2.6639 2.5803 2.7179 2.6996 2.9708 2.9952 2.7179 2.9470 3.7114 2.6639 2.6639 4.4571 2.9952 5.0239 3.1130 3.9183 2.9011 3.1555 3.6646 2.7366 2.5335 3.0589 2.7179 3.4173 2.4190 3.7600 3.3809 3.1270 2.6296 4.7661 2.9589 3.6878 3.3456 2.4533 4.7185 2.6129 2.4394 3.3456 3.2948 2.5184 3.1270 2.5803 3.7600 3.0992 3.0992 2.3291 3.6196 2.6129 3.3114 4.0978 4.3032 3.8107 3.2784 2.7951 2.8681 3.2784 3.0722 3.1849 2.4056 2.3794 2.5335 2.1616 2.4889 2.2416 2.7366 2.7951 0.4407 0.3741 0.5407 0.5229 0.4201 0.4407 0.4201 0.5827 0.4311 0.3274 0.3907 0.0000 2.6906 2.8573 2.7179 2.4673 2.3602 2.4603 2.9238 2.1823 2.5803 2.6296 2.9952 3.0722 2.1515 2.5566 2.2088 2.4190 2.7557 2.5335 2.3170 3.0202 3.0202 3.0722 3.7600 3.0722 2.8361 2.7654 2.9238 2.5184 3.0459 3.2622 4.6269 3.5551 7.4165 4.2315 4.0353 3.4173 3.7600 6.1401 3.1270 2.8790 4.1632 4.9166 3.6646 4.0978 3.8633 3.2306 3.2151 2.7461 2.9124 2.7179 7.2904 3.8905 3.0459 2.9708 1.9685 2.2814 2.2472 2.2814 2.7366 2.4745 2.2472 2.3539 3.9755 4.6269 3.8107 4.4571 3.7114 4.3032 3.6196 4.3783 3.6196 2.6906 2.6639 2.5335 2.7366 2.5488 2.9470 2.9952 2.5035 2.5803 3.5140 3.0202 2.5411 4.3032 4.1632 3.3114 3.4940 3.3631 3.7600 3.3809 4.3403 3.0202 3.2784 2.5035 3.4940 3.1270 3.4550 3.9755 3.2784 2.7366 3.4360 3.1555 4.0051 2.6129 2.9470 3.4940 3.7851 3.3114 3.1849 5.1372 3.1849 3.5343 3.3989 5.7339 3.1999 2.8154 3.6196 2.8052 3.1270 2.9952 2.7752 2.8154 2.9470 3.3631 3.2151 3.2948 3.3809 3.6646 3.2463 3.9466 3.8107 4.4571 3.6196 3.9183 3.1270 2.9011 2.4463 2.7366 2.5184 2.8681 2.3050 2.9011 2.6381 2.5335 2.2034 2.5964 2.4889 2.3291 2.8154 2.6639 2.5184 2.6639 2.7179 2.4325 2.6552 2.6639 2.3414 2.6552 2.8154 2.4673 2.6381 2.9470 2.8052 2.9011 2.0647 2.9011 2.4745 2.6296 2.5335 2.5566 2.6996 2.4257 3.0992 2.5566 2.7087 2.6466 2.6129 2.6046 3.0992 3.4550 4.2315 3.5977 4.2315 3.3456 3.1555 3.0856 2.4673 3.1849 3.0992 3.0722 3.6878 4.6721 3.2948 2.5259 3.7600 3.4743 3.6878 3.0459 4.0662 3.4940 3.5140 5.3835 3.3114 4.0353
90 3.8633 2.7557 2.5109 3.5140 2.9354 2.6996 3.2948 2.8466 3.5343 3.5343 2.9952 4.3032 4.5399 3.5977 3.8633 3.9183 3.7114 3.7355 3.2463 2.1667 2.8052 2.7654 2.7461 2.6212 2.5964 3.0992 2.6046 2.9011 3.0202 2.7179 3.0856 2.9470 2.3794 2.4257 2.9470 2.6046 2.4962 3.1270 2.8361 2.8681 2.9238 2.6639 2.5964 2.5411 2.5488 3.1270 2.8154 2.2814 2.8900 2.6552 2.4325 2.4190 2.8790 2.2756 2.4257 2.9124 2.7087 3.1849 2.3109 2.3602 3.3456 2.5803 2.2642 3.2784 2.4603 2.5335 2.9470 2.6639 3.0330 3.3114 1.2330 1.1032 1.4770 1.2793 1.5723 1.3973 1.4624 1.6604 2.3924 2.5723 2.3794 2.3924 2.5035 2.3924 3.0076 2.2990 2.3924 2.7179 2.5964 2.6906 0.0000 0.6855 0.9303 0.7754 0.7024 0.7460 1.0262 1.9938 2.5964 2.9589 2.7654 2.6816 2.6996 2.7951 2.3794 2.6296 3.2151 2.8681 2.6212 2.8154 2.9952 2.9470 3.4360 3.0722 2.9011 2.9011 2.4816 2.3539 2.9708 2.7557 2.4603 2.9124 2.9952 2.5335 3.3809 3.0589 3.0459 2.7654 2.6381 2.6212 2.9238 3.0076 3.5551 2.6996 3.2306 2.7951 2.9124 2.8052 2.7654 2.6996 2.9470 2.9238 2.5184 2.5803 2.4745 2.8154 2.3050 2.2088 2.4325 2.5644 2.2250 2.3414 3.7114 3.5343 2.9708 2.7951 3.0992 3.1701 3.4550 4.5399 3.1555 3.7600 2.8361 2.7366 2.7366 2.8681 3.2463 2.8790 3.4550 2.6639 2.6996 3.7600 5.6597 3.2151 2.8573 3.9466 3.4360 3.0459 3.2948 4.0978 3.2784 2.9589 3.5343 2.9124 2.9830 3.0856 2.7179 2.5109 2.6906 2.6046 3.6646 3.2784 2.5488 2.9470 2.5803 3.5551 2.5259 3.1555 2.6639 2.5964 2.8361 2.6466 2.8154 2.8154 2.5335 2.1515 1.9279 2.5184 1.8966 2.4745 2.2472 2.1667 2.4603 2.4603 2.1719 2.4745 2.8361 3.1555 2.9011 2.9708 3.4550 3.2948 2.7752 2.7851 2.4603 2.4056 2.6129 2.4673 2.7951 2.7752 2.2814 2.5803 2.5964 2.4463 2.7087 2.2873 2.5644 2.2088 2.4325 2.2642 2.4325 2.3924 2.3924 2.2472 2.7557 3.2306 3.0589 2.7951 2.9011 3.2622 2.7179 2.5335 2.8257 2.9011 3.1555 2.7951 2.6639 2.3666 2.5803 2.6996 3.0202 3.2306 3.2463 2.8154 3.4173 2.8681 3.1701 3.0076 3.3989 4.0662 2.2034 2.5883 2.4325 2.2699 2.3794 2.1823 2.3666 2.2142 2.0833 2.2250 2.1315 2.1616 2.0647 2.2250 2.2528 2.2642 2.1719 2.5566 2.1719 2.2931 2.1515 2.5488 2.3170 2.1315
91 4.1970 3.8905 2.8154 5.0239 4.0353 3.7851 3.4743 3.0722 2.7654 3.3809 3.5551 3.6419 4.3783 2.7752 3.5762 9.1232 3.3456 2.9238 3.0992 2.1771 3.0459 2.3666 2.5335 3.1849 3.0459 2.6296 2.6727 2.4745 2.1216 1.9359 2.6639 2.1464 2.1167 2.6996 2.4325 2.1719 2.5644 2.8681 2.4463 2.4745 2.2990 2.6296 2.7951 2.3414 2.5803 2.5184 2.2472 1.7914 1.6138 1.9727 1.7811 1.8407 2.3353 1.6845 1.4819 1.9644 1.6485 1.6368 1.9561 1.7156 3.0992 2.5644 2.4122 3.0330 3.1849 3.0589 3.0076 2.5335 215.8902 2.3539 0.8698 1.0277 1.0694 1.0430 1.4293 1.3343 1.2255 1.3115 3.1999 3.5762 2.7179 2.6466 3.0992 3.0076 3.2306 2.6466 2.2699 2.6466 2.8154 2.8573 0.6855 0.0000 0.5073 0.5697 0.3246 0.3360 0.4902 1.4528 1.8966 2.2585 2.6727 2.1315 2.3924 2.3666 2.7087 2.3539 2.5803 1.5377 2.7654 2.2034 1.6253 1.8701 1.8122 3.0856 1.7031 1.8052 2.4603 2.3477 2.6129 2.0880 2.1823 2.1464 2.1515 2.3859 2.3539 1.8814 2.0647 1.5429 2.5035 1.9521 1.5914 2.2250 1.8928 2.4056 2.9238 2.5035 2.6129 2.0285 2.5184 2.2585 1.7413 2.3170 2.4745 2.7557 2.2305 2.4325 2.1414 2.1875 2.4463 2.3291 2.2699 2.0647 3.3114 2.9124 3.8367 3.5762 3.4940 3.4940 3.3809 4.1301 3.8633 2.5488 2.4889 2.5488 2.7179 3.5762 2.8900 2.2699 2.4257 3.4173 2.7654 3.2784 7.8210 3.1412 3.0722 3.5762 215.8902 3.0330 2.4673 4.0353 3.5551 2.5184 3.0992 2.5644 3.6196 2.7366 2.1719 2.5803 2.2034 2.2585 2.8466 2.7752 2.8154 2.7179 2.4056 2.5803 2.4257 2.4673 2.9708 2.6212 2.8466 2.8466 2.6639 2.5803 2.3414 2.0693 2.2305 2.1022 1.7413 2.2361 2.2756 2.1616 2.1823 2.0285 2.0110 2.1414 2.3666 2.3794 2.1515 2.2585 2.2814 2.2699 2.4257 2.1414 2.2416 2.3794 2.3539 2.2472 2.6816 2.4463 2.3666 2.2034 2.1315 1.8087 2.4603 2.5964 2.4889 2.5723 2.3050 2.7087 2.4190 2.2472 2.5488 2.2931 2.2931 2.0023 2.3539 2.5883 2.3050 2.4889 2.4257 2.6727 2.3170 2.4257 2.5488 2.3794 1.9044 2.0110 1.9769 2.4325 1.9603 2.3291 2.4325 2.1616 1.8890 2.1616 2.4325 2.1216 3.8633 3.9183 2.0975 1.9938 2.3477 2.4325 2.3050 2.2250 2.4122 2.5566 2.2699 2.2142 2.3291 2.0833 2.1515 2.2990 2.1464 2.3109 2.3414 2.1022 2.1022 2.4394 2.3730 2.3050 2.4463 2.7272
92 2.9830 3.2622 3.0459 4.6269 3.2463 3.2463 4.3403 2.9011 3.0202 3.8633 2.6296 3.5762 4.1970 2.7951 3.3631 3.0722 2.7951 3.2151 2.9708 2.4056 2.6996 2.3414 2.2250 2.3730 2.5184 2.4056 2.3414 2.2931 2.1414 2.6296 2.6296 2.3539 2.7557 2.7654 3.0992 2.8052 2.5109 2.3730 2.8466 2.3539 2.6129 2.7179 2.9470 2.4745 2.8154 3.6419 2.5803 2.9238 2.5184 2.4962 1.9161 3.0202 3.1849 2.8900 2.6552 2.5723 2.8681 2.4463 1.8122 2.8790 2.6296 2.3794 2.9708 2.8790 3.0202 2.6046 2.5964 2.5035 3.7355 2.5644 1.4063 1.5068 1.5482 1.4433 1.8966 1.6253 1.6485 1.5429 2.9124 2.9708 2.6129 2.5644 3.6196 2.7654 2.5883 2.6466 2.2034 2.7179 2.2585 2.7179 0.9303 0.5073 0.0000 0.5587 0.4701 0.4936 0.3831 2.3794 2.1119 2.4889 2.6212 2.6466 2.3859 2.6046 2.6996 2.6046 2.5803 2.6296 2.5488 2.4190 2.5803 2.3170 3.6196 2.5335 3.0459 2.2305 2.8466 2.4603 2.4394 2.0555 2.5644 2.5964 2.8257 2.7951 3.3456 2.9354 2.7366 2.7752 2.5184 2.3924 2.7179 2.9011 2.6381 3.0202 2.7557 2.5803 2.6996 3.4173 2.8154 2.8681 2.9589 2.5488 2.6296 2.7557 3.2151 2.7366 2.5644 2.8573 2.5035 2.2931 2.5644 2.2250 3.9755 3.3114 3.1555 3.7114 2.9238 3.2622 4.0662 2.9470 2.9238 3.0992 3.1849 2.5335 2.4889 3.0459 3.1849 2.5964 2.7366 2.8573 2.6906 3.0459 4.2315 3.0856 2.9011 3.5762 215.8902 3.1555 2.9011 4.0662 2.7366 2.7951 2.7557 2.4463 3.4550 2.5964 2.2699 2.4463 2.3291 2.0739 2.4190 3.0459 2.2699 2.4603 2.3414 2.4325 2.3050 2.3109 2.7179 2.1823 2.3666 2.4816 3.0992 2.5488 2.4533 2.0285 1.7845 1.6633 2.0023 2.1928 2.1070 1.9044 2.3859 3.4173 1.9811 1.5068 2.4463 2.7752 2.3414 2.5644 3.5762 2.1719 2.3414 2.9952 1.8627 2.5883 2.2931 2.1022 2.6639 2.3414 2.3414 2.2250 2.4056 2.1719 2.2472 2.6906 2.3230 2.2699 2.2699 2.4745 2.8052 2.9952 2.4056 2.8154 2.2034 2.3990 2.4190 2.7752 2.4056 2.0464 2.0110 2.4603 2.1315 2.5035 2.1216 2.0927 2.1265 2.2699 2.5035 2.3666 2.2931 2.6129 2.3170 2.0647 2.0464 2.0833 2.1823 2.1119 3.6878 5.0798 2.4889 2.2814 2.7366 2.6296 2.5803 2.4533 2.0739 2.0927 2.1823 2.1771 2.5109 2.3291 2.1265 2.2585 2.1070 2.7461 2.1414 2.1565 2.2250 2.4463 2.4190 2.1119 2.2585 2.4394
93 2.7851 2.5964 2.8361 215.8902 2.7087 2.7654 3.6646 2.2585 2.6552 6.5129 2.7179 215.8902 2.8361 3.5343 2.6296 3.0856 6.4153 2.8466 2.4962 2.1265 2.1315 2.4463 2.9124 2.7366 2.3109 2.3170 2.2472 2.0647 1.9439 1.7478 1.4745 215.8902 3.9183 2.8681 2.2034 6.4153 2.2250 2.7851 2.2585 2.7366 2.4463 2.5411 2.3414 2.3990 2.8257 3.4743 2.1981 1.3795 1.7811 1.8122 1.9200 1.5804 1.7445 1.7093 1.5068 1.4457 1.8299 1.9200 1.6082 1.6485 2.6639 2.6129 1.8516 2.0509 2.6466 2.9354 7.4165 2.9470 215.8902 2.3666 0.9763 1.0142 1.0338 0.9088 1.3664 1.2520 1.2368 1.2330 2.2088 3.3631 2.5035 3.3989 3.3631 3.1849 3.8633 3.0992 3.0589 2.7752 3.4550 2.4673 0.7754 0.5697 0.5587 0.0000 0.6093 0.5697 0.5697 1.3839 1.8890 1.7511 1.6784 2.3539 2.1167 2.5035 2.3170 2.7366 2.0555 1.5068 1.9359 1.5970 1.5535 1.7220 3.2622 2.3477 1.8299 1.5273 1.9121 1.8590 2.0374 1.8480 2.0023 4.7185 2.3794 2.5184 2.4056 1.3973 1.6339 1.6845 2.6552 1.8228 3.0856 1.7643 1.9727 1.3470 3.1555 1.6999 2.0833 2.3539 1.8928 2.1265 2.3539 1.3751 2.4463 3.1555 2.2416 2.6727 2.6296 2.7557 2.6996 2.7654 2.5184 2.6466 3.6878 1.8017 4.0978 2.5964 2.6296 4.7185 4.2669 4.9695 6.3208 2.6296 2.6296 2.7752 2.9238 2.9470 2.6129 3.7114 3.1555 2.9952 3.0856 2.5803 3.8107 2.7366 2.6816 3.9466 2.1022 4.1632 3.0722 2.8361 2.9470 2.2585 2.3794 2.3414 3.0202 2.8573 2.2361 2.2416 2.2528 2.5644 2.5411 2.2472 2.6129 2.3414 2.1022 2.1216 2.4325 2.1167 2.4745 2.5335 2.0153 2.4603 2.8361 2.3666 2.2699 1.1314 1.6368 1.5221 1.6253 1.8087 2.0241 1.4868 1.9359 1.9044 1.8928 1.6968 2.1515 2.2585 1.9853 1.9853 2.2585 1.9938 1.9980 2.1364 1.9727 2.3924 2.7272 2.4463 2.4745 2.6466 2.1515 2.2472 2.2814 1.6485 2.8573 2.7366 2.4533 2.5723 3.0992 2.9952 2.5644 2.5184 2.4889 2.4962 2.3924 2.0927 1.9853 2.2034 2.2034 2.3602 2.1616 2.7752 2.3414 2.3170 2.1119 2.1981 2.1823 2.2642 2.1515 2.0555 2.2034 1.9769 2.3353 2.1119 2.1667 2.1216 2.3990 2.0601 4.2315 3.4940 2.1719 2.1823 2.6996 1.8052 2.5644 2.1875 2.1616 2.0880 2.0241 2.0023 2.1719 1.8299 1.9521 2.0509 1.8371 2.1070 2.1167 2.3414 1.9603 2.4603 2.0285 1.9769 2.0285 2.2250
94 3.6196 3.8107 2.7366 4.1970 2.9952 3.0856 3.4550 3.0202 2.4962 2.8790 2.6906 3.0459 3.1130 2.6727 2.9470 2.9708 2.6639 3.2622 3.0992 2.4056 2.6552 2.0330 2.5335 2.3539 3.1555 2.6046 2.6552 2.8154 1.9853 1.7948 2.4816 2.9708 1.6195 2.6129 2.9952 2.6552 2.9011 2.6296 2.4190 2.3291 2.3414 2.1565 2.8681 2.2034 2.4816 3.2463 2.0464 1.7284 1.7413 1.5588 1.7811 1.6082 2.1414 1.6138 1.4968 1.5750 1.7677 1.6368 1.7880 1.7156 2.5964 2.4394 2.5184 3.0722 2.8361 2.8257 4.1632 3.1270 4.1632 2.5883 0.9413 1.0584 1.0522 1.1502 1.5170 1.3534 1.2330 1.3301 2.8257 3.1849 2.5335 4.0051 3.2151 2.6906 2.9238 2.7752 3.1412 2.6296 2.8154 2.3602 0.7024 0.3246 0.4701 0.6093 0.0000 0.3622 0.4868 2.4394 2.1719 2.3859 2.6906 2.6296 2.3924 2.4962 1.4433 2.9589 2.7557 2.7366 2.5644 2.0110 2.4889 1.9938 2.1414 2.6129 1.7744 2.0509 2.2250 1.8664 2.4603 2.2585 2.2196 2.5566 2.7179 2.4745 2.9708 2.7951 1.5588 1.9938 2.3924 1.5429 2.6296 2.4190 1.9895 3.0459 2.7557 2.6639 2.8052 2.1719 3.2463 2.7179 2.6129 2.1515 2.2088 2.6816 2.4603 2.6129 2.1119 2.1414 2.3924 2.2250 2.1616 2.2931 3.2784 2.7272 2.7752 2.1875 2.3990 3.6646 3.7600 10.1407 6.4153 2.9830 2.5803 2.6639 2.4745 3.4550 2.5488 2.5644 2.9470 4.1632 3.0722 3.3284 4.4571 3.6196 2.8154 3.7600 2.2361 2.6466 3.0202 3.7355 2.9011 1.9685 3.0722 2.5335 3.1555 2.2699 2.2034 2.7179 2.4325 2.2472 2.5803 3.0459 2.9354 2.8257 2.2472 2.2931 2.1667 2.4889 2.4463 2.5259 2.7654 2.2931 2.4122 2.9708 2.4673 2.1928 1.7948 1.9521 1.9561 2.1265 2.1515 1.6456 2.2699 1.8299 2.1022 1.4316 2.3539 2.3794 2.2585 2.2699 2.3170 2.3539 2.3539 2.3924 1.9319 2.4603 2.4257 2.4325 2.3050 2.5335 2.2528 2.4816 2.4056 1.8739 2.3353 2.1928 2.3414 2.0197 2.4122 2.3170 2.6212 2.1022 2.4056 2.2585 2.2034 2.1119 2.1928 2.5035 2.2305 2.3414 2.3859 2.7366 2.2931 2.2528 2.2250 2.0285 2.1167 2.1414 2.1414 2.2416 2.2034 2.2931 2.4325 2.0555 2.1823 2.1119 2.3291 2.0739 3.3809 3.1270 2.1265 1.9121 2.4463 1.9769 2.6381 2.1565 2.3539 2.1022 2.1464 2.2699 2.4122 2.3050 2.1414 2.1616 2.2990 2.1928 2.4056 2.0555 2.1216 2.3050 2.2250 2.6639 2.1823 2.4745
95 3.8633 2.7557 3.5977 2.7557 2.9952 2.9952 3.7355 2.7557 2.6381 2.6296 3.3284 3.6196 3.7114 3.0202 4.6269 7.0501 8.2682 7.2904 3.2784 2.2472 2.4816 2.4190 2.4603 2.2305 3.4550 2.5644 2.5109 2.3666 1.7948 1.9895 2.2931 2.7366 1.9895 2.3924 2.6727 2.3539 2.2088 2.3539 2.3924 2.5803 2.1216 2.8900 2.8573 2.6046 2.3924 2.6212 2.2873 1.6368 1.5273 1.8590 1.7948 1.7811 2.3050 1.8299 1.8299 1.7413 1.9279 1.6368 1.8701 1.7544 2.9354 2.4190 2.9011 2.7752 2.9124 2.7087 2.9952 2.9470 215.8902 2.4889 0.9608 0.9551 1.0869 1.0678 1.4770 1.3364 1.2597 1.3385 2.4673 2.7851 2.3539 2.9238 2.5335 2.4673 2.1719 2.5035 2.1515 2.4463 2.4463 2.4603 0.7460 0.3360 0.4936 0.5697 0.3622 0.0000 0.4767 1.4109 1.8299 2.4463 2.3291 2.4745 2.3990 2.5883 2.2699 2.2142 2.4122 2.4745 2.1265 2.2034 1.8852 1.8701 2.3666 2.5964 1.6784 1.3343 2.3050 1.8228 2.2361 2.1515 2.4325 2.1981 2.4056 2.3109 2.9708 1.7811 1.9439 1.9769 2.3730 2.3666 2.6129 2.4190 1.6724 2.7557 2.6639 2.5803 2.3666 2.5883 2.6816 2.4816 2.8154 1.9121 2.4533 2.4745 2.6296 2.4889 2.2814 2.6296 3.0992 2.4745 2.4603 2.3666 3.0330 2.4394 3.0459 2.2528 3.4360 4.9695 4.9166 17.1580 2.6996 2.4962 2.4463 2.1719 2.5035 3.4173 2.5803 2.0739 2.4394 3.0202 3.3456 2.9470 5.1372 2.9708 2.7272 2.8790 2.7179 3.8107 2.7366 3.4550 2.5488 2.8154 2.8790 2.2472 3.0992 2.4533 2.6816 2.4603 2.2472 2.4056 2.3050 2.9238 2.5335 2.9238 2.2873 2.3414 2.3602 2.5335 2.6552 2.9124 2.6552 2.5035 2.6816 2.5644 2.5411 2.2642 2.0110 1.7093 1.8228 2.1823 2.1823 1.8928 2.2250 1.8590 2.0110 1.3620 2.4325 2.4962 2.1515 2.6639 2.5035 2.4463 2.2250 2.5109 1.9161 2.2931 2.3666 2.0601 2.2699 2.6466 1.8814 2.1119 2.3539 1.6082 2.1719 2.5964 2.4889 2.2528 2.3990 2.6727 2.4673 2.3539 2.8257 2.5566 2.3730 2.2034 2.1719 2.5723 2.4325 2.6816 2.2756 2.7179 2.0927 2.3414 2.0739 2.0197 2.3666 2.1315 1.9603 2.1719 1.8590 2.0285 2.1875 2.2585 2.0285 2.2699 2.2814 2.2814 4.1301 4.1301 2.1364 2.0647 2.4673 2.0601 2.6996 2.1119 2.2756 2.1771 2.0464 2.1719 2.3109 2.1414 1.8928 2.1515 2.1565 2.3730 2.1616 2.0110 2.1515 2.1771 2.1216 2.3539 2.1515 2.2250
96 2.6296 3.0202 2.9952 3.2306 3.2151 3.1555 3.3456 3.0202 3.1849 3.3809 3.1555 3.5551 3.6196 2.7366 3.4940 2.9952 3.0856 3.7600 3.9183 2.4962 2.7366 2.6296 2.3794 2.8466 2.7851 3.0330 2.3924 2.5964 2.3794 3.0076 2.7087 2.3924 2.6212 2.6046 2.7557 2.5803 2.4962 2.6996 3.0459 2.4325 2.7557 3.0202 3.0992 2.6129 2.7179 3.0992 2.4745 2.0786 3.1849 3.0076 2.4190 1.9561 4.2315 3.4550 2.6381 2.0555 2.9708 1.5119 2.3170 1.5914 2.6727 2.6639 3.0202 3.3456 2.6639 2.6296 2.3666 2.9011 3.9755 2.3924 1.1348 1.2015 1.1889 1.1641 1.4576 1.2873 1.4293 1.3839 2.2873 2.8154 2.9011 2.5803 3.1270 2.3050 2.5964 2.5035 2.6466 2.8052 2.3539 2.9238 1.0262 0.4902 0.3831 0.5697 0.4868 0.4767 0.0000 2.5488 2.8573 2.2585 2.4603 2.3477 2.3109 2.4889 2.6296 2.7179 2.5803 2.6381 2.6212 2.8052 2.3353 2.9952 2.7851 2.6639 3.0330 2.3050 2.6552 2.7366 2.3924 2.2250 2.5109 2.4673 2.6552 2.6639 2.8573 2.5411 2.6046 2.5803 2.4889 2.4889 2.3170 2.7557 2.5035 2.7557 2.9830 3.0722 3.1999 2.5964 2.8681 2.5109 2.8900 3.0202 2.5964 2.7752 2.9952 2.6816 2.6129 2.2142 2.1928 3.0330 2.4603 2.2699 4.7185 4.6269 3.6196 3.7600 4.2315 3.4550 5.8103 5.0239 2.9952 3.4173 2.6129 2.4463 2.3924 2.5488 2.8573 2.8573 2.4190 2.6296 2.8790 3.1701 3.9466 2.9589 2.7951 3.7851 2.9470 3.1849 3.3456 3.9755 2.7366 3.1849 2.8257 2.7557 3.0459 2.6296 2.4325 2.4325 2.3794 2.2472 2.5035 2.5803 2.5964 2.5035 2.5964 2.6727 2.5335 2.3924 2.8573 2.4190 2.6639 2.4463 2.4190 2.7366 2.3414 1.4154 1.6281 1.7677 1.8852 1.9480 2.1616 1.8627 1.8228 2.5566 1.9359 1.4844 2.8790 2.9952 2.6212 2.6639 2.7087 2.7752 2.5488 2.6466 2.0330 2.4394 2.4190 2.2585 2.4325 2.1515 2.1265 2.0927 2.3414 2.3050 2.5644 2.5184 2.5035 2.6639 2.5488 2.9011 3.2151 2.6381 2.4889 2.6996 2.0739 2.4190 2.8154 2.6639 2.7951 2.2990 2.1928 2.1616 2.1928 2.4745 2.0927 2.1667 2.2931 2.3050 2.4745 2.2585 2.2699 2.6129 2.4325 2.3170 2.2142 2.2814 2.2931 2.2931 4.9166 4.0051 2.3414 2.5723 2.4463 2.5411 2.5964 2.4745 2.3414 2.2250 2.2585 2.2142 2.6046 2.3353 2.1119 2.3291 2.1875 2.5411 2.3477 2.1265 2.0110 2.5644 2.3170 2.1928 2.1928 2.4533
97 2.8573 3.5762 3.2948 4.1632 3.1130 3.5762 2.8052 3.1701 3.4173 2.5964 3.1270 2.8257 3.0992 2.9830 3.0992 3.6196 3.7600 3.3631 3.2306 2.3730 2.5723 2.4745 2.5109 2.3291 2.3794 2.4190 2.5259 2.3666 2.3050 2.4325 2.1719 2.6212 2.5109 2.4056 2.7654 2.5488 2.5488 2.4463 2.5488 2.4533 2.5035 2.5335 2.2416 2.2250 2.4673 2.5411 2.5335 2.6381 2.0374 2.4889 2.6552 1.9980 1.6663 1.8087 1.8017 1.6544 3.1270 2.0927 1.9769 1.8701 2.3924 2.4816 2.4816 3.1849 2.5184 2.4056 2.6552 2.5803 2.5566 2.7272 2.5723 2.8154 2.8790 2.4257 2.4889 3.1849 3.2622 2.7851 3.3114 1.8157 1.6195 2.8361 2.4394 2.5335 2.8361 2.4603 2.7461 2.8790 3.0722 2.1823 1.9938 1.4528 2.3794 1.3839 2.4394 1.4109 2.5488 0.0000 1.1997 1.1264 0.9142 1.2199 1.1925 1.4109 1.3074 1.2578 1.2617 1.3156 1.3301 1.1889 1.8157 1.4819 1.5588 1.3034 1.5914 1.5119 1.2387 1.0678 1.4154 1.4246 2.3990 2.6466 2.8573 2.4673 2.3794 3.1130 2.7654 2.6996 2.7951 2.8154 2.7752 2.6906 2.4463 2.5184 2.6129 2.5335 2.9589 2.6639 2.7366 2.6129 2.3291 2.7366 2.6639 3.0459 2.8790 2.9238 3.1555 3.0856 2.7461 3.1270 2.6816 3.0589 3.1270 2.5488 3.2151 2.8361 2.7366 2.7366 2.7557 3.3809 2.8154 2.6639 2.9589 2.7179 2.9238 2.7179 2.9708 2.8900 2.7951 2.8361 2.8361 3.1701 3.4940 2.8790 3.4550 3.0202 2.5035 2.8154 3.2151 3.3456 4.5399 3.1849 1.9769 2.6906 2.7654 2.3794 2.6639 2.5964 2.5644 2.4745 2.5184 2.9708 2.2361 2.4190 2.8790 2.7951 2.6296 2.5803 2.5803 2.8573 2.7272 2.9124 2.8154 2.8466 2.3291 1.5299 1.6544 1.6663 1.7348 1.7880 1.5119 1.7156 1.6138 2.3990 1.6138 1.8263 2.6212 3.0202 2.7557 2.8361 2.4533 2.5964 2.5964 2.6296 1.5273 2.6639 2.5803 2.4325 2.2814 2.5803 2.6296 2.4190 2.2528 2.8154 2.8257 2.9470 3.1555 2.7087 2.7752 2.3539 2.2034 2.2361 2.5964 2.4745 2.7179 3.6196 4.8651 3.3114 2.6381 2.9124 3.2948 2.4325 2.6727 2.7366 2.7087 2.6296 2.9708 2.9011 2.9708 2.8573 2.9952 2.7851 3.2784 2.6639 2.9470 2.8466 2.7951 2.8052 4.3783 2.9952 2.0927 2.6129 2.4533 2.2361 2.4745 2.1315 1.9561 2.4673 2.4394 2.3291 2.0555 2.0067 2.4673 2.5109 2.3477 2.1981 2.3050 2.1515 2.2814 2.2034 2.1616 2.3353 2.5335 2.1616
98 3.8107 3.8107 4.0051 3.3114 3.5343 4.1632 4.8651 3.5551 3.7114 3.6419 3.3114 4.0353 3.3809 4.1301 3.5343 4.5399 3.0589 4.1970 3.3114 2.6639 2.5109 2.9124 2.5803 2.8681 2.4056 2.3353 2.5723 2.7951 2.5964 2.8257 2.3924 2.8466 2.9470 3.0856 2.8790 2.6996 2.2873 2.6381 2.9589 2.7366 2.7752 3.0589 2.4325 2.9708 2.9124 2.6727 2.7087 2.4745 2.3924 2.5566 2.1771 2.1565 1.6138 2.3353 2.6381 2.2931 2.4816 2.7557 2.0880 2.7752 2.3859 2.7557 3.0722 2.9952 2.7951 2.6727 2.5964 3.1412 2.7557 2.2756 2.7179 3.1999 3.0330 2.6552 2.8257 2.9708 3.3284 2.9238 4.0353 2.9011 2.5644 2.3539 2.7752 4.0978 3.0459 3.0722 2.6466 2.4889 3.4550 2.5803 2.5964 1.8966 2.1119 1.8890 2.1719 1.8299 2.8573 1.1997 0.0000 1.4246 1.4673 1.5144 1.5535 1.5351 1.5508 1.2636 1.5482 1.5068 1.3751 1.1571 1.5403 1.4154 1.4457 1.5119 1.5351 1.3751 1.3239 1.2107 1.4770 1.5832 2.5488 2.9238 2.8573 2.9952 3.0202 2.8154 2.5723 2.9238 3.1270 2.7557 2.7951 3.4940 2.7851 3.0992 3.3114 2.7752 3.0722 2.5488 2.9830 2.5964 2.8052 2.9589 2.7752 3.0992 2.8573 2.9470 3.4173 3.0330 3.3989 3.0202 2.4463 2.7752 2.9238 4.6721 2.9952 3.3456 3.0202 3.2151 3.0330 3.0992 3.3456 2.7557 2.6466 2.6296 2.6727 2.5644 3.3456 2.8573 2.6996 2.4745 2.7851 7.0501 3.7600 4.7185 3.1849 3.9755 2.0555 2.9952 2.9952 3.3809 3.6646 2.6296 2.3109 2.6639 2.4603 2.2814 2.3170 2.3924 2.3414 2.2472 2.9708 3.9466 2.6466 2.4533 3.4173 2.9952 2.9830 2.9589 2.8257 3.1270 2.5566 2.8790 2.6552 2.7851 2.8573 1.8516 1.8966 2.1119 2.0464 2.0927 1.8890 2.0197 2.2699 2.7461 2.3291 2.2250 2.8052 3.1555 3.1999 2.8466 3.2463 2.5964 3.0202 2.7557 2.1022 2.9952 2.8573 3.2151 3.0722 2.9708 2.9708 2.5109 2.8361 3.3114 3.3631 2.9124 2.9952 2.8154 2.7179 2.7557 2.7272 2.6816 2.7461 2.7557 3.4940 3.6878 3.8633 3.0992 3.4550 3.2622 3.0722 3.1555 3.2306 3.3809 2.7951 3.1270 3.7600 3.6196 2.4745 3.3809 3.1412 4.0662 3.1555 2.9952 4.1301 3.0992 3.1849 3.0330 3.1701 3.0992 2.4745 2.6129 2.5035 2.2472 2.4889 2.4257 2.2250 2.3477 2.3924 2.2990 2.7366 2.3539 2.9238 2.6727 2.6129 2.9124 2.3109 2.6727 2.2814 2.5964 2.3291 2.5035 2.4745 2.3414
99 2.8466 3.1849 2.7654 2.9238 3.3456 3.5762 2.8790 3.3631 2.9708 3.5762 2.9708 2.8466 2.4122 2.8681 3.0856 3.6878 3.4360 3.0722 3.3809 2.6296 2.4889 2.8052 2.7366 2.5411 2.6212 2.5803 2.8361 2.7272 2.5184 2.6296 2.8154 3.0202 2.7087 2.7851 3.1412 3.7600 2.6212 2.4533 3.0992 2.6552 2.4962 2.9011 2.6466 2.4889 2.5566 2.5184 2.7366 1.9769 2.1022 2.2814 1.9769 2.2699 2.0374 2.0693 2.2814 2.2814 2.1022 1.7744 1.9603 2.1119 2.4673 2.4394 2.6046 2.9238 2.2756 2.3924 2.7557 2.1616 2.6381 2.6212 2.6552 2.4603 2.7461 2.6906 2.8573 3.1849 3.4550 3.1999 2.2814 2.4889 2.7951 2.3291 2.2931 2.2361 2.7951 2.3794 2.7951 2.4745 2.7272 2.6296 2.9589 2.2585 2.4889 1.7511 2.3859 2.4463 2.2585 1.1264 1.4246 0.0000 1.1197 1.2754 1.4246 1.5482 1.3197 1.3343 1.2913 1.2675 1.4109 1.3491 1.8299 1.6784 1.6693 1.4063 1.8299 1.5914 1.4316 1.2597 1.3599 1.5561 2.4190 2.5723 2.6046 2.5803 2.5411 2.4962 2.4463 2.5723 2.6552 3.4940 2.6639 2.7752 2.6296 3.3284 3.1130 3.3284 2.9589 3.3989 3.0202 2.6129 3.5343 2.7851 3.1412 2.9011 2.8900 3.0202 2.8790 2.9238 2.6129 2.6129 2.6816 2.9238 3.5762 4.5399 3.1999 3.8633 2.6816 3.1270 3.5762 5.0798 3.5762 3.4360 2.9238 3.2784 3.0722 3.4743 2.7851 2.7851 3.1555 3.3114 2.9952 3.2306 4.8150 3.1849 3.4940 3.8633 4.7185 2.9238 3.0076 4.3032 3.1270 2.7951 2.5488 2.9470 2.7272 2.3990 3.3809 2.8900 2.7851 2.5964 3.1701 3.8367 2.6816 2.6296 3.1412 2.9470 3.2463 2.8154 3.0330 3.1701 3.2306 2.9124 2.8681 2.9011 2.7557 1.9439 2.1928 2.0110 2.2250 1.9439 2.1022 2.0197 2.2361 2.8790 1.7880 2.4056 2.9011 2.7272 2.6552 3.1555 2.7366 2.7951 2.7752 2.5566 2.1315 2.5411 2.9238 2.9124 2.4325 2.6212 2.6639 2.2142 2.6381 2.4056 3.0992 2.8361 3.2784 2.6129 2.4325 3.1270 3.3456 3.4940 2.7654 3.2784 3.3284 3.9755 3.7114 3.2948 3.4940 3.1130 2.9238 3.4940 3.2151 2.7851 3.1701 3.3114 3.5343 5.5176 2.7366 3.4940 3.8107 3.9466 4.0662 3.0076 3.5343 3.1849 3.0459 2.9011 3.9755 3.5343 2.3170 2.6466 2.5335 2.7752 2.5964 2.5566 2.2699 2.4889 2.5035 2.3859 2.1928 2.4603 2.7951 2.8361 2.3924 1.9439 2.8573 2.4190 2.5109 2.2699 2.4816 2.8573 2.6381 2.3414
100 4.0978 3.9755 4.8651 3.9755 3.3989 3.3809 2.7851 2.6046 3.1849 3.5140 2.6046 3.4173 3.0459 2.7951 2.9470 3.0992 3.2622 2.9830 3.0722 2.8361 2.6727 2.7087 2.4122 2.6552 2.3730 2.4056 2.8361 2.8154 2.3794 2.7461 2.5335 2.8154 2.5035 2.8466 2.7951 2.8361 2.4122 2.4889 2.8361 2.4122 2.2528 2.9238 2.6296 3.0992 2.5644 2.4257 2.4816 2.0374 2.1315 2.1565 2.1315 1.8664 2.1616 2.0285 2.0285 1.9279 2.6639 2.9589 2.1315 2.1981 2.5488 2.6639 2.4122 2.6639 2.6727 2.9708 2.6816 2.6129 2.3666 3.3114 2.8052 3.1130 2.7557 3.0330 2.9708 3.0202 3.3989 3.6419 2.8573 2.0153 1.7880 2.2814 2.8681 2.8573 2.2931 2.2642 2.6129 2.5644 3.0589 2.9952 2.7654 2.6727 2.6212 1.6784 2.6906 2.3291 2.4603 0.9142 1.4673 1.1197 0.0000 1.3156 1.2482 1.5642 1.2015 1.2406 1.2033 1.2052 1.3928 1.2463 1.7478 1.5273 1.7093 1.2754 1.5970 1.4819 1.3773 1.1961 1.2913 1.3577 3.0459 2.4463 2.9124 2.6816 2.5488 2.6639 2.5488 2.8573 2.6212 3.2784 2.8361 3.0202 2.9952 2.8790 2.7087 2.7272 2.8681 2.8361 2.6129 2.6727 3.1555 2.7557 3.0992 3.2784 3.4173 2.6996 3.1849 3.1555 3.2784 2.7557 2.5964 2.9124 2.9708 3.5762 3.8633 2.9708 3.4173 3.3456 3.3631 3.3809 3.6646 3.0589 3.0202 3.2151 4.3783 2.6816 3.0202 3.2784 3.1270 3.0992 2.5803 4.1301 5.1962 2.9589 3.6196 3.4940 4.3403 4.0978 3.8905 4.3783 4.8651 2.5488 2.0241 2.9952 3.1701 2.7752 2.8361 3.2622 2.5723 2.5488 3.4743 2.7461 2.4257 2.3170 3.0992 3.1849 2.9952 3.2463 2.7851 2.6466 3.6196 3.1130 2.9952 2.5803 2.3414 1.7252 1.9769 1.8890 1.8966 1.9439 1.7252 1.7948 2.1414 2.7654 1.6339 2.1414 2.8790 3.0202 3.1849 3.2948 2.6129 2.6996 2.6639 2.8154 2.0023 2.5488 3.0722 2.5723 2.3924 2.6639 2.7951 2.9011 3.0202 2.9470 2.9470 3.3989 3.6196 2.7752 2.5035 2.7179 2.6466 2.5488 3.0992 2.8681 3.0202 3.1999 3.2622 3.9183 2.7272 2.8790 2.9708 2.8052 3.1555 2.9952 2.7366 3.2151 3.3989 3.1130 3.3989 3.3989 3.0992 3.3456 3.3456 3.0722 3.3114 3.4743 3.1999 3.0202 5.6597 3.9755 2.3170 2.3666 2.2931 2.2873 2.4889 2.0153 2.3602 2.2196 2.3539 2.5723 2.3050 1.9938 2.2585 2.6381 2.8154 2.1070 2.0374 2.3859 2.3230 2.3730 2.1364 2.1823 2.7179 2.3859
101 3.0992 3.2151 3.2151 3.8905 3.6196 4.2315 2.9124 3.0202 4.0353 2.9238 3.6196 3.7114 3.5343 2.9354 3.3989 3.5343 2.9470 2.9011 3.3114 2.3539 2.6212 2.3291 2.3539 2.5644 2.1414 2.3924 2.3539 2.5259 2.5803 2.3924 2.3539 2.5184 2.7654 2.7752 2.8790 2.8154 2.4463 2.3414 2.4056 2.7752 2.3794 2.4745 2.3990 2.4257 2.5803 2.4257 2.7087 2.4533 2.7272 2.6466 2.4889 1.9121 1.8017 2.1022 2.3170 2.1167 2.6639 3.4550 1.9319 2.4745 2.6816 2.8466 2.5644 3.3456 2.5488 2.6639 2.3666 2.2361 2.5488 2.9952 2.8466 3.0856 2.9589 2.7752 2.8573 3.6646 2.8361 2.7366 4.0978 2.7087 2.1265 2.5644 3.0459 4.7185 3.3284 2.7951 2.9238 3.0722 4.0978 3.0722 2.6816 2.1315 2.6466 2.3539 2.6296 2.4745 2.3477 1.2199 1.5144 1.2754 1.3156 0.0000 0.8226 1.6724 0.8801 0.9062 0.9088 0.8996 1.5377 1.5068 1.7845 1.5859 1.6663 0.9608 1.8371 1.6754 1.5696 1.3973 0.9413 1.0584 2.9708 2.4889 2.6212 2.2756 2.3794 2.9238 2.6816 3.1555 2.8154 2.6906 2.7951 3.3114 2.8466 2.9708 2.9708 3.2463 3.6646 3.0992 2.7951 2.6212 3.0459 2.9952 2.8790 3.1849 2.4463 2.6466 2.8466 2.7752 2.5964 2.6639 2.5964 2.6296 3.1701 3.9755 4.3783 3.5762 3.3989 3.5551 3.3631 5.6597 2.9011 2.7272 2.9011 2.8154 2.4603 3.2463 3.3114 2.5964 3.7600 3.0459 2.7557 6.1401 3.9183 2.8154 3.1849 2.7557 4.6269 4.0353 3.3809 4.9166 3.1849 2.6996 2.7179 2.7179 2.7179 2.6639 2.6816 2.7087 2.6212 2.4463 3.5762 3.1849 2.4745 2.4463 3.0722 3.8905 3.0076 3.1555 3.3456 3.3456 4.0353 2.9952 3.5762 3.6196 2.5964 1.9853 2.2814 2.2814 2.2931 2.2034 2.0647 2.2472 2.0110 2.4463 2.4190 2.5035 3.1270 3.0722 3.1270 3.1849 2.8154 3.2784 2.9830 2.8681 2.3170 2.7557 2.5803 2.8361 2.3414 2.3539 2.6296 2.7366 2.2142 2.5964 3.0202 2.7179 2.9011 2.9011 2.5883 3.0076 2.9708 3.4940 2.9952 3.1555 2.8361 3.0856 4.0353 3.2151 3.4550 4.2315 2.9830 3.8633 3.6196 4.0353 3.2463 3.0992 3.4940 2.9011 3.6196 4.9166 3.0992 3.4173 3.1130 3.9183 4.3032 3.8367 3.2306 3.3631 3.3114 3.6878 2.5488 2.6906 2.4603 2.9589 2.9124 2.3291 2.6212 2.4056 2.7179 2.9238 2.5964 2.3859 2.6466 2.6727 2.5803 2.8052 2.7087 2.7087 2.6381 2.6381 2.8790 2.9238 2.6727 2.5488
102 2.8681 2.9238 3.1701 3.4550 3.4743 3.4940 2.9952 2.7366 2.8052 3.0992 2.9238 2.9238 2.7752 2.6639 2.8466 3.3284 2.8361 2.6639 3.1555 2.9354 2.5803 2.4122 2.0601 2.5644 2.2642 2.3859 2.2585 2.6466 2.2814 2.4816 2.2361 2.6129 2.6816 2.8900 2.6816 3.0459 2.2361 2.1667 2.5035 2.4463 2.4889 2.6381 2.2034 2.7366 2.6129 2.6129 2.7752 2.3602 2.3602 2.2088 2.9708 2.1022 2.1022 2.2642 2.2585 1.6633 2.9470 3.1701 2.3730 3.1270 2.7752 2.7461 2.3666 3.0076 2.9830 2.8466 2.4962 2.3730 2.4056 3.5762 3.0202 2.3666 2.6296 2.6639 2.7087 2.9952 3.0992 2.9589 2.7179 1.9938 2.0739 2.0067 2.1616 2.9238 2.6906 2.1928 2.1616 2.6296 2.7557 2.1515 2.6996 2.3924 2.3859 2.1167 2.3924 2.3990 2.3109 1.1925 1.5535 1.4246 1.2482 0.8226 0.0000 1.6999 0.7283 0.7987 0.9195 0.8154 1.4893 1.5777 1.8335 1.7544 1.7610 0.7662 1.8228 1.7544 1.6574 1.5068 0.8522 1.0217 2.7752 2.5723 2.8361 2.5566 2.4056 2.6552 2.5035 2.5964 2.6727 3.0202 2.5488 2.8466 2.8257 2.9238 2.5964 2.4816 2.9124 2.7366 2.7557 2.5644 2.7752 2.8361 2.6639 3.2784 2.9238 2.3050 2.8573 2.7179 2.7366 2.8361 2.6996 2.6466 3.1555 3.8107 3.4940 3.6196 3.8633 2.7654 3.3809 2.7557 3.4940 2.9470 2.6996 2.5335 2.6466 2.6639 2.6466 2.5335 2.8154 2.8154 2.4056 3.3989 3.5551 2.6996 3.7600 2.5723 4.0353 3.3456 3.2463 4.1301 3.7600 2.3050 2.5964 2.2990 2.8257 2.6466 2.7752 2.6727 2.2642 2.2814 3.4940 3.4940 2.7179 2.8257 3.3631 3.2622 3.2463 3.5343 3.2463 4.3032 4.0978 3.2151 3.6196 3.3809 2.8900 1.8814 1.9811 1.7413 2.1022 2.0739 1.8087 2.1022 1.8443 2.4122 1.7677 1.8928 2.8681 3.0330 3.1270 3.2784 3.0202 3.4173 3.1849 2.9011 2.0067 2.5488 2.2142 2.8361 2.3291 2.6466 2.8361 3.0722 2.2034 2.5335 2.6996 2.8257 2.9470 2.8573 2.5644 2.8573 2.9470 2.9952 2.8154 2.9238 3.4743 2.6906 3.1555 2.8052 3.5762 2.9011 3.1701 2.9470 3.0856 3.1849 2.9238 3.0589 3.4550 2.8573 3.1412 3.1849 3.0992 3.1555 3.4940 3.1412 3.2151 3.3456 2.9354 3.0330 3.3114 3.6419 2.3924 2.2416 2.2585 2.6381 2.4190 2.1719 2.3414 2.1565 2.7366 2.5644 2.6639 2.1667 2.6129 2.6816 2.5488 3.1701 2.3859 2.5335 2.3414 2.4889 2.4463 2.6046 2.2756 2.4056
103 3.5343 2.7752 4.0978 2.7557 4.0978 5.1372 3.9183 4.0051 4.2669 3.7114 3.2463 3.4550 3.3456 3.5343 4.0353 3.9755 3.4940 3.0722 4.4980 2.8154 2.8466 2.8790 2.8361 3.4173 2.6466 3.5762 2.6816 3.1701 2.5488 2.6552 2.9238 3.2463 3.5140 3.0076 3.7114 3.1555 3.1999 2.9470 2.6816 2.7557 2.9589 3.0856 2.7951 3.1555 2.7752 3.1555 3.1849 2.4962 2.2990 2.7951 2.8154 2.8573 2.5335 2.3794 2.7557 2.5335 2.7557 2.7366 2.3539 2.4745 2.5259 2.7179 3.1849 3.2306 3.0202 2.5488 3.3114 2.7951 2.5488 2.9830 2.5803 3.1270 2.6996 2.9124 3.0722 3.3284 4.3783 3.2463 3.3456 2.2931 2.4325 2.7366 2.4745 3.4550 2.3794 2.2361 2.5488 2.5644 3.2784 2.5566 2.7951 2.3666 2.6046 2.5035 2.4962 2.5883 2.4889 1.4109 1.5351 1.5482 1.5642 1.6724 1.6999 0.0000 1.6784 1.7983 1.5273 1.5914 1.1297 1.3385 1.3906 1.2695 1.3928 1.7811 1.4673 1.2463 1.4293 1.3751 1.6397 1.7948 2.4745 2.6129 3.1701 2.5488 2.4533 2.6212 2.5488 2.5488 2.5883 2.5803 2.8466 2.6381 2.8681 2.6466 2.6996 2.8790 2.7461 3.0856 2.6129 2.6552 2.9708 2.4603 2.7179 2.7179 2.6466 2.3602 3.0722 2.9830 2.8257 2.7557 2.8466 3.0202 3.2948 3.1701 3.5762 2.9238 2.5184 3.3456 3.4940 4.3032 2.9470 3.0076 2.2699 2.3539 2.9952 2.8361 2.4816 2.8154 2.8154 2.8361 2.5184 4.6721 3.5140 3.1130 2.3924 3.0992 2.4056 3.3631 2.9952 4.4980 4.7185 3.3631 2.0197 2.6816 2.9708 2.4745 2.8361 2.4533 2.2756 2.4122 3.0202 2.7272 3.7114 2.9952 2.9830 3.5343 3.0459 3.0589 3.3456 3.5140 3.3284 3.1999 3.5343 3.2306 2.5964 2.3666 2.3050 2.0110 2.2361 2.2142 2.0110 2.0464 2.5411 2.8900 2.0153 2.0110 2.6466 2.7752 3.1130 3.1555 3.2151 3.3284 3.0722 3.3456 2.5335 2.6816 2.7179 3.2784 2.6996 2.9952 2.7752 2.7752 2.8154 2.5488 3.2151 3.8905 3.4173 3.5343 2.9124 2.9124 2.7752 4.1970 4.3032 4.1970 4.0978 3.2463 4.5399 4.1301 3.1555 2.9011 3.3989 3.0992 3.1270 3.8107 3.2463 4.3032 3.0459 3.0722 3.8367 3.8367 3.1270 3.5977 3.2622 3.4360 2.9124 3.3809 3.0459 2.6816 3.2948 3.6196 2.7951 2.8361 2.8681 2.3353 2.3050 2.3924 2.5035 2.6466 2.7557 2.4603 2.6129 2.7366 2.4745 2.5488 2.4745 2.5259 2.4889 2.4190 2.5335 2.3414 2.5035 2.9470 2.6639 2.6296
104 3.3456 3.4550 3.2463 3.0589 2.8790 3.9466 2.7557 2.9470 2.6639 2.8681 2.6129 3.0992 1.9853 3.2463 3.0856 2.7851 2.5644 2.8361 3.2306 2.6906 2.7461 2.8257 2.1928 3.0330 2.5964 2.0975 2.1565 2.5883 2.5803 2.6816 2.6129 2.8573 2.7272 2.7272 2.4745 2.8573 2.6816 2.2416 2.8154 2.3539 2.3539 2.6727 2.5035 3.0992 2.2305 2.6639 2.7087 2.4889 2.6996 2.3050 2.8052 1.8443 2.0555 1.8890 2.3353 1.8017 2.5035 2.8154 1.9200 2.5566 2.1928 2.6906 2.3539 2.6639 2.6381 2.4463 2.8257 2.1414 2.6639 3.1555 2.8361 2.9708 2.8900 2.9124 2.5723 3.2463 2.6906 2.7654 3.3456 2.5488 2.2699 2.3291 2.9708 3.3456 2.7461 2.7951 2.5184 2.6466 3.5977 2.2088 2.3794 2.7087 2.6996 2.3170 1.4433 2.2699 2.6296 1.3074 1.5508 1.3197 1.2015 0.8801 0.7283 1.6784 0.0000 0.7415 0.8749 0.8106 1.5196 1.3839 1.7811 1.5642 1.6281 0.7217 1.7284 1.6138 1.6138 1.4063 0.7482 0.8202 2.7951 2.4463 2.6639 2.5109 2.6816 2.6727 2.4962 3.3456 2.5035 2.2034 2.9354 2.8361 3.0202 2.5803 2.8466 2.4745 2.8573 3.0589 2.7366 2.3353 2.4603 3.2306 2.7951 3.1270 2.7179 2.7557 2.7272 2.4889 2.8790 2.4745 2.3924 2.4257 2.9830 4.0353 3.0589 3.1412 3.4940 4.8150 3.3284 3.6646 4.0978 3.3114 2.5964 2.4889 3.0992 2.9708 2.6381 2.6296 3.4550 2.6466 2.5803 3.7600 4.9166 2.8154 3.2463 3.3284 2.8573 2.8790 3.0330 3.7114 4.0978 2.2585 3.0202 2.6296 2.6381 2.6552 2.3539 2.2416 2.3539 2.3924 3.0459 3.0076 3.0722 2.8052 3.8107 4.0353 2.9470 3.3809 3.8633 2.9708 5.1962 3.3989 3.6646 3.2622 2.8257 1.6754 1.9769 1.6876 1.6310 1.6845 1.6485 1.8157 1.7744 2.5644 1.6426 2.0285 2.4463 2.3602 2.2873 2.3170 2.4816 2.2250 2.4056 2.3170 1.8590 2.6129 2.3794 2.4463 2.2250 2.3666 2.4257 3.0202 2.0786 2.5644 2.7557 2.8790 3.1555 2.6816 2.4056 2.9124 2.8466 2.8361 3.4173 2.7179 2.7752 2.6552 3.4743 2.9830 2.9354 2.7272 2.5035 2.9952 2.8573 3.0992 3.3456 3.1412 3.0722 3.4743 2.0285 3.2151 3.3114 3.2948 3.3456 2.7654 3.3631 2.6552 3.0076 2.7179 3.3809 3.2622 2.5035 2.2699 2.5035 2.4394 2.4962 2.1719 2.3291 2.4325 2.8466 2.4962 2.2873 2.3291 2.4889 2.3353 2.6296 2.7851 2.2528 2.4816 2.2642 2.3170 2.4122 2.4190 2.6639 2.5109
105 4.2315 3.8633 4.0353 3.2784 2.9952 3.0722 2.9011 2.7654 2.5803 3.6646 2.7366 2.7951 3.2463 2.9011 2.9011 2.8361 2.6996 2.5335 3.3989 2.7752 2.6816 2.5411 2.4463 2.6296 2.3666 2.3291 2.4122 2.4889 2.6466 2.5644 2.5803 2.4745 2.3666 2.2931 2.4190 2.7179 2.2034 2.5644 2.6816 2.3109 2.7951 2.3666 2.6212 2.9238 2.7366 2.9470 2.5883 3.0076 3.2151 2.6816 2.8900 2.9708 2.3539 2.2472 2.5335 2.6296 2.6296 3.2948 2.2361 2.4056 2.4533 2.9470 3.2306 3.1555 2.3170 2.6727 2.4889 2.6129 2.5335 2.4962 3.2784 2.6381 2.8361 2.3924 2.6727 2.9470 3.0992 2.8573 3.3456 2.5184 2.0464 2.2472 2.8154 3.4940 3.3809 2.3414 2.5803 2.8573 3.0722 2.4190 2.6296 2.3539 2.6046 2.7366 2.9589 2.2142 2.7179 1.2578 1.2636 1.3343 1.2406 0.9062 0.7987 1.7983 0.7415 0.0000 0.8878 0.8154 1.4505 1.3449 1.7643 1.5750 1.7156 0.8385 1.7677 1.6426 1.7156 1.3664 0.8348 0.9413 2.3990 2.1928 2.5488 2.7179 2.6129 2.8361 2.3291 2.6129 2.7951 2.4533 2.7557 2.4257 2.8052 2.4745 2.5335 2.5035 2.6466 2.6381 2.5803 2.3990 2.5488 2.6639 2.7951 2.9708 2.7366 2.7179 3.1555 2.6212 2.6996 2.6381 2.8573 2.5488 2.6906 3.5762 3.3809 3.6646 4.4980 3.9183 3.3114 4.2315 4.4571 2.9952 2.4325 2.4463 3.1555 2.4745 2.5184 2.6639 3.0992 2.6996 2.5803 3.3456 3.0330 2.9952 2.9470 4.4571 3.8107 3.1555 3.4940 4.9166 2.6906 2.7366 3.7600 2.4533 2.8257 2.6639 2.3291 2.3050 2.5566 2.4745 3.3631 3.8633 2.7654 2.9470 3.7600 2.9830 3.5762 3.8633 2.9011 3.5762 3.5551 2.9952 2.9589 3.5140 3.1270 1.9938 1.6110 2.3924 1.9603 1.7880 2.0833 1.9082 1.8590 2.8573 1.8890 1.9480 3.0459 3.1412 3.1270 2.9011 3.1701 3.0202 2.7654 3.0992 1.9200 2.9470 2.0975 2.8361 2.5109 2.7951 2.5644 2.6816 2.3539 2.5335 3.2463 2.8573 2.8154 2.8573 2.4463 2.6996 2.6996 2.7272 2.8681 2.9354 3.0722 2.9354 3.2948 3.3284 3.2948 3.1701 3.0722 2.8466 3.7600 3.2463 2.8257 3.5762 5.3835 3.4743 3.0722 3.0202 3.4360 3.3284 3.4360 3.0722 3.0330 3.1270 4.6269 3.1999 2.9708 3.7851 2.3291 2.3291 2.6296 1.9853 2.3666 2.0285 2.2585 2.1119 2.2361 2.6639 2.4325 1.9853 2.2814 2.4190 2.3414 2.7179 2.2642 2.2814 2.1875 2.2931 2.5566 2.4394 2.2814 2.3730
106 3.2463 4.6269 3.0722 3.1555 3.8633 3.8905 3.8633 3.7114 3.5343 3.1270 4.0662 3.0202 3.3114 3.3114 2.9830 3.2151 3.0076 3.0856 3.3114 2.5964 2.2088 2.7654 2.3291 2.6996 2.4889 2.3539 2.4889 2.5488 2.4056 2.3794 2.3990 2.6816 2.4816 2.3109 2.5803 2.8573 2.7557 2.4816 2.4889 2.2142 2.4056 3.1130 2.3539 2.8257 2.3414 2.6727 2.6816 3.1270 2.7951 2.4257 3.5343 2.9708 2.3353 2.8361 3.1849 2.6996 3.3284 3.5762 3.0722 3.2151 2.7557 2.8466 2.4463 2.9708 2.5335 2.9708 2.7752 2.6552 2.6129 2.4463 2.9952 2.7557 2.5335 2.8790 3.0589 3.1270 3.3456 2.6212 3.3989 2.5803 2.1616 2.9238 2.3539 3.3989 2.7179 2.5803 2.7366 2.5184 3.5977 2.7557 3.2151 2.5803 2.5803 2.0555 2.7557 2.4122 2.5803 1.2617 1.5482 1.2913 1.2033 0.9088 0.9195 1.5273 0.8749 0.8878 0.0000 0.8373 1.4770 1.4200 1.8739 1.5750 1.6663 1.0068 1.7220 1.6138 1.5221 1.4721 0.8930 1.0054 2.6296 2.9952 2.8573 2.5488 2.5335 2.7461 2.5035 2.7461 2.6296 3.2948 2.8573 2.7654 3.0202 2.9952 2.8573 3.2151 3.4550 2.8790 3.2622 2.6816 2.6046 2.7951 3.5140 3.1270 2.9708 2.8154 2.8154 2.9238 3.0202 2.6816 2.7366 2.6639 3.1130 3.4360 3.2948 4.0662 3.0459 3.5551 3.4173 4.4172 3.6646 3.1849 3.0992 2.8573 3.0459 3.1849 2.7951 2.4190 2.8790 3.2463 2.7366 3.9755 2.5035 3.1412 3.2151 2.7461 2.7179 2.8154 3.2784 3.9755 4.3783 3.4550 2.6906 2.9354 2.8790 2.5335 2.6996 2.5335 2.5335 2.5035 3.2306 2.6816 2.7179 2.4673 3.0330 2.8573 3.3114 3.1412 2.7557 3.3809 3.8633 2.6996 2.9708 2.5644 2.5109 2.0647 2.2305 2.2034 2.2034 2.0739 1.9769 1.8966 2.2931 2.6296 1.8516 2.2250 2.4745 2.7366 2.6906 2.9830 2.9952 2.4325 2.5883 2.9238 2.1022 2.6046 2.9011 2.6466 2.0786 2.5488 2.7179 2.9952 2.5335 2.4889 3.0992 3.1701 3.0722 2.7951 2.4463 2.8466 2.9952 2.9830 2.9011 2.9708 2.8573 3.3456 3.6196 2.9952 3.0330 3.1130 2.6906 2.7557 3.0992 2.8052 2.5723 2.8573 3.3456 3.0589 2.9952 2.9952 3.4173 2.6466 2.8790 2.6639 2.5964 2.4745 3.0992 2.4463 2.8573 2.5803 2.7179 2.4673 2.7366 2.4745 2.6296 2.3291 2.2472 2.4889 2.8681 2.2931 2.4889 2.4962 2.4745 2.2585 2.6466 2.5803 2.4056 2.6816 2.1875 2.2142 2.6639 2.7752 2.6466 3.0722
107 4.3783 3.3456 3.1701 2.7366 3.2784 3.1849 2.7951 2.9124 3.0722 3.2784 2.5184 2.5723 2.9830 3.4940 3.1555 3.7355 2.7366 2.7951 3.1555 2.5566 2.3730 2.7557 2.0197 2.7557 2.2196 2.1928 2.2142 2.4962 2.2931 2.4603 2.4190 2.3666 2.4190 2.3414 2.5644 2.2699 2.0833 2.1515 2.5035 2.0374 2.3990 2.4533 2.5644 2.3539 2.3230 2.5644 2.5644 2.4190 2.4190 2.1565 2.4603 2.0285 2.0647 2.1823 2.2931 2.0110 1.9769 2.3666 2.2585 1.9279 2.5109 2.5803 2.5644 2.9124 2.5964 2.9124 2.5723 2.1616 2.5184 2.5803 2.5184 2.6816 2.9470 2.5644 2.5411 2.9952 3.0722 2.4745 2.8154 2.2250 1.9603 2.3291 2.6212 2.3666 2.2931 2.6296 2.5335 2.0464 3.1270 2.5335 2.8681 1.5377 2.6296 1.5068 2.7366 2.4745 2.6381 1.3156 1.5068 1.2675 1.2052 0.8996 0.8154 1.5914 0.8106 0.8154 0.8373 0.0000 1.5998 1.5170 1.7948 1.8228 1.7778 0.9035 1.8890 1.6604 1.5942 1.4576 0.8647 0.9608 2.6129 2.2931 2.8361 2.7951 2.2873 2.5723 2.4056 2.8154 2.5644 2.8257 3.0992 2.6296 2.9830 2.7752 2.3291 2.6129 2.6816 2.6639 2.6996 2.4889 2.5803 2.4962 2.8154 3.1849 2.7366 2.3794 2.9238 2.7752 2.7366 2.5644 2.5035 2.5259 2.9470 3.1555 3.4173 3.4550 3.4550 3.6196 3.6196 4.5399 3.2151 2.8154 2.7557 2.4190 2.7087 2.9011 2.6296 2.6129 2.7752 2.6466 2.1823 4.0353 3.6196 2.9952 3.2948 2.9124 3.8633 3.0589 2.9238 3.5343 3.7114 2.7366 2.1515 2.6296 2.9708 2.4603 2.6381 2.4463 2.1167 2.3666 2.6996 3.4550 2.7752 2.8361 2.8900 3.3809 3.9183 3.1849 2.9708 3.2151 3.0856 2.4962 2.7366 2.8790 3.1849 1.8814 1.8192 1.9521 1.8814 1.8814 1.8739 1.6968 1.9279 2.2361 1.8052 2.0464 2.6816 2.6046 2.1515 2.3730 3.2622 2.5335 2.6296 2.6552 2.3924 2.3539 2.2699 2.5644 2.1022 2.3414 2.5109 2.2142 2.3730 2.3859 2.8790 2.6296 2.4745 2.6381 2.4056 2.9238 2.9952 2.6212 3.2463 2.7752 3.6196 2.7951 3.3456 3.0330 2.8466 2.7557 2.8052 3.1701 2.7366 3.5762 2.7557 2.6816 3.2948 3.2463 2.5335 3.1999 3.5762 2.7654 3.0722 2.5335 2.6466 2.4673 2.7851 2.5184 2.9830 3.4360 2.2931 2.3666 2.3109 2.4190 2.4257 2.9124 1.9938 2.2990 2.6129 2.3414 2.3109 2.1875 2.1265 2.5184 2.4603 2.2528 2.3353 2.4056 2.2699 2.0833 2.2034 2.2142 2.1414 2.5109
108 4.1632 2.8154 4.3783 4.0353 3.5343 4.7661 3.4173 4.3783 3.7114 3.7355 3.2463 2.5964 3.7114 4.5399 3.5762 4.4571 3.3809 3.9466 3.8107 2.6639 2.5644 2.6381 2.8466 2.4463 2.4463 2.3291 2.3539 2.6296 2.6046 2.8154 3.0459 2.5566 2.5335 2.4816 2.9708 2.5335 2.4325 2.3666 2.2416 2.9589 2.8900 2.3730 2.2196 2.5964 2.7461 2.5803 2.5488 2.1616 2.0833 2.4122 1.9603 2.1315 1.8966 2.0647 2.1515 2.3602 1.9938 1.8228 1.9603 2.1070 2.1616 2.7179 2.5488 2.7179 2.6466 2.6996 2.9011 2.5335 2.6552 1.9853 2.9708 2.5566 2.8466 2.5723 2.7951 2.9589 3.3989 2.1315 3.0992 2.1719 2.3539 2.3602 2.2034 3.0330 2.0833 2.5964 2.9952 3.6196 2.9708 2.3170 2.6212 2.7654 2.5488 1.9359 2.5644 2.1265 2.6212 1.3301 1.3751 1.4109 1.3928 1.5377 1.4893 1.1297 1.5196 1.4505 1.4770 1.5998 0.0000 1.2330 1.3577 1.1961 1.0837 1.6138 1.2520 1.2444 1.3839 1.2444 1.6485 1.7478 2.8257 2.3353 2.7557 2.0601 2.7461 2.3477 2.6212 2.6381 2.3924 2.4257 2.7654 2.6727 2.4394 2.5644 2.2250 2.2250 2.3291 2.3414 2.2931 2.6466 2.6816 2.8361 2.9952 2.8790 2.8790 2.7752 3.5762 3.1130 3.2463 3.8107 3.1849 3.2463 3.1555 2.5883 2.8257 2.6046 1.8157 3.2463 3.0459 2.3170 2.9708 3.4940 3.1555 2.7557 3.0722 3.0202 3.0992 3.0459 2.9238 3.1270 2.7179 3.9183 2.4745 3.5140 2.5964 4.4571 2.4673 3.4550 2.6996 2.5488 3.4550 2.0023 2.1022 2.7752 2.9830 2.6296 2.5644 3.0076 2.4257 2.5184 2.7951 3.0459 3.1270 2.6381 3.6196 3.1270 3.1270 3.0202 2.9238 3.7114 3.4173 1.7710 2.9238 3.3456 2.7951 2.2034 1.9359 1.9769 1.9044 1.7544 2.0197 1.8516 2.0555 2.5644 1.8516 2.2585 2.6466 2.1981 1.8890 1.7677 2.1616 1.5970 2.7557 2.3170 1.7983 2.5883 2.3666 3.0722 2.4603 2.5184 3.0459 2.5035 2.2699 2.3291 3.3809 3.4550 3.3809 3.2151 2.7179 2.6996 2.8466 3.9466 2.9470 3.2463 3.0722 3.3809 3.7114 4.1632 3.0856 2.6129 2.7179 2.7366 3.0992 2.6296 2.7951 2.7179 2.8573 4.1301 3.2151 4.5399 4.2315 3.2463 3.9183 2.7951 2.6996 3.0722 2.9124 2.5803 3.4743 3.2784 2.4962 3.0076 2.8361 2.3602 2.4673 2.3666 2.3170 2.6296 2.9470 2.5035 2.5644 2.4673 2.7752 2.2472 2.7557 2.2196 2.4463 2.5803 2.1928 2.5566 2.3414 2.7179 2.8790 2.5411
109 2.9708 3.1849 2.9470 3.2784 3.3631 3.8633 3.8107 3.3809 3.9466 3.2622 4.0051 3.8633 4.8150 4.1301 3.1412 3.5762 3.0722 3.5762 4.0662 2.5803 2.4816 2.1464 2.1616 3.1412 2.6996 2.6639 2.6129 3.1849 2.5488 3.1999 2.5488 2.6816 2.7951 2.6906 2.6639 2.6129 2.7366 2.5803 2.8052 2.1464 2.8466 2.4325 2.5335 2.4394 2.2873 2.5259 2.6129 2.4533 2.2931 2.5566 2.5035 1.8122 2.1070 2.0833 2.0197 2.1928 2.3414 2.2034 2.5411 2.1119 2.5035 2.1928 2.4533 2.9952 2.4325 2.3666 2.2990 2.9011 2.6996 2.9708 2.7461 3.1849 2.8900 3.0076 3.0992 3.2948 3.7355 2.5566 2.3730 3.0992 2.6296 3.1130 2.4603 2.0739 2.8257 2.5184 2.8257 2.3477 2.8361 3.0202 2.8154 2.2034 2.4190 1.5970 2.0110 2.2034 2.8052 1.1889 1.1571 1.3491 1.2463 1.5068 1.5777 1.3385 1.3839 1.3449 1.4200 1.5170 1.2330 0.0000 1.6693 1.4528 1.3839 1.5696 1.4844 1.5170 0.5551 1.0157 1.5170 1.5094 2.5335 2.8154 2.2756 2.4889 2.4603 2.5644 2.5883 3.0722 2.6466 3.3989 2.8466 2.6816 2.6466 2.6816 3.1270 2.7654 2.6639 2.9470 2.6727 2.4745 3.1999 2.8466 2.8361 2.8361 2.6129 2.6296 2.9708 3.0722 2.7752 2.7752 2.6816 2.8573 3.6419 3.3114 3.0202 2.7366 3.8107 2.7752 2.9708 2.7366 3.2463 4.0353 2.9011 3.1701 3.2463 2.9011 2.5035 2.6296 3.0722 3.0202 2.6996 3.6878 4.1632 3.7114 4.6721 4.1301 2.3291 3.0459 3.8905 3.0992 2.9708 2.4325 1.9603 2.8361 2.6212 2.4673 3.1270 3.1270 2.4745 2.6129 2.5803 3.3114 2.5803 2.3990 2.7752 2.9238 3.9466 3.2463 2.8257 2.9952 2.9708 2.8900 2.8573 3.3284 2.1928 1.7677 1.9685 1.9200 2.0555 1.9853 1.7156 2.0786 1.7478 2.3414 1.8443 2.3050 2.7851 2.8466 2.0833 1.7880 2.7752 2.4056 2.1216 3.0992 1.8553 2.6129 2.7179 2.3924 2.5644 2.7557 2.4190 2.5035 2.2142 2.1928 3.4173 2.5883 2.9354 2.5644 2.3924 3.2306 3.1999 3.0856 3.2463 2.9589 3.5140 4.1632 3.8107 3.9183 3.2948 2.8790 3.2463 2.8466 2.8900 3.1555 2.7366 2.9354 3.3114 3.0856 3.6646 3.0459 4.3783 3.3456 3.2948 3.2306 2.6552 3.3456 2.8257 2.9470 3.9755 3.0459 2.1928 2.8257 2.5883 2.0285 2.1981 2.3666 2.1119 2.2361 2.2034 2.4816 2.2585 2.3291 2.1216 2.4190 2.4325 2.4745 2.3414 2.2931 2.0833 2.4463 2.3291 2.3230 2.1823 2.4190
110 2.9011 2.9238 2.9011 2.4190 3.0459 3.5140 2.8790 4.0353 3.3456 3.0459 2.4056 2.8154 3.3284 3.0992 3.9466 3.2784 3.5762 2.2361 3.7851 2.8052 3.0459 2.7557 2.8573 2.7951 2.7179 2.8573 2.8790 2.7654 2.9708 2.9124 2.9470 3.2622 2.9708 2.8681 2.8257 3.2463 2.4056 3.0589 3.3809 3.2622 2.6727 2.6639 2.9952 3.0459 2.1823 2.7366 2.5259 2.6466 2.6466 2.6466 2.5723 2.3477 2.0374 2.0197 2.1616 2.8257 2.6296 2.5883 2.3602 2.1616 2.9238 2.6996 3.0589 3.2306 2.5184 2.7087 2.7557 2.9952 2.4603 2.2472 3.7114 3.3809 2.9011 2.9470 2.0197 3.4550 4.7185 3.0589 2.9708 2.6212 2.9952 3.0722 3.0722 2.9354 3.4550 3.3631 3.4940 2.8361 3.0992 3.0202 2.9952 1.6253 2.5803 1.5535 2.4889 1.8852 2.3353 1.8157 1.5403 1.8299 1.7478 1.7845 1.8335 1.3906 1.7811 1.7643 1.8739 1.7948 1.3577 1.6693 0.0000 0.6628 0.9907 1.8480 0.5073 0.7640 1.7093 1.5588 1.7914 2.0509 2.7087 3.0459 3.2463 2.7272 2.7752 3.4360 3.2463 3.3631 2.6639 2.7851 3.2622 3.8107 2.8154 2.8154 3.0076 2.9011 2.9011 2.7461 2.8361 3.0992 2.9589 3.1270 3.5343 3.8107 3.3114 2.7752 3.3631 3.2151 3.4550 3.5762 3.4940 2.9238 2.2585 3.2151 2.3794 2.3539 2.4603 3.0459 2.5803 2.9470 2.3291 3.2784 2.8361 3.1701 2.7461 2.9470 3.1270 3.5343 2.9124 3.5140 3.0330 3.0722 2.5184 2.1315 2.9011 4.0051 2.1119 2.6996 2.0464 3.0992 2.5035 2.4325 2.6046 3.0992 2.7752 2.9470 3.5977 2.9124 3.1999 2.9830 2.6129 2.3414 2.6727 2.7179 3.3114 2.8257 3.7851 2.8573 2.8154 3.1270 2.7851 2.3539 2.4603 2.8573 3.1270 2.2814 1.9603 2.3794 2.1265 1.7744 2.1216 2.0786 1.9521 3.0589 2.0197 2.1167 3.1555 2.9011 3.7851 2.8361 3.3284 2.9238 3.3456 2.7951 1.7744 3.2463 3.3114 2.4603 3.3456 2.0555 3.7114 3.3114 1.9811 2.3170 4.0662 3.5343 4.0978 3.7600 2.9470 3.3631 3.2622 3.1412 4.4172 2.9470 4.3032 2.8790 5.5176 2.8154 2.2642 3.2151 4.0353 5.5876 3.7600 3.1555 4.3403 3.4550 3.8633 4.7661 2.2142 3.8107 2.7752 3.6196 3.4173 3.2622 2.8466 3.1849 4.2669 3.1270 4.3032 2.5109 2.9238 3.0330 2.6466 3.1555 2.7366 2.8052 2.8573 2.8681 2.8900 2.5411 2.6816 3.2463 3.4940 2.6996 2.8052 2.3050 3.0076 3.0722 2.7366 3.7600 3.4940 3.9755 3.2151 2.9830
111 3.1849 3.1412 3.5343 2.6046 3.3631 3.8367 2.8681 2.9470 3.4550 3.5762 2.5964 2.7951 3.8107 3.0202 3.3809 3.2784 3.7114 3.0856 3.6646 2.6466 2.8154 2.4816 2.5184 3.1270 2.6466 2.8681 2.7087 3.3114 2.4394 2.8573 2.5335 2.7951 2.8052 3.0856 2.5644 3.3809 2.5109 2.4325 3.0589 2.6552 2.6212 2.6129 2.5723 2.9124 2.5488 2.6129 2.5411 2.6639 2.4325 2.3730 2.5644 2.4673 2.7851 1.7610 2.1216 2.1119 2.6466 2.7654 1.9200 2.9952 2.8361 2.6816 2.5411 2.8154 2.9011 2.6639 2.4463 2.4325 2.5488 2.7851 2.8790 2.8573 2.6129 2.7087 3.0722 3.1555 3.8367 2.9470 3.5343 2.8573 2.5335 3.1849 3.3456 3.6646 3.9466 2.8154 3.7600 2.4603 3.3114 3.0722 2.9470 1.8701 2.3170 1.7220 1.9938 1.8701 2.9952 1.4819 1.4154 1.6784 1.5273 1.5859 1.7544 1.2695 1.5642 1.5750 1.5750 1.8228 1.1961 1.4528 0.6628 0.0000 0.7812 1.8443 0.5560 0.1890 1.5377 1.4968 1.7610 1.8480 2.7752 2.3924 2.8573 2.7951 2.8900 3.3631 3.6878 4.1632 2.9238 2.8790 2.6906 3.0856 4.1301 3.0856 3.5977 3.1270 3.6419 2.9952 3.1130 3.4550 2.9011 2.7557 3.1270 2.8790 2.7366 2.5184 3.2463 3.1701 3.2151 3.1555 2.6129 2.8573 3.4360 3.1130 2.0374 3.1270 3.0992 2.9470 3.0076 3.4550 3.0992 2.7179 2.9011 2.8790 3.1849 2.5035 3.2622 2.4325 2.8361 3.1849 3.0722 4.9695 2.6296 2.4056 2.6639 3.0202 2.3230 3.0722 2.1719 2.8573 3.6196 2.5488 2.5035 2.9470 3.1999 2.3602 3.1270 2.7179 2.6639 2.5488 3.8633 3.1270 2.9952 3.2151 3.4550 3.4173 2.6906 2.9124 2.8573 3.6196 3.2463 2.1616 2.8790 3.2151 3.1999 1.7744 2.0023 2.0927 2.0067 1.9044 2.0374 2.3291 2.0555 2.8900 1.9769 2.1667 2.5644 3.3456 2.7179 2.8154 2.9952 3.0856 2.7752 2.9011 1.9769 3.3809 2.8361 3.6878 3.0992 2.9124 3.6196 3.0722 1.6724 3.0856 3.1270 3.0202 3.3456 2.8573 2.3924 3.3631 3.0589 3.7600 3.3631 3.3284 3.3456 3.4940 5.1962 3.3284 3.1555 3.1270 3.1849 3.6419 3.2306 2.8154 3.6646 3.0202 2.9011 4.0353 2.2699 3.1130 2.4190 3.2151 3.3809 2.7951 2.6639 2.9708 2.9708 3.0202 3.8107 4.2315 2.6129 2.9354 2.6639 2.8790 2.5335 2.6639 2.5964 2.6639 2.8361 2.3924 3.0459 2.4190 2.6639 2.9011 2.9589 2.9952 2.3794 2.7272 2.4889 2.4603 2.8052 3.0992 2.9952 2.5566
112 3.1130 5.6597 3.1849 2.7951 3.9466 3.7114 3.3631 3.7600 3.8633 4.4571 4.0353 3.6419 5.0239 5.1372 5.1962 3.2784 3.2463 3.8107 3.6646 2.6466 2.4603 2.5035 2.7272 2.7557 2.7461 2.6996 2.7179 2.6129 2.6552 2.9708 2.5723 2.4325 3.0330 2.8052 2.6046 2.6816 2.5803 2.3990 3.2948 2.7366 2.8154 2.4325 2.2756 2.5964 2.3291 2.3730 2.6046 2.6212 2.3924 2.5184 2.3477 2.6046 1.9895 2.2699 2.0555 2.9589 3.0992 2.1823 2.4394 2.4463 2.5964 2.6466 2.4962 2.9708 2.3990 2.7654 2.5184 2.6639 3.4173 2.5184 2.6552 3.1130 2.8900 2.9830 3.9466 3.1270 3.7851 3.6196 4.2315 2.9011 2.9708 2.7851 2.9011 3.3284 3.2622 3.3114 3.2151 3.1270 3.2306 3.7600 3.4360 1.8122 3.6196 3.2622 2.1414 2.3666 2.7851 1.5588 1.4457 1.6693 1.7093 1.6663 1.7610 1.3928 1.6281 1.7156 1.6663 1.7778 1.0837 1.3839 0.9907 0.7812 0.0000 1.8052 0.9331 0.8472 1.5221 1.4624 1.6026 1.8966 2.5803 2.6381 2.7179 2.6727 2.5723 2.7366 2.7557 3.1701 3.0856 2.4889 2.9354 3.1999 2.9708 3.2306 2.7951 2.8466 3.2784 2.6639 3.0459 2.6296 2.5644 3.0076 3.1270 3.7114 2.9470 2.8154 2.2305 2.9470 2.8573 3.0459 1.9200 3.0330 2.2472 4.0978 1.9685 2.1823 2.1315 2.1364 2.1464 2.3291 1.8814 3.2784 2.8790 3.0992 2.2814 2.0509 3.6646 2.9708 1.8228 3.4550 2.4190 2.6639 2.3794 2.2699 2.4889 3.0722 2.5644 3.2463 2.1616 2.1022 3.8633 2.0555 2.1719 3.0330 3.4550 2.7654 2.9470 2.5964 2.6552 2.9124 3.7851 4.6269 3.4173 3.3456 5.2569 3.6878 4.4172 4.2315 3.7114 5.3835 4.4571 2.2142 3.7600 3.6419 3.4550 2.2034 2.2642 2.2416 2.0241 2.0419 2.2699 2.2472 2.2250 3.4940 2.1928 2.3170 3.1412 3.2306 3.0722 2.6996 2.8573 3.1270 2.8790 2.7366 2.0374 2.8790 2.5723 2.6727 2.9589 2.7557 3.5343 3.4550 2.5644 2.7179 3.4940 2.8681 2.9011 3.1849 2.8361 2.9952 2.9952 3.2463 3.8107 3.3284 3.8107 3.9183 8.2682 4.6269 3.9755 3.7851 3.0459 3.5343 4.5829 2.8052 3.3631 3.2622 5.4496 4.3783 4.1632 4.9166 4.2315 3.1849 3.3989 3.1555 3.3114 3.3284 4.5399 3.3456 3.7114 3.5762 2.5259 2.9011 2.6906 2.7179 2.4962 2.6296 2.4962 2.3291 3.0459 2.3924 2.5723 2.3414 2.8790 2.9238 2.4889 2.1070 2.5184 2.6296 2.3353 2.5335 2.7752 2.6996 2.8154 2.4056
113 4.3032 4.2669 4.5399 4.8150 3.8633 3.7851 3.3114 3.5977 3.6196 3.3631 2.5488 4.3783 3.1555 3.9183 3.6646 3.7600 3.5977 3.4550 3.4360 2.8790 2.5566 2.7461 2.3990 2.6996 2.4463 2.0601 2.8052 2.6129 2.4257 2.9830 2.6466 2.5964 3.1555 2.8466 2.8052 2.9470 2.5723 2.5184 2.9238 2.3414 2.8900 2.9589 2.8257 2.5335 2.3539 2.5883 2.5803 2.4190 2.5184 2.1616 2.1667 2.3794 1.9439 2.5109 2.3794 1.9044 2.4257 2.0647 2.2361 2.5644 2.4816 2.9470 2.5488 2.9952 2.5411 2.7366 2.8681 2.7461 2.9238 2.6906 3.0330 2.8361 3.0202 2.5964 2.6466 3.5140 3.0992 3.0589 3.7851 2.4889 3.9466 2.8573 2.8790 3.8905 3.1849 2.2361 2.5644 3.4173 3.4940 3.0722 3.0722 3.0856 2.5335 2.3477 2.6129 2.5964 2.6639 1.3034 1.5119 1.4063 1.2754 0.9608 0.7662 1.7811 0.7217 0.8385 1.0068 0.9035 1.6138 1.5696 1.8480 1.8443 1.8052 0.0000 1.9685 1.7677 1.7677 1.4624 0.7964 0.9222 2.5566 2.8790 2.4463 2.6639 2.3050 2.6996 2.5644 3.0992 2.8361 2.6129 2.6816 2.7272 2.8154 2.6996 2.7951 2.5184 2.8466 2.9952 2.6466 2.6639 2.7461 3.0856 3.3809 4.0353 3.1849 2.8154 3.4940 3.7114 3.4173 2.8154 3.3809 3.8905 2.8573 3.6646 3.7114 3.3284 3.4550 3.7114 2.7951 3.4173 4.4172 4.0353 3.8633 3.2151 3.9755 4.3783 3.6646 2.9952 3.5762 3.7600 2.7951 3.1270 2.9354 2.7951 4.8150 4.0051 2.5566 3.0992 3.7600 3.7851 3.4173 2.9354 3.1412 2.5488 2.6996 2.3666 2.4394 2.7272 2.6906 2.9354 3.4743 3.2151 2.8154 2.7752 3.4360 2.5803 4.1301 3.5140 2.8052 3.9755 2.9238 3.0330 2.6816 3.6646 2.5335 1.9121 2.0023 2.1119 1.8443 1.9439 1.9044 1.9603 1.5221 2.9470 1.8371 1.8890 3.1555 2.9952 2.7752 2.9470 3.1412 2.0197 3.0459 2.3794 2.0739 2.4603 2.4745 2.9238 2.6996 2.6552 2.8154 3.0459 2.5184 2.5964 3.0459 3.1412 2.9470 2.7752 2.9708 3.7600 3.9466 3.1270 2.7557 2.9011 3.2948 2.6046 3.2151 3.0202 3.4360 3.1701 3.1555 3.2784 3.2784 2.8681 2.8466 3.2463 3.2151 5.0239 3.4173 3.5140 3.3114 3.1849 3.3284 3.0459 3.8633 2.8790 3.0992 2.9470 3.9755 3.4173 2.5035 2.6996 2.7179 3.0202 2.5335 2.2305 2.3990 2.4745 2.8154 2.3477 2.5964 2.2585 2.5964 2.9011 2.6906 2.8154 2.6639 2.5964 2.2699 2.6727 2.4394 2.6046 2.7179 2.5335
114 3.0856 3.3456 3.1270 2.0374 3.5762 3.2463 3.2622 3.5551 3.5343 3.5343 3.1270 3.0722 4.0978 3.4940 4.1970 4.1970 4.0353 3.0589 3.8367 2.7752 3.1555 3.0202 2.7272 3.0459 3.0202 3.0202 2.9708 3.6646 2.4056 2.9124 2.6906 2.8790 2.7179 2.6639 2.9124 2.8052 2.6129 2.8361 3.3809 3.1849 2.5259 2.5335 2.9238 2.8573 2.5259 3.0722 2.4889 2.3109 2.3170 2.5035 2.3477 2.3730 2.0285 1.9603 2.2472 2.2699 2.2990 2.3730 2.0739 2.3291 2.9470 2.6639 2.9124 2.8361 2.6296 3.3631 2.6816 2.6639 2.8900 2.5411 3.4173 2.9470 2.8154 3.1555 3.2948 3.6646 4.0662 3.1849 4.3032 2.1315 2.3170 2.5488 2.5335 3.9183 2.6996 2.7752 3.0459 2.4745 3.6196 2.8361 2.9011 1.7031 3.0459 1.8299 1.7744 1.6784 3.0330 1.5914 1.5351 1.8299 1.5970 1.8371 1.8228 1.4673 1.7284 1.7677 1.7220 1.8890 1.2520 1.4844 0.5073 0.5560 0.9331 1.9685 0.0000 0.7142 1.5535 1.5804 1.7948 1.8157 2.8573 2.4889 2.9708 2.6296 2.7272 3.1555 2.9470 3.2306 3.1270 2.6296 2.6996 3.5762 3.4743 3.0202 2.9830 2.6816 3.2622 3.4940 2.7461 3.0202 3.0202 3.1555 3.3809 3.3114 2.9708 3.1270 3.2784 2.9124 3.3989 3.5762 3.3114 2.8361 3.8633 4.3783 3.3809 2.8361 3.1849 3.3809 3.6419 4.3032 2.6996 3.2784 3.1555 3.4173 3.7114 2.5184 3.1849 3.3114 2.3794 3.4173 3.1412 4.7185 2.4603 2.8361 2.6639 4.0051 2.1216 3.7600 1.9938 3.2463 4.0051 2.6996 2.1315 3.0589 3.4360 2.8573 3.1849 3.1412 3.1701 2.8573 3.8633 3.5140 3.7114 3.7600 3.4173 2.9952 2.9830 3.4550 3.5977 5.2569 3.2784 2.6381 3.4940 3.5343 3.1270 2.1515 1.9603 2.2361 2.3666 1.9279 2.3414 2.3539 2.2250 3.1412 2.1823 2.2642 3.1555 3.2463 3.0459 2.7752 2.9952 2.9354 3.0589 3.1701 2.0833 3.2306 3.2151 3.3114 3.4173 2.8573 3.4173 3.2151 2.7087 2.7366 3.7114 3.1270 3.2784 3.1555 2.6046 3.1849 3.5343 3.7600 4.1632 3.7851 4.0051 3.7114 4.5829 3.8107 2.6639 3.1130 2.8361 4.2315 3.0722 3.6646 3.9755 3.3284 3.6878 4.2315 3.8107 3.3989 4.3783 3.4743 4.0662 3.1270 2.6816 3.4550 3.0722 3.1412 3.6196 3.4743 3.0076 2.8573 3.1555 3.0459 2.5803 2.5035 2.6996 3.0856 3.0202 2.3859 2.7461 2.5184 2.9354 2.2699 3.1270 2.2472 2.6381 2.9238 2.6996 3.4550 2.9952 3.0589 3.0459 2.9124
115 3.5762 3.7114 4.1632 2.5488 4.0353 4.7185 2.9952 3.6646 3.5343 3.5343 3.3809 3.2622 4.1632 2.8573 3.4940 3.1270 3.4550 2.5723 4.1301 2.8052 2.6816 3.0722 2.4463 2.6212 2.6381 2.8573 2.5035 2.9238 2.3990 2.6129 2.6381 3.0202 3.0459 3.4743 2.7366 3.0202 2.6046 2.3477 2.9952 2.7087 2.7272 2.7087 2.4816 2.7179 2.6906 2.4673 2.4190 3.4173 2.1616 2.3109 2.0197 2.3602 2.3990 1.7156 2.0647 1.9603 2.1667 3.0459 2.0285 2.3353 2.7087 2.6552 2.9238 3.2463 3.0330 3.0459 2.9124 3.0589 3.1555 2.9952 2.6129 2.8361 2.4889 2.5184 3.1849 2.9830 3.5140 3.1555 3.6196 2.4962 2.6296 2.9011 3.0722 3.2948 3.3114 3.2463 3.4940 2.2250 3.3284 2.7654 2.9011 1.8052 2.2305 1.5273 2.0509 1.3343 2.3050 1.5119 1.3751 1.5914 1.4819 1.6754 1.7544 1.2463 1.6138 1.6426 1.6138 1.6604 1.2444 1.5170 0.7640 0.1890 0.8472 1.7677 0.7142 0.0000 1.5970 1.4868 1.6485 1.8087 2.8361 2.4962 2.8361 3.0722 2.9238 3.1412 3.1270 3.7355 2.8681 2.7366 3.0330 2.9830 3.4360 2.7951 3.3989 3.1555 3.2948 3.1130 3.0722 3.1270 3.0992 2.9124 3.4173 3.4550 2.6296 2.7752 3.2151 3.4173 3.4550 3.1130 2.9238 2.7951 3.4940 3.5343 3.2151 2.2814 2.2699 2.7851 3.3809 3.6196 2.9011 2.9238 2.6906 3.3114 3.8905 2.8361 3.0330 3.0722 3.1999 3.4550 3.0589 3.8107 2.8573 2.3602 2.4190 3.6878 1.9121 3.0992 2.1515 3.0202 4.4571 2.4325 2.3666 3.2784 3.6196 2.7272 3.3809 2.9238 2.7272 2.7851 4.4172 3.2151 3.2151 2.8573 3.5551 3.2622 3.1849 3.0202 3.2306 3.0459 3.4173 2.9011 3.4173 3.2622 3.1849 1.8228 1.8701 2.0927 1.9938 1.7156 2.0023 1.9938 2.0330 2.8790 1.9279 2.4816 2.7654 3.1849 3.1849 3.1412 3.1555 3.1130 2.8790 2.7272 1.8664 3.1849 2.9238 2.6296 3.1412 3.1270 3.5343 2.9354 2.9238 2.6996 3.2151 3.0202 3.3989 2.7752 2.5184 2.9708 2.8681 2.9952 3.7600 2.8257 3.4743 3.4360 4.4571 3.8905 3.2463 3.2151 3.3809 4.9166 3.3631 3.0202 4.0662 3.1412 3.0992 4.8150 2.7179 4.0353 4.1632 3.3114 3.6646 2.9952 2.6639 3.0992 3.1849 3.0992 3.6419 4.0051 2.7752 2.7951 2.6466 3.0330 2.4190 2.5335 2.5335 2.5964 2.3602 2.4394 2.9011 2.5259 2.5803 2.5488 2.9708 2.7654 2.4056 2.5184 2.5566 2.6046 2.6996 2.7179 2.6129 2.3924
116 3.8107 2.5644 3.9183 4.5399 3.4360 3.7355 4.1970 3.3989 3.1849 3.4360 3.1849 3.8107 2.7366 3.2948 3.2784 4.1970 3.2463 3.3631 3.4940 2.7366 2.8154 2.5803 2.7087 3.3456 2.8573 2.5964 2.6727 2.8154 2.3170 2.8573 3.0856 2.9124 3.1130 2.8052 3.1999 3.0459 2.6046 2.7179 3.2784 2.9470 2.8900 2.6727 2.3050 2.4962 2.4889 2.6381 2.5335 2.9952 2.6296 3.5343 3.0459 2.5335 2.2305 2.4394 2.5184 2.4816 3.0589 2.7951 2.5883 2.6996 2.7951 2.4394 2.7557 3.0992 2.4190 2.4745 2.7179 2.9011 2.6296 3.4550 2.8154 2.8361 3.0330 2.9830 1.9561 3.3809 3.2306 2.0285 2.0693 2.5723 2.1515 2.5566 2.3859 1.9603 3.9183 2.9708 2.0110 2.0023 3.8367 2.9238 2.4816 2.4603 2.8466 1.9121 2.2250 2.3050 2.6552 1.2387 1.3239 1.4316 1.3773 1.5696 1.6574 1.4293 1.6138 1.7156 1.5221 1.5942 1.3839 0.5551 1.7093 1.5377 1.5221 1.7677 1.5535 1.5970 0.0000 0.9864 1.6310 1.5669 2.8900 3.1555 2.8790 2.5883 2.9830 2.5259 2.6816 3.1270 4.0353 3.1555 2.9124 2.6816 2.6996 3.1270 2.6727 2.9011 3.0330 2.9708 2.8681 2.5803 3.0459 2.8681 3.1270 2.8573 2.9708 2.5803 2.7366 3.1270 3.1555 2.8361 2.6296 2.9124 3.9183 3.4550 3.5762 2.9238 3.8107 4.0978 3.3989 4.1970 3.5140 3.7600 4.0353 3.0992 2.8790 3.1555 3.1270 3.0992 3.7114 3.6196 2.5488 3.9183 4.9166 3.8107 3.5762 4.2669 2.9011 3.0722 2.9470 3.1701 2.7851 2.5803 2.0555 2.9708 3.3809 2.8466 3.0202 3.8367 3.2306 3.3809 2.6639 3.1270 3.3456 2.8154 2.9124 3.1270 4.3783 3.6646 3.4743 3.2151 3.6646 3.2784 3.8633 2.9952 2.7557 1.8335 2.1823 2.0927 2.2250 2.1315 1.6485 1.9439 2.1364 2.4533 2.0927 2.1771 2.7951 3.0202 1.9399 2.7366 2.7366 1.7413 2.6639 3.1849 1.9769 2.4463 2.5964 2.3414 2.5184 2.6129 2.5035 2.7272 2.4122 2.6129 3.2463 2.9708 2.6996 2.6816 2.6639 2.8900 3.1130 3.1849 3.0202 2.9470 4.3783 4.0978 3.9755 3.8107 3.3114 3.6878 3.3114 3.6196 4.3032 3.7114 3.1849 3.7114 3.3809 3.7114 4.1632 3.6646 4.4571 3.6646 4.4571 3.0459 3.2306 2.8900 4.0051 3.1270 4.1970 3.5977 2.1823 3.0856 2.5644 2.2361 2.1875 2.1616 2.4190 2.2250 2.5488 2.2305 2.5335 2.4673 2.1823 2.3050 2.2642 2.1022 2.2585 2.4962 2.1719 2.1022 2.3666 2.5644 2.3050 2.2142
117 3.6646 3.9755 2.3539 3.4940 3.3456 4.1632 3.5551 2.8573 4.5399 3.0076 3.1270 3.5762 2.5335 4.6269 3.6646 3.7114 3.6419 3.3456 3.6646 2.6296 2.6816 2.5335 2.3794 3.2151 2.7752 3.1999 3.0202 3.1270 2.2142 2.7272 2.4325 2.8466 2.6639 2.6296 2.8154 2.7179 2.7951 2.4325 2.5488 2.6212 3.0589 3.0459 2.4325 2.9011 2.8361 2.4463 2.7366 2.9952 2.8573 2.8573 2.8790 2.6996 1.7478 2.6996 2.1364 1.9938 2.7752 2.9708 2.3859 2.3291 2.8790 2.8466 2.7752 2.7087 3.0459 2.4745 3.0330 3.1849 3.0459 3.0459 2.9238 3.7851 3.3456 2.6296 2.8790 3.5140 3.8905 3.1412 3.1270 2.5803 2.5035 2.5964 2.1875 3.1701 2.4889 2.6129 2.8257 2.2142 3.0459 2.5184 2.3539 2.3477 2.4603 1.8590 1.8664 1.8228 2.7366 1.0678 1.2107 1.2597 1.1961 1.3973 1.5068 1.3751 1.4063 1.3664 1.4721 1.4576 1.2444 1.0157 1.5588 1.4968 1.4624 1.4624 1.5804 1.4868 0.9864 0.0000 1.5273 1.5018 3.1555 2.8466 3.0992 2.5644 2.6212 2.8900 2.9708 3.7600 2.6816 3.0722 2.8257 2.8154 2.6816 3.0992 3.3809 3.0076 3.2306 3.2622 3.1849 2.6816 3.2306 3.0076 2.6639 3.4173 2.9952 3.1555 3.0992 3.3989 3.1270 3.3284 3.0722 3.2622 3.0589 4.4571 3.4550 3.4173 3.5762 3.5762 3.5762 4.6269 3.4940 3.3456 2.7179 3.0459 2.9952 2.5411 2.9011 3.3114 2.5644 2.7951 2.7752 2.5964 5.2569 4.5399 4.3783 5.5176 3.7600 3.2463 2.4325 3.5343 3.5343 2.2585 3.0722 2.8154 3.0992 2.7366 3.1999 2.8573 3.0722 2.6639 3.0992 3.2151 2.6129 2.5803 3.3456 3.1270 3.4173 2.8900 2.7366 3.3114 3.0992 2.6996 2.9011 3.0076 2.4889 1.9603 1.9480 1.5642 1.7811 1.6426 1.5914 1.6082 1.5273 2.3730 1.7062 1.9895 2.3353 2.8361 2.4533 2.6129 2.4745 1.5068 1.7610 2.1515 2.0067 2.5964 2.7179 2.6639 2.3414 3.1701 2.5803 2.7557 2.8361 2.5488 2.9708 2.9952 3.0992 2.7557 2.6816 3.0722 2.8466 2.6046 2.7752 2.5964 3.6646 3.6419 4.0051 3.1555 3.1701 3.1412 2.7272 3.6419 3.3456 3.0992 3.3456 3.2784 3.9466 3.2622 3.0992 3.9755 2.9470 3.0722 3.3114 3.3456 3.1555 3.3456 3.1999 3.4173 3.2151 3.1130 2.5184 2.2873 2.5184 2.3990 2.5335 2.4463 2.5184 2.5723 2.4325 2.2142 2.6129 2.5964 2.8361 2.5964 2.7179 2.3414 2.4533 2.7179 2.0374 2.4603 2.6639 2.4745 2.6129 2.4816
118 3.5762 4.0978 4.1301 4.3783 3.2463 8.9402 3.6646 5.6597 2.8790 3.6646 2.6296 3.1849 3.9466 3.8107 3.5762 4.1632 2.7752 3.4173 4.1970 2.6296 2.4673 2.9238 2.4603 2.7461 2.3050 2.4816 2.3291 2.7557 2.3794 2.4889 2.3794 2.6129 2.6816 2.5184 2.5035 2.5644 2.2361 2.3170 3.3456 2.4533 2.7179 2.6212 2.6552 2.6296 2.2756 2.9830 2.6129 2.0285 2.1719 2.2873 1.9603 2.0927 2.0739 2.1719 2.4603 2.1823 1.9439 2.6639 2.4325 2.3730 2.4463 2.8154 2.5335 2.5964 2.5335 2.7951 2.9354 2.3990 2.3859 2.8573 2.5644 2.7272 2.9708 2.5411 2.8573 3.0459 3.3989 2.9011 3.4173 3.2784 3.1270 3.1270 3.2151 3.4173 3.1270 2.6296 3.5343 3.7600 3.4550 3.0459 2.9708 2.6129 2.4394 2.0374 2.4603 2.2361 2.3924 1.4154 1.4770 1.3599 1.2913 0.9413 0.8522 1.6397 0.7482 0.8348 0.8930 0.8647 1.6485 1.5170 1.7914 1.7610 1.6026 0.7964 1.7948 1.6485 1.6310 1.5273 0.0000 0.7217 2.7366 2.5184 2.8573 2.6816 2.8154 2.6639 2.5964 3.1555 2.7752 2.5644 2.8790 3.1849 3.0459 2.3050 3.0722 2.6129 2.8361 3.2784 2.4325 3.0722 2.3050 2.8573 2.9952 2.8154 2.6466 2.4889 2.9952 3.1555 2.6129 2.7366 2.8573 2.9470 2.9354 3.5343 3.8367 4.1632 3.8633 3.4173 4.7185 4.4172 3.7851 3.4940 2.5109 2.7951 2.6727 2.6296 2.8573 2.4325 2.4745 3.3456 2.5259 2.6296 3.3809 2.6816 3.4940 3.1849 2.9470 3.5140 2.9238 3.9755 4.9166 3.3114 2.6816 3.0330 2.6381 2.7752 2.6212 2.5109 2.5184 2.4122 3.5551 2.7366 2.8154 3.2463 3.0076 3.0992 3.2306 3.0330 3.0459 2.9011 3.3456 2.9952 2.7272 3.1555 3.0722 2.0023 1.9853 1.9603 2.3291 1.9359 1.9644 1.7544 1.8890 2.4257 2.0464 2.2990 2.3539 2.3539 2.4673 2.7752 2.9354 2.3170 2.2873 2.6996 2.3539 2.4745 2.6727 2.6129 2.0927 2.4745 2.6296 2.6816 2.6906 2.5803 3.1849 2.9830 2.8154 3.0459 2.7087 2.9011 2.8573 3.3809 3.3809 4.1632 3.3114 2.7654 3.6878 2.7272 2.6296 3.1555 2.7179 2.7951 3.2463 3.0202 3.1701 2.9708 2.8361 3.6196 4.0353 3.9755 4.3783 2.9589 3.1849 3.0459 3.4550 2.9708 3.4360 2.9238 3.0459 4.4571 2.4745 2.3794 2.5035 2.3730 2.3924 2.6129 2.1515 2.3602 2.8790 2.4533 2.6046 2.1928 2.5488 2.5964 2.8573 2.3794 2.3477 2.5184 2.4962 2.4463 2.4463 2.3414 2.5035 2.3050
119 2.5566 3.0722 2.9589 3.1555 2.9470 3.6196 3.2622 3.1130 2.8573 2.6906 2.8154 2.7951 2.8573 2.7087 2.7087 3.3456 2.3666 2.8466 2.6466 3.0076 2.6727 2.7654 2.3730 3.0992 2.6639 2.5723 2.4056 3.2151 2.4889 2.6381 2.6381 2.9238 2.4533 2.7179 2.7366 2.5488 2.6296 2.6466 2.4962 2.4190 2.6639 2.3353 2.4463 2.4889 2.1070 2.2756 2.6046 2.1315 2.5035 2.2416 2.1119 1.8017 1.9359 2.2361 2.3794 1.7643 2.2990 2.3170 2.0555 2.3794 2.3414 2.4325 2.3924 2.7366 2.4603 2.1981 2.6296 2.5644 2.4603 2.8361 2.4603 2.4056 2.6381 2.1875 2.3170 2.9011 2.9589 2.5109 2.3539 2.5644 2.8361 2.5488 3.1849 2.3539 2.7366 2.9708 2.8154 2.6996 2.9238 3.2622 2.7557 2.0880 2.0555 1.8480 2.2585 2.1515 2.2250 1.4246 1.5832 1.5561 1.3577 1.0584 1.0217 1.7948 0.8202 0.9413 1.0054 0.9608 1.7478 1.5094 2.0509 1.8480 1.8966 0.9222 1.8157 1.8087 1.5669 1.5018 0.7217 0.0000 2.4745 2.6996 2.7366 2.4889 2.2585 2.5803 2.5184 2.8466 2.5964 2.8790 2.9011 2.5488 2.9124 2.6816 2.6129 2.7951 2.6639 2.6639 2.5488 2.6381 2.8154 2.2250 2.6639 2.4745 2.3050 2.1119 2.6296 2.6639 2.4745 2.5035 2.5335 2.6816 2.7557 2.7951 3.2784 2.9238 3.2622 3.8633 3.3809 4.2315 3.8633 3.1849 2.5488 2.3291 2.7179 2.9238 2.7752 2.4325 2.7752 2.6466 2.1216 2.6639 4.0978 2.6996 2.9952 2.4056 3.0202 2.6906 2.8361 3.2784 3.4173 2.8573 2.6129 2.0374 2.7951 2.3539 2.2642 2.1565 2.3924 2.3170 2.9124 3.6646 2.6212 2.9011 3.3114 3.7600 2.7851 2.8466 2.9470 3.3456 3.3456 3.1412 3.1849 2.7752 2.5566 2.0023 1.9895 1.8739 2.0975 1.9938 2.0739 1.7811 1.9359 2.4463 2.0464 1.9521 2.5184 2.5035 2.7557 2.6466 2.8257 2.5644 2.3539 2.4190 2.1616 2.1515 2.1315 2.0927 1.8017 1.8814 1.9439 2.0833 2.2250 1.8739 2.9124 2.7179 2.5803 2.6639 2.2699 2.9830 2.9470 3.0459 3.0202 3.1555 2.5488 2.2585 2.8154 2.3170 3.1412 3.0459 2.4603 3.1849 2.9708 3.9466 2.7557 3.1270 2.8361 3.0459 3.1270 3.1270 3.1270 2.9011 2.7461 2.6129 2.8900 2.5723 3.5343 2.4816 3.9183 3.1555 2.0374 2.1315 2.2699 1.8890 2.3353 2.1414 2.1414 2.1414 2.4056 2.2585 2.0833 1.8590 2.1719 2.0880 2.1315 2.3291 2.2699 2.2699 1.7610 2.3050 2.1823 1.9685 2.1414 2.2142
120 2.8573 2.9589 2.6296 2.7654 3.3456 3.1412 4.1970 2.8573 3.0202 2.8573 2.9952 3.2622 2.9708 3.4940 3.4940 3.1555 3.5343 3.2784 3.6646 1.8890 1.9121 1.9685 1.6784 1.9359 2.0927 1.9359 1.9480 2.0739 1.9769 2.2034 1.9980 1.8443 2.0023 1.8966 1.9279 1.7610 2.0197 2.0374 2.0374 1.6426 1.9439 1.8480 1.7845 1.7316 1.9769 1.7778 1.9561 2.0647 2.0739 1.8739 2.3602 2.0464 2.3230 2.0927 2.0693 2.1414 2.1414 2.0693 2.2034 1.9319 1.8553 1.8122 1.6663 1.7445 1.8627 1.6968 1.7478 1.7188 2.0833 3.8107 2.5803 2.5035 2.6129 2.6996 2.6816 3.3456 2.5964 2.6906 4.0353 3.7851 4.1301 3.3114 3.5343 3.8633 3.9755 2.8052 4.7185 3.2784 4.8150 4.6269 2.4603 2.1823 2.5644 2.0023 2.2196 2.4325 2.5109 2.3990 2.5488 2.4190 3.0459 2.9708 2.7752 2.4745 2.7951 2.3990 2.6296 2.6129 2.8257 2.5335 2.7087 2.7752 2.5803 2.5566 2.8573 2.8361 2.8900 3.1555 2.7366 2.4745 0.0000 0.9835 0.7338 0.6628 0.8522 0.9088 0.8724 0.8154 0.9249 0.9115 0.7777 0.8373 0.8250 0.9222 0.8852 0.9496 0.8522 0.9142 0.8422 0.9440 1.1606 0.7754 2.6129 2.4745 2.6381 2.5644 2.7366 2.7272 2.6996 2.9470 2.5035 2.6996 3.2306 5.3835 3.3114 2.8573 3.4173 4.1632 3.4940 5.8103 3.5343 2.4463 2.2931 2.4325 3.0202 3.1555 2.8681 3.0856 3.0722 2.3924 2.6996 3.9183 3.2622 3.2151 3.1555 3.3631 2.9708 2.9238 2.7557 2.4889 2.9952 3.6646 2.8154 2.6996 2.6381 2.4745 2.5964 2.4257 2.6129 2.6816 3.2463 3.0202 2.5109 2.8790 3.1849 3.1849 4.3403 3.7851 3.4360 4.0353 4.4571 3.1849 4.2315 3.2784 3.1849 2.2361 2.2931 2.2472 2.3859 2.2142 2.3924 2.2699 1.8017 2.8900 2.2814 2.3666 2.8154 2.8900 3.1849 2.9470 2.5644 2.8257 2.9238 3.0856 2.1315 2.3539 2.3539 2.3990 2.3666 2.4745 2.7654 2.7179 2.2472 2.4533 3.7114 3.1555 3.5140 3.0076 2.7366 3.1270 2.9708 2.7179 2.8466 2.7557 3.3989 3.1270 3.8107 3.3989 2.6727 3.2784 3.9183 4.3032 2.9470 3.1999 2.7951 2.9238 2.9238 2.9470 2.8790 3.1555 3.1849 3.2306 3.0459 3.0992 3.7600 2.9830 3.4173 3.0722 3.4940 3.1849 2.7557 3.0202 3.0202 2.8573 2.7951 2.6727 2.6727 3.1412 2.6996 3.0076 2.6381 3.5977 3.1999 2.5335 3.7600 2.9470 3.2622 3.0992 2.9124 3.7600 2.8900 2.4257 2.7951 2.9354
121 2.4257 3.7114 2.5964 3.2151 2.8052 2.8790 3.8107 3.6419 2.9238 2.9124 2.7366 3.2151 3.0076 2.8790 3.0459 3.1270 2.9011 3.0330 2.7179 1.7093 1.9359 1.8890 1.6937 2.0647 2.1464 1.7811 2.1875 1.8263 1.9521 2.3230 1.7220 1.8087 1.8157 1.9359 1.7577 1.9359 2.0833 2.1414 2.0197 1.7252 2.1070 1.8553 1.8017 1.8739 1.9399 2.0197 1.6026 2.2585 2.0647 1.8157 2.2699 2.0739 1.9319 2.1823 2.1771 2.2472 2.0739 2.3539 2.3730 2.2528 1.7125 1.7156 1.7511 1.7252 1.9644 1.7744 1.7948 1.7643 1.7677 3.9466 2.5184 2.9830 2.7951 2.5411 2.3924 2.9011 2.8154 2.9124 3.0992 3.4173 3.5343 3.0459 3.3809 3.0202 3.6196 4.4172 3.6646 4.1632 3.8107 3.5551 2.9124 2.1464 2.5964 4.7185 2.5566 2.1981 2.4673 2.6466 2.9238 2.5723 2.4463 2.4889 2.5723 2.6129 2.4463 2.1928 2.9952 2.2931 2.3353 2.8154 3.0459 2.3924 2.6381 2.8790 2.4889 2.4962 3.1555 2.8466 2.5184 2.6996 0.9835 0.0000 0.7327 0.8472 0.9980 0.9009 0.9749 0.8749 1.0098 0.9551 0.8522 1.0009 0.8250 1.1297 1.0902 1.0430 1.1536 1.0277 1.1297 0.9893 1.1782 0.8348 2.5184 3.0202 2.6129 2.5644 2.8154 2.4463 2.7951 2.6129 2.4122 2.6639 3.2151 3.0459 4.5399 2.9589 3.1270 3.4173 3.2784 5.3193 3.3114 2.6816 2.4889 2.9238 3.0589 3.0459 3.3284 3.0992 3.2151 3.0992 2.8573 3.7355 3.7600 3.5551 2.9124 3.5977 2.8154 2.8573 3.0589 2.6906 3.4173 3.0459 2.7179 2.5411 2.4325 2.7179 2.3170 2.9830 2.7951 2.5723 3.1412 3.5762 3.1555 3.0202 3.3114 3.3989 4.0353 4.1632 2.8052 4.1301 4.4172 3.1701 3.1849 2.1928 2.4325 2.0374 2.3109 2.1119 2.5184 2.4056 2.0285 2.3050 2.1771 2.6816 2.3291 2.0374 2.9952 3.1555 3.0856 2.9589 3.3114 3.1555 3.0856 3.0722 2.1119 2.1928 2.4603 2.5488 2.5184 2.1414 2.4463 2.4463 2.5035 2.3109 3.1555 2.9470 2.8154 3.0202 2.3924 4.3403 3.1555 2.9708 2.8361 3.3456 3.0992 2.8790 2.9124 3.1130 2.9952 2.6906 2.7087 3.5140 2.2472 2.7557 2.7179 2.8052 2.8154 3.0992 2.8573 3.0589 2.7851 3.8367 3.7851 2.9238 2.8361 2.8573 2.4745 2.8573 3.8367 3.6646 2.8573 2.6466 2.6816 2.5109 2.5259 2.4257 2.7272 2.6639 2.4394 2.6906 2.7366 2.8361 2.5411 2.2528 2.5723 2.6727 2.4463 2.4889 2.8573 2.6996 2.7179 2.6296 2.6129 2.5335
122 2.9354 3.0459 2.9708 2.9952 2.7366 3.2463 4.0051 3.1555 2.8361 3.0992 3.3284 3.2306 3.0992 2.9708 3.3114 2.9238 3.1130 3.3456 2.9238 1.7677 1.9161 1.9685 1.6026 2.2756 2.2472 2.0833 2.2361 2.0927 2.1515 2.2931 1.8966 1.8814 1.9044 1.8664 2.0464 1.8228 2.0833 2.0975 1.7778 1.6426 2.2196 1.9644 1.8852 1.8814 1.6968 1.9439 1.8852 2.2472 2.0374 2.2528 2.3353 2.1022 1.9769 2.0880 2.1981 2.0786 2.0555 2.2585 1.9603 2.3050 1.8017 1.7125 1.6368 1.7880 1.8776 1.9399 2.0647 1.7511 2.0197 3.6419 2.6046 2.4190 2.4190 2.9238 2.5964 2.9124 2.7366 3.2151 3.2151 3.4743 2.8361 6.9357 4.4571 3.5551 3.8107 3.5977 2.9708 4.1301 4.4172 7.4165 2.9952 2.1515 2.8257 2.3794 2.7179 2.4056 2.6552 2.8573 2.8573 2.6046 2.9124 2.6212 2.8361 3.1701 2.6639 2.5488 2.8573 2.8361 2.7557 2.2756 3.2463 2.8573 2.7179 2.4463 2.9708 2.8361 2.8790 3.0992 2.8573 2.7366 0.7338 0.7327 0.0000 0.6386 0.7617 0.8202 0.7538 0.8154 0.9778 0.8397 0.6897 0.8142 0.6239 0.9749 0.8673 0.9358 0.8685 0.8891 0.9551 0.8852 1.2597 0.7261 2.9470 2.8573 2.9952 2.5335 2.9238 2.7951 2.9354 2.7557 2.4325 2.8573 4.1301 3.1701 3.3114 2.9830 3.6419 3.0722 3.4940 7.9651 3.1849 2.7461 2.8573 2.6552 3.4550 2.9011 3.1701 2.7557 2.7272 2.7654 2.5488 2.9589 3.2948 3.4940 3.0722 4.6269 2.7557 3.4743 2.8790 2.8052 3.5343 3.2622 2.7752 2.6816 2.4056 2.4962 2.9238 2.4603 3.2151 2.8257 4.0978 4.0978 2.5335 2.6129 4.3783 4.1632 5.2569 4.3783 3.7355 3.7600 4.1970 4.3032 5.0239 3.9183 2.9470 2.1515 2.0975 2.2250 2.1464 2.4056 2.1616 2.2034 1.9769 2.2142 2.4056 1.8739 2.3990 2.9470 2.9708 3.1555 2.4463 2.8790 2.9830 2.7461 2.2699 2.3477 2.9470 2.5488 2.6129 2.4122 2.6296 2.8790 2.8361 2.6996 3.4940 3.1999 3.0459 3.3631 2.5566 2.7366 3.0202 2.5488 2.8361 2.5335 4.4571 5.6597 4.3783 4.2315 3.3114 3.6196 3.4550 3.9755 3.1849 3.4550 3.3809 3.6646 3.1849 4.0978 3.6646 3.9183 5.3835 3.5140 4.1632 3.1849 3.4550 3.1412 3.9755 3.1130 4.1970 4.7185 3.2463 2.4325 2.6129 2.7366 2.7557 2.6996 2.7752 2.9708 2.6129 2.5883 3.1555 3.2463 3.5977 2.3666 2.9470 3.3631 3.0722 3.1130 3.1701 3.2948 2.7179 2.6727 3.0589 2.7851
123 2.8154 3.0856 3.3284 2.6129 2.6129 3.6646 2.8466 2.8466 2.7752 2.7366 2.8790 2.6996 2.9011 2.6212 2.9952 2.9589 2.9952 3.2463 2.9238 1.6426 1.7478 1.9279 1.7744 1.9644 2.0330 2.0647 2.0023 1.9644 1.8590 2.1667 1.6574 1.8157 1.8590 1.7948 1.8739 1.8052 2.0739 2.0374 1.9399 1.7220 2.2034 1.7710 1.8407 1.6724 1.6604 1.8480 1.6195 2.2196 1.9121 2.0647 2.0464 1.8590 2.2814 2.1414 2.0153 2.1216 1.9938 2.1719 2.0786 2.2931 1.8443 1.6663 1.5998 1.7380 1.7348 1.7220 1.6784 1.8590 1.8664 3.2784 2.6906 2.4962 3.0459 2.5803 2.7179 2.9470 2.6129 2.7951 4.3403 3.8367 3.4940 4.4571 5.6597 4.0978 5.1372 3.8107 2.8573 3.0992 5.6597 4.2315 2.5335 2.3859 2.7951 2.5184 2.4745 2.3109 2.6639 2.4673 2.9952 2.5803 2.6816 2.2756 2.5566 2.5488 2.5109 2.7179 2.5488 2.7951 2.0601 2.4889 2.7272 2.7951 2.6727 2.6639 2.6296 3.0722 2.5883 2.5644 2.6816 2.4889 0.6628 0.8472 0.6386 0.0000 0.8250 0.8422 0.8348 0.8826 0.9864 0.9195 0.7847 0.8082 0.8082 0.9864 0.9195 0.9636 0.9413 0.9303 1.0128 0.9276 1.2349 0.7708 3.3809 2.7557 2.9708 2.5644 2.7179 2.8361 2.6466 2.6816 2.6996 2.5883 3.3809 2.8900 3.8107 2.9238 3.1270 2.9952 3.0722 3.4550 2.5566 2.5883 2.4190 2.8154 3.0330 2.8900 2.8790 2.6639 2.5411 3.1270 2.4816 3.2151 3.0459 3.3114 2.7951 2.9238 2.9708 4.1632 2.8790 3.5343 3.1849 2.7366 2.6296 2.9589 2.1464 2.4603 2.2585 2.5335 2.7366 2.5335 3.7600 3.0202 2.4745 2.5803 3.3809 2.6996 3.6196 3.4360 3.2306 3.6419 3.7600 3.0589 2.9952 5.3193 3.0992 2.0374 2.2814 2.2142 2.1022 2.4056 2.0285 2.2814 2.0110 2.3924 1.9521 1.9121 3.0330 2.6906 3.0459 2.7087 2.5803 2.8790 2.8466 2.7272 2.0110 2.2873 2.6466 2.3666 2.2472 2.3539 2.7179 2.6996 2.4962 2.2472 3.2463 2.7179 3.0992 2.7461 2.4816 2.9589 2.8361 2.9589 3.2463 2.5488 2.9011 3.7600 3.3456 3.5551 3.0076 2.8052 3.4173 3.1849 3.1701 3.9755 3.0330 3.3456 2.7366 4.3032 3.7355 3.5140 4.1970 3.4940 3.4173 3.1999 2.9011 3.2948 4.2669 3.5977 4.1301 6.1401 3.3114 3.0722 2.6046 2.9011 2.7366 2.4463 2.5259 2.6727 2.6296 2.6816 2.6727 3.6646 2.9238 2.8681 3.0856 3.0202 2.9011 3.1130 3.4173 3.1555 2.7752 2.9124 2.5488 2.8900
124 2.9238 2.3291 3.0856 2.9238 2.9238 3.2151 3.9466 3.2306 2.7951 3.6196 3.1270 2.9589 3.1130 3.2948 3.6646 3.3456 3.0589 3.0202 3.7355 1.8228 1.9399 2.0285 1.8443 2.0023 1.9769 2.3170 2.3170 2.1119 1.9769 2.2305 1.7778 1.7880 1.9644 2.0601 2.0110 1.8017 2.1070 1.9938 1.8627 1.7610 2.3414 2.1719 1.7380 2.0555 1.9005 2.2990 1.7610 2.4257 2.1928 2.1216 2.4889 2.2361 1.9603 2.4056 2.0647 2.2034 2.1515 2.2472 2.1719 2.3170 1.8516 1.5998 1.6604 1.7914 1.9853 2.0419 1.9439 1.7677 1.9895 2.7179 2.6996 2.7752 2.9952 2.9830 2.7366 3.4940 3.2784 2.6129 5.1372 5.3835 5.5176 10.1407 8.9402 5.1372 5.5176 6.1401 5.8103 6.8249 6.1401 4.0353 3.3809 2.3539 3.3456 2.4056 2.9708 2.9708 2.8573 2.3794 3.0202 2.5411 2.5488 2.3794 2.4056 2.4533 2.6816 2.6129 2.5335 2.2873 2.7461 2.4603 2.7752 2.8900 2.5723 2.3050 2.7272 2.9238 2.9830 2.6212 2.8154 2.2585 0.8522 0.9980 0.7617 0.8250 0.0000 1.0430 1.0277 0.8878 1.0522 0.9358 0.8957 0.9249 0.9331 0.9440 0.8983 0.9276 0.9551 0.9749 0.9980 0.9593 1.3095 0.8547 2.7179 2.6996 2.8361 2.8361 3.0992 2.9708 3.2948 3.0992 2.8573 3.3114 2.5964 2.5803 3.7114 2.5964 3.2151 2.0285 3.3114 4.0353 3.3989 2.7851 2.7851 2.8361 3.1270 2.9238 3.1555 2.7557 2.9470 2.7951 2.4889 3.4940 3.1555 3.3456 3.2463 3.7114 2.3924 3.3456 2.7951 2.8361 3.4940 3.2151 2.3414 2.5184 2.6552 2.5109 3.0459 2.4745 2.7087 2.4889 4.8150 3.8367 2.4603 2.6129 2.6129 3.6646 3.6646 2.7951 4.1301 3.4173 2.9011 3.6196 4.0662 3.5977 3.5343 2.1167 2.1719 2.1928 2.6639 2.5035 2.2196 2.0285 2.3050 2.4889 2.1414 1.9685 2.6639 2.6996 3.2784 2.7179 2.6129 2.9238 2.9354 2.5964 2.6639 2.4603 2.5184 2.4463 2.3230 2.6996 2.9354 2.5883 2.7179 2.5259 3.4173 2.9011 3.4940 3.2306 2.7951 2.8790 3.4940 3.1270 3.6646 2.9011 3.0459 2.9470 4.0353 3.2463 3.0992 2.3539 2.8790 3.6878 2.1364 2.7272 2.4463 2.1414 3.1555 4.0978 3.6196 3.6878 3.6196 3.4940 3.4940 3.4940 3.1270 2.8573 2.5109 3.9183 4.4980 2.4745 3.1270 2.6129 2.6996 2.4603 3.0722 2.9952 2.7272 2.5644 2.3730 2.4889 2.6727 3.1270 3.0992 2.4122 3.0202 2.5644 3.5140 2.9470 3.1412 3.1270 3.0330 2.8573 2.3539 2.6552
125 3.1270 3.3114 3.0992 3.8633 2.8257 3.1270 3.2784 2.6296 2.5488 2.7752 2.8900 3.0992 2.5411 3.2463 3.3809 3.3114 3.1849 3.3809 3.0992 1.8966 1.8087 1.9200 1.7031 2.0927 2.1216 2.1167 1.9439 2.1364 2.0330 2.0067 1.7478 2.1167 1.9685 2.0601 1.9044 1.8480 2.0285 2.0110 1.9359 1.7544 2.0880 1.8443 1.7880 1.7413 1.8664 2.0285 1.7577 2.0067 1.9121 2.1315 2.1315 2.1719 2.3859 2.1981 2.2931 1.7156 2.0374 1.8228 1.7710 2.0693 1.9161 1.7811 1.6310 1.8516 1.9439 1.9439 1.7413 1.7093 1.7744 3.2784 2.9952 2.8154 2.2250 3.4360 2.7654 3.4550 2.4463 2.9830 3.4360 3.4940 3.9466 3.3456 3.4550 3.2784 3.9183 4.2669 2.8154 3.2151 4.0051 3.4173 3.0589 1.8814 2.9354 1.3973 2.7951 1.7811 2.5411 3.1130 2.8154 2.4962 2.6639 2.9238 2.6552 2.6212 2.6727 2.8361 2.7461 2.5723 2.3477 2.5644 3.4360 3.3631 2.7366 2.6996 3.1555 3.1412 2.5259 2.8900 2.6639 2.5803 0.9088 0.9009 0.8202 0.8422 1.0430 0.0000 0.5265 0.7549 0.8775 0.8572 0.7109 0.7283 0.6506 0.8983 0.8522 0.8324 0.8930 0.8775 0.8597 0.9062 1.1925 0.7109 2.7366 2.7179 2.7752 2.5035 3.0330 2.8900 3.3809 2.8790 2.7752 2.4190 3.8367 4.8150 3.7600 2.9011 3.3114 3.0722 4.3032 5.6597 2.8573 3.4940 2.7272 2.8361 3.9183 3.5551 3.0992 2.9589 3.0459 2.6996 2.5184 3.1555 4.3783 3.7114 3.0202 3.3456 3.5343 4.6269 3.6646 3.7851 3.8107 3.3809 2.6466 2.5035 2.3602 3.0722 2.7752 3.0202 2.7752 2.8052 4.0051 2.9124 2.7366 2.8900 3.9466 3.6646 4.4571 3.8367 3.0330 3.8633 3.9755 3.5762 2.8361 3.7114 2.7951 2.0419 2.2142 2.0739 2.6212 2.3990 1.9521 2.1414 2.2585 2.8681 2.1515 2.1216 3.0202 2.5803 3.2306 3.1999 2.7654 2.9952 2.7087 2.6996 2.3990 2.2361 2.5644 2.3050 2.3050 2.3477 2.6296 2.5035 2.5335 2.2931 3.1849 3.3114 3.3809 4.3032 2.6466 2.9354 3.3809 3.3631 3.9183 3.3809 3.7114 3.7600 3.0330 3.9183 2.6996 2.5723 3.0992 4.3032 2.8361 2.9952 2.9470 2.9952 2.5644 4.2315 4.1970 4.6269 3.7355 3.8107 4.8150 2.9011 3.4173 2.8361 3.1555 3.0202 4.0353 3.4173 3.0330 2.4889 2.3859 2.6727 2.9354 2.7951 2.5109 2.6212 2.8361 3.0076 3.0202 3.0722 3.5977 2.6129 2.8257 3.1849 2.8466 2.6816 3.3114 2.8790 2.8466 3.1849 2.7272 2.9011
126 2.0880 3.3989 2.5411 3.4550 2.4325 3.2463 2.6296 2.8361 3.0992 2.8573 2.8900 2.9011 2.5035 3.3284 3.0722 2.5803 3.0459 2.8154 2.8154 1.7914 1.8516 1.9644 1.7445 1.9319 2.1414 1.9044 2.0739 1.9200 1.9399 1.9239 1.6082 1.7948 1.8664 1.6845 1.9359 1.7914 1.9521 2.0419 2.1070 1.6633 1.8664 1.8590 1.8299 1.7511 1.6082 1.8299 1.8087 2.1119 1.9938 2.2585 2.5723 2.0023 2.1771 1.9561 2.1070 2.1823 2.1414 2.1414 2.0285 2.1515 1.8371 1.6082 1.5750 1.8814 1.6693 1.7220 1.8814 1.7880 1.8299 3.0722 2.5035 2.7087 2.6466 3.2463 2.5184 2.5964 2.6816 2.5335 4.0353 3.7600 3.7114 5.3835 4.4571 3.8633 3.8633 3.1701 3.3114 3.4173 5.6597 3.7600 3.0459 2.0647 2.7366 1.6339 1.5588 1.9439 2.6046 2.7654 2.5723 2.4463 2.5488 2.6816 2.5035 2.5488 2.4962 2.3291 2.5035 2.4056 2.6212 2.5883 3.2463 3.6878 2.7557 2.5644 2.9470 3.1270 2.6816 2.9708 2.5964 2.5184 0.8724 0.9749 0.7538 0.8348 1.0277 0.5265 0.0000 0.7003 0.9009 0.8724 0.7371 0.7283 0.6567 0.7987 0.8852 0.8609 0.8547 0.8572 0.7823 0.9209 1.2181 0.6648 2.5035 2.6996 2.9011 2.4190 2.6466 2.6906 3.0459 2.7557 2.6296 2.5035 4.0978 3.6646 3.9755 2.7087 3.7600 3.7114 3.8107 5.5176 3.1555 3.2463 2.7272 3.1849 3.2784 3.1701 2.7366 2.9011 2.9708 2.9589 2.2873 3.3114 3.4173 3.2463 2.5644 3.1270 3.7600 3.8107 3.4550 3.5140 3.1999 2.9952 2.7461 2.6639 3.0992 2.6466 2.7752 2.8257 3.0202 2.9238 3.6646 3.2151 2.9238 2.7179 3.6196 3.6646 3.3809 3.0589 3.4940 3.0992 4.2315 3.0856 3.0459 3.2622 2.5184 2.1022 2.0739 2.2472 2.7951 2.0555 2.0927 2.3230 2.1216 2.6296 2.1022 1.7948 2.7951 2.8573 3.0722 2.8154 2.6639 2.5035 2.8573 2.6381 2.4122 2.1719 2.9011 2.2873 2.2814 2.4816 2.5644 2.5644 2.5964 2.3477 3.4173 3.1130 3.1130 3.0722 2.5335 2.5488 2.7179 4.1632 3.0330 2.9708 2.8052 3.5140 2.9708 4.1632 2.9470 2.8681 2.6296 3.1555 2.3794 3.1849 2.7179 2.9238 2.5184 3.3456 3.0992 3.5343 3.6646 3.3809 3.0589 2.9011 3.0722 2.5803 2.7851 2.8573 3.8633 3.2622 2.8466 2.4745 2.1022 2.9011 3.0722 2.7272 2.6639 3.4360 2.7272 2.5335 2.9354 2.9354 2.6129 2.2196 3.1849 2.4962 2.8154 2.7366 3.4550 3.0076 2.5644 2.6129 2.9470 2.6639
127 2.8257 2.8790 3.4173 3.2151 3.5762 2.9952 3.8367 2.7179 2.9238 3.3456 4.3783 3.8367 2.3990 3.4173 3.4360 3.5343 3.4173 2.9952 4.0353 1.8299 2.1119 2.0464 1.6544 2.0601 2.1070 2.0647 2.1823 1.9200 2.0927 2.0833 1.8017 1.9603 2.0786 2.0374 2.1022 1.7811 2.2585 2.0374 1.8966 1.6784 2.3050 1.9319 1.8017 1.9769 1.7710 2.0880 1.8590 2.1981 1.9769 2.2034 2.4325 2.2250 1.9239 2.1414 2.2034 2.3414 2.2361 2.4190 2.1981 2.4673 1.7610 1.6907 1.7811 1.8590 1.9938 1.9161 1.9769 1.8192 1.7811 3.6196 2.9708 2.3666 2.7179 2.9011 2.7087 2.7951 2.7179 2.4889 3.4940 4.0353 3.6196 5.8891 3.8633 3.4940 4.6269 2.7752 3.5762 5.8103 3.6196 6.1401 2.7654 1.5429 2.7752 1.6845 1.9938 1.9769 2.5803 2.6996 2.9238 2.5723 2.8573 3.1555 2.5964 2.5488 3.3456 2.6129 2.7461 2.8154 2.6381 3.0722 3.3631 4.1632 3.1701 3.0992 3.2306 3.7355 3.1270 3.7600 3.1555 2.8466 0.8154 0.8749 0.8154 0.8826 0.8878 0.7549 0.7003 0.0000 0.8957 0.6855 0.7549 0.6751 0.6876 0.8447 0.7549 0.8336 0.8373 0.9142 0.8447 0.7583 1.1164 0.4834 2.8790 2.7752 3.6646 2.6212 3.1555 3.2784 3.2463 3.2463 2.9238 3.0722 3.7600 2.5803 4.9166 2.5964 3.9466 4.4172 3.2151 7.4165 3.6196 2.7752 3.0722 2.3414 3.7114 3.1130 3.2463 2.6816 3.3284 2.5184 2.8900 3.3114 5.5176 3.9755 3.1555 3.3284 3.1849 3.6196 2.6639 2.9708 4.3403 3.2151 3.1270 2.6296 2.3990 3.0992 2.6046 2.6816 2.6466 2.8790 3.3989 3.9755 3.0459 2.7951 3.8633 2.9354 4.0353 3.3631 4.0051 3.5762 4.7185 3.3989 4.1632 2.8573 2.7557 2.5803 2.1070 2.4533 2.7752 2.4325 2.6296 2.2361 2.1616 3.1555 2.4463 2.0023 3.2622 3.0330 3.1849 2.5803 2.5644 2.5184 2.7366 2.3539 2.5184 2.5335 2.8154 2.3291 2.7179 2.4325 3.2151 2.7179 2.9470 2.6296 3.2784 2.8681 3.1270 3.5762 3.1130 3.6878 2.9708 3.4550 3.4743 3.3989 3.5762 3.3456 3.5551 3.7114 3.6419 3.3631 4.3032 4.1970 3.1555 4.1301 2.9708 3.4550 3.1270 3.7114 3.5762 3.5551 2.3291 5.4496 3.5977 3.6419 3.4743 3.5140 3.5551 3.4550 5.1372 3.7600 3.0202 2.3794 2.7179 2.7951 3.0076 2.6466 2.9589 2.8790 2.7272 2.7087 2.7851 3.2151 2.9238 2.1515 3.5762 2.7272 2.9470 2.8154 3.3114 3.2622 3.2151 2.9238 2.8681 3.3631
128 2.7557 3.9183 2.6296 2.6466 3.2784 2.9708 3.4550 2.6996 2.7366 2.7087 2.7366 2.5184 2.6296 2.9470 2.6296 2.9354 2.9708 2.7366 2.8154 1.7948 1.9239 1.9685 1.8228 2.1119 2.1981 1.9279 2.3291 2.0927 1.9685 2.1823 1.8966 1.8890 1.9853 2.0647 2.0374 1.9200 2.1022 2.0023 1.9727 1.8664 2.2361 2.0739 1.7511 2.0419 1.7845 1.9200 1.8590 1.2482 1.4745 1.2236 1.6224 2.2196 1.6138 2.0330 2.2250 1.9279 2.0464 2.2699 1.3729 2.2931 1.6310 1.7348 1.7577 1.9603 2.0555 1.6968 1.7156 1.7811 1.9853 3.9755 2.5259 2.4056 3.0459 2.3170 2.5644 3.0722 3.1849 2.9708 3.9755 4.2669 4.2669 3.2784 4.6269 3.7355 3.8633 4.5399 4.2669 4.1632 4.5829 3.1270 2.6381 2.5035 2.5184 2.6552 2.3924 2.3730 2.4889 2.7951 3.1270 2.6552 2.6212 2.8154 2.6727 2.5883 2.5035 2.7951 2.6296 2.5644 2.3924 2.6466 2.6639 2.9238 3.0856 2.8361 3.1270 2.8681 4.0353 2.6816 2.7752 2.5964 0.9249 1.0098 0.9778 0.9864 1.0522 0.8775 0.9009 0.8957 0.0000 1.0308 0.8373 0.8250 0.8178 0.8904 0.9115 0.9551 0.9035 0.8878 0.8852 0.9980 1.3406 0.8724 2.5184 2.8154 2.7179 2.4325 2.7461 2.8154 3.3809 3.0992 2.5803 2.4889 3.9755 4.7185 3.9183 3.2784 3.1555 3.2306 3.4550 4.6269 3.1849 2.7179 2.3291 2.4603 2.9238 3.1555 2.6996 2.6129 3.1270 2.7366 2.3924 3.0992 3.0992 3.0856 2.5723 2.8900 2.6129 3.9755 2.8790 2.9238 3.3809 2.8790 2.3794 2.3291 2.3050 2.5566 2.3794 2.5335 2.6296 2.5803 3.7114 3.0722 2.8790 2.6639 3.0459 3.7114 3.6196 3.9466 3.2463 3.1412 4.1301 2.9011 3.0459 3.4940 2.9011 2.0555 2.4394 2.2361 2.5803 2.1315 2.3414 2.5109 1.9279 2.7366 2.2196 2.1414 2.5259 2.7272 3.6196 3.2151 2.9470 3.0992 2.9589 3.3456 2.4190 2.3353 2.2472 2.3794 2.2585 2.2990 2.4745 2.2472 2.3050 2.3291 2.7951 2.8573 2.7752 2.9952 2.5644 2.7087 3.8107 2.7654 3.0202 3.4173 3.1555 3.0722 2.9952 2.8361 2.6129 2.7179 3.0459 3.3456 2.7851 3.1270 2.7752 2.5566 2.4325 2.9011 2.8466 3.0992 2.9708 3.4173 3.3456 2.5184 2.8154 2.4056 3.0992 2.3990 4.6269 2.6639 3.2151 2.3924 2.5488 2.8361 2.7654 2.5883 2.9124 2.5803 2.9011 2.8154 3.0076 3.2306 3.1849 2.3539 2.6727 2.8257 2.8154 2.7654 2.7654 2.6816 2.9011 2.6639 3.0330 2.6906
129 3.0202 2.5335 3.2622 2.9011 2.7557 2.9470 3.1701 2.6296 2.5644 3.0202 3.5762 3.2784 3.6196 3.4940 3.3631 2.8790 3.1555 2.8573 3.0076 1.8052 1.9359 1.9359 1.6845 2.1216 2.1315 1.9938 2.0374 1.9044 1.9200 2.4056 1.7284 1.7811 1.8776 1.9439 1.9439 1.7031 2.1414 2.0880 2.4962 1.7677 2.1265 2.1119 1.6968 1.9644 1.8299 2.1070 1.8228 1.9561 1.8017 2.1265 1.9359 1.4770 1.4819 2.3109 2.1616 1.7577 2.4463 2.3230 2.1022 1.4481 1.8590 1.7348 1.8590 1.7811 1.8701 1.7880 1.8590 1.8299 1.9938 4.0051 2.4673 2.3050 2.6639 2.6046 2.5723 2.8257 2.7272 2.5335 3.2784 3.4940 3.4173 4.3783 3.0992 3.1849 4.9166 2.4533 3.8905 3.3114 3.1270 2.8790 2.6212 1.9521 2.3924 1.8228 1.5429 2.3666 2.4889 2.8154 2.7557 3.4940 3.2784 2.6906 3.0202 2.5803 2.2034 2.4533 3.2948 2.8257 2.4257 3.3989 2.7851 2.8790 2.4889 2.6129 2.6296 2.7366 3.1555 3.0722 2.5644 2.8790 0.9115 0.9551 0.8397 0.9195 0.9358 0.8572 0.8724 0.6855 1.0308 0.0000 0.7987 0.8373 0.7964 0.9088 0.9276 0.8397 0.8522 0.9049 0.9331 0.8957 1.0460 0.7174 2.4056 2.6639 2.7557 2.4463 2.4603 2.5035 2.7366 2.5964 2.2814 2.0197 3.0459 3.4360 3.1701 2.7557 3.3809 3.5343 2.7951 5.5176 2.8154 2.7461 2.3539 2.3170 2.6996 2.5259 2.9124 2.5259 2.8154 2.3477 2.7366 2.9708 4.2315 3.4173 2.7752 4.0978 2.4673 4.1632 2.7179 2.6816 3.1849 3.0330 2.5803 2.3050 2.3924 2.4056 2.5259 2.2585 2.5035 2.4962 4.0353 3.2463 2.5803 2.8790 3.9755 3.1130 4.6269 3.6646 3.4360 3.8107 3.0076 2.5335 4.0978 2.3414 2.9708 1.7316 1.9480 2.0464 2.2305 2.1719 1.8443 1.9439 1.9399 2.8790 2.3794 2.0464 2.7851 2.4673 3.5343 2.7461 2.6466 2.5964 2.6129 2.6639 2.2585 2.4889 2.3924 2.3794 2.7557 2.6639 3.2784 2.8790 2.1928 2.4745 3.3809 2.7557 3.0202 3.4173 2.8361 2.9830 3.1999 3.3114 3.1999 3.1555 2.5644 3.6646 3.3809 3.9183 3.2622 2.9708 3.0202 4.2315 3.1412 2.7087 2.7557 2.1414 2.5644 3.5343 3.0202 2.5109 3.1701 2.7951 3.5343 3.4743 3.4550 3.5343 3.1130 3.0589 3.2622 3.3456 3.0856 2.4745 2.5566 2.6639 2.6552 3.0459 2.8154 2.8361 2.7179 2.9830 3.0202 3.4173 3.0459 2.1216 3.0202 2.7752 2.5184 2.4745 3.4743 2.7951 2.8466 2.9011 2.5803 2.8573
130 2.6046 2.8466 2.5411 2.7179 3.0076 3.2948 2.8361 3.2948 2.7179 3.1130 3.8633 4.2315 3.0076 3.0992 3.1555 2.7951 3.0722 3.1849 3.0459 1.8739 2.0555 1.9044 1.8017 1.9279 2.1875 2.0509 2.1823 1.8814 1.9200 2.2196 1.9044 1.8087 1.9561 1.8776 2.0110 1.7284 2.1823 2.1928 2.0285 1.8017 2.0509 1.9938 1.8701 1.9521 1.9044 1.9685 1.9769 1.9895 1.9685 1.9938 1.9769 2.2142 2.3602 2.4056 2.5566 1.5068 2.2699 2.3794 1.7445 2.1515 1.9727 1.5696 1.6604 1.7577 1.8590 1.8814 1.9399 1.6663 2.0464 3.9183 2.5883 2.9952 2.5035 2.8573 2.3170 2.8900 2.5488 2.2931 3.7600 3.4550 3.6196 4.8150 5.1372 3.7600 4.1970 3.2151 5.8103 4.0353 5.1372 4.1632 2.9238 1.5914 2.7179 3.0856 2.6296 2.6129 2.3170 2.7752 2.7951 2.6639 2.8361 2.7951 2.5488 2.8466 2.9354 2.7557 2.8573 3.0992 2.7654 2.8466 3.2622 2.6906 2.9354 2.6816 2.6996 3.0330 2.9124 2.8257 2.8790 2.9011 0.7777 0.8522 0.6897 0.7847 0.8957 0.7109 0.7371 0.7549 0.8373 0.7987 0.0000 0.6939 0.7174 0.7940 0.7685 0.8647 0.7662 0.8724 0.7504 0.8011 1.2107 0.6386 2.6639 2.7366 2.5964 2.7179 2.6639 2.7179 3.0722 3.0330 2.4603 2.3666 3.7355 4.4571 4.3032 3.2948 3.2948 3.6646 3.5343 8.2682 3.1555 3.0992 2.6296 2.4325 2.9238 2.7461 3.1999 2.5803 2.9708 2.3730 2.3730 3.1701 3.9755 3.4173 3.0330 3.4940 3.5762 3.0722 2.8257 4.1632 3.7355 3.2151 3.0722 2.7461 2.4745 2.3602 2.6212 2.4325 2.5723 2.8361 4.0978 2.8052 2.6639 2.8361 3.4940 3.0202 3.6196 3.2151 4.1970 3.1999 4.1632 3.8107 3.4173 3.7600 2.7951 1.8814 2.2472 2.2416 2.3859 2.1414 1.8228 2.2814 2.0464 2.6639 2.3794 2.1515 3.6646 3.1555 3.0992 3.3989 2.5488 3.2948 3.1555 2.4190 2.1216 2.5335 2.7366 2.7951 2.5803 2.5803 2.8790 2.3170 2.4056 2.6296 3.0992 3.2784 2.9952 3.1701 2.6296 2.8257 3.2622 2.7951 2.9011 2.9124 2.2931 3.5551 2.6296 3.1555 2.6296 2.5803 3.0992 5.2569 2.6129 3.3456 2.7272 2.9011 2.9952 3.0202 2.8257 3.0459 2.8900 3.5551 3.4360 2.7557 3.1701 2.5803 3.2151 2.8466 4.0353 3.3114 3.0076 2.7366 2.2305 2.6639 2.8900 2.5883 2.5883 2.5035 2.5723 2.6996 2.8257 3.5140 3.0589 2.5109 3.0202 3.1555 2.9708 2.4816 3.2306 2.6996 3.1555 2.5184 2.4816 2.6639
131 2.9952 2.8790 2.9011 2.8790 3.3456 2.9708 3.7851 2.7851 3.0722 2.9354 3.2784 2.8573 2.5184 2.6996 2.9708 3.1412 3.0992 2.7752 2.9830 1.8966 2.0023 1.9439 1.7744 1.8516 1.9938 1.9121 2.0739 1.8928 1.8299 1.9399 1.9521 2.1616 2.0555 1.9853 2.0110 2.0464 2.0786 1.9121 1.8371 1.6968 2.0419 1.8516 1.6754 1.9044 1.6310 1.9200 1.8664 2.1667 2.0023 2.0601 1.9727 2.0285 2.3230 2.1719 2.3602 1.9439 2.0739 2.2305 1.7948 2.1464 1.7577 1.7677 1.5196 1.8052 1.9200 2.0023 1.9121 1.6026 1.6784 3.2784 2.5644 2.3414 2.2931 3.0459 2.8466 2.9708 2.8361 2.4673 3.3809 3.1849 3.8633 7.9651 4.7185 3.6646 5.3193 4.0978 3.4173 3.9755 3.6419 4.9166 3.0076 2.2250 2.9011 1.7643 2.4190 2.4190 2.7557 2.6906 3.4940 2.7752 3.0202 3.3114 2.8466 2.6381 2.8361 2.4257 2.7654 2.6296 2.6727 2.6816 3.8107 3.0856 3.1999 2.7272 3.5762 2.9830 2.6816 2.8154 3.1849 2.5488 0.8373 1.0009 0.8142 0.8082 0.9249 0.7283 0.7283 0.6751 0.8250 0.8373 0.6939 0.0000 0.6547 0.8572 0.7847 0.8472 0.8058 0.8202 0.8647 0.6793 1.1433 0.5940 2.6129 2.5803 3.2151 2.8361 2.8790 3.2948 4.0978 3.4173 3.1555 3.1270 5.1372 3.7851 3.4550 3.0589 3.8107 3.1849 3.4940 8.2682 3.9183 2.9589 2.5184 2.6296 3.7600 3.5140 2.8361 3.0992 3.7600 2.4190 2.7752 3.3114 3.3809 3.6196 2.9708 2.9830 2.9238 3.3809 2.8257 2.6466 3.0459 4.0978 3.0722 2.5488 2.3539 2.7366 2.9952 2.4394 2.4603 2.8573 3.1999 3.2784 2.5803 2.7752 3.2151 3.5762 4.7185 3.3809 3.2784 3.8633 5.5176 3.9755 4.0353 3.9755 2.5644 2.3924 2.3414 2.5109 2.8361 2.6996 2.5803 2.3414 1.9685 2.6727 2.4056 2.0555 3.2948 2.9952 3.3284 3.3114 3.0856 2.9354 3.1270 2.5488 2.2250 2.3924 2.6466 2.7179 2.4325 2.6296 2.8790 2.6466 2.5259 3.0856 3.6646 3.2151 3.0722 3.4940 2.6381 3.5140 3.2306 3.6878 3.5977 3.4173 3.3456 3.2463 3.5762 2.9708 3.3456 2.6639 3.3456 3.5140 2.7366 3.0459 2.8573 3.1130 2.7179 3.7355 2.9011 3.8905 3.3809 3.2784 3.8633 2.6466 2.9952 2.5803 3.1849 2.4603 3.6646 3.3809 2.8361 2.4056 2.2034 2.6816 2.7179 2.4889 2.4463 2.7951 2.8573 2.8154 2.8573 3.6878 2.6996 2.4122 2.8466 2.8790 2.9238 2.8790 2.9830 3.0330 2.6212 2.7951 2.6639 2.7951
132 2.6381 2.9830 2.5566 2.6129 2.4394 3.3989 3.7851 2.9238 2.6639 3.2463 2.9238 3.1412 2.6816 3.5343 3.1701 3.2463 2.8154 3.3809 2.6466 1.6845 2.0110 1.7778 1.6426 2.1771 2.2034 2.0464 2.0880 2.0241 1.8776 2.0833 1.9521 1.9044 1.8966 1.9044 1.9853 1.7983 2.2361 2.0880 1.9359 1.6253 2.2142 1.8966 1.8228 1.8371 1.7544 1.9480 1.7880 2.0927 2.0647 2.3291 2.3170 2.0647 2.1823 2.0555 2.3924 2.0975 2.1771 2.3414 2.0285 2.4190 1.8739 1.6604 1.6368 1.9121 1.7544 1.8966 1.7880 1.8814 1.7948 3.4940 2.9238 2.7272 2.6466 2.8573 2.6552 2.6466 2.5964 2.9011 3.3809 3.0202 4.9166 3.6878 5.1372 3.4173 4.0978 5.5176 3.4173 3.9755 4.1301 3.6646 3.5551 1.8928 2.6381 1.9727 1.9895 1.6724 2.5035 2.4463 2.7851 2.6296 2.9952 2.8466 2.8257 2.8681 3.0202 2.8052 3.0202 2.9830 2.4394 2.6466 2.8154 4.1301 2.9708 2.8154 3.4743 3.4360 2.6996 2.6816 3.0459 2.9124 0.8250 0.8250 0.6239 0.8082 0.9331 0.6506 0.6567 0.6876 0.8178 0.7964 0.7174 0.6547 0.0000 0.8597 0.7987 0.8011 0.8775 0.7987 0.8522 0.7708 1.1131 0.6016 2.5335 2.6466 2.6996 2.3291 2.9952 2.6639 3.0722 2.8052 2.7951 2.7951 3.5551 4.7185 3.9183 2.7557 3.3456 3.3456 3.7114 5.9702 3.0992 2.7179 2.4603 2.6996 3.3809 3.2784 3.1701 2.8466 2.7851 2.6996 2.9124 2.9470 3.7114 3.4743 3.0459 3.2948 3.1999 3.9755 3.6196 3.3114 3.4173 3.3114 2.8361 2.3924 2.7951 2.5035 2.7557 2.7752 2.9830 3.2463 3.1999 3.0722 2.5335 2.9011 4.2315 3.1130 6.3208 4.0978 3.1849 3.8633 3.4173 3.3631 3.1270 3.6646 2.9238 2.0555 2.2873 2.2088 2.6552 2.2699 2.3414 2.1823 2.1515 2.6639 2.2990 2.0927 2.9708 2.9952 3.1701 3.0722 2.6212 3.0459 3.3456 2.7366 2.0601 2.4325 2.4463 2.2585 2.3477 2.2990 2.4325 2.2034 2.4463 2.2873 3.2151 3.0722 2.9952 3.1555 2.5335 3.0076 3.2151 2.8154 2.9952 2.8052 3.8107 3.2463 2.9952 3.0992 2.9708 3.4173 3.2463 2.9238 3.4173 3.1701 2.9238 3.2784 3.1270 3.3809 3.2463 3.6878 2.9238 3.1270 3.5762 3.0722 2.9470 3.1270 3.2151 3.0459 4.4172 2.9238 2.7366 2.2472 2.4673 2.9470 2.8154 2.6129 2.3291 3.0992 3.0722 2.5488 3.5977 3.2463 3.3456 2.3109 3.0722 3.7355 2.8361 2.7951 2.8361 2.9830 3.1412 2.8790 2.6996 2.8361
133 2.9011 3.5343 2.7951 3.7851 2.9952 4.0353 3.2306 3.0992 3.1270 2.9589 3.2151 2.7366 3.2463 3.5977 3.2463 2.9708 3.2151 3.5762 2.7557 2.0786 2.2814 2.2416 1.8966 2.1771 2.5964 2.2642 2.2931 2.1070 2.0555 2.4122 1.9399 2.0067 2.1515 1.9895 2.0739 1.9319 2.1464 2.1719 2.1315 1.8890 2.3539 1.8739 1.7156 1.9082 1.8052 2.0110 1.8890 2.0739 2.0833 2.4257 2.2585 1.9938 1.7252 2.0927 2.3353 2.1981 2.0927 1.8664 2.3539 1.6845 2.0285 1.7880 1.6574 1.6195 2.0197 1.9561 2.2088 1.8590 1.9439 3.3989 2.6816 2.4463 2.9011 3.2463 2.9708 3.2784 2.9470 3.1130 4.0051 3.6646 6.9357 3.9183 3.4743 3.7600 3.7114 4.2315 3.0330 3.0992 4.1632 4.0978 2.6996 2.4056 3.0202 1.3470 3.0459 2.7557 2.7557 2.5184 3.0992 3.3284 2.8790 2.9708 2.9238 2.6466 2.5803 2.4745 2.9952 2.7752 2.5644 2.6816 2.8154 3.0856 3.2306 2.6996 3.0202 2.7951 3.1270 3.0992 2.3050 2.6816 0.9222 1.1297 0.9749 0.9864 0.9440 0.8983 0.7987 0.8447 0.8904 0.9088 0.7940 0.8572 0.8597 0.0000 0.4076 0.4084 0.4488 0.5660 0.1424 1.0292 1.0678 0.8226 2.5184 3.1270 2.8790 2.9238 2.7179 2.8154 3.0992 3.0722 2.6466 2.4325 5.8891 2.8257 4.9166 3.0202 5.8103 4.0051 4.3783 7.1683 4.9166 2.4325 2.7366 2.9124 3.1270 2.6996 2.7752 2.8573 2.9238 2.8466 2.9470 3.9755 6.3208 3.0722 2.9470 3.3631 2.5184 2.5644 3.0992 3.0722 3.2151 3.1270 3.0722 2.7654 2.4673 2.4603 3.1701 2.9011 2.4889 2.8573 3.8367 3.8107 2.2250 2.2472 3.3809 3.8107 2.7752 3.2151 2.9708 3.5762 3.7114 2.7557 3.5140 4.0662 3.1555 2.3414 2.1364 2.4122 2.6466 2.7654 2.4889 2.0927 2.3794 3.2463 2.6996 2.0197 2.8573 2.7366 3.6646 3.2784 3.1849 3.3114 2.6466 2.5964 2.3477 2.6816 2.4673 2.5488 2.7557 2.3539 2.9708 2.6996 2.6906 2.5109 3.5343 3.4550 2.9470 3.5140 2.8573 3.1555 3.1999 2.9952 3.1555 2.8900 2.5803 2.5964 2.5803 2.3666 3.0589 3.6419 3.3284 4.3783 3.1555 3.9755 3.1130 2.6212 2.8257 2.9011 2.5109 2.9830 2.7951 2.9708 2.6552 3.0459 3.1849 3.0459 3.2151 2.8573 4.5399 3.0722 3.3989 2.4889 2.3414 2.9708 2.8257 2.8257 3.3456 3.4940 2.4889 2.9708 2.5566 3.6196 3.1270 2.4257 2.6296 3.3989 2.8361 3.5977 3.5343 3.4360 2.9354 2.9011 2.7951 3.2151
134 2.6639 3.6878 3.2463 3.0722 3.1849 3.4360 3.6878 3.1130 3.4550 3.2151 3.1555 3.0459 3.0330 2.9589 3.2151 2.8790 3.0459 3.0589 2.7752 1.9121 2.1928 1.8664 1.8814 2.0786 2.4394 2.2034 2.2990 2.1719 2.0833 2.4122 1.9685 2.1515 1.9561 2.0153 1.9200 2.0464 2.2196 2.2142 1.9439 1.8157 2.2196 1.9439 1.7577 1.8966 1.9279 2.0739 1.9121 2.1515 1.9561 2.2585 2.2814 2.3794 2.2034 2.0509 2.1928 2.1565 1.9769 2.0374 2.1515 2.2585 1.8814 1.8890 1.6663 1.8407 1.9439 1.9603 2.0880 1.7544 1.8017 3.7355 3.1555 2.6906 2.6046 2.9952 2.5644 2.9470 2.8900 2.9470 4.0978 3.7851 5.4496 4.0978 9.3127 4.3783 3.4173 2.9011 2.5488 5.1372 6.5129 3.8633 3.2306 2.9238 2.7557 3.1555 2.7557 2.6639 2.9830 2.6129 3.3114 3.1130 2.7087 2.9708 2.5964 2.6996 2.8466 2.5335 2.8573 2.3291 2.2250 3.1270 3.0076 3.5977 2.7951 2.7951 2.9830 3.3989 2.6727 3.3809 3.0722 2.6129 0.8852 1.0902 0.8673 0.9195 0.8983 0.8522 0.8852 0.7549 0.9115 0.9276 0.7685 0.7847 0.7987 0.4076 0.0000 0.4208 0.4801 0.5809 0.4014 0.9222 1.0950 0.7088 3.0202 2.6466 3.2784 2.9238 3.1412 3.1270 3.2948 2.7851 2.6906 2.7461 5.2569 2.8681 6.1401 4.3783 3.3809 4.3783 4.0353 7.1683 4.0978 3.3456 2.8681 2.6639 3.4550 3.5343 3.1849 2.7752 4.4571 2.6816 2.6296 4.0978 3.8107 2.9708 2.5803 3.5762 3.0992 3.3456 3.0722 3.8633 3.1849 2.9470 2.3730 2.7179 2.5723 2.6552 2.9354 2.8466 2.7557 2.9011 4.4571 3.8107 3.2784 3.2463 3.6196 3.7851 3.4550 3.7600 3.8107 4.5399 6.3208 2.7366 5.7339 3.2948 3.7114 2.5964 2.3291 2.9830 3.1849 2.6466 2.8154 2.2699 2.3477 2.6816 2.5488 2.2585 3.0722 3.6196 3.6646 3.5977 3.7600 3.4360 3.0202 3.0856 2.8573 3.0459 2.6996 2.5964 2.8573 2.6466 3.1849 2.7366 2.7179 2.6381 3.2463 2.9238 2.9830 4.6269 2.9238 3.5343 3.6646 2.9011 3.6646 3.3809 3.7851 4.4571 3.6646 3.6646 3.1270 2.7851 3.9183 3.3114 2.8154 3.1849 3.1130 3.0992 3.1555 4.8150 3.5343 3.8107 2.9011 4.0978 3.8107 3.0722 3.5551 2.9238 3.7851 2.9952 4.1301 4.3783 2.8154 2.5488 2.5488 2.8573 2.9011 2.6639 2.8257 3.4360 2.7461 3.6196 2.7557 3.8107 3.0992 2.6129 3.3809 3.1270 2.3924 2.9470 4.5829 3.0459 3.0722 2.8573 2.8573 3.4173
135 2.3230 3.1849 2.9470 2.8790 2.8573 3.2151 3.7114 2.8790 3.1555 2.9011 2.8466 3.1999 3.0722 3.0459 2.9238 2.8790 3.3456 2.7461 2.9124 2.0647 2.2034 2.0241 1.7544 2.1565 2.5883 2.3170 2.1315 2.2699 2.0601 2.3109 1.9082 1.9239 2.0197 2.0023 1.9980 1.8701 2.0464 2.2990 2.2250 1.7983 2.2361 2.0330 1.8966 2.0833 1.9319 1.9399 1.9685 2.3477 2.3170 2.2814 2.0023 2.3477 1.8590 2.1616 2.4325 2.2196 2.0374 2.0786 2.2814 1.8052 2.0153 1.8192 1.6724 1.7220 2.0197 2.0419 2.1515 1.8371 1.9769 4.7185 2.8257 2.5109 2.7752 2.9238 2.3794 2.8154 2.7179 2.9708 3.5551 3.1555 3.8107 5.3835 5.8103 3.8367 5.1962 2.9011 3.2306 4.2315 5.0239 3.2306 2.7951 2.5035 2.5803 1.6999 2.6639 2.5803 3.0722 2.5335 2.7752 3.3284 2.7272 3.2463 2.4816 2.8790 2.4745 2.5035 3.2151 2.6129 2.2250 2.7654 2.9011 3.1270 2.8466 2.5184 2.6816 3.1555 2.9011 3.0076 2.6129 2.7951 0.9496 1.0430 0.9358 0.9636 0.9276 0.8324 0.8609 0.8336 0.9551 0.8397 0.8647 0.8472 0.8011 0.4084 0.4208 0.0000 0.5660 0.6689 0.4138 0.9951 1.0522 0.7870 2.7179 2.8361 3.1849 2.9011 3.2463 3.2784 4.0353 3.0722 2.9470 3.2948 11.0955 2.8052 5.2569 2.9470 4.0978 3.7600 4.5399 7.1683 4.1632 2.8790 2.8466 3.0722 3.3456 3.0992 3.0459 3.1270 3.0459 3.2463 2.7087 4.8150 4.6269 3.5762 2.8790 3.6646 3.0459 3.3456 2.8257 3.2151 3.4360 3.5343 2.3990 2.6639 2.6639 2.6296 2.6466 2.4325 2.4325 2.6466 6.4153 3.9183 2.2814 3.0722 2.9708 5.0239 4.4980 3.7114 3.0202 6.1401 5.8103 2.7366 3.7600 3.3114 3.0992 2.6996 2.2585 2.4257 2.9124 2.5723 2.6996 2.5883 2.3924 3.1555 2.6296 2.2305 3.1130 3.4360 4.3032 3.7355 3.3456 3.4550 3.4550 2.5964 2.5964 2.7461 2.3990 2.7752 2.4745 2.5644 3.1555 2.6906 2.3291 2.4745 3.4940 3.1270 3.5551 3.6196 2.8361 3.2151 3.2306 2.9011 3.0992 2.6906 3.3989 2.7179 2.5803 2.4603 3.3456 3.0076 3.5977 3.3809 2.6639 4.5399 2.7272 2.5644 2.3666 2.9470 2.7461 2.7179 2.4190 4.0353 2.4603 3.4173 3.1270 3.1270 3.2463 2.9708 4.3783 2.9470 3.3456 2.8361 2.6552 3.2784 2.7272 2.7752 2.9708 2.8573 2.4816 3.0330 3.0459 4.4571 3.0076 2.3990 3.0992 2.7272 2.8257 3.0459 5.1372 2.9830 2.8154 2.9952 2.7087 3.1270
136 3.3456 2.8361 3.6878 3.0992 2.9011 3.1701 3.1412 3.2784 2.8790 3.3631 3.4550 3.1130 2.8361 3.1849 2.9238 2.7366 2.9708 2.5411 2.7752 1.9279 1.9727 2.1315 1.8228 2.1875 2.1414 2.0153 2.1119 2.1414 2.0693 2.1981 1.7252 1.9603 2.0285 1.8443 1.9685 1.8664 2.0975 1.9279 1.9769 1.8299 2.1667 1.7845 1.8228 1.9980 1.8299 1.9938 1.8814 1.9853 1.6724 1.9895 2.2472 2.4325 1.6310 2.0786 2.6296 2.2088 2.0693 1.8157 2.1616 2.2873 1.7677 1.7610 1.6633 1.7744 1.8299 1.7948 2.1414 1.7413 1.8017 4.1970 2.7179 2.3539 2.8466 3.2784 3.1849 2.6816 2.9589 3.1130 4.2669 4.0353 5.2569 4.7661 3.8107 4.5399 6.2291 3.4360 8.5927 4.2315 5.8103 3.2151 2.9124 2.6129 2.6996 2.0833 2.8052 2.3666 3.1999 2.9589 3.0722 2.9589 2.8681 3.6646 2.9124 2.7461 2.8573 2.6466 3.4550 2.6816 2.3291 2.6639 2.9011 3.6419 3.2784 2.8466 3.2622 3.2948 3.0330 3.2306 2.8361 2.6639 0.8522 1.1536 0.8685 0.9413 0.9551 0.8930 0.8547 0.8373 0.9035 0.8522 0.7662 0.8058 0.8775 0.4488 0.4801 0.5660 0.0000 0.6446 0.4232 1.0308 1.0902 0.7964 2.6816 3.1849 2.9589 3.0202 3.4173 3.4173 3.3809 3.5977 2.8052 2.4673 5.6597 3.5762 3.2948 3.0722 4.3783 3.5343 2.9708 11.3565 4.0978 2.7179 2.7179 2.8361 3.9183 3.1999 3.0992 3.0459 2.6996 2.5184 2.6466 4.7185 3.6646 3.0992 2.8154 3.1270 2.5335 3.4173 3.1555 3.0722 3.2463 3.2784 3.1270 3.1849 2.5803 2.7851 3.1412 3.0992 2.7752 2.6906 4.0353 3.4173 3.1270 3.2948 3.3631 4.3783 4.2315 3.4743 2.9011 4.2315 4.4172 2.7272 3.0202 2.8154 2.5883 2.5964 2.1364 2.3794 2.7461 2.5803 2.9470 2.1515 2.5035 2.7752 2.4056 2.1823 2.8052 2.8900 2.9238 3.6646 2.9708 2.9952 3.0076 2.7752 2.7557 2.6639 2.9470 2.6296 2.7272 2.4533 3.0459 2.5644 2.8681 2.3990 3.2784 3.0330 3.0992 4.3032 2.8154 3.2151 3.5762 3.3114 3.2306 3.3809 3.3114 3.7600 3.1130 4.0978 3.0992 2.8154 3.7114 5.5176 3.3284 3.1849 3.1701 3.1555 2.5184 3.3809 3.1130 2.8790 2.9238 4.0978 2.6466 3.3456 3.3809 3.1555 4.0978 3.1130 3.3809 3.6646 3.0992 2.4889 2.6816 2.8052 3.0330 2.7366 2.7272 3.2784 2.8681 2.6906 2.6996 3.7114 3.1849 2.2642 3.2463 2.9238 3.2151 3.1701 3.1270 3.3456 3.2463 2.7272 3.2463 2.8361
137 2.4325 2.9708 2.8900 3.2151 2.5488 2.8257 3.3114 2.7752 2.4816 2.9124 2.8681 2.6129 2.5035 2.6639 2.5335 3.0992 3.0202 3.1849 2.7179 1.9603 2.0555 2.1315 1.8407 2.2250 2.0647 2.1364 2.1515 2.1364 1.9521 2.2642 1.9938 1.9727 1.9521 2.1167 2.0786 1.9769 2.2931 2.1823 2.0374 1.8553 2.1616 1.8890 1.8553 1.8590 2.0110 2.0197 1.8739 2.0833 1.5859 2.2699 1.4745 1.9121 1.5482 2.0023 2.2361 2.2361 2.3291 1.5804 2.2361 2.0975 1.7478 1.9439 1.6724 1.6253 1.9121 1.8966 1.8228 1.7677 1.9769 2.9011 2.6727 3.0459 2.9708 3.4173 2.6996 2.7951 2.7366 2.4745 2.9830 3.7114 4.4571 3.4173 3.3114 2.9830 3.8367 3.4173 3.6196 3.5343 3.6419 2.7461 2.8052 2.0285 3.4173 2.3539 2.1719 2.5883 2.5964 2.6639 2.5488 3.3989 2.8361 3.0992 2.7366 3.0856 3.0589 2.6381 2.8790 2.6639 2.3414 2.9470 2.7461 2.9952 2.6639 2.9952 3.4940 3.1130 2.9708 3.2622 3.2784 2.6639 0.9142 1.0277 0.8891 0.9303 0.9749 0.8775 0.8572 0.9142 0.8878 0.9049 0.8724 0.8202 0.7987 0.5660 0.5809 0.6689 0.6446 0.0000 0.5809 1.0399 0.9864 0.8397 2.8154 2.8361 2.8790 2.6466 2.9238 2.6639 2.6296 2.7951 2.7851 2.5883 2.4056 2.4533 2.4190 3.1412 4.2315 2.5644 3.3114 6.9357 3.5977 2.7179 2.9470 2.9011 3.4173 3.2463 3.3809 3.1412 2.8573 3.0589 2.8573 2.8154 4.9695 3.4940 2.8573 4.1301 2.5411 2.3170 2.7557 3.3456 2.9708 3.4743 2.1364 3.0202 2.7851 2.6816 2.9830 2.6466 2.9830 2.8361 3.6878 2.9238 2.0927 2.6466 2.7366 3.6196 4.3783 3.3631 2.4889 3.5762 3.8107 2.5488 2.9952 2.4325 2.9708 2.9470 2.1823 2.5411 3.0992 2.8790 2.7366 2.4190 2.4190 2.8361 2.5488 2.4889 2.9354 2.9830 3.9755 3.4173 2.6996 3.4550 3.5551 3.0459 2.3924 2.3291 2.5566 2.2142 2.6046 2.3539 2.7179 2.5803 2.5803 2.5488 3.5977 3.3631 3.2151 3.1270 2.7752 3.2151 2.9470 2.2585 3.3631 3.1270 2.9238 2.4190 2.3859 2.3539 2.4603 2.4394 2.5964 2.9124 2.1022 2.7366 2.0927 2.2642 2.1928 2.8361 2.6129 2.3291 2.6296 2.4325 2.4889 2.6996 2.4257 2.6466 2.3353 2.4533 3.5551 3.5977 2.9830 2.3539 2.6639 2.6816 2.7272 2.9124 2.5644 2.9354 2.9354 2.6816 2.9708 3.1849 3.2784 2.4325 2.8154 3.3631 3.1849 3.0722 3.3114 3.2784 3.0992 2.9830 2.7087 2.9238
138 2.5335 4.0353 2.8573 2.9011 3.2151 3.8633 3.1412 3.1555 3.1270 2.9708 3.7600 3.0459 3.4550 3.4940 3.0722 2.8573 2.8573 2.7179 2.7951 2.0927 2.0739 2.4190 1.9044 2.3050 2.5488 2.2416 2.3924 2.3666 2.1771 2.2873 1.9603 2.0374 2.0647 1.9044 2.1119 1.9521 2.4122 2.2990 2.0786 1.9121 2.4257 1.8157 1.6663 1.7677 1.9359 1.9439 1.9603 1.9239 2.0067 2.3050 2.2873 2.1981 1.8890 2.1315 2.3109 2.2196 2.0067 2.0739 2.3859 1.7445 1.9938 1.7610 1.7316 1.6968 1.9727 2.0153 2.0555 1.7948 1.9121 3.9755 2.5803 2.3170 2.7851 3.3631 2.5335 3.1999 2.8361 3.0589 4.0051 2.8790 4.4571 3.5762 2.6381 3.6419 3.3114 3.3284 2.6906 2.2699 4.3783 2.9124 2.7654 2.5184 2.8154 1.8928 3.2463 2.6816 2.8681 2.7366 2.9830 3.0202 2.6129 2.7951 2.7557 2.6129 2.7366 2.5803 3.2622 2.6996 2.2931 2.6727 2.8361 3.1130 3.0459 2.6466 2.7461 3.0722 2.8681 3.1849 2.4325 2.5488 0.8422 1.1297 0.9551 1.0128 0.9980 0.8597 0.7823 0.8447 0.8852 0.9331 0.7504 0.8647 0.8522 0.1424 0.4014 0.4138 0.4232 0.5809 0.0000 1.0308 1.0837 0.8058 2.5964 2.9238 2.2756 2.9238 2.5184 2.6552 2.5803 2.6466 2.5964 2.3794 4.3783 2.9011 5.6597 3.2463 4.3783 2.8052 4.4571 7.9651 4.5399 2.6129 2.7087 2.6466 3.0459 2.9354 2.7951 3.0722 3.3284 2.5964 2.7557 3.8107 5.0239 2.9354 3.2151 3.4743 2.4463 2.5488 3.0202 3.4550 2.9952 2.9238 2.2250 2.8154 2.3353 2.7654 2.9124 3.0856 2.4463 2.7951 2.5335 2.7087 2.1616 2.0739 3.1701 3.4940 2.5803 2.7851 2.8361 3.9183 3.6196 2.9589 3.4360 3.7600 2.9470 2.1719 2.0601 2.2361 2.8790 2.8154 2.4325 2.2142 2.3477 3.0722 2.7272 2.1216 2.6296 2.7951 3.4550 3.6646 3.3456 3.1270 2.7461 2.4673 2.4056 2.6639 2.4745 2.6046 2.5184 2.3666 2.8466 2.7087 2.4394 2.7366 3.3456 3.0722 3.1555 3.5762 2.7366 2.9952 3.2784 3.1270 2.9470 2.8573 2.6816 2.7461 2.6212 2.5035 3.2622 2.7851 2.9470 3.8633 3.3114 4.1632 3.3114 2.2756 2.9708 2.9011 2.6466 3.4360 2.7366 3.8107 2.6466 2.9470 3.5762 2.7557 3.3284 2.8361 3.7600 4.7185 3.3456 2.6727 2.5411 2.9238 2.8681 2.8154 2.9708 3.7355 2.5723 3.0722 2.8790 3.4743 3.3456 2.6381 3.0722 3.1130 2.9952 3.1555 3.9183 3.4173 2.9470 3.0202 2.8681 3.0992
139 2.8573 3.3631 2.6381 3.2463 3.8107 3.4743 3.9466 2.9470 3.2948 3.2306 3.5140 3.3989 1.7948 3.5343 4.0051 3.4940 4.4980 3.4550 3.1130 1.8157 2.1022 1.9359 1.7413 2.0330 2.2756 2.1216 2.0374 1.8664 1.8407 2.1464 2.1464 2.1823 2.2814 2.2990 2.1515 2.1167 2.1823 2.0833 2.1981 1.7220 2.1719 1.9980 1.9319 1.9895 1.9480 2.1616 1.9521 2.2699 1.8890 2.2196 2.0374 1.7811 1.9121 2.1981 2.2250 1.9239 2.3666 2.1464 1.6082 1.9727 1.8299 1.7544 1.7062 1.7643 2.1315 2.0786 1.9082 1.8443 2.2088 4.3032 3.0992 2.6816 2.4745 2.7087 2.8573 2.7366 3.1849 2.5035 4.7185 2.9589 5.0239 4.1632 4.1970 4.3783 3.5343 3.7114 3.6646 5.1372 4.9166 2.7179 2.6996 2.2585 2.8681 2.1265 2.7179 2.4816 2.5109 2.6129 2.5964 2.6129 2.6727 2.6212 2.5644 2.6552 2.3353 2.3990 2.6816 2.4889 2.6466 2.4745 3.0992 3.4550 2.6296 2.6639 3.0202 3.1270 2.5803 2.6816 3.0722 2.6381 0.9440 0.9893 0.8852 0.9276 0.9593 0.9062 0.9209 0.7583 0.9980 0.8957 0.8011 0.6793 0.7708 1.0292 0.9222 0.9951 1.0308 1.0399 1.0308 0.0000 1.3239 0.7549 2.6996 2.5644 3.1270 2.7851 2.8573 2.8573 3.3114 3.1849 2.7557 2.1414 2.9952 2.5964 3.7600 2.8681 3.5343 3.1270 4.3032 5.9702 4.3403 2.7557 2.3794 2.7272 3.2784 3.1849 3.0202 2.9354 3.2463 3.0459 2.7461 3.4360 3.8633 3.9183 2.6639 4.2669 2.9238 3.4550 2.8466 3.6646 2.9952 3.2784 2.9011 2.6466 2.6816 2.4889 2.6996 3.1849 2.6129 2.6466 3.0459 3.6646 2.6296 2.8900 3.4360 3.4173 4.9166 3.4173 3.2948 2.7366 4.6269 2.9708 3.7600 2.6816 2.8573 2.4190 2.1070 2.0285 2.1667 2.0927 2.1315 1.8157 1.9521 2.3414 2.0693 2.0330 3.2948 2.6296 3.2151 3.2948 3.2306 3.0076 3.1849 2.9470 2.3539 2.5335 2.6296 2.2814 2.5335 2.5335 2.8900 2.6996 2.6816 2.5644 3.4550 3.3809 3.2622 3.0722 2.8052 3.2784 3.2306 3.0202 3.8905 3.2463 2.3990 3.4940 3.2948 3.0722 2.9238 3.1849 3.2784 4.4980 2.9589 3.2784 2.7654 2.9830 3.0459 3.6646 2.5566 3.1130 3.0202 3.0992 3.1555 3.0202 2.8154 2.9238 3.0076 2.9952 3.0722 2.5644 3.7851 2.7272 2.5644 3.1701 2.8257 3.4550 2.7272 3.2622 2.4533 3.0589 2.8790 3.0589 3.0589 2.4394 3.0722 2.9589 2.9354 3.2622 3.8107 3.0330 2.9952 3.3284 2.8790 2.8573
140 3.9466 2.9011 3.6196 4.0051 3.2784 3.1270 4.0662 4.1970 3.2306 3.2151 3.1130 4.0353 3.4360 3.9183 3.3631 4.0353 3.5343 3.4940 3.4940 1.9044 2.2305 1.9769 1.8371 2.1515 2.1823 1.9685 2.1216 2.0833 2.0927 2.1771 1.9521 2.2361 2.2196 2.0285 2.2699 2.2142 2.4056 1.9161 2.1515 1.8814 2.2034 2.1928 1.8299 2.0285 1.9044 2.0833 2.0739 1.5777 1.4918 1.3599 1.3449 1.4968 1.5403 1.4600 2.3666 1.6110 1.5325 2.1667 1.5482 2.2873 1.9121 1.7413 1.7948 1.7610 1.9938 1.7413 1.9521 1.7478 2.1216 3.0856 2.6639 2.7087 3.0330 3.0459 2.7366 3.2784 2.7557 2.5803 4.0978 4.5399 4.6721 6.3208 5.1372 4.1632 7.5469 6.7176 4.1632 4.8150 5.8891 7.2904 2.9470 1.7413 2.9589 2.3539 2.6129 2.8154 2.8900 2.3291 2.8052 3.5343 3.1555 3.0459 2.7752 2.9708 2.4603 2.5488 2.6046 2.5803 2.6816 3.1999 2.9589 2.9011 2.5644 2.7461 3.0202 3.0992 3.0459 3.2306 2.3050 2.8154 1.1606 1.1782 1.2597 1.2349 1.3095 1.1925 1.2181 1.1164 1.3406 1.0460 1.2107 1.1433 1.1131 1.0678 1.0950 1.0522 1.0902 0.9864 1.0837 1.3239 0.0000 1.2162 2.7272 2.8052 2.7951 3.0076 2.9470 2.5411 3.2463 3.1270 2.4603 2.9354 4.6269 3.5762 6.1401 2.8573 3.6419 3.6646 2.7951 4.3783 3.0992 2.7366 3.2463 2.9708 3.0459 3.3989 3.5551 4.0662 3.0076 2.5723 2.9708 3.6419 3.6646 4.8150 3.0992 5.1372 2.8573 3.6878 2.6816 3.7114 2.6296 2.9830 2.8361 2.6906 2.2528 2.7087 2.6129 2.5259 2.7272 2.8361 3.2463 4.0353 2.9589 2.8681 2.9952 3.3456 4.1632 3.6646 3.4940 4.1970 4.5829 4.4571 4.9166 3.7114 2.9238 2.3170 2.4603 2.2699 2.7272 2.1070 2.2585 2.1464 2.1928 2.5883 2.0739 1.9938 3.2948 3.2784 3.1555 3.2784 3.0076 2.9830 3.1270 3.5140 2.5035 2.6996 2.8154 2.6466 2.5035 2.6129 2.7654 2.3924 2.7557 2.5883 2.8790 3.0330 2.7557 3.1555 2.7752 2.8052 4.0662 3.0459 3.7851 3.0459 3.0856 3.4743 3.7600 3.4940 3.4940 2.1928 3.2784 3.4940 2.5335 3.5551 2.8790 2.8681 2.7654 3.1555 3.2784 3.2151 3.5762 2.9830 3.5343 3.0202 2.8573 2.8790 2.8790 3.5551 3.1555 4.9166 3.4940 2.9470 3.1849 2.7951 3.0856 3.3456 2.8257 3.2463 3.1270 3.2948 3.0076 3.1999 3.6419 2.4394 2.9124 3.2306 2.9124 2.9708 3.3456 2.8573 2.9011 2.7461 3.0722 2.6212
141 2.6552 3.0459 2.8361 3.0992 2.8361 2.8154 3.1412 2.8790 2.4603 2.7752 2.7179 3.2463 2.3859 2.8154 2.7557 3.1555 2.6296 3.0330 2.3666 1.8087 1.9439 1.8966 1.5221 1.9685 2.0110 2.0419 2.0555 1.9603 1.9480 2.1119 1.8443 1.7948 1.7478 2.0464 2.1216 1.6082 2.1022 2.1414 1.9603 1.5351 2.2250 1.9082 1.6082 1.8739 1.7948 2.1070 1.8228 2.2142 2.0067 2.1771 2.2699 2.2416 1.7156 2.3414 2.4190 1.7880 2.0285 2.4463 1.9439 2.3291 1.7284 1.7188 1.7156 1.8192 1.9769 1.8087 1.9938 1.7811 1.7880 2.7851 2.7557 2.8466 2.7461 2.9238 2.5035 2.8361 2.2416 2.7851 3.5762 3.9755 3.9466 4.0978 5.5176 3.4550 4.3783 3.3809 3.7114 4.4172 4.0051 3.8905 2.9238 2.3170 2.5488 1.3751 2.1515 1.9121 3.0202 2.7366 2.9589 2.7851 2.7557 2.9952 2.8361 2.4603 3.2306 2.6639 2.7951 2.4962 2.8361 2.8466 3.1270 2.7557 3.0076 3.0856 3.1555 2.9124 2.8681 3.0076 2.8573 2.2250 0.7754 0.8348 0.7261 0.7708 0.8547 0.7109 0.6648 0.4834 0.8724 0.7174 0.6386 0.5940 0.6016 0.8226 0.7088 0.7870 0.7964 0.8397 0.8058 0.7549 1.2162 0.0000 3.0202 2.7366 3.1701 2.4533 3.2463 3.1849 3.7600 2.9470 2.9708 3.2463 3.5140 4.7185 4.0978 2.9952 3.3114 3.6646 2.7179 5.9702 3.3456 3.4360 2.5184 2.6816 3.3114 3.5551 2.8573 2.7179 3.5343 2.7087 2.3230 3.0722 3.4940 3.3631 2.7951 3.0459 2.2814 4.7185 2.8573 3.5140 3.5762 3.1270 2.5964 2.8154 2.5964 2.7461 2.9238 2.7752 2.8154 2.6129 2.9589 3.1412 2.8052 2.6296 3.0459 2.9589 3.3114 2.8257 2.9238 4.2315 3.4940 2.7752 2.9124 4.1632 2.3539 2.0647 1.9938 2.2142 3.0722 2.5035 2.1981 2.0833 1.9603 2.6129 2.4533 2.0739 2.6906 3.0459 3.3456 2.7752 3.0202 2.9011 2.7752 2.6296 2.0927 2.3291 2.9124 2.2931 2.3353 2.3730 2.7557 2.2585 2.5035 2.2142 3.1270 3.0722 3.1555 3.1270 2.5566 3.0722 3.0589 3.7600 3.5762 3.2306 2.6296 2.7272 2.8573 2.9708 2.8900 2.3170 3.3456 3.6196 2.9238 3.1555 2.7851 3.1412 3.4173 3.4940 2.5644 3.3631 2.8900 3.3114 3.2784 3.3631 2.9708 2.9238 3.0992 3.1555 3.4173 3.3456 2.5184 2.3924 2.3230 2.4190 2.5184 2.9238 2.4190 2.9589 2.5803 2.4056 2.8900 2.9830 3.0459 2.4533 2.8573 2.9952 2.7272 2.3539 2.5644 2.7951 2.4533 2.7557 2.6816 2.6906
142 3.0202 2.5184 2.2250 2.5184 3.4940 3.3631 3.7114 2.8361 3.4173 2.5644 2.7366 2.8900 3.0722 3.1270 3.7114 3.3456 3.8633 2.7951 3.6878 2.6129 2.7557 2.4122 2.5803 2.9124 3.2622 2.9952 2.8466 2.9124 2.8257 3.0459 2.3990 2.6996 3.0992 2.9354 2.6552 2.7951 2.6996 2.2250 2.6996 2.7752 3.0722 2.6906 2.5803 2.6046 2.7557 3.0459 2.6996 2.6212 2.7366 2.8790 2.8361 2.3291 3.5343 3.6646 3.1555 3.0722 2.9238 3.0076 3.0722 3.4550 2.8052 2.5109 2.4394 2.7179 2.7557 2.6466 3.0076 3.1701 3.6196 2.7951 2.2528 2.3170 2.4463 2.6129 2.2585 2.6381 2.7179 2.7654 2.2142 2.1022 1.9853 2.6046 2.7654 2.1515 2.2142 2.6816 2.3414 2.0555 2.2472 3.0459 2.5184 2.4745 2.6296 2.4463 2.2088 2.4533 2.5964 2.6639 2.7752 3.1412 3.0992 2.8790 2.6639 2.7179 2.7951 2.7951 3.5140 2.8154 2.9952 2.8361 3.5343 3.1270 3.1270 3.3809 3.3809 3.4173 3.1270 2.6639 2.9952 2.6639 2.6129 2.5184 2.9470 3.3809 2.7179 2.7366 2.5035 2.8790 2.5184 2.4056 2.6639 2.6129 2.5335 2.5184 3.0202 2.7179 2.6816 2.8154 2.5964 2.6996 2.7272 3.0202 0.0000 1.0999 0.8130 0.9303 0.9222 0.9168 0.9413 0.9806 0.9579 0.8983 2.4463 2.4056 2.5964 2.3291 2.8154 2.3170 2.2361 2.5035 2.9589 1.2953 1.2873 1.2559 1.3928 1.1889 1.3074 1.2636 1.4109 1.2714 1.3115 2.6816 2.2873 2.6296 2.8790 2.7557 3.2306 2.6639 2.6816 2.4463 2.9708 2.7366 1.8192 1.6544 1.9811 1.7413 1.8299 1.8516 1.8739 1.8590 3.1555 3.0459 3.1849 2.7557 2.6129 3.0589 3.2306 3.0722 2.8361 3.7355 3.4173 2.9708 2.8573 3.0459 2.3924 2.9124 2.2416 3.0856 2.5259 3.2622 2.8154 2.2814 2.6816 3.2306 3.0589 2.7752 2.7951 2.9238 4.3032 3.2784 2.9470 3.3114 2.7366 2.7179 2.4122 2.1022 1.8814 2.2814 2.1216 2.3794 2.2585 1.9603 1.8890 2.2034 1.8371 1.7031 1.7188 1.8966 1.5804 2.6296 2.6381 2.4745 2.4962 2.3794 2.6996 2.8573 4.3032 3.5343 3.1849 2.8154 3.5977 2.9238 3.0202 2.8154 3.3114 3.1849 3.2463 2.6639 2.9470 3.3809 2.9238 2.7752 3.4550 3.4550 2.7752 3.5762 3.0459 3.2463 3.2948 2.5335 3.0202 2.2416 2.5035 2.6129 2.7366 2.5488 3.0202 2.5035 2.4745 2.4603 2.3990 2.9354 2.9952 3.0722 2.5803 3.5551 2.9708 2.9470 2.9011 2.4889 3.1555 3.1849 2.5411 2.5184
143 2.2034 1.7744 2.6639 2.4463 2.4056 2.7951 2.3539 2.6046 3.0992 2.0241 2.5488 2.4889 2.5723 2.6466 2.5803 3.7114 3.3631 2.3414 2.6466 2.9470 3.0992 2.9124 3.0856 2.9238 2.8573 3.2151 2.7654 3.2784 2.8790 2.6816 3.2463 3.8107 3.8107 3.3809 2.7557 3.2151 2.8361 2.5803 2.5964 3.1270 3.1555 2.8573 2.8052 2.6906 3.0202 2.8790 3.1849 3.0992 3.0459 2.9354 3.1555 2.6906 4.5399 2.9470 2.7951 2.8154 2.9011 3.7600 3.0459 3.5343 3.0459 2.5644 2.5964 3.2784 2.9238 2.6816 2.8154 2.7461 2.7179 3.0722 2.3539 3.0076 2.7557 2.7179 2.3291 2.4745 2.4257 3.3456 1.9521 1.9480 1.9521 2.0833 1.8890 1.9200 1.9727 2.5035 2.3539 1.8516 2.0786 2.9708 2.5803 2.7557 2.7557 3.1555 2.6816 2.4745 2.7752 3.0459 3.0992 2.9011 3.2784 3.1849 3.2784 2.7179 3.1270 2.9708 3.1270 3.1849 2.8790 2.8361 3.8107 2.8790 3.7114 4.0353 3.3114 3.4550 2.8573 3.4173 2.8154 2.4745 2.4745 3.0202 2.8573 2.7557 2.6996 2.7179 2.6996 2.7752 2.8154 2.6639 2.7366 2.5803 2.6466 3.1270 2.6466 2.8361 3.1849 2.8361 2.9238 2.5644 2.8052 2.7366 1.0999 0.0000 0.9951 1.1641 0.8957 0.8904 1.0247 0.9893 0.9440 0.8447 2.6816 2.1414 2.6296 2.3539 3.4173 3.0722 2.5803 4.3032 3.0722 1.5859 1.7093 1.3620 1.3449 1.5273 1.6845 1.3884 1.5273 1.4819 1.5196 2.6727 2.4463 2.2250 2.7179 2.8790 4.0978 2.2931 2.5035 3.0459 2.8790 2.2699 1.9853 1.7948 2.1315 2.0023 1.8890 1.9359 1.8814 1.7811 2.7951 2.6466 2.4463 2.5259 2.6466 3.9466 2.8154 3.1270 2.6996 2.9470 4.1632 2.9470 2.7272 3.1270 2.7179 3.2463 2.9124 2.8052 3.6646 3.0589 3.0459 2.9830 3.6196 3.1270 3.0589 3.0459 3.6196 3.1849 3.6646 3.2784 3.4550 3.1270 3.1270 2.9470 2.6212 2.1928 2.5335 2.6639 2.0110 2.0509 2.3414 2.2142 2.3539 2.3794 1.7544 1.6604 1.7744 1.9769 1.6604 2.4056 2.8052 2.6296 2.5566 2.5035 2.7951 2.7557 3.0202 2.8466 2.3539 2.7272 3.4743 2.8573 2.4463 2.6129 3.0992 2.4745 2.7951 2.5644 3.1999 2.8154 2.7179 3.7114 2.8154 2.6046 2.5184 2.7557 2.4394 2.7851 2.4962 2.8573 3.1849 2.7752 2.5803 2.9124 2.9238 3.3114 2.5035 2.6996 2.7752 2.7951 2.6129 2.9470 3.3114 2.9708 2.7461 3.0202 2.7951 3.5343 2.5644 2.7951 2.9470 2.9011 2.9238 2.8052
144 2.3109 2.3924 2.2305 2.4745 2.8573 3.0459 2.6727 2.1119 2.5184 2.4603 2.6129 2.8052 2.6466 2.8154 2.6296 2.9952 2.7557 2.8790 2.5723 2.7654 2.7654 2.6212 2.9238 2.7179 2.6129 2.4889 2.5488 2.6906 2.8900 2.5803 2.5184 2.6639 2.7179 3.3631 2.7461 2.8466 2.3414 2.5335 2.8790 2.7951 2.4745 2.9124 2.8681 2.7951 2.7461 2.9354 2.8154 2.8361 3.0202 3.1270 2.5644 3.0459 2.7951 3.3809 2.7557 4.5399 3.7114 3.8107 3.0330 4.4980 2.7951 2.5803 2.5488 3.3989 2.5883 2.5035 3.1849 2.9470 3.0722 3.4550 2.0555 2.4673 2.0647 2.0880 1.7948 2.4533 2.4122 2.6816 1.6456 1.7220 1.9399 1.9044 1.7093 1.6426 1.9521 2.1616 1.6968 1.7284 1.7744 1.9685 2.4745 2.2305 3.2151 2.2416 2.4603 2.6296 2.9952 2.8790 2.8573 2.8900 3.4173 2.4463 2.9238 2.6466 2.7179 2.7366 2.9708 2.7366 2.8790 2.6129 3.3114 2.7366 2.9470 3.1849 2.9708 2.6296 2.9708 2.9952 2.6466 2.3050 2.6381 2.6129 2.9952 2.9708 2.8361 2.7752 2.9011 3.6646 2.7179 2.7557 2.5964 3.2151 2.6996 2.8790 3.2784 3.1849 2.9589 2.8790 2.2756 3.1270 2.7951 3.1701 0.8130 0.9951 0.0000 1.0647 0.9864 0.8957 0.9579 0.9088 0.9524 0.8497 2.3539 2.1515 2.8573 2.3414 2.7752 2.5035 2.2699 3.3809 2.7366 1.2406 1.4745 1.1817 1.3115 1.1450 1.4109 1.3301 1.2330 1.2330 1.2107 2.9589 2.8573 3.3114 2.5964 2.6466 2.9952 2.7557 2.6212 2.5803 2.6727 2.6996 1.9938 1.6368 1.9044 1.8739 1.8443 1.9603 1.8516 1.8516 2.5335 2.5964 2.5335 2.5964 2.8573 3.3114 2.7179 2.7557 2.8154 2.9124 3.8107 3.1849 2.7366 2.6639 2.4463 2.4816 2.7366 2.7951 2.5803 2.9830 2.5644 2.8361 3.0722 3.1849 2.3794 2.3477 2.7951 2.9011 2.7087 2.7366 2.9238 2.9011 2.7557 3.3456 2.6906 1.8966 2.0374 2.2931 1.8701 2.0555 1.9685 2.0285 1.8590 1.9769 1.7744 1.6426 1.9644 1.9853 1.6253 3.0330 2.4325 2.3539 2.6296 2.3666 2.7851 2.4745 2.6639 2.1022 2.4889 2.7179 2.9470 2.6381 2.8573 2.8154 2.7179 2.4190 2.9708 2.4257 2.6212 2.7951 2.5488 2.6639 3.0856 2.7654 2.6296 2.6816 2.7951 2.6816 2.7179 2.9354 2.4603 2.6639 2.7087 2.7951 2.7179 2.6296 2.4603 3.1130 2.7752 3.1555 2.9011 3.0459 2.5964 2.6906 2.9238 2.7461 2.7366 2.9011 2.8790 2.2642 2.5644 3.0722 2.5644 2.6046
145 2.4673 2.4190 2.1823 2.2305 3.0076 3.3809 3.2463 2.8681 2.9238 2.5335 2.6996 2.8361 3.0722 2.9354 3.1701 4.5399 2.7366 2.8466 2.7461 2.6129 2.4603 2.7179 2.8900 3.0856 2.6129 2.9011 3.0459 3.1130 3.3809 3.3114 2.8154 2.9589 2.2931 3.0589 3.0992 2.9124 2.6466 2.5488 2.7951 2.9238 3.0202 2.5803 2.5335 2.5964 2.5964 2.8257 2.6296 2.9830 2.7557 2.9011 2.7366 3.2151 2.9952 2.9124 2.4962 2.4962 2.7366 4.0353 2.8573 3.2784 2.9011 2.8361 2.7087 3.3456 2.5964 2.8154 2.7087 2.8361 3.3989 2.8790 2.7951 2.8573 2.8573 2.6996 2.1719 2.7752 2.8466 3.0722 2.2034 2.2699 2.0464 1.8228 2.0739 2.3170 2.2361 2.0927 2.2472 2.6381 2.1315 2.2814 2.8154 2.4325 2.7366 2.6727 2.6129 2.4889 2.6816 2.9238 2.9470 3.0202 2.6996 2.6466 2.3050 2.3602 2.7557 2.7179 2.8154 2.3794 2.7752 2.6296 2.7752 2.5184 2.8154 2.8154 3.1270 2.7752 2.5803 3.1555 2.4889 2.1119 2.5644 2.5644 2.5335 2.5644 2.8361 2.5035 2.4190 2.6212 2.4325 2.4463 2.7179 2.8361 2.3291 2.9238 2.9238 2.9011 3.0202 2.6466 2.9238 2.7851 3.0076 2.4533 0.9303 1.1641 1.0647 0.0000 1.0338 0.9524 1.0430 1.0098 1.0187 0.9980 2.3794 2.4056 2.9708 2.5803 2.3291 2.8573 2.2142 2.5488 2.4889 1.5018 1.4433 1.2482 1.3156 1.3884 1.5119 1.3156 1.3197 1.3620 1.1853 2.5644 2.5803 2.0739 2.3050 2.5803 4.3032 2.9952 2.4889 2.5803 3.2784 2.2250 1.8228 1.4918 2.0419 1.9279 1.8299 1.9359 1.7880 1.8407 2.9470 2.7179 2.5035 2.5803 2.4889 3.8107 3.5977 3.5343 2.9708 3.1849 3.3809 3.3114 3.4550 3.3114 2.7557 2.4533 2.7951 2.6639 2.7654 2.8573 2.4962 2.5184 3.2151 3.0202 2.6639 2.7461 2.9830 2.5803 2.9708 3.0459 2.7951 2.7752 2.7752 2.5803 2.6996 1.8299 2.1928 2.3794 2.1823 2.0464 2.3291 2.2361 2.2699 2.0647 1.7811 1.8371 1.8228 1.9769 1.5094 2.5488 2.4889 2.6296 2.6381 2.6296 3.0202 2.8154 4.0051 2.6639 3.0722 2.9952 3.2463 3.7114 3.4173 2.7951 3.0992 3.0459 3.1270 2.9952 3.2306 4.4172 3.1130 3.4940 4.2315 2.8790 2.6129 2.9952 3.1849 2.8681 2.8790 4.2315 3.1701 3.1849 2.6466 2.3924 2.8257 2.6906 2.5488 2.5411 2.6552 2.7179 2.8790 3.1555 3.0722 2.8466 2.5644 2.6727 3.0722 2.7087 3.5343 2.4533 2.8154 2.8052 2.7179 2.9589
146 3.0722 2.3477 2.5964 2.8257 2.4673 2.6816 2.5259 2.5109 2.7461 2.5964 2.3414 2.7752 2.4673 2.5035 2.6996 2.7087 2.7557 2.7366 2.3170 2.9708 2.7179 2.6046 2.7272 3.4360 2.8361 3.8107 3.0722 2.9589 2.7272 2.9708 2.5488 3.0459 2.8790 2.9952 2.4122 3.0076 2.8573 2.8361 2.9830 2.7272 3.5343 3.3809 2.7179 2.8466 2.5566 3.1555 2.7951 2.7272 2.9238 4.3403 2.6296 2.9470 3.2784 3.3114 2.6727 2.7654 3.0459 4.0051 2.9830 3.7851 3.5140 2.4889 2.4745 3.0202 2.7272 2.3477 2.9589 2.9354 2.8154 2.5184 2.4962 2.8361 2.5723 2.7087 2.3170 2.3291 2.5184 2.6906 2.1928 2.4745 2.4603 2.9470 2.7179 2.2814 2.7087 4.3032 2.9124 2.3414 2.5335 2.2472 2.3050 2.1414 2.5644 2.6296 2.1119 2.2814 2.6129 3.1555 3.4173 2.8790 3.1849 2.8466 2.8573 3.0722 2.7272 3.1555 2.8154 2.9238 3.5762 2.9708 3.3631 3.2463 2.2305 3.4940 3.2784 3.2151 2.7366 3.0992 2.9952 2.6296 2.7366 2.8154 2.9238 2.7179 3.0992 3.0330 2.6466 3.1555 2.7461 2.4603 2.6639 2.8790 2.9952 2.7179 3.1412 3.2463 3.4173 2.9238 2.5184 2.8573 2.9470 3.2463 0.9222 0.8957 0.9864 1.0338 0.0000 0.4751 0.6406 0.5442 0.5978 0.4818 2.9470 2.1515 2.8361 2.5184 2.3539 2.4056 2.4056 2.9011 2.7179 1.5119 1.5018 1.3449 1.3115 1.3534 1.5588 1.4339 1.6310 1.4673 1.2793 2.7752 2.4325 2.5335 2.4056 2.7752 5.3193 2.7557 2.9708 2.4190 2.7752 2.3050 2.0464 1.6544 1.8776 2.0693 1.9359 1.9121 1.8228 1.8627 3.3456 2.9011 2.8052 2.6466 3.0202 3.4550 2.8154 3.2784 2.6996 3.1270 3.5343 2.8573 2.8573 3.0459 2.6381 2.7272 2.6296 2.7654 3.0202 2.5964 2.7272 2.7179 3.0722 2.9238 2.9238 2.6727 3.0076 3.3809 3.2463 2.9708 3.0459 2.9470 2.9952 3.1849 2.5488 2.0927 2.4745 2.2361 2.2699 2.3924 1.9685 2.2814 2.2931 2.4889 1.6604 1.6754 1.8443 1.8590 1.5970 2.7461 3.0459 2.6996 2.6466 2.7752 2.4603 2.6296 3.5762 3.3456 2.8790 2.7366 3.1701 3.1555 2.5035 2.6129 2.9708 2.9589 3.0459 2.5566 4.1632 4.0353 3.4940 3.0459 3.1270 2.7272 2.3924 2.7851 2.3924 2.9830 2.8790 3.3809 2.8900 2.6466 2.5964 2.9470 2.9830 2.6906 2.7752 2.8052 2.5964 2.7557 2.9470 3.0722 2.7366 3.1849 2.5883 3.2784 2.6046 2.6296 2.8790 2.3109 2.6552 3.2463 3.0722 2.4745
147 2.5335 2.1070 2.0555 2.3924 2.8790 3.9755 2.6639 2.3291 2.8466 2.8573 2.8573 3.0076 2.4673 3.1849 3.5343 3.1412 4.1301 3.1270 2.7557 2.6816 2.6381 2.6816 3.2784 2.9354 2.6046 3.0459 3.0076 2.8257 2.4603 2.8790 2.6466 2.9124 2.7557 3.3284 2.7272 2.8900 2.5035 2.5184 2.8900 3.1849 3.1270 2.3414 2.4056 2.4816 2.5964 2.7557 2.7752 2.9011 3.2151 2.9830 2.7951 1.9399 2.7752 2.8257 3.0076 2.4325 3.0202 3.6419 3.1555 3.5762 3.0992 2.6296 2.4394 2.8573 2.6816 2.4889 3.0202 2.5335 2.8361 2.5184 2.1981 2.7557 2.3109 2.6381 2.5184 2.4816 2.6727 3.0722 2.2250 2.2585 2.7179 2.2142 2.3291 2.2699 2.5109 3.0992 2.5964 2.5035 2.2472 2.2814 2.2088 2.1875 2.8573 2.7557 2.1414 2.6296 2.2142 3.0856 3.0330 2.9238 3.1555 2.7752 2.7179 2.9830 2.4889 2.6212 2.9238 2.7752 3.1130 3.0722 3.2151 3.1701 2.9470 3.7114 2.9124 3.4173 3.1270 3.3989 3.1555 2.6639 2.7272 2.4463 2.7951 2.8361 2.9708 2.8900 2.6906 3.2784 2.8154 2.5035 2.7179 3.2948 2.6639 2.8154 3.1270 3.2784 3.4173 2.6639 2.6552 2.8573 2.5411 3.1849 0.9168 0.8904 0.8957 0.9524 0.4751 0.0000 0.5389 0.4618 0.4279 0.1612 2.2361 2.1616 2.4673 2.3291 2.2250 2.0330 2.3170 2.7951 2.2756 1.4721 1.3406 1.3577 1.1889 1.3406 1.5588 1.2714 1.4018 1.2218 1.3281 2.8154 2.4325 2.2585 2.4190 2.6296 2.8361 2.4463 2.3924 2.5803 2.3539 2.2250 1.9359 1.6907 1.9895 1.8739 1.8664 1.7880 1.9044 1.8157 2.6639 2.4816 2.4056 2.3539 2.3859 3.4173 2.6996 2.8681 2.7557 2.6996 3.3989 2.4962 2.5803 2.2416 2.3924 2.4325 2.4745 2.8154 2.8466 2.6296 2.6296 2.7557 2.9354 3.0856 2.8681 2.1565 3.1849 2.9238 3.0459 2.8154 2.9952 2.8361 3.2463 2.8790 2.7557 2.0555 2.4533 2.1719 2.0739 2.2034 1.7156 2.2472 2.1315 2.3924 1.7031 1.5377 1.7914 1.6485 1.5018 2.7654 3.0856 2.4325 2.5335 2.3859 2.3730 2.7951 3.4173 3.2784 3.5140 2.6129 2.6816 2.6381 2.5883 2.3291 2.5566 2.7366 2.5964 2.3170 3.1270 3.4173 2.9470 2.9470 3.3456 3.2784 2.6816 3.2463 2.6381 3.3284 2.4603 3.0459 3.2151 2.7087 2.9470 2.9238 2.7557 2.7654 2.8154 3.1270 2.6816 2.6816 2.9011 2.6996 2.7557 3.1270 2.4745 3.3114 2.7366 2.6129 2.9011 2.3050 2.5488 2.9238 2.9354 2.5644
148 2.2699 2.1414 2.1928 2.2699 3.1130 2.9124 2.7366 2.8257 3.1130 2.4889 2.5964 2.8790 2.5035 2.7752 2.9952 2.4673 3.4550 2.7752 3.0459 2.9470 3.0076 2.9238 3.4550 2.9830 2.7557 3.2463 3.1555 3.2784 3.0459 2.9470 2.9952 3.4940 3.1270 3.5140 2.7654 3.7600 2.5644 2.5644 2.7752 3.3456 2.7951 2.8573 2.8154 2.7366 2.9470 2.6466 3.0722 3.1555 3.2622 3.3456 3.2306 2.4673 3.2948 3.0459 2.9708 2.3050 3.0722 3.3114 3.6196 3.3114 3.4550 2.8790 2.6727 3.2463 2.7851 2.4962 3.0722 3.0459 3.0856 3.0459 2.2472 2.7366 2.3602 2.5488 2.4056 2.8154 2.6639 2.8790 2.4325 2.9011 2.5644 2.8361 2.6466 2.4889 2.5184 2.7366 2.7951 2.3414 2.3170 2.7366 2.4325 2.4463 2.5035 2.6996 2.3924 3.0992 2.1928 2.7461 3.3989 2.6129 3.2784 2.5964 2.7366 2.8257 2.8790 2.6996 3.0202 2.7366 3.2463 2.7752 3.4550 3.2151 2.8573 3.4173 3.3989 3.4550 3.1555 3.1270 2.6129 2.4745 2.6996 2.7951 2.9354 2.6466 3.2948 3.3809 3.0459 3.2463 3.3809 2.7366 3.0722 4.0978 3.0722 3.0992 3.2948 4.0353 3.3809 2.6296 2.5803 3.3114 3.2463 3.7600 0.9413 1.0247 0.9579 1.0430 0.6406 0.5389 0.0000 0.5460 0.6074 0.5734 2.2814 2.3050 2.6129 2.1265 2.4190 2.4325 2.1315 3.2463 2.2931 1.4918 1.4868 1.3839 1.2993 1.5482 1.6138 1.2993 1.4918 1.3239 1.3620 2.8573 2.5488 2.6639 2.6296 3.1270 4.4172 2.7179 2.4533 2.4056 2.3539 2.7179 2.0110 1.6426 1.8776 2.0374 1.9521 1.7948 1.8814 1.8739 2.8361 3.4550 2.8361 2.4889 2.4603 2.9354 2.8466 2.9952 3.0459 2.9830 3.4940 3.1555 3.5762 2.6552 2.9470 2.7851 2.6046 3.0992 2.9708 2.8573 2.5411 2.8573 3.4940 2.9238 3.0589 2.6727 3.1555 3.1999 3.1849 2.9470 2.9952 3.0459 2.7752 2.8361 2.8790 2.2472 2.5184 2.3539 2.2472 2.4056 2.5184 2.2699 2.1616 2.3794 2.0647 1.9521 1.9121 1.8157 1.6426 2.6381 2.3859 2.5803 2.6816 2.6996 2.6816 3.7851 3.8107 3.4173 3.1999 3.2151 3.2151 2.4190 2.7851 2.3666 2.6727 2.7752 3.1412 2.3794 3.0459 3.3809 2.9830 2.7752 2.8573 3.1849 3.0722 3.0856 2.9011 3.3456 3.1555 3.0202 2.9124 2.5184 2.8573 3.2463 3.0202 2.9238 2.7951 3.0459 2.7557 2.7366 2.8257 2.9238 2.9011 2.8900 2.3353 3.1130 2.8573 2.7179 2.9708 2.7272 2.8257 3.6196 3.0076 2.2990
149 2.3794 2.0023 1.9938 2.1414 2.5335 2.9952 2.5411 2.3170 2.6552 2.4190 2.3794 2.5259 2.3666 2.9952 2.6639 2.8573 2.9589 2.4463 2.5644 2.5488 2.7087 2.6046 2.5964 2.8573 2.8154 3.3809 2.6816 3.0589 2.6296 2.9708 2.5964 2.7851 2.7557 2.8681 2.4889 2.9952 2.4603 2.9011 3.1701 2.4603 2.8154 2.6296 2.4603 2.5883 2.4745 2.8900 2.5644 2.8257 3.4550 2.5964 2.8900 2.0975 3.2463 2.8573 2.8573 2.7752 2.9238 4.1301 3.4743 3.7600 3.1999 2.7557 2.5488 2.7951 2.2990 2.3414 2.9952 2.6466 2.5803 2.8154 2.3477 2.4603 2.5259 2.7179 2.3477 2.6046 2.6727 3.0992 2.2472 2.5184 2.1719 2.4603 2.5488 2.3414 2.4603 3.0459 2.6296 2.0110 2.1771 2.4745 2.5644 2.3291 2.2931 2.7654 2.2250 2.4745 3.0330 3.1270 3.0202 2.6129 2.7557 2.6639 2.8361 2.7557 2.4745 2.6381 2.6816 2.5644 3.8107 2.7752 3.5762 3.1555 3.0459 2.8154 3.5762 3.1130 2.8361 3.3284 2.7366 2.5035 2.9470 2.6129 2.7557 2.6816 3.0992 2.8790 2.7557 3.2463 3.0992 2.5964 3.0330 3.4173 2.8052 3.0722 2.7851 3.0722 3.5977 2.7951 2.6466 3.1849 3.1270 2.9470 0.9806 0.9893 0.9088 1.0098 0.5442 0.4618 0.5460 0.0000 0.3983 0.4970 2.8573 2.1216 2.3924 2.3050 2.4463 2.1771 2.3230 2.9589 2.2142 1.5068 1.4200 1.2833 1.2793 1.3449 1.4968 1.2953 1.5068 1.3973 1.3664 2.4745 2.7557 2.3794 2.6466 2.5488 3.0459 2.5964 2.6906 2.8790 2.4745 2.6639 1.8890 1.6138 1.8299 2.0023 1.8590 2.0110 1.7544 1.8157 2.9470 2.3170 2.4603 2.2931 2.8361 2.9011 2.5803 2.6996 2.9708 2.6466 2.9238 2.9952 3.0722 2.3924 2.5644 2.7557 2.5109 2.8154 2.7851 2.5035 2.7654 2.6816 2.8154 2.7752 2.6296 2.5644 3.2463 3.1270 3.0459 3.0992 2.7752 2.8361 2.9952 2.7851 2.4603 2.1928 2.3050 2.2034 2.3050 2.3859 2.3924 2.3050 2.4190 2.2361 1.6845 1.5119 1.7031 1.7677 1.4339 2.6552 2.4889 2.5035 2.4190 2.5964 2.4889 2.4889 3.0722 2.7272 2.6046 2.3539 2.4673 2.8573 2.4889 2.6296 3.0330 2.6466 2.9470 2.2034 3.1999 3.3989 3.1412 2.7087 2.9354 2.8052 2.7179 2.8361 2.4122 2.9708 2.9470 3.0722 2.7179 2.8154 2.6816 2.6552 3.2151 2.7179 2.8154 2.6996 3.0459 2.5488 2.8361 3.2151 2.7179 3.2463 2.5488 3.0330 2.7366 2.7366 3.6646 2.5184 2.5109 3.3114 3.2784 2.4394
150 2.3170 2.1414 2.3666 2.2585 2.8361 2.6296 3.0202 2.5803 3.2622 2.7179 2.8154 2.4325 2.6129 3.3114 2.8681 3.0722 3.2948 2.8790 2.6906 2.4962 2.4889 2.4190 2.5723 2.8257 2.4056 2.9708 2.3666 2.4745 2.5964 2.9011 2.6996 2.4673 2.8154 3.0856 2.3414 2.7851 2.2990 2.3291 2.9354 2.6466 2.4122 2.6381 2.6639 2.6381 2.5411 2.6727 2.7179 2.7179 2.9952 3.1849 2.8361 2.3730 2.4745 2.9708 2.6816 2.5035 3.0992 3.6646 2.9470 3.1130 3.7600 2.6996 2.4190 2.8154 2.5644 2.5335 2.8900 2.5488 2.6816 2.7366 2.4673 2.8052 2.4745 2.7752 2.3602 2.6296 2.2142 2.6296 1.9980 2.9011 2.2814 2.2034 2.5335 2.1823 2.7366 3.4743 2.9011 2.4190 2.0555 2.2472 2.2250 2.2699 2.5644 2.5184 2.1616 2.4603 2.4603 2.6816 2.4463 2.6816 2.5964 2.5964 2.6996 2.8466 2.3924 2.8573 2.7366 2.5035 3.1849 2.6816 3.4940 2.6129 1.9200 3.3809 3.3114 2.9238 2.6296 3.0722 2.8573 2.5335 2.5035 2.4122 2.4325 2.6996 2.8573 2.7752 2.6296 2.9238 2.5803 2.2814 2.4603 3.1555 2.7951 2.6466 2.6906 2.9470 2.8052 2.7851 2.5964 2.7557 2.4603 2.9708 0.9579 0.9440 0.9524 1.0187 0.5978 0.4279 0.6074 0.3983 0.0000 0.4359 2.5035 1.9938 2.9011 2.1515 2.1928 2.1823 2.2585 2.5488 2.3291 1.4819 1.3239 1.2406 1.2675 1.3364 1.5325 1.2675 1.3406 1.2873 1.2833 3.1555 2.7752 2.1216 2.2699 2.4463 4.2669 2.5488 2.5184 2.4603 2.7557 2.1414 1.8776 1.6426 1.7188 2.1070 1.7744 1.8664 1.7744 1.7983 2.6639 2.9011 2.4533 2.4190 2.6466 3.4360 2.7557 2.8573 3.1270 2.8361 3.4173 2.8154 3.4550 2.8361 2.3666 2.6639 2.2250 2.8466 2.6212 2.8361 2.4745 2.8154 2.5184 3.0992 2.8052 2.6296 3.0459 2.8573 3.3809 2.9470 3.0722 2.6639 3.1701 2.9354 2.5644 2.2196 2.2931 2.2142 2.1823 2.3539 1.8890 2.2931 2.1022 2.3924 1.8966 1.7284 1.8017 1.6604 1.4968 2.5723 2.3414 2.5184 2.2585 2.6296 2.4889 3.0992 4.2669 3.1849 2.7366 3.1555 2.8681 2.6996 2.4190 2.9470 2.7752 3.1555 2.7557 2.5964 3.7600 3.0459 3.6196 3.0459 2.9470 3.3456 3.1555 3.1849 2.6996 3.8367 2.6296 2.9952 3.4743 2.9589 3.1130 2.7557 2.8361 2.5488 2.7654 2.7461 2.6816 2.8790 3.0202 2.7179 3.4173 3.1555 2.6906 2.7654 2.9470 2.7752 3.3114 2.3730 2.7179 2.9238 2.8900 2.3924
151 2.6996 1.9521 2.1823 2.4394 3.3631 3.5343 2.8052 2.4325 3.2948 2.9011 3.2463 2.3666 2.5035 2.8790 3.2948 3.0589 3.4743 3.0202 2.9354 2.5184 2.8900 2.7366 3.1130 2.7752 2.4463 2.7752 2.6816 2.8573 2.6129 2.6816 2.5259 2.7752 2.7179 3.4743 2.5803 3.0992 2.3990 2.5335 3.0992 3.1999 2.7752 2.6639 2.4325 2.5803 2.6639 2.9952 2.8257 2.9952 3.2784 2.1981 2.7951 2.0330 2.7461 3.1130 2.7557 2.4673 3.1555 3.5762 2.8790 3.2306 3.3456 2.6296 2.4533 3.5343 2.5803 2.4533 3.1849 2.6296 2.7752 2.5964 2.5109 2.9011 2.4603 2.8573 2.5109 2.4463 2.8257 3.1555 2.4463 2.3859 2.4673 2.1719 2.2250 2.3924 2.6727 2.8361 2.3291 2.5644 2.6129 2.3539 2.3414 2.0647 2.2250 2.6466 2.2931 2.3666 2.2699 3.0589 2.7752 2.9238 2.9124 2.6296 2.6466 3.0202 2.4257 2.5488 2.6639 2.5259 3.2463 2.8573 2.9238 2.8573 3.0330 3.8905 2.8361 2.7951 2.9124 3.2622 2.9470 2.6816 2.6996 2.6639 2.8573 2.5883 3.3114 2.4190 2.5035 3.0722 2.4889 2.0197 2.3666 3.1270 2.7951 2.4325 2.7461 3.2948 2.4673 2.5883 2.3794 2.1414 2.9354 3.2463 0.8983 0.8447 0.8497 0.9980 0.4818 0.1612 0.5734 0.4970 0.4359 0.0000 2.3924 2.0833 2.6996 2.3539 2.2472 2.2585 2.1515 2.6466 2.1928 1.5119 1.3620 1.3301 1.1889 1.3861 1.5696 1.2218 1.4481 1.2559 1.2636 2.5335 2.4745 2.2931 2.2142 2.2361 2.5803 2.5035 2.5035 2.6212 2.2585 2.2250 1.7031 1.6754 1.8443 1.7948 1.8627 1.9439 1.9044 1.8516 2.5035 2.6296 2.6296 2.4745 2.6296 3.1130 2.6296 2.7654 2.9011 2.6996 3.1555 2.6816 2.7557 2.5335 2.4325 2.5109 2.3414 2.6296 2.8790 2.6296 2.6046 2.9354 2.7851 3.2463 3.0856 2.1981 2.8154 2.7366 2.6466 2.8154 3.2622 3.0076 3.1999 2.7654 2.6639 1.9895 2.1515 2.2142 1.9769 2.2931 1.9561 2.1315 2.2034 2.2361 1.7348 1.5942 1.8299 1.7914 1.4200 2.4745 2.7366 2.4673 2.8154 2.3794 2.3414 2.8361 3.3114 3.2784 2.8790 2.6996 2.6727 2.5184 2.6727 2.4673 3.0856 2.8052 2.6296 2.1119 2.9011 2.7366 2.5964 2.7557 2.9124 2.9952 2.9238 2.6046 2.5259 3.1412 2.6906 2.7851 3.3284 2.7179 2.5488 3.2784 2.9354 2.7272 2.9124 2.7461 2.9708 2.5964 3.2151 2.9708 2.8681 3.0459 2.7851 3.2622 3.0722 3.0076 3.1999 2.2196 2.6381 2.9952 2.8361 2.5035
152 3.2784 4.3403 2.9238 2.8790 3.8107 4.3783 3.7114 4.7185 4.3032 3.3114 3.5343 3.7851 4.4571 3.9755 4.3032 4.3783 4.4571 4.1301 3.6646 3.3456 3.1270 3.1270 3.8107 4.7661 3.1412 3.5977 3.2306 3.4360 3.3989 5.1962 4.1632 4.3032 3.0992 3.4743 3.0722 3.5762 3.6878 3.0992 2.7851 4.1301 3.6419 3.7355 2.5488 3.2784 3.3456 3.9466 3.9466 2.9952 2.6466 2.2361 3.0330 3.2622 2.9011 3.0202 3.5343 2.4190 5.1372 2.9952 3.7600 5.2569 3.0202 3.2463 3.2948 4.3783 3.3284 3.3809 3.6196 4.0353 4.6269 2.9589 2.8790 4.0051 3.2463 3.4743 2.9238 3.9183 4.6269 3.0330 3.2948 3.0992 3.4550 3.4550 2.8154 3.7114 3.1130 2.9952 3.3456 3.2948 2.7851 3.9755 3.7114 3.3114 3.9755 3.6878 3.2784 3.0330 4.7185 3.1270 2.9238 3.5762 2.9708 3.1701 3.1555 3.2948 2.9830 2.6906 3.1130 2.9470 3.1555 3.6419 2.2585 3.4360 2.2472 2.8573 3.8633 3.4940 3.9183 3.0589 2.9354 2.7557 3.2306 3.2151 4.1301 3.3809 2.5964 3.8367 4.0978 3.7600 3.9755 3.0459 3.7355 5.1372 3.5551 5.8891 5.2569 11.0955 5.6597 2.4056 4.3783 2.9952 4.6269 3.5140 2.4463 2.6816 2.3539 2.3794 2.9470 2.2361 2.2814 2.8573 2.5035 2.3924 0.0000 1.2636 1.3928 1.5588 1.6724 1.7284 1.5914 2.0197 1.6082 3.0722 2.5035 2.2250 2.5803 2.7951 2.5964 2.3291 2.5964 2.4745 2.7366 1.5804 1.7880 1.7093 2.0285 2.3539 1.6426 1.7284 2.2250 1.9044 2.0330 1.9938 1.7744 2.4056 2.8900 3.8633 3.5343 3.1555 3.4173 2.9952 2.7461 3.0459 2.3050 2.4816 2.3170 3.0992 3.0330 2.4056 2.8790 2.6639 2.8573 2.7752 2.7752 3.0330 2.5335 2.1565 2.1022 3.0992 2.6212 2.2196 2.0786 2.4603 2.2361 3.0076 2.1414 1.9561 2.9952 3.3114 3.3631 2.8052 3.5343 3.0992 3.0722 2.5184 2.3730 1.8814 2.1515 2.3666 1.9521 2.3050 2.2088 2.0285 2.1414 2.4056 2.7851 2.8573 3.1412 2.5184 2.1616 3.2463 2.9238 3.8367 2.8361 3.6646 4.3783 3.2784 3.5140 3.3456 3.0992 2.7557 2.8361 2.5723 2.7752 2.6296 3.0076 2.9470 3.8633 5.6597 3.5762 3.1849 4.7185 3.3114 4.0978 3.2948 5.0239 3.2948 3.0722 3.2948 2.6296 2.7272 3.1270 2.4463 2.5723 2.9708 2.7951 2.7752 2.8790 3.3114 3.2948 2.9470 3.3114 2.7461 3.7114 3.1849 3.1701 3.4360 3.0992 3.2463 2.7752 3.2463 3.1270 3.4940 3.3114 3.0992
153 6.5129 4.4980 5.9702 4.2315 3.0202 6.5129 9.7121 4.3032 4.7661 3.3114 7.4165 5.1372 5.4496 4.1632 7.1683 4.3783 6.3208 5.6597 7.1683 3.2784 3.3114 3.4940 2.7951 3.9183 3.0722 3.3114 4.0978 3.9183 3.1701 3.4360 3.6196 3.9183 3.9755 4.8150 4.1632 5.6597 3.4940 3.4550 3.4173 3.0459 3.7114 3.7355 2.7557 3.3456 3.6196 4.6269 3.3809 3.8633 2.5035 3.7600 2.4889 2.7951 5.3835 2.7366 4.3403 2.7272 3.0459 5.1372 3.4173 2.8154 2.8900 3.5977 2.8154 3.5343 3.8633 3.5343 3.0992 3.2463 3.9755 2.7557 3.9183 3.3631 2.8573 3.2784 3.4743 3.5762 3.9755 3.7114 4.1632 3.4550 4.0353 3.7114 3.9755 3.2151 6.7176 3.9755 3.4743 3.3114 3.6196 4.6269 3.5343 2.9124 3.3114 1.8017 2.7272 2.4394 4.6269 2.5488 4.6721 4.5399 3.5762 3.9755 3.8107 3.1701 4.0353 3.5762 3.4360 3.1555 2.5883 3.3114 3.2151 3.1130 4.0978 3.6646 4.3783 3.5343 3.4550 4.4571 3.5343 2.7951 5.3835 3.0459 3.1701 2.8900 2.5803 4.8150 3.6646 2.5803 4.7185 3.4360 4.4571 3.7851 4.7185 2.8257 2.8681 2.8052 3.5762 2.4533 2.9011 2.5964 3.5762 4.7185 2.4056 2.1414 2.1515 2.4056 2.1515 2.1616 2.3050 2.1216 1.9938 2.0833 1.2636 0.0000 1.4576 1.5696 1.5588 1.3664 1.7677 1.7413 1.4770 2.2814 2.4056 1.7284 1.6082 2.6129 2.5883 1.9561 2.0374 1.9853 2.2305 1.9279 2.0555 1.6907 2.0601 1.7677 1.8443 1.8966 2.1928 1.8087 2.0197 1.8443 1.5377 2.1070 2.8154 2.7951 2.4463 2.7179 2.6466 2.5184 2.6296 2.5184 2.6727 2.5184 2.4325 2.5964 2.5335 2.3050 2.4190 2.6046 2.9708 2.7752 2.8790 2.8052 2.9354 2.4190 2.8257 2.6996 2.7557 2.8361 3.1270 3.1412 3.0856 3.5762 2.6129 2.7951 3.6196 3.2784 3.8107 5.2569 4.1632 2.9708 3.8633 4.2315 2.6046 2.2034 2.6129 2.2361 2.2699 2.1216 2.5335 2.2585 2.6381 2.5964 2.5184 2.4603 2.6816 2.4463 2.4889 2.9470 3.0202 2.9708 3.3809 3.0202 3.7114 3.0202 3.9183 4.8150 2.6466 3.2463 2.9952 2.9952 2.9589 5.0239 2.9470 3.2784 2.8790 3.0330 7.0501 4.5829 5.6597 3.4940 4.0978 2.7179 3.3284 2.6639 2.9952 2.9470 3.7355 3.0202 3.0459 5.5176 4.9695 2.6996 2.9952 2.7557 2.9589 3.0459 3.8107 2.3291 3.1555 3.4550 2.8361 2.5964 2.8361 2.7752 2.9354 3.2948 2.5184 2.6466 2.9470 3.3456 2.8052 3.1701
154 3.7114 3.3456 3.0992 3.4173 3.7600 7.6817 4.1632 2.8361 3.5762 3.3809 3.4173 3.3456 3.9183 6.5129 5.0239 4.0051 5.2569 3.7355 3.5551 3.2463 3.4550 3.7114 3.9183 3.8107 7.1683 5.4496 3.6646 4.8651 3.3809 5.3193 5.3193 4.0353 4.8150 3.4743 3.0992 4.0978 7.0501 3.1555 4.9166 3.9183 5.8103 3.4173 3.5762 3.0722 3.4940 3.3809 3.8905 3.0992 3.0202 3.3809 3.5977 2.6212 3.4940 2.4325 3.0722 3.6196 3.1412 3.4550 3.1270 2.8681 3.4173 2.7272 3.2784 4.0353 3.4173 3.5551 2.8573 3.3114 3.7114 3.0992 3.7114 3.6419 3.1555 3.1999 3.0589 4.3032 4.6269 3.7600 3.3989 3.5551 4.1970 4.1970 3.5762 3.0722 3.9755 3.3989 3.0076 5.2569 3.8905 3.8107 2.9708 3.8367 3.1555 4.0978 2.7752 3.0459 3.6196 3.2151 2.9952 3.1999 3.8633 4.3783 3.4940 3.5762 3.0589 3.3809 3.2948 3.4173 2.8257 3.0202 2.3794 2.0374 1.9685 3.7114 3.3809 3.2151 3.5762 3.4550 3.8367 3.2784 3.3114 4.5399 3.3114 3.8107 3.7114 3.7600 3.9755 4.9166 3.9183 3.1701 4.3032 3.4550 3.9183 4.9166 6.1401 5.2569 3.2948 2.4190 5.6597 3.7600 6.1401 4.0978 2.5964 2.6296 2.8573 2.9708 2.8361 2.4673 2.6129 2.3924 2.9011 2.6996 1.3928 1.4576 0.0000 1.1889 1.3928 1.3239 1.5429 1.5273 1.3751 2.6296 2.7752 2.1119 2.4603 2.6639 2.4962 2.0555 2.1515 2.3170 2.4745 1.8157 2.1216 1.6937 1.9769 2.0464 1.7031 1.6195 1.6339 1.9319 2.0023 1.5642 1.7478 2.1515 4.9695 2.4745 2.7461 3.8905 3.0722 3.2151 3.2463 2.8361 2.2642 2.6996 2.9470 3.1130 3.1701 2.6816 3.1270 3.2463 2.7557 3.5762 3.2151 3.3456 3.3114 2.7752 2.5803 2.9354 2.1515 2.4673 2.6996 2.9952 3.0202 3.4173 3.5762 2.2250 3.6196 3.6646 3.9183 3.6646 2.8900 3.2306 3.3456 2.5803 3.0722 2.3291 1.9938 2.0285 2.5488 2.3666 2.9470 2.6046 1.9685 2.4603 2.6996 2.5964 3.0459 2.3924 2.2699 3.3809 3.1999 3.6196 3.1270 3.0202 4.4571 3.2784 3.5977 2.7752 3.5762 2.6906 3.3284 2.5644 2.6906 2.4816 2.4962 2.6129 3.9466 5.2569 3.8107 2.7752 4.0353 2.8790 4.4571 2.5644 3.7600 2.8154 2.7179 2.5644 3.9183 2.5723 2.5035 2.9011 2.6996 2.4889 2.6466 2.3602 2.7752 2.5644 2.5964 2.7951 2.6466 2.6381 3.0459 2.6296 2.7179 3.5140 2.7179 2.7179 2.4889 3.4550 3.0722 3.3809 2.6046 2.7461
155 3.2463 3.5343 2.9708 3.1849 3.5551 4.5399 3.1270 3.4173 5.5176 3.9755 3.2463 3.8367 4.9695 5.2569 4.2315 3.9755 5.1372 3.9755 3.3631 2.9952 3.9755 4.9166 3.8367 5.4496 3.9755 3.5762 3.9183 3.3456 3.5977 4.0353 3.9755 3.5343 5.5176 4.3783 3.8633 4.4571 9.7121 6.2291 3.6646 4.0662 3.5762 2.8361 2.8257 3.1270 3.1130 2.9952 3.1701 4.4980 3.3114 2.2699 2.7557 2.1464 2.6816 3.1555 3.0856 2.1119 3.1130 4.2315 3.0722 2.4673 2.6639 3.0459 2.9470 3.6646 2.6552 3.2463 3.0459 3.0992 3.0459 2.6296 3.2784 3.9183 7.4165 3.1412 3.1555 8.9402 3.4173 5.3835 3.1701 3.3284 3.1701 3.0856 4.1632 3.4743 3.3456 4.4172 3.6196 3.4743 5.0798 4.4571 2.7951 3.5762 3.7114 2.5964 2.1875 2.2528 3.7600 2.8361 3.3456 3.8633 2.9708 3.5762 3.6196 2.9238 3.1412 3.6646 4.0662 3.4550 2.6046 2.7366 2.3539 3.1270 2.1823 3.3284 2.8361 2.2814 2.9238 3.4173 4.1632 2.9238 2.8573 2.9589 2.9830 2.9238 2.5964 2.9011 2.7087 2.5964 3.2784 2.7557 3.2948 3.0589 2.7557 3.0202 4.3783 2.9470 3.0722 3.1412 3.2463 2.8681 2.8573 2.9952 2.3291 2.3539 2.3414 2.5803 2.5184 2.3291 2.1265 2.3050 2.1515 2.3539 1.5588 1.5696 1.1889 0.0000 1.3973 1.4223 1.3707 1.6368 1.3239 2.6296 2.3794 2.1823 2.4745 2.0330 2.5803 1.9359 1.9480 2.0739 2.2814 1.7880 1.8739 1.6426 1.9044 2.5035 2.1364 1.7948 1.4246 1.7914 1.9603 1.6663 1.6026 2.4325 2.6381 2.6727 2.8466 3.3809 3.4743 2.6129 3.2784 3.3284 2.2361 2.4463 3.0459 2.9011 3.7600 3.1270 2.8257 3.7600 3.6878 3.3809 3.2151 2.7366 2.6046 2.6552 2.2034 2.3924 2.4257 2.3230 2.5335 3.3631 2.6996 3.9183 2.7179 2.7461 3.0459 2.6129 2.7272 2.5644 2.9470 2.7179 3.3114 2.7557 3.0856 2.6129 1.9359 1.8443 2.0927 2.1119 2.3291 2.2034 1.9521 2.1719 2.7752 2.4190 1.9603 2.2472 2.2585 2.5964 2.4889 2.9952 3.0202 3.9755 4.4571 3.8107 2.8573 3.3989 2.9470 2.9708 3.4173 4.3032 3.1555 3.6646 2.5184 3.0459 3.1555 5.5176 3.8905 3.9466 3.7600 3.2306 3.4940 4.3783 3.2151 4.7661 3.7355 3.3456 3.3809 2.9238 2.6296 2.3794 2.6816 2.5803 2.4190 2.7366 2.5035 2.4325 2.2756 2.5035 2.6816 2.9238 3.3989 2.2250 2.7851 3.5762 2.8681 2.9470 2.2931 2.9354 3.1849 2.8790 2.4056 2.4533
156 2.6129 3.3456 4.0662 2.9238 3.9183 3.5762 4.0978 2.7557 3.4940 3.2151 2.9470 3.3114 3.5140 4.1632 3.8905 3.9183 3.5551 3.9466 3.3456 2.8900 3.0202 3.2151 3.1555 4.7185 3.1270 3.1849 4.2669 3.4173 3.3456 3.8633 3.0459 3.8633 3.5343 4.8150 3.7114 3.7355 5.6597 3.9755 6.6136 3.1555 5.5176 3.1130 3.1849 2.9238 2.8361 3.1412 3.0202 3.1270 3.0722 2.7366 3.3809 2.4190 2.8681 2.3794 3.2784 3.2784 4.4571 3.6646 3.4940 3.9183 3.3114 4.1632 2.9470 2.9011 2.9354 3.4743 3.4550 3.0992 4.0978 2.3666 4.0978 6.3208 3.3456 5.2569 3.1130 4.7661 2.7179 4.0353 2.9124 2.7557 2.9470 2.8681 3.3809 2.9238 2.6552 3.3989 3.5977 3.3631 2.6296 3.7114 3.0992 3.4940 2.9238 2.6296 2.3990 3.4360 4.2315 2.7366 3.0202 2.6816 3.4173 3.3989 3.8633 2.5184 3.4940 4.4980 3.0459 3.4550 1.8157 3.8107 2.4603 3.0992 2.1315 3.4550 3.1849 2.2699 3.8107 3.5762 3.8633 3.2622 3.4173 3.1270 3.6419 3.1270 3.2151 3.3114 3.7600 3.9466 3.1555 3.3809 3.2948 3.8107 3.3456 5.8103 3.3809 4.0978 4.3783 4.2315 4.3783 3.5343 3.6419 3.3114 2.8154 3.4173 2.7752 2.3291 2.3539 2.2250 2.4190 2.4463 2.1928 2.2472 1.6724 1.5588 1.3928 1.3973 0.0000 0.4169 1.3620 1.0338 0.2419 2.8361 2.7366 2.2361 2.0110 2.5488 2.9470 2.5488 2.5035 2.3666 2.5335 1.7610 1.5804 1.5669 1.8814 1.7031 2.2034 1.7744 1.8299 1.8516 1.9044 1.8157 1.6663 2.8361 3.9755 2.5488 3.4940 3.3809 3.0722 2.6816 3.2151 2.8154 2.8573 2.4190 3.0202 2.5723 2.8573 2.6639 2.8154 2.6639 2.9952 2.5335 2.6996 2.7461 2.3666 2.7752 2.7951 2.2585 2.3859 2.4056 2.9238 2.7557 2.6906 3.3114 2.5644 3.1555 3.3114 2.5644 3.3456 2.8790 3.1555 3.3809 3.3456 3.0992 2.6552 2.1216 2.0693 1.8890 1.9161 2.3666 2.6296 2.1216 2.2250 2.3353 2.7366 2.6296 2.5964 2.4745 2.0927 3.2306 2.8361 3.3456 2.4533 2.9470 3.5343 2.9952 3.4550 3.1849 2.2873 3.7851 3.1849 3.0330 3.0589 2.9952 3.4940 2.6466 2.4673 2.9011 3.1555 3.5343 3.2784 3.0459 3.4360 2.6639 3.3456 2.6816 2.6816 2.7179 3.7114 3.1270 2.7366 3.1270 2.8790 3.2784 3.5762 2.6639 2.7179 3.0076 2.6466 2.9708 2.7951 2.7951 2.9952 2.8154 3.3631 2.6296 2.6129 3.0722 3.2784 2.3794 3.0722 3.2151 3.2463 2.5964
157 3.5343 3.2463 3.4550 3.9183 4.1970 11.0955 2.9952 2.8573 7.1683 3.7600 4.1632 4.2669 4.5399 5.5176 3.9755 3.8107 3.9183 5.3835 3.7355 3.1270 3.0076 3.5140 3.3114 3.1130 3.5140 3.2948 4.5399 3.1999 2.8257 4.0978 3.0076 3.6646 3.5343 3.6419 2.7951 3.7600 4.3403 3.6196 4.4571 3.4940 3.5343 3.2784 3.3989 3.2306 3.2784 3.0459 2.7951 3.1555 3.5140 3.1412 4.3032 2.4190 3.8107 2.7951 3.2151 3.9183 2.4533 3.0202 2.9238 2.5259 3.3989 3.1555 2.9708 3.0076 2.9708 3.4940 3.1999 2.7851 3.4173 2.4745 4.2669 5.5176 3.3989 3.7114 2.8573 4.4980 4.1632 3.4173 2.7851 2.7179 2.6552 2.7179 2.9470 2.7366 3.0202 2.8466 3.0076 2.6296 3.1555 4.3032 3.1701 3.4940 3.2622 4.7185 3.6646 4.9695 3.4550 2.7366 3.2151 3.1270 3.3456 3.5551 2.7654 3.3456 4.8150 3.9183 3.5551 3.6196 3.2463 2.7752 3.0459 2.9470 2.1364 3.7114 3.3809 2.7851 4.0978 3.5762 3.4173 3.8633 4.1632 3.4173 3.0722 2.9952 2.0285 3.0722 3.7114 4.4172 3.2306 3.5343 3.6646 3.1849 3.3456 4.0051 4.3783 3.7600 3.5343 2.5644 2.8052 3.1270 3.6646 3.6646 2.3170 3.0722 2.5035 2.8573 2.4056 2.0330 2.4325 2.1771 2.1823 2.2585 1.7284 1.3664 1.3239 1.4223 0.4169 0.0000 1.3406 0.9062 0.4868 2.6296 2.4056 2.1022 1.9359 2.3477 2.4603 2.3794 2.2361 2.3477 2.2814 1.8371 1.9769 1.6604 2.0419 1.8516 2.2585 1.6845 1.8371 2.0110 2.0927 1.7413 1.5535 2.5803 2.9952 3.2463 3.1701 3.4940 3.0076 2.7951 2.6381 2.1022 2.4463 2.5335 2.4745 2.6816 2.3539 2.3291 2.5964 2.2814 2.7557 2.5035 2.3414 2.4190 2.2931 2.9708 2.6381 2.7851 2.6639 2.4889 2.8361 3.1412 2.7366 2.7366 2.7087 2.5723 3.0459 2.4394 3.5977 2.7366 2.5184 2.9952 3.0202 3.1849 3.2306 1.7744 2.2814 1.9685 1.9399 2.0647 2.1875 1.8590 2.2034 2.3414 2.5488 2.5488 2.8361 2.3050 2.3050 2.6727 2.9238 3.7114 3.2784 3.0722 4.0978 3.3989 4.1632 2.6816 2.3924 3.5343 3.3809 3.0330 2.7461 3.1555 3.3631 2.5644 3.2463 3.1849 4.0353 4.5399 3.9183 3.6196 3.4173 3.3456 3.0202 3.0722 2.6296 2.8154 3.5762 2.7951 2.4889 3.3456 2.7752 2.6466 2.2250 2.4463 2.8573 3.0992 3.0722 2.6296 2.4394 2.7461 2.7752 3.0202 3.1849 3.0856 2.7461 3.0589 3.2306 2.3291 2.8790 3.1849 3.4173 2.4394
158 2.6727 3.8107 2.9952 3.7600 3.1999 3.1849 3.3809 2.7366 3.6196 3.6196 3.2151 6.3208 4.8651 3.5551 2.8790 3.8367 2.8790 3.4173 3.3456 3.8107 2.9238 3.2784 3.2784 4.6269 3.3989 3.7114 3.4940 3.0589 4.5399 6.1401 3.7114 3.1270 3.2463 4.0978 2.9708 3.0856 3.8107 3.1849 3.6196 3.0330 3.7114 2.8466 2.5803 2.6816 2.6816 2.8900 2.4962 3.2306 2.6996 2.5335 2.5488 2.4190 2.5566 2.3666 3.8367 2.6296 2.8361 3.2948 3.0992 2.9830 2.7654 2.6906 3.0992 2.9470 2.8790 3.2622 2.9354 3.6646 3.5343 3.8905 2.8900 3.6646 3.2151 4.1632 2.8052 3.6878 3.2463 2.6046 3.5551 3.2622 2.8154 3.9183 4.5829 3.7851 3.3989 4.8150 4.5399 3.0722 3.2463 3.6196 3.4550 3.3809 4.0662 4.2669 3.7600 4.9166 5.8103 2.7557 3.0330 3.5762 3.3631 3.3631 3.3809 3.4940 3.3284 3.3114 3.4173 3.6196 3.0459 2.9708 2.5803 3.0076 2.1464 2.7951 3.6419 3.3809 3.3989 3.5762 4.7185 3.3809 3.4940 3.2784 3.4940 3.0722 3.3114 4.3032 3.8107 3.2151 3.4550 2.7951 3.5343 3.4940 3.7114 4.3783 4.0353 4.5399 2.9708 3.3114 4.4571 4.3032 2.7951 2.7179 2.2361 2.5803 2.2699 2.2142 2.4056 2.3170 2.1315 2.3230 2.2585 2.1515 1.5914 1.7677 1.5429 1.3707 1.3620 1.3406 0.0000 1.5170 1.4018 2.2814 2.7752 2.1364 2.3924 2.4394 2.5644 2.4056 2.3414 2.1315 2.1928 1.6544 1.9853 1.9121 2.1119 2.5964 1.9480 2.2034 2.0927 1.8228 2.2472 2.1022 2.1616 2.8154 3.2151 2.9238 2.7087 3.4743 2.9238 3.2463 4.0978 2.9470 2.7752 2.6466 3.6196 3.4173 3.0992 3.4550 3.5762 3.4940 4.5399 3.9183 3.6196 3.8107 3.0722 3.2784 2.8154 2.6816 2.8361 2.6046 3.2463 2.5964 4.8150 3.2463 3.1555 2.5488 4.3783 3.7600 5.0239 5.5176 3.7355 3.4550 3.4173 3.1270 2.9354 2.2931 2.5644 2.3924 2.5803 2.2034 2.6129 2.3291 2.9354 2.3794 2.7179 2.7179 2.7087 2.6046 2.5035 3.7355 2.9708 2.8790 2.5644 2.6296 2.6466 3.0459 3.4173 3.6419 2.8790 2.7461 3.7355 2.5184 2.9238 3.1412 2.7366 2.9589 3.2622 3.5551 3.5762 3.3809 3.0722 3.1999 2.9708 2.8681 2.9952 2.7752 3.4550 3.4360 4.1301 3.5762 2.4533 2.5335 3.2151 2.6906 2.4122 2.5644 2.8790 2.5109 2.7087 2.8154 3.2784 2.6639 2.4056 3.5762 2.7851 2.8573 2.9470 3.0076 2.6727 2.9952 2.8257 2.6296 2.3170 2.9011
159 3.5140 3.4550 5.0239 5.3835 3.5762 4.5399 4.4571 3.0202 4.1632 3.0722 3.1555 4.6269 5.2569 3.8107 3.9755 4.1632 4.2315 3.7600 4.4172 3.2784 2.9238 2.8681 3.2784 4.1632 4.2315 3.9755 4.3032 4.6269 4.0051 5.3835 3.0722 2.8573 3.4360 3.3809 3.2151 3.2151 5.5176 4.2669 5.6597 3.2151 3.7355 3.4940 3.2948 3.9183 3.3989 3.0202 3.7114 3.1412 2.9952 2.9470 3.6878 3.4173 3.8905 3.2463 3.5140 3.9755 6.5129 4.1301 2.9011 3.3114 4.6269 3.7114 3.3809 4.7661 2.9830 3.3631 3.1270 4.7185 3.4940 2.8361 4.1632 4.1632 3.4173 4.0978 3.1270 4.5829 4.4980 4.3783 7.4165 3.8905 3.3631 10.1407 3.7600 5.2569 3.5343 4.0353 4.1632 4.1632 3.3989 4.3783 4.5399 4.1301 2.9470 4.9695 10.1407 17.1580 5.0239 3.3809 3.0992 5.0798 3.3809 5.6597 2.7557 4.3032 3.6646 4.2315 4.4172 4.5399 2.3170 2.7366 2.9470 3.4550 2.3291 3.4173 4.3032 3.6196 4.1970 4.6269 4.4172 4.2315 5.8103 5.3193 7.9651 3.4550 4.0353 5.6597 5.5176 7.4165 4.6269 5.5176 8.2682 8.2682 5.9702 7.1683 7.1683 7.1683 11.3565 6.9357 7.9651 5.9702 4.3783 5.9702 2.5035 4.3032 3.3809 2.5488 2.9011 2.7951 3.2463 2.9589 2.5488 2.6466 2.0197 1.7413 1.5273 1.6368 1.0338 0.9062 1.5170 0.0000 0.9579 2.2699 2.3050 2.1719 2.3414 2.3859 2.4463 2.7951 2.2361 2.2585 2.4190 1.8371 1.9769 2.0927 1.8627 2.2699 2.1414 1.8299 1.9521 2.1719 2.2814 1.9853 1.7677 2.5184 3.6196 2.7179 3.4743 3.4550 3.6196 3.3456 2.8361 2.6816 2.7951 2.7366 2.8573 2.5035 2.3859 2.7179 2.8681 2.7557 3.5140 3.3114 2.9238 3.1270 2.6639 2.7654 2.4889 2.6212 2.4325 3.0992 2.5644 2.8573 2.3924 3.9183 2.9011 1.8890 4.1632 3.9466 3.8633 3.8633 2.9952 4.7185 5.0239 3.5762 3.1130 2.4889 2.4745 2.0555 2.6046 2.6639 2.3170 2.2931 2.8790 2.9011 2.9952 2.8257 2.6552 3.1849 2.5644 4.1632 4.4172 3.8367 3.1555 4.1632 5.9702 7.1683 4.8651 3.5343 4.5399 5.0239 4.9166 3.0992 2.9952 4.2315 3.3114 3.3456 3.4743 4.0353 7.6817 5.1962 7.4165 4.3032 7.4165 3.5343 3.8633 4.9166 3.2463 3.9755 5.1372 4.0051 3.2622 4.0978 3.3284 2.9952 3.1849 2.4325 2.6381 3.0459 2.8466 2.9238 2.7951 2.9589 2.9354 3.2948 2.8361 3.6196 3.8367 3.3989 2.9354 2.8790 3.1130 3.4360 3.1555 3.0589
160 2.9238 3.2463 2.9589 2.6046 3.4173 4.2315 3.9755 3.4940 3.1555 3.3989 3.6196 3.3989 3.5977 3.1849 3.8633 3.4173 3.2151 3.6646 4.1632 3.0992 2.8573 3.1412 3.0722 3.2622 3.2151 3.6646 4.0051 3.1130 2.8681 3.9755 2.7951 3.5977 3.4173 3.4550 3.5762 5.0798 6.1401 3.7600 4.0978 3.6196 3.7355 2.8681 2.4603 2.6212 2.7752 2.7366 2.7752 3.5140 3.5343 3.1270 3.4173 2.8052 3.4360 3.4360 3.9755 3.1555 3.7600 4.4172 2.7272 3.2306 3.4173 3.3114 3.1999 3.1130 2.6639 2.8466 2.9952 3.1270 3.3456 2.2699 4.6721 4.5399 4.3783 4.2315 2.9354 3.9755 2.9708 3.7355 2.7272 3.5343 2.7557 2.6906 3.3114 2.7272 3.4940 2.9830 3.1555 3.5343 3.1701 3.6196 3.1555 3.8633 2.9238 6.3208 6.4153 2.6996 2.9952 2.8154 3.3456 3.5762 3.6646 2.9011 3.4940 2.9470 4.0978 4.4571 3.6646 3.2151 2.9708 3.2463 2.3291 3.0992 1.8814 4.4172 2.6996 2.9011 3.5140 3.4940 3.7851 3.8633 3.5343 3.3114 3.1849 2.5566 3.3989 2.8573 3.1555 3.6196 3.1849 2.8154 3.1555 3.9183 3.0992 4.9166 4.0978 4.1632 4.0978 3.5977 4.5399 4.3403 3.0992 3.3456 2.9589 3.0722 2.7366 2.4889 2.7179 2.2756 2.2931 2.2142 2.3291 2.1928 1.6082 1.4770 1.3751 1.3239 0.2419 0.4868 1.4018 0.9579 0.0000 2.8154 2.7654 2.1719 2.1515 2.6996 2.8790 2.4889 2.3666 2.4745 2.6727 1.6754 1.6310 1.5429 1.7445 1.8814 2.2416 1.7478 1.7284 1.9521 1.9685 1.7413 1.6253 2.9124 3.1701 3.0856 3.6646 4.5399 3.0856 3.3809 2.8790 2.3990 2.7752 2.4889 2.7951 2.5803 2.9238 2.6996 2.5184 2.6296 2.5488 2.3414 2.4056 2.7951 2.3666 3.5551 2.1464 2.1719 2.2361 2.5259 3.8905 2.7179 2.8466 3.2463 2.3170 2.4463 3.0992 2.5644 3.1849 3.1270 3.2151 2.7752 3.0722 2.8790 2.8900 1.8814 2.1823 1.8590 1.9359 2.1823 2.4190 2.0023 2.2585 2.1414 3.0459 2.3730 2.5411 2.5109 2.1315 2.8790 2.7179 3.0992 2.8154 3.1270 3.4173 3.0722 3.8107 2.8573 2.4056 4.0051 3.1555 3.3456 3.0856 2.6639 2.7951 2.7951 2.3050 2.8573 3.3989 3.0722 3.4550 2.7087 3.1555 2.5109 2.9952 2.5883 2.8257 2.3414 3.1849 2.9470 2.5803 3.9183 3.1555 3.1849 2.9470 2.4056 2.8361 2.6129 2.9124 2.8361 3.6196 2.7557 2.7951 3.5977 3.2622 3.1270 3.0459 2.7179 2.5964 2.7752 3.7355 3.6646 2.7557 3.6646
161 2.5803 2.6129 2.3539 2.6129 2.9011 2.9470 2.8154 2.6129 3.0722 2.6466 3.0992 2.6466 2.8154 3.0992 3.0992 2.8466 3.5551 2.9708 2.8154 2.7951 3.0722 3.1849 3.2151 3.0076 2.7951 3.2151 3.0992 2.8790 3.3631 3.1999 2.9952 2.6296 3.0330 3.5762 2.9354 2.6727 2.7654 2.7179 3.3114 3.5343 3.1701 2.6129 3.4550 2.7951 2.9952 3.5343 2.8361 3.1130 2.7752 3.5762 3.1555 1.9980 3.5551 3.2151 3.1849 3.5762 2.8361 3.5343 2.7272 3.0856 2.7179 2.7179 2.9011 3.3809 3.2622 3.0589 3.0992 3.0202 3.9183 3.5343 2.6129 2.8361 2.6129 2.9708 2.6996 2.6046 2.6466 3.2463 2.6727 2.7951 2.2931 3.2151 3.1270 2.6296 2.6639 3.9755 4.0353 2.6639 2.4325 2.6906 3.7600 2.5488 3.0992 2.6296 2.9830 2.4962 3.4173 2.6639 2.7557 3.4360 3.0589 2.7272 2.9470 3.0076 3.3114 2.9952 3.1849 2.8154 3.4940 4.0353 3.2784 2.7179 3.2784 4.0353 3.2784 2.9238 3.7600 3.3456 3.4940 3.1849 2.4463 2.6816 2.7461 2.5883 2.7851 3.4940 3.2463 2.7752 2.7179 2.7461 3.0992 2.9589 2.7179 2.4325 3.3456 2.8790 2.7179 2.7179 2.6129 2.7557 2.7366 3.4360 1.2953 1.5859 1.2406 1.5018 1.5119 1.4721 1.4918 1.5068 1.4819 1.5119 3.0722 2.2814 2.6296 2.6296 2.8361 2.6296 2.2814 2.2699 2.8154 0.0000 0.8397 0.7708 0.9115 0.8034 0.7504 0.8572 0.6793 0.7504 0.9778 2.3794 2.1719 2.4190 2.2699 2.8361 2.5644 3.2784 2.2250 2.7179 2.7557 2.3170 2.1719 1.3928 1.8928 1.7811 1.5429 1.6999 1.5482 1.4339 3.5551 2.9952 2.7272 2.7557 3.2463 3.7600 3.2463 3.9183 2.8790 3.6196 3.7114 3.7600 3.2306 3.1270 2.6639 2.3730 2.1364 2.9708 2.3353 3.3809 2.4962 2.8052 3.1412 3.9183 4.1301 2.2361 2.7951 2.8361 2.9952 3.1849 3.3114 2.5644 2.6816 2.8154 3.2463 2.1414 2.3170 2.0110 2.1216 2.2585 2.1928 2.0285 2.1616 2.3291 2.3924 2.2528 2.6381 2.5488 1.8371 2.9238 2.8790 2.6639 3.0076 2.8052 2.6466 3.0459 3.2306 2.7752 2.7654 2.5035 2.8573 2.6296 2.8790 2.4463 2.6129 3.1130 2.4056 2.9708 3.9755 2.9952 2.9708 3.6878 3.0589 2.6296 2.7557 2.7951 3.2784 2.8466 3.5977 2.4816 3.1849 2.5184 2.6046 2.5411 3.0992 2.7951 2.8154 3.1555 2.6296 2.6381 2.6296 2.7366 2.9354 3.1999 3.0459 3.1701 2.5184 2.7851 3.7600 3.0992 2.6639 3.1270 2.5644 2.6996
162 2.4463 2.7179 2.0241 2.3539 2.5883 3.4173 2.6816 2.2814 3.2784 2.4056 2.4889 2.3666 2.5035 2.4745 2.9470 3.4550 3.1849 2.5964 2.6296 2.4190 2.4325 2.4056 2.8361 2.8154 2.6296 2.7179 2.7951 3.0589 2.7752 2.9124 2.3170 2.8681 3.0992 3.1849 2.5803 3.0330 2.9470 2.6129 2.5184 2.8790 2.8052 2.8361 2.5035 3.1270 2.7654 3.6878 3.1130 2.8573 3.5762 3.4173 3.0722 2.8154 3.3456 2.9011 2.8361 3.1270 3.0330 3.6196 2.8361 4.0978 2.5964 2.9708 2.6212 3.1849 2.9011 2.7366 2.9011 2.7951 2.6296 3.0722 2.6466 2.5803 2.7752 2.6466 2.0833 2.5964 2.9011 2.5883 2.9011 3.0202 2.4463 2.6996 2.9952 2.9011 3.0459 3.3809 3.5762 2.8573 2.6639 2.6639 2.8361 2.4889 3.1849 2.6296 2.5803 2.4463 2.6129 2.9589 2.6466 2.9238 3.0202 2.9011 2.6996 2.2699 2.5964 2.4325 3.0992 2.7557 3.1555 2.9011 2.8361 2.9011 2.8790 3.8633 3.1555 2.6906 4.0353 2.7179 2.5109 2.5488 2.2931 2.4889 2.8573 2.4190 2.7851 2.7272 2.7272 3.0722 2.3291 2.3539 2.6296 2.5184 2.4603 2.7366 2.8681 2.8466 2.7179 2.9470 2.7087 2.3794 3.2463 2.5184 1.2873 1.7093 1.4745 1.4433 1.5018 1.3406 1.4868 1.4200 1.3239 1.3620 2.5035 2.4056 2.7752 2.3794 2.7366 2.4056 2.7752 2.3050 2.7654 0.8397 0.0000 0.8749 0.9168 0.8826 0.7239 0.8852 0.8852 0.8522 1.1264 2.8154 2.7179 2.4463 3.1999 2.1719 2.3539 3.1555 3.3456 3.2463 3.1270 3.2463 2.1070 1.3281 2.1414 1.6368 1.6845 1.6368 1.6082 1.4673 3.0202 2.7179 2.4190 2.1022 2.7951 2.7752 2.9238 2.8573 2.6816 3.3114 3.2784 2.4889 2.4745 2.7752 2.3794 2.0927 2.3794 2.3291 2.2642 2.3666 2.1515 1.9895 1.9853 2.6466 2.3794 2.2931 2.5035 2.4745 2.8154 2.6639 2.5488 2.9238 2.7087 2.3414 2.3230 1.8890 1.8299 1.8814 1.9044 1.9769 1.8516 1.6845 1.9121 1.7413 2.2142 2.3050 2.6466 2.2472 1.7348 2.4816 2.6129 2.5184 2.4190 2.6129 2.7951 2.5883 3.4173 2.4673 2.5335 2.6996 2.3414 2.5035 2.6296 2.6727 2.2142 2.7951 2.0285 3.0330 3.5762 3.0722 3.2463 2.6129 4.3783 2.7179 2.3539 2.7951 2.6296 2.4257 2.8573 3.1130 2.9124 3.4940 2.4889 2.7557 3.0202 2.8790 3.5762 2.7951 2.9470 2.7951 3.1555 3.4173 2.6296 2.8573 2.7366 3.4743 2.9238 2.5411 2.9470 2.5411 2.5335 3.2463 2.3291 2.5335
163 2.4056 2.3794 1.8852 2.1216 2.7951 2.8573 2.5335 2.6466 2.3291 2.9952 2.6296 2.3414 2.8154 2.6296 2.6129 2.7557 2.5803 2.4745 2.5644 2.9470 2.7461 2.8361 2.6296 2.6552 2.4745 2.3990 2.4673 2.8790 2.5335 2.7752 2.2990 2.9470 3.0459 2.8052 2.6816 3.2151 2.7851 2.5335 2.6466 2.6296 2.1315 2.6727 2.3414 2.6296 2.5184 2.9238 2.5411 3.2151 3.1849 4.0978 2.7087 3.6878 3.2784 3.2151 3.5762 3.4550 3.9755 3.3284 3.4173 3.0992 2.2699 2.7179 2.4889 2.8154 2.9011 2.6466 2.6816 2.4190 2.5335 3.1555 2.4603 2.6129 2.6727 2.4889 2.5488 2.5644 2.7179 2.4533 2.5566 2.3414 2.4190 2.0693 2.3291 2.4673 2.6129 2.5964 2.4889 2.3666 2.3602 2.5335 2.7366 2.5488 2.5335 2.7752 2.6639 2.1719 2.4463 2.7179 2.6296 3.2784 3.2151 2.8154 2.5335 2.3539 2.4889 2.4463 2.8573 2.4190 2.7557 3.1701 3.1701 2.8790 3.0992 3.2151 3.4173 3.3114 3.0992 3.0459 2.7951 2.3291 2.4325 2.9238 2.6552 2.8154 2.8361 2.8361 3.1849 2.3414 2.4603 2.3170 2.4325 2.6296 2.6996 2.9124 2.6639 3.0722 2.8361 2.9011 2.6466 2.7272 2.9708 2.6816 1.2559 1.3620 1.1817 1.2482 1.3449 1.3577 1.3839 1.2833 1.2406 1.3301 2.2250 1.7284 2.1119 2.1823 2.2361 2.1022 2.1364 2.1719 2.1719 0.7708 0.8749 0.0000 0.6710 0.9142 0.7239 0.5533 0.7594 0.2629 0.8226 2.4745 2.0833 2.2814 2.1981 1.9685 3.0076 2.5964 2.3924 2.4190 2.4603 2.2034 1.7413 1.2218 1.7710 1.3534 1.2793 1.4293 1.1997 1.2754 2.5335 2.2585 2.4325 2.6552 2.8154 3.0076 2.5803 2.7752 2.7366 2.5803 2.9708 2.9011 2.9470 2.8790 2.4257 2.5109 2.9238 3.0856 3.3809 3.3456 2.8681 2.9952 3.3809 3.0722 2.9589 3.0459 2.7272 2.9952 2.9708 4.4571 3.4550 3.0992 3.0459 2.7179 3.2463 2.0555 1.7610 2.1515 2.0833 2.1119 2.0023 2.0739 1.8443 1.9439 2.0927 2.2361 2.3666 2.2472 1.6485 2.6296 2.2472 2.4603 2.4745 2.4745 2.5803 3.1555 3.6196 2.5964 2.8361 2.5964 2.9124 3.3114 2.8052 2.7752 2.9011 2.2931 2.8573 3.1555 4.6269 2.9708 3.9183 3.8107 3.2784 2.3170 2.4745 2.3794 2.7951 2.3414 3.0722 2.5335 3.3114 2.6046 2.7752 2.4056 2.8361 3.6646 3.1555 2.5488 2.3666 2.6296 2.8361 3.4743 2.8154 2.9952 2.8361 2.6996 2.5184 2.9238 2.7366 2.4463 2.5883 2.8790 2.1928 2.5035
164 2.4603 2.5488 2.3990 2.6296 2.6639 3.3456 2.6296 2.4463 3.0202 2.6639 2.7557 2.5259 2.6816 2.7366 3.5140 3.2784 3.3809 2.9470 2.4745 2.8257 3.2622 2.4056 3.1270 2.9238 2.7461 2.7557 3.0459 3.1849 2.6816 2.8154 2.5488 2.7179 2.8257 3.1999 2.5644 2.8154 2.7654 2.8154 3.2463 3.0992 2.4673 3.1130 2.7179 2.9238 3.2151 3.0722 3.0992 3.0722 4.3032 2.5644 2.6296 2.8573 5.6597 3.7114 3.2151 3.6196 3.9755 5.0239 2.7752 3.1270 2.5488 2.7179 2.7557 3.3114 2.8790 3.2784 3.0992 2.8573 3.0856 2.2585 2.4603 3.0722 2.4325 2.6381 2.3666 2.3170 2.8900 2.2814 2.6816 2.3794 2.4816 2.4603 2.8573 2.7951 2.7654 2.7654 2.8154 2.6381 2.6466 2.7366 2.7366 2.7179 2.4889 2.9238 2.4745 2.5035 2.3924 2.9238 2.6727 3.0722 4.3783 2.4603 2.6466 2.9952 3.0992 3.1555 3.0459 2.7087 3.0722 3.2463 2.7461 3.1849 2.2814 3.9755 3.7114 3.8905 2.8790 2.9952 2.6727 2.7179 3.0202 3.0589 3.4550 3.0330 3.1270 3.9183 3.2784 3.7114 2.9238 2.6996 2.9238 3.7600 3.3809 3.1270 3.4550 3.3456 3.9183 3.4173 3.0459 3.2784 3.0459 3.3114 1.3928 1.3449 1.3115 1.3156 1.3115 1.1889 1.2993 1.2793 1.2675 1.1889 2.5803 1.6082 2.4603 2.4745 2.0110 1.9359 2.3924 2.3414 2.1515 0.9115 0.9168 0.6710 0.0000 0.9951 0.8622 0.6074 0.7504 0.6506 0.8011 3.0459 2.2034 2.4463 2.4533 2.0786 5.9702 3.2463 2.2814 2.6996 2.5335 2.4325 1.7348 1.2144 1.7093 1.4576 1.4433 1.4154 1.3664 1.3795 2.3050 2.4463 2.1216 2.5184 2.8573 3.4550 2.5335 2.2931 2.4603 2.8361 2.7951 2.6466 2.5035 2.6046 2.3794 2.6466 2.7179 2.3170 3.1555 2.6996 2.3990 2.4257 2.8573 2.6552 3.1555 2.8573 2.7179 2.7654 2.9708 2.6296 2.5644 2.4325 2.6296 2.6129 2.6816 2.0330 2.1771 2.0739 2.0739 1.8814 1.6426 1.8590 2.0555 1.8814 2.1216 2.0110 2.1315 2.2142 1.8228 2.8154 2.6816 2.7087 2.7366 2.9238 2.2931 2.5035 3.1130 2.2142 2.5335 2.2931 2.5184 2.3794 2.6727 2.6816 2.4889 2.3794 2.4056 2.6296 3.4940 2.7557 3.3809 2.2642 2.7951 2.4325 2.4394 2.5644 2.2034 2.2472 2.8361 2.6639 3.1270 2.5644 2.4603 2.9589 3.6196 3.2784 2.5566 3.4173 3.3456 2.8790 2.8681 3.0722 3.1701 2.7461 2.9011 2.8257 2.8154 2.8573 2.6129 2.4463 2.5964 3.3809 3.0722 3.0459
165 2.5644 2.9470 2.4190 2.9011 2.5184 3.7114 2.6046 2.9708 2.6466 2.5411 2.3666 3.1849 2.4603 2.6466 2.9708 2.6129 3.0202 2.8790 2.5335 2.6466 2.8681 2.5803 2.9354 2.7179 2.4816 2.8361 2.8361 3.3631 3.1849 3.4360 2.7272 2.4673 3.6646 3.3456 2.4463 2.7851 3.0722 2.7461 2.8257 2.7557 2.6296 2.6552 2.7087 2.5964 2.6296 2.8257 2.6046 3.1412 2.9238 3.1999 3.2784 2.2990 4.0978 3.1270 3.1270 3.2306 3.5551 3.0459 3.4940 3.9466 2.5335 2.5964 3.1412 2.8361 2.6212 2.5803 2.4816 2.5883 3.4743 2.9011 3.3456 3.6196 2.7752 3.0722 2.5964 2.9011 3.6196 3.6646 2.5035 2.5035 2.7179 2.9011 3.0722 2.5335 2.8154 4.9166 2.7557 2.6996 2.5335 2.5488 2.8681 3.5762 3.0459 2.9470 3.4550 3.4173 2.5488 2.7179 2.5644 3.4743 2.6816 3.2463 2.6639 2.8361 2.9708 2.4745 3.1849 2.9011 3.0202 2.9011 2.9470 2.5035 2.0509 4.3783 2.5184 2.8361 3.1555 2.5411 2.6296 2.9238 3.1555 3.0459 2.9011 2.8900 2.9238 3.5551 3.1701 3.1130 3.1555 2.5259 2.7461 3.5140 3.2784 2.6996 3.5343 3.0992 3.1999 3.2463 2.9354 3.1849 3.3989 3.5551 1.1889 1.5273 1.1450 1.3884 1.3534 1.3406 1.5482 1.3449 1.3364 1.3861 2.7951 2.6129 2.6639 2.0330 2.5488 2.3477 2.4394 2.3859 2.6996 0.8034 0.8826 0.9142 0.9951 0.0000 0.8397 0.8957 0.6055 0.9276 1.1853 2.5964 2.5335 2.4056 2.6639 2.4889 3.1270 2.8790 2.5803 2.7557 3.1555 2.6296 2.1265 1.2873 1.8664 1.5970 1.4968 1.6195 1.4968 1.5377 3.9466 3.0992 2.4056 2.5109 3.8633 4.0662 4.3403 3.0722 3.0459 3.7851 3.2463 3.0202 2.6296 3.0992 2.2873 2.6466 2.2699 2.3230 3.0459 3.1270 2.5184 2.3794 2.7179 3.0992 2.6996 2.2142 2.3170 2.5566 2.3990 2.6212 2.4745 2.2931 2.3924 2.5488 2.5644 2.1119 2.2585 2.2472 2.1216 2.0647 2.4394 2.1616 1.9769 1.9603 2.2931 2.0647 2.1719 2.3666 1.8590 3.4550 2.7752 2.9708 3.1555 3.1270 2.7366 2.5644 3.3989 2.5109 2.8573 2.9470 3.1999 3.0856 3.3456 3.0722 2.5803 2.9011 2.8573 3.2463 3.6196 2.9589 3.5977 3.5343 3.5762 3.6646 2.8790 3.4173 3.0992 3.6196 2.8257 2.8154 3.2151 2.7557 2.9952 2.7557 2.6296 3.0076 3.5343 2.7087 2.9354 2.7557 2.7179 3.2784 2.9708 3.6196 3.1270 2.9011 2.6381 2.9011 3.0459 2.6466 2.8154 3.1270 2.5964 2.5964
166 2.5184 2.9952 2.4056 2.2814 2.7752 3.1555 2.9708 2.8361 2.9830 2.4745 2.4745 2.5803 2.4325 2.6996 3.3631 2.7366 3.2622 3.0722 2.5803 2.9011 3.0722 2.9124 3.1701 2.8257 2.8361 2.9708 3.1849 2.9952 3.0992 2.9589 2.5488 2.9011 3.0459 3.1555 2.5964 2.8573 3.4550 2.5184 3.6878 2.9238 2.5109 2.7752 2.7272 2.5184 2.5644 2.6816 2.6996 3.1412 3.2784 3.8633 3.4743 3.3456 5.1372 3.2622 3.0992 4.2315 3.3809 2.7557 2.9952 3.1555 3.1849 2.4190 2.9470 3.0722 2.5723 2.6129 2.9238 2.9011 3.1701 2.7557 2.4889 2.4190 2.4603 2.6129 2.9011 2.7087 2.6296 2.8573 2.6296 2.7366 2.6816 4.0353 3.4940 2.6466 3.0459 3.5343 3.1849 2.5644 3.0459 2.9470 3.2463 2.8900 3.1849 2.6129 2.5488 2.5803 2.8573 2.9708 3.3456 2.7851 3.0202 3.3114 2.6466 2.4816 2.6381 2.5184 2.7951 2.6296 3.0992 2.5035 3.1270 3.2622 3.6646 3.6646 3.1849 3.0330 3.1270 2.9011 2.8573 2.7752 2.8681 3.3284 3.1701 2.8790 3.1555 3.0992 2.7366 3.2463 2.6996 2.9124 3.1999 2.8361 3.1701 2.7752 3.1849 3.0459 3.0992 3.3809 2.7951 3.0202 3.5551 2.8573 1.3074 1.6845 1.4109 1.5119 1.5588 1.5588 1.6138 1.4968 1.5325 1.5696 2.5964 2.5883 2.4962 2.5803 2.9470 2.4603 2.5644 2.4463 2.8790 0.7504 0.7239 0.7239 0.8622 0.8397 0.0000 0.8801 0.6834 0.7870 1.1264 2.5184 2.4889 2.6129 3.2622 2.5109 3.0202 3.4550 2.7179 3.3114 3.4173 2.7366 2.4190 1.4576 2.2088 1.7188 1.6310 1.7478 1.6426 1.5804 2.7087 2.7951 2.4889 2.8154 3.3456 3.6878 3.2151 3.0722 3.3456 4.0978 4.0353 3.2151 3.0459 4.0978 2.6129 2.4673 2.6129 2.6466 2.6381 2.7951 2.9470 2.5964 3.6878 2.9708 2.8681 2.7366 2.6466 2.7179 2.9354 2.9708 2.5184 2.5488 2.4745 2.3414 2.7366 2.2585 2.3794 2.3539 2.2585 2.5644 1.9521 2.5488 2.2585 2.2814 2.0927 2.5035 2.4603 2.3924 2.0197 2.6639 2.3539 3.2151 2.6816 3.3456 2.5964 2.9011 2.7366 2.9238 2.5644 3.0992 3.0202 2.6816 2.8790 3.2151 2.6816 3.3631 2.5803 3.2151 4.0978 2.9708 3.9183 3.5343 3.8107 2.7366 2.4325 2.6906 2.7951 2.5803 3.2784 2.5644 3.1555 2.3666 2.2361 2.8154 3.0992 2.6296 2.8681 3.3456 2.8573 2.7366 2.4889 3.1849 3.1270 2.8257 2.5335 2.9589 2.6816 2.4056 2.7557 2.6466 2.8573 3.0459 3.3809 2.6129
167 2.4603 2.4122 2.2814 2.3539 2.6816 3.2151 2.6296 2.6466 2.8154 3.1849 2.4603 2.3924 2.6996 2.7951 3.3114 2.9011 2.9470 2.9952 2.4962 2.9952 3.1701 2.8790 2.9708 2.6996 2.6129 3.0202 2.8154 3.2151 3.0856 3.0459 2.6552 2.9470 3.3809 2.7654 2.3050 3.0992 2.8681 2.7087 2.8681 2.9470 2.6727 2.9708 2.3291 2.6996 2.6639 3.0722 3.2151 3.3456 2.9470 2.7179 2.3794 2.7951 3.3631 3.8367 3.6196 3.1270 3.9755 3.9755 3.4940 3.0202 2.6296 2.7557 2.7557 3.1849 3.1999 2.4463 2.9589 2.5488 2.5035 2.3539 2.6296 3.0459 2.3924 2.7366 2.6046 2.6727 3.2622 2.3050 2.4962 2.5488 2.3291 2.4816 2.8573 2.4962 3.0076 2.6639 2.8573 2.9238 2.4962 2.9952 2.8790 2.2699 2.5964 3.7114 2.5644 2.0739 2.8573 2.8900 2.8573 2.7851 3.2784 2.5964 2.5335 2.8154 2.6296 2.6639 2.4190 2.6129 3.0459 2.6296 3.5343 2.4325 2.9708 2.9952 3.3114 3.0722 3.0992 3.3114 2.4325 2.4325 3.0856 3.0992 2.7557 2.6639 2.7557 2.9589 2.9011 2.6816 2.6129 2.5259 2.5803 3.0992 2.8466 2.8573 2.7752 3.1270 3.0459 3.1412 3.0722 2.9354 4.0662 2.7179 1.2636 1.3884 1.3301 1.3156 1.4339 1.2714 1.2993 1.2953 1.2675 1.2218 2.3291 1.9561 2.0555 1.9359 2.5488 2.3794 2.4056 2.7951 2.4889 0.8572 0.8852 0.5533 0.6074 0.8957 0.8801 0.0000 0.6689 0.5865 0.7847 3.3631 1.9603 2.1515 2.3924 2.0285 3.1555 2.7951 2.5964 2.7179 3.2151 2.2585 1.8371 1.1853 1.7093 1.3115 1.3364 1.4433 1.2675 1.3491 2.8573 2.4745 2.5964 2.8900 2.7951 2.8573 3.1130 3.0459 2.8154 3.9466 3.7114 3.0992 2.5488 3.1130 2.9354 2.6212 2.6727 3.1270 2.5184 2.6996 3.1130 2.6046 3.0722 2.9952 4.9166 2.7951 2.6996 3.0459 3.0459 3.0589 3.1555 3.3456 2.9952 2.9470 3.0992 2.0023 1.9200 2.1823 1.7744 1.8966 1.9561 1.7610 1.8087 1.6253 2.1414 2.2361 2.2472 2.1119 1.6195 2.9011 2.6639 2.5803 2.4745 3.0076 2.0927 2.5964 3.0202 2.3414 2.3924 2.0927 2.5184 2.5335 2.3050 2.2250 2.2142 2.5184 2.7557 3.0722 4.3783 2.6996 3.0330 2.5964 3.1999 2.6816 2.4463 2.6816 2.2585 2.7179 2.6816 2.4056 2.8900 2.7179 2.6296 3.0202 2.7366 3.1849 3.1130 2.5644 2.3539 2.4190 2.4056 2.9238 2.8154 2.6381 2.7557 2.8790 2.6816 2.7951 2.4056 2.4603 2.6212 2.7461 2.1771 2.4889
168 2.7557 2.6816 2.7179 2.8361 2.6129 3.6196 3.0459 2.7951 2.5488 2.6639 2.3924 2.9011 2.7366 3.3456 2.9124 2.6816 3.4940 2.9470 2.7179 2.9470 3.2784 2.6727 3.0459 3.2151 2.6639 3.0722 2.7179 3.1270 3.0856 2.9708 2.8154 2.3666 2.9354 2.9589 2.2472 2.5488 3.0330 2.7951 3.0076 2.7851 2.9238 2.6996 3.1701 2.9708 3.1270 2.9238 3.0076 2.7557 2.4056 2.6906 2.8790 2.4603 5.0239 3.0992 2.5035 2.9011 3.4550 2.7951 3.0076 2.8154 2.8361 2.9952 3.2784 3.1849 3.3456 2.8900 2.4325 3.1270 3.3284 2.7557 2.8154 2.8154 2.6129 2.6996 2.6046 2.8573 2.8257 3.2463 2.3794 2.5488 2.4056 2.7179 2.9238 2.4257 2.7851 2.7752 3.1555 2.7366 2.4673 2.5035 3.4550 2.4257 2.7366 3.1555 2.9470 2.4394 2.4190 2.7951 2.6996 3.1555 3.1270 3.7600 2.8154 2.8154 3.4550 3.0992 2.8790 2.7752 2.9238 3.0722 2.9124 2.8361 1.8228 3.5762 2.3794 3.1999 3.7114 2.5644 2.4745 2.7752 3.0722 3.2151 2.7272 2.5411 2.9470 3.0459 2.9708 3.3284 3.1270 2.8154 2.9708 3.7600 2.7851 2.9238 4.4571 3.0459 2.6996 2.8573 3.3284 3.2463 3.0076 3.5343 1.4109 1.5273 1.2330 1.3197 1.6310 1.4018 1.4918 1.5068 1.3406 1.4481 2.5964 2.0374 2.1515 1.9480 2.5035 2.2361 2.3414 2.2361 2.3666 0.6793 0.8852 0.7594 0.7504 0.6055 0.6834 0.6689 0.0000 0.7024 0.9864 2.9470 2.2699 2.3050 2.3924 2.4190 2.4122 2.6816 2.6296 2.4463 2.5964 2.1414 2.0555 1.3074 1.8814 1.5804 1.3322 1.5696 1.3577 1.4154 3.0330 2.6639 2.2361 2.8361 3.6646 3.3114 3.6196 3.6196 3.0202 4.3032 3.2151 3.2784 2.8154 3.4940 2.4962 3.3114 2.5109 4.7661 2.3924 3.1555 3.1130 2.6296 4.7185 5.0239 6.7176 2.6996 2.5644 3.1849 2.8573 2.9470 3.3114 2.5488 2.4745 2.7366 3.3284 2.1928 2.2699 2.0464 2.1216 2.2250 2.0464 2.2699 2.0464 2.2142 2.2931 2.2931 2.4325 2.5964 1.9121 2.9470 2.4325 2.6552 3.0992 2.7752 2.8361 2.8790 3.6196 2.9238 2.7752 2.4745 3.0459 2.6296 2.9238 2.9011 2.9589 2.7752 2.9470 3.8107 3.4743 3.1270 3.1849 2.7951 4.4571 3.0202 2.9238 2.8154 2.8466 2.9238 3.5762 2.8573 3.7355 3.2463 2.9238 2.7557 3.2463 2.7951 2.6816 2.8154 2.9952 2.7366 3.1555 2.9238 2.9470 2.7366 3.4173 2.5964 3.2151 2.7366 2.3414 2.9011 2.6296 3.4940 2.6296 2.6381
169 2.1565 3.1849 2.2699 2.2034 2.9011 3.2463 2.5184 2.6212 2.8154 2.9470 2.8790 2.6296 2.8573 2.6296 3.1849 3.1270 3.4940 2.9011 2.6466 2.6466 2.8052 2.5803 2.6727 2.8790 2.4816 2.6381 2.5184 2.5035 2.6552 2.4394 2.4816 2.6046 2.9952 2.6906 2.5035 2.7366 2.9470 2.3539 2.4257 2.5488 2.1875 2.8681 2.5411 2.7087 2.5184 2.9124 2.7366 3.2463 2.6816 4.2669 3.1849 2.3602 3.4743 3.0330 3.5343 2.7752 3.5343 3.7114 3.2948 3.0722 2.2814 2.9708 2.4463 2.5488 2.7179 2.4816 2.7366 2.4603 3.2151 3.0202 2.8573 2.9238 2.5184 2.6996 2.3666 2.6639 2.3730 2.7752 2.3794 2.4745 2.7557 2.5035 2.4190 2.4056 2.6296 2.9238 3.3114 2.8573 2.6466 2.5803 2.6639 3.4173 2.8573 2.9952 4.1632 3.0202 2.6296 2.8361 2.4745 3.3114 3.0992 3.0459 2.8154 2.8361 2.6466 2.6996 3.2463 2.6466 3.1270 3.0202 3.5140 3.1849 3.4550 3.7600 3.4173 3.4550 3.6196 2.7951 3.3456 2.6466 2.3924 3.0992 2.7654 3.1270 2.7951 2.6996 2.9589 2.5184 2.7366 2.3477 2.3730 2.4190 2.6996 2.8466 2.6816 3.2463 2.5184 3.0589 2.5964 3.0459 2.5723 2.7087 1.2714 1.4819 1.2330 1.3620 1.4673 1.2218 1.3239 1.3973 1.2873 1.2559 2.4745 1.9853 2.3170 2.0739 2.3666 2.3477 2.1315 2.2585 2.4745 0.7504 0.8522 0.2629 0.6506 0.9276 0.7870 0.5865 0.7024 0.0000 0.8801 3.1999 2.1719 2.0464 2.1022 2.6296 2.7366 2.9470 2.2305 2.7752 2.6639 2.1928 1.9082 1.2033 1.7511 1.3197 1.3281 1.5429 1.3034 1.3428 2.4889 2.3794 2.3170 2.9124 2.9011 2.8257 2.7951 2.6816 2.9238 3.3284 2.8052 3.4173 2.7951 2.7272 2.3414 2.7951 2.5184 2.8573 3.3284 3.5762 3.4360 2.8790 4.3403 2.9952 4.9166 2.6046 2.6296 2.9011 3.0459 3.1555 3.0202 2.6996 2.7366 2.7179 3.5977 2.1022 1.7811 2.0110 2.0110 1.8299 1.9439 1.6968 1.7093 1.8157 2.0285 2.2361 2.4745 2.2472 1.7948 3.0076 2.6296 2.6639 2.6466 2.7752 2.1515 2.7752 3.0459 2.7752 2.7366 2.5035 2.8466 3.0992 3.0722 2.8573 2.5644 2.7179 2.3170 3.3631 4.3032 3.5343 3.5977 3.7851 3.2948 2.4190 2.8790 2.4122 2.9708 2.5035 2.9952 2.8154 3.5343 2.7752 2.8154 2.5488 2.9470 2.9238 2.7179 2.4056 2.3859 2.5488 2.5109 3.2151 2.5803 2.8900 2.8361 2.6639 2.7557 2.6466 2.4603 2.3924 2.7461 3.0076 2.4325 2.3924
170 2.9830 2.7654 2.6296 2.7366 3.3809 3.2784 2.4745 2.7366 3.1555 3.0202 2.7366 2.4816 2.6296 2.8573 2.5644 3.1270 3.1555 2.6816 2.8361 2.4889 2.6129 2.7179 2.5488 3.2151 2.5411 2.6816 2.4603 3.0992 2.2931 2.7461 2.6906 2.6996 2.4463 3.0202 2.4962 2.9238 2.4056 2.4889 2.8361 2.6727 2.8790 2.7851 2.5566 3.0722 2.8154 3.7355 2.7557 2.8154 2.9952 3.5343 2.9011 3.6878 3.1555 2.6816 3.2151 3.6646 2.9470 2.7179 3.2463 3.2622 2.6296 2.5335 3.0330 2.7557 2.8154 2.6381 3.0202 2.8154 2.5335 2.5335 2.5488 2.7951 2.6816 2.7366 2.7179 2.5883 2.8573 2.4056 2.6296 2.9470 2.9011 2.6727 3.3809 2.4533 2.7461 3.3456 3.5551 3.5343 2.8154 3.5140 2.6996 2.7654 2.6906 3.0856 3.0722 3.3456 2.8790 2.8361 2.7851 2.9952 2.5803 2.7557 2.4056 2.5184 2.5803 2.5803 2.7366 2.1823 2.7179 2.6996 3.0330 3.0722 2.4190 2.7951 3.1412 3.0589 2.5488 2.7752 2.5259 2.1216 2.6996 2.8573 2.5488 2.4816 2.4889 2.5184 2.2873 2.8900 2.3924 2.7366 2.3730 2.7752 2.9124 2.9470 2.6296 2.7087 2.6466 2.8573 2.7557 2.7461 2.9708 2.3230 1.3115 1.5196 1.2107 1.1853 1.2793 1.3281 1.3620 1.3664 1.2833 1.2636 2.7366 2.2305 2.4745 2.2814 2.5335 2.2814 2.1928 2.4190 2.6727 0.9778 1.1264 0.8226 0.8011 1.1853 1.1264 0.7847 0.9864 0.8801 0.0000 2.8790 2.3414 2.4257 2.1216 2.2585 3.5140 2.7951 2.5035 2.5803 2.5803 2.2472 1.5750 1.4293 2.0067 1.6845 1.5859 1.6784 1.5377 1.5273 2.6639 2.1616 2.1928 2.2931 2.2699 2.9354 2.6296 2.1928 2.4745 2.6816 3.3456 2.8361 2.7951 2.5488 2.4889 3.3631 2.8681 2.7654 3.3114 2.5803 2.9354 2.8361 3.3114 2.7087 2.7366 2.8154 2.5803 3.7114 2.4745 2.9124 3.4940 2.5644 2.8154 2.4889 3.1849 1.9769 1.9439 1.7544 1.8299 2.1022 1.7677 1.6968 1.9359 1.8966 2.0975 2.2472 2.1315 2.2699 1.7220 2.5488 2.6816 2.6639 2.4463 2.5335 2.8361 2.8154 3.3809 2.5803 3.1270 2.3477 2.7557 2.3050 2.4745 2.7087 2.5644 2.7752 2.5035 2.8573 3.9466 2.7951 3.4743 2.9011 2.7366 2.6129 3.0722 2.4257 2.4463 2.3539 2.9470 3.1412 2.9011 2.4257 2.3924 2.3291 2.6996 3.0992 2.4190 2.5259 2.5644 2.4889 3.2463 2.6466 2.8361 2.7087 2.4257 2.4962 2.3794 2.5488 2.7366 2.3666 2.5566 2.8790 2.6906 2.5259
171 4.3403 4.1632 3.5551 3.2784 4.3032 3.9183 3.0459 3.6646 3.2622 4.0353 3.6878 3.9755 2.9589 4.9166 4.7185 4.9166 7.6817 3.7851 3.5140 2.7951 3.0992 3.3284 3.0722 3.8107 3.7355 4.3403 4.5399 3.3809 4.5399 3.9183 3.3809 3.5977 3.4940 4.7185 3.3456 3.3631 5.3193 3.3989 3.4743 3.1412 3.6419 3.5977 2.9238 3.1849 2.9011 2.9708 3.3284 3.6419 2.0067 2.6906 2.9011 2.6296 3.7600 2.6906 2.4122 2.8154 3.0589 3.3631 2.7752 4.6721 4.9695 3.4940 2.9011 3.6196 3.5762 3.0992 3.4743 3.8367 3.8633 2.9238 3.6646 2.9830 3.9183 3.1555 2.2142 3.6646 3.2463 3.6196 3.7851 3.4173 2.7366 3.1130 3.7600 4.0662 3.1849 7.6817 3.6646 2.9238 3.4940 3.0202 3.7600 3.2784 3.0459 2.5803 3.3284 2.9470 3.1701 3.1701 7.0501 3.2306 4.1301 6.1401 3.3989 4.6721 3.7600 3.3456 3.9755 4.0353 3.9183 3.6878 3.0722 4.9695 2.6639 3.1270 4.7185 3.8107 3.9183 2.5964 2.6296 2.6639 3.9183 3.7355 2.9589 3.2151 3.4940 3.1555 3.3114 3.3114 3.0992 2.9708 3.1701 3.3114 2.9470 3.9755 4.0978 4.8150 4.7185 2.8154 3.8107 3.4360 3.6419 3.0722 2.6816 2.6727 2.9589 2.5644 2.7752 2.8154 2.8573 2.4745 3.1555 2.5335 1.5804 1.9279 1.8157 1.7880 1.7610 1.8371 1.6544 1.8371 1.6754 2.3794 2.8154 2.4745 3.0459 2.5964 2.5184 3.3631 2.9470 3.1999 2.8790 0.0000 1.5043 1.5170 1.5642 2.1928 2.2034 1.8157 1.6754 1.7413 1.6845 1.5482 1.5750 2.8361 2.9354 3.2306 3.4550 2.6906 3.8633 3.1270 3.7600 3.0722 2.7179 2.6639 3.4173 4.3032 2.7752 2.8900 2.8681 2.6296 3.2784 3.6878 3.3989 3.0992 2.7179 3.0856 2.4745 2.7951 3.0856 3.0722 3.3989 2.5803 3.8905 3.5762 2.6381 2.4463 2.8257 3.1555 3.3631 2.7557 2.8361 2.9952 3.0992 3.6196 3.5343 1.9603 2.3050 2.2361 2.2931 2.3170 2.0833 2.2142 2.5335 2.9238 2.4257 1.9239 2.4673 2.6996 2.3539 3.4743 3.0992 3.1412 3.7851 3.2622 3.2151 4.0978 3.2151 3.5551 3.4173 3.1270 2.6381 2.8790 2.5803 2.7179 2.8681 2.6639 3.3114 3.1555 3.3456 3.3989 3.3809 3.3809 2.9952 3.1849 4.0978 3.8633 2.5964 3.0459 3.8367 3.6196 4.4172 2.7179 4.1632 2.9708 2.9011 2.8466 2.9011 2.3794 2.9238 3.0856 3.3809 2.9708 3.2463 3.1555 3.3989 2.8790 3.0589 3.3114 2.6816 2.6996 3.6646 2.9470 2.5723 3.4173
172 3.6196 3.2151 3.8905 5.0239 5.0239 4.3032 3.9183 3.9755 3.5762 4.8150 4.3783 5.6597 3.8633 4.5399 4.3032 7.2904 4.5399 3.6196 4.4571 4.1632 3.6878 3.8367 3.2306 3.3284 4.0353 3.3114 3.2622 5.4496 3.4940 4.2315 4.2315 4.5399 5.2569 4.4571 4.9695 6.0539 6.5129 3.4940 4.0353 3.2784 3.6196 4.6269 2.9708 3.3456 3.1270 5.2569 3.1130 3.2784 3.4360 3.1999 3.3809 3.4360 2.6906 2.4889 3.1849 2.2931 3.2948 4.2315 3.1849 2.8361 3.1270 3.4173 3.1270 4.0978 4.0353 3.3284 3.1270 3.1555 4.1632 4.3783 4.7185 3.3809 3.8107 3.9755 3.0992 4.3783 3.6646 3.2622 2.6996 3.0459 2.7557 3.1555 3.3809 2.7851 3.4360 3.3809 3.2463 3.1270 5.1962 2.5411 5.6597 7.8210 4.2315 3.8107 4.4571 5.1372 3.9466 3.4940 3.7600 4.8150 5.1962 3.9183 3.5551 3.5140 4.9166 3.0330 2.5035 3.6196 2.4745 4.1632 2.5184 2.6296 2.3794 2.9354 2.4603 2.8573 4.9166 5.2569 3.3809 4.0978 3.2622 3.7600 3.2948 3.0459 3.1555 4.3783 3.4173 5.5176 3.0992 4.2315 3.9755 3.3809 3.7114 6.3208 3.8107 4.6269 3.6646 4.9695 5.0239 3.8633 3.6646 3.4940 2.2873 2.4463 2.8573 2.5803 2.4325 2.4325 2.5488 2.7557 2.7752 2.4745 1.7880 2.0555 2.1216 1.8739 1.5804 1.9769 1.9853 1.9769 1.6310 2.1719 2.7179 2.0833 2.2034 2.5335 2.4889 1.9603 2.2699 2.1719 2.3414 1.5043 0.0000 1.6026 1.4918 1.9200 2.0555 1.5482 1.9044 1.4868 2.1119 1.5351 1.5914 2.2034 2.4325 3.7114 2.9238 3.3809 2.5488 2.6906 4.5829 3.5762 2.6996 3.4550 4.5399 3.5551 4.6269 3.7600 3.3631 3.4173 3.4550 3.5762 3.4940 2.9011 3.3114 4.5399 3.8633 2.7951 3.3284 2.9011 4.4571 4.0662 4.4571 4.3032 3.9183 4.4571 3.4173 3.3809 3.9755 3.0202 4.7185 3.3989 3.6196 4.3032 2.9470 3.0992 1.9769 2.4889 2.4325 2.3414 2.2585 2.4056 2.3170 2.1515 2.9470 3.4173 3.7114 4.0978 2.3050 3.8633 4.6721 3.4940 3.5343 3.4940 4.3032 4.3783 5.3835 3.0856 3.6196 3.3284 4.5399 4.0353 3.3631 3.4173 5.0239 3.0722 3.3284 3.7600 3.8633 3.7114 3.3456 3.1849 4.3032 2.7951 3.3114 3.0722 3.6196 3.4550 3.2948 2.7179 3.1999 3.1270 3.3631 2.6816 3.0202 2.8790 2.6296 2.9011 3.1270 2.7752 4.2669 3.3114 3.2151 3.3809 3.5343 3.5762 2.6639 2.9238 2.7179 2.5488 2.9470 3.1270 2.6129 3.6646
173 3.2151 3.2151 4.2669 3.9183 4.5399 4.9166 3.1412 2.9830 3.8633 3.1849 3.4550 3.8107 2.9952 3.9183 3.9755 5.0239 4.3403 3.8107 3.2784 3.1270 3.0459 3.4173 3.3989 3.5343 3.1555 3.8633 5.1372 4.0353 3.9183 3.9183 2.9238 3.3631 3.8633 3.8107 3.0459 3.1999 5.8103 3.1555 3.9183 3.7355 4.5829 3.5762 3.1412 3.5762 2.9952 3.9183 3.5762 2.1616 2.1265 3.3114 3.1849 2.6296 2.9011 3.7600 3.9183 3.8367 2.7951 2.8361 3.0722 2.8790 3.9183 3.7355 3.7851 3.4173 3.1270 3.9183 4.1632 3.0992 3.5343 3.1849 5.5176 4.3032 2.8573 2.8573 2.7851 3.3989 3.5977 3.4173 2.8573 2.9952 3.3114 2.6466 2.9238 3.0992 3.3809 2.6996 3.7600 3.4940 3.3809 4.3032 3.2151 3.1412 3.0856 2.7366 3.6196 2.9708 2.9589 2.8790 4.7185 3.1849 2.9589 2.8154 2.6996 3.1130 2.8154 2.9952 3.1412 2.9952 3.5140 3.7114 2.1315 2.4056 2.2699 2.7951 2.8361 2.3602 3.8107 4.5399 2.6816 2.6996 3.2151 3.5551 3.4940 3.3114 3.3456 3.7114 3.2463 3.9755 3.0856 3.4173 3.4173 3.6196 3.4743 3.0722 2.9708 3.5762 3.0992 3.4940 2.9354 3.9183 4.8150 3.3631 2.6296 2.2250 3.3114 2.0739 2.5335 2.2585 2.6639 2.3794 2.1216 2.2931 1.7093 1.6907 1.6937 1.6426 1.5669 1.6604 1.9121 2.0927 1.5429 2.4190 2.4463 2.2814 2.4463 2.4056 2.6129 2.1515 2.3050 2.0464 2.4257 1.5170 1.6026 0.0000 1.2833 1.6784 1.8664 1.8776 1.5914 1.5482 2.1022 0.5021 1.1889 2.2142 2.6296 2.7951 2.6996 2.9589 2.5109 2.3794 4.2315 2.6466 3.0722 2.6129 3.5140 5.4496 3.5762 3.0722 3.0202 3.9755 5.3835 2.6639 3.3989 3.8633 3.2463 2.8154 2.9011 3.8107 2.6906 2.7557 2.5488 2.7752 2.5644 3.8633 2.7951 5.1372 3.8633 2.6466 4.0353 3.4173 4.5399 3.8107 3.7851 3.0459 6.8249 2.1928 2.5644 2.6296 2.2142 2.9952 2.8154 2.8154 2.9470 2.6466 2.9238 3.0992 3.4743 2.6816 2.1515 3.0992 4.8150 3.0589 3.3114 3.2622 3.8107 3.3456 4.6269 4.6269 2.5566 3.1270 3.8367 4.6269 3.8367 2.6727 3.2151 4.7185 2.6639 3.8633 6.5129 6.4153 4.0051 3.5762 3.3114 2.6906 4.5399 2.7179 3.7114 2.6727 2.6996 2.4673 3.1555 3.1555 3.3114 3.0589 2.3730 2.5488 2.7179 2.6296 3.2463 3.2151 2.5411 3.2948 2.6046 2.1667 2.4962 2.2931 2.4122 2.8466 2.5184 2.5964 2.4533 2.6816 2.6381 3.2948
174 2.9952 2.8154 3.6196 2.4962 2.6996 3.5977 3.0856 3.5762 3.3284 2.9470 3.1849 3.9183 3.1701 3.0202 3.4743 4.0662 4.3032 2.8573 3.1130 3.0202 3.2784 3.7355 3.4940 3.5762 3.6878 3.8633 3.9755 4.3032 3.7600 3.7600 4.0662 3.1270 3.1849 4.3032 3.8633 4.0353 3.2151 3.3809 2.9354 3.4940 3.1849 3.5343 2.8361 2.8154 4.0978 3.8633 3.3284 4.6269 2.7272 2.9354 2.7951 2.6996 4.8150 3.2948 3.4550 2.6296 3.3114 2.7851 5.3835 3.5977 3.2463 2.9011 4.7185 2.8681 3.2784 3.4360 4.1301 2.7366 3.1849 2.8361 2.9952 2.9952 2.5035 2.5035 2.4190 2.4325 3.0722 3.3456 3.2151 3.2306 3.1270 3.1849 3.1555 3.2948 3.3809 3.0459 3.8107 2.7366 4.4571 4.1632 2.8573 3.0722 2.9011 2.6816 2.8154 2.7272 2.7951 3.4550 3.1849 3.4940 3.6196 3.1849 3.7600 2.3924 3.2463 2.9470 3.2151 3.2948 2.5964 4.6721 2.9011 2.6639 2.4889 4.8150 2.6639 2.4190 3.5762 4.3783 3.4940 2.9952 3.1555 2.9124 3.0722 2.7951 3.2463 3.0202 2.5644 3.1555 2.5723 2.7752 3.0330 2.9708 3.0459 2.9470 2.5803 2.8790 2.8154 2.8573 3.2151 2.6639 3.0992 2.7951 2.8790 2.7179 2.5964 2.3050 2.4056 2.4190 2.6296 2.6466 2.2699 2.2142 2.0285 2.0601 1.9769 1.9044 1.8814 2.0419 2.1119 1.8627 1.7445 2.2699 3.1999 2.1981 2.4533 2.6639 3.2622 2.3924 2.3924 2.1022 2.1216 1.5642 1.4918 1.2833 0.0000 1.6026 1.8017 1.8590 1.4624 1.7478 1.9161 1.3197 1.2218 2.8790 2.5259 3.1849 3.3809 4.3032 2.9708 3.4173 2.7366 2.5259 2.7179 2.6639 3.2151 2.8361 3.0202 2.3990 2.7951 2.8573 3.8107 2.9708 2.9011 2.7951 2.5803 2.6552 2.7179 2.8361 2.7752 2.7366 3.1555 2.8052 3.4940 4.6269 3.9183 2.5644 3.5762 3.8107 3.5343 3.3456 3.6646 2.9011 2.9011 2.9011 3.9183 3.0202 2.3794 2.3414 2.1616 2.7951 2.2142 2.2250 2.4463 2.7752 3.0330 2.7851 3.3809 4.2315 2.3794 3.0992 2.9708 3.1849 3.2463 3.4173 2.8790 4.1301 6.8249 4.4172 4.0353 3.1270 3.5551 4.2315 4.7185 3.9755 3.6646 3.6419 3.6646 4.5399 4.4571 3.4550 3.6878 2.8154 3.1849 2.9238 3.0076 2.6296 3.5343 3.0992 2.9708 2.9708 3.7851 3.1999 2.6466 3.2622 3.0459 3.0589 2.8573 2.9011 2.8790 3.8633 3.3989 3.7600 4.4571 3.0076 3.7114 2.7366 4.6721 3.6196 3.1849 3.2948 4.2669 3.7114 2.7951 3.7114
175 3.7851 3.6646 2.6816 3.0459 3.6878 3.6646 2.9952 3.3456 3.4940 3.3456 2.9354 3.6419 215.8902 3.5140 4.1632 3.8633 3.1701 3.3809 2.8790 3.1130 3.1849 3.3989 3.8107 3.5343 3.8633 3.6646 3.8905 4.5829 3.7600 4.1970 3.5343 3.1130 2.7951 3.5762 2.7654 4.2315 3.7851 3.9755 3.0992 3.4743 5.3193 4.3032 3.3809 3.8107 3.9466 5.3193 4.3783 3.5140 3.0992 3.2463 3.4173 3.6196 3.9755 3.5551 3.9183 2.7951 2.7366 3.3456 2.8154 3.0992 3.8905 3.7114 3.4173 4.5399 4.2669 3.8633 3.2784 3.5343 4.2315 2.9589 4.1632 3.9755 3.1270 3.9466 5.0798 4.0662 4.3403 4.7185 2.7557 3.7114 2.7951 3.2151 3.3284 3.0459 3.2948 2.6639 3.0330 3.0589 3.9183 3.3114 3.9466 3.5762 3.5762 3.9466 3.7600 2.8790 3.7851 3.0202 3.9755 3.8633 3.4940 2.7557 2.5723 3.0992 3.3284 4.4571 2.7461 2.9124 4.4571 4.1301 4.0051 3.0202 3.0722 4.0051 4.0051 3.6878 4.2669 5.5176 3.1849 2.4056 3.3631 3.5977 4.6269 2.9238 3.7114 3.3456 3.1270 3.3284 2.8900 4.0978 3.4940 2.9830 3.2948 3.3631 3.5762 3.6646 3.1270 4.1301 3.4743 4.2669 5.1372 3.0459 2.7557 2.8790 2.6466 2.5803 2.7752 2.6296 3.1270 2.5488 2.4463 2.2361 2.3539 1.7677 2.0464 2.5035 1.7031 1.8516 2.5964 2.2699 1.8814 2.8361 2.1719 1.9685 2.0786 2.4889 2.5109 2.0285 2.4190 2.6296 2.2585 2.1928 1.9200 1.6784 1.6026 0.0000 2.3109 2.0197 2.3170 2.0464 2.6639 1.9359 1.6054 2.5035 3.4550 2.2142 2.6466 2.8573 2.2931 2.6296 3.4550 2.5644 3.5551 2.5184 2.8466 3.1412 3.2463 2.6129 2.9470 3.0459 4.4980 2.8052 3.1270 3.0202 3.0589 2.7179 2.8257 2.3353 2.2990 3.0992 2.8466 2.5803 2.4056 3.3631 2.4816 2.9952 3.2784 3.1270 3.2463 4.2315 4.0353 3.0202 3.3456 3.3809 2.5566 2.8361 2.7179 2.4056 2.4056 2.1719 2.7557 2.5644 2.3539 2.5035 3.4940 4.0051 4.2669 3.9755 3.8107 3.7600 3.3114 6.5129 3.9466 4.4571 2.8154 2.9952 3.4940 3.2463 4.0978 2.9011 2.6212 3.0722 2.6816 3.0330 2.9708 3.3284 2.5644 3.1412 4.0978 4.6269 4.4172 3.3114 3.2948 2.5335 2.5644 2.5035 2.9830 3.0202 3.3989 2.8681 2.9830 3.8633 3.6646 3.3989 3.3456 2.9830 2.9830 3.1412 5.0239 3.9466 2.9830 3.2306 3.7600 3.0202 3.4550 3.1849 4.4980 4.7661 2.9238 2.8900 4.1632 3.5977 3.3114 3.4743
176 215.8902 215.8902 3.8905 4.5829 2.5883 3.0202 2.0285 2.4889 2.4603 3.6646 215.8902 3.9755 215.8902 2.5644 2.5488 2.3539 6.6136 3.0722 2.6552 7.4165 2.5883 2.7951 2.5803 3.5762 3.9755 3.4173 2.8154 6.7176 3.1849 3.3809 4.6721 2.5488 2.7087 3.3114 2.4190 3.0856 215.8902 3.1555 7.0501 2.6996 2.9589 3.3631 2.3602 2.6296 2.8257 3.1849 3.0459 4.1632 3.1270 3.8367 3.6646 3.2784 2.7179 3.0722 2.9354 3.1701 3.2463 3.3114 4.0662 4.4571 2.2142 2.3924 2.5035 2.6296 2.4257 2.7557 2.1119 2.4190 2.5803 2.2250 2.5488 2.3050 2.6212 1.9938 215.8902 2.6466 3.9755 4.1632 3.0722 2.4190 3.2622 2.9589 3.3456 4.9695 3.3456 4.3403 4.0353 2.5184 9.5089 3.4940 3.4360 215.8902 215.8902 2.1022 2.2361 2.7179 2.9470 2.5035 2.0555 4.7185 4.3403 4.6269 4.0353 2.4056 2.8573 3.8107 2.7179 3.8633 2.4673 2.3291 2.1119 2.3230 2.5644 2.5566 2.1216 1.9121 2.9011 3.7600 2.9470 3.0202 2.9708 2.8154 2.7557 2.9708 2.3924 3.5343 3.7600 3.1849 2.6129 2.4673 3.5762 2.9238 3.1999 2.5184 3.0992 3.0459 2.5335 2.5411 2.4463 2.9238 2.8573 2.2814 3.2306 4.0978 2.9952 4.3032 5.3193 2.8361 4.4172 3.0459 4.2669 2.5803 1.6426 1.8443 1.7031 2.1364 2.2034 2.2585 1.9480 2.1414 2.2416 2.5644 2.3539 3.0076 5.9702 3.1270 3.0202 3.1555 2.4122 2.7366 3.5140 2.2034 2.0555 1.8664 1.8017 2.3109 0.0000 2.2814 2.4603 2.0110 1.9938 1.8664 1.8590 2.4325 2.7366 2.7366 4.1632 2.0110 4.6269 5.8103 2.1515 2.3291 2.7851 1.8814 2.5488 2.2034 2.6466 2.7557 2.1414 2.4603 2.4463 1.9685 2.2699 2.5644 2.6296 3.0856 2.2814 2.5184 2.4962 2.4745 2.8790 2.2088 3.0459 2.4463 2.8154 2.7179 3.9183 4.8150 3.5762 2.6552 2.5566 5.4496 4.2315 2.4257 3.1130 1.9319 2.3170 1.7677 2.0739 2.1119 2.1616 2.1119 2.2305 2.2361 4.0353 2.9708 2.4745 2.8681 2.6727 3.0992 3.4743 2.6996 2.6996 2.6466 2.6381 3.3989 3.4550 4.6269 2.9354 2.5035 4.7185 6.0539 2.9708 2.4533 3.0856 2.6129 3.9466 16.6842 3.2151 3.3631 4.2669 2.7272 3.3631 2.9708 6.0539 2.9830 3.7114 3.2151 2.6046 2.6046 2.3539 2.6639 2.2642 2.3414 2.4816 2.8257 2.3666 2.5964 2.5488 2.0833 2.1771 2.2472 2.8681 3.5140 3.0202 2.7179 4.5399 3.3989 2.4394 2.6129 3.4940 1.8664 2.2642 2.3170
177 3.9755 3.0856 3.5762 3.2784 4.3783 5.5176 4.1632 5.5176 4.1301 4.3783 5.1962 3.2151 3.8107 3.5343 4.1301 4.0353 4.0978 3.3989 4.7185 3.2784 2.9238 3.4940 3.3284 3.4173 3.3809 3.7851 3.2784 3.8633 2.9708 4.3032 3.3456 3.4940 3.1555 3.4550 2.9238 3.9466 3.1270 3.2784 3.5977 3.3631 3.3989 3.6196 2.5335 3.2784 3.7600 3.2948 4.0978 2.6816 2.5184 3.0330 2.6466 2.7087 2.8790 2.5964 2.5883 3.2948 2.6466 2.8361 3.0330 2.7557 3.4743 2.8052 2.4745 3.8107 2.9238 2.9708 3.6196 2.9238 3.8905 2.7951 3.4173 2.5184 3.1999 4.5829 3.1412 3.2622 4.3403 3.0722 3.2948 3.5140 4.3032 3.5140 3.4940 3.4360 4.3783 3.3989 4.0662 3.4173 4.4571 3.3631 3.0459 3.0330 3.1555 4.1632 2.6466 3.8107 3.1849 2.8154 2.9952 2.9238 4.0978 4.0353 3.3456 3.3631 2.8790 3.1555 2.8154 3.0589 3.4550 3.0459 2.6996 3.0722 3.2463 3.0992 3.7600 3.0992 3.0722 3.2463 3.5140 2.6906 2.9238 2.8573 3.4743 4.1632 3.3456 4.6269 3.8107 3.6196 3.9755 4.1632 3.0722 3.3809 3.9755 2.5644 3.3456 3.3456 3.4173 2.3170 2.5488 3.4550 3.6878 4.7185 2.6639 2.2931 2.7557 2.9952 2.7557 2.4463 2.7179 2.5964 2.5488 2.5035 1.7284 1.8966 1.6195 1.7948 1.7744 1.6845 2.2034 1.8299 1.7478 3.2784 3.1555 2.5964 3.2463 2.8790 3.4550 2.7951 2.6816 2.9470 2.7951 1.8157 1.5482 1.8776 1.8590 2.0197 2.2814 0.0000 1.7914 1.8516 1.9082 1.6663 1.6310 3.0992 3.5762 2.9470 2.9238 2.8052 2.7951 2.8154 2.9238 2.4603 3.0459 2.4463 2.4190 2.9470 2.5883 2.6296 3.0202 2.7752 3.0459 3.0202 2.9470 2.8681 2.5883 2.3794 2.7366 2.0739 2.6639 2.4673 2.5184 2.2873 2.5644 3.0992 2.3666 2.8361 3.0459 2.8573 3.2784 2.6996 3.0330 3.0202 3.0202 3.1555 2.1667 1.8299 2.0374 2.2361 2.1719 2.1216 2.1265 2.2585 2.1265 1.9938 2.4190 2.4889 2.8573 2.3050 2.2361 3.1412 3.5140 3.6646 3.1849 3.7600 3.2784 2.5335 2.9011 2.6212 2.5566 2.7557 3.0202 2.7179 2.8257 2.8573 2.9470 2.4889 3.4550 3.4360 3.3456 3.0856 3.7114 3.4173 3.1849 2.5335 3.8107 2.8154 2.9011 2.7087 2.9354 2.7951 3.3456 2.7366 2.6639 2.9952 2.5488 2.9011 2.2699 2.6816 2.6552 3.0992 2.8154 2.5964 3.3456 3.5762 2.7654 2.6639 2.6466 2.8573 2.6129 2.2642 2.6639 3.0459 2.4056 3.0992
178 3.3456 3.6646 4.3403 3.3631 3.3809 3.9755 4.0978 2.8790 4.6269 3.5343 3.1555 5.0239 215.8902 4.0051 3.7114 3.7355 3.4173 3.0722 3.4940 2.9238 3.5762 3.8633 3.0459 3.2622 3.3114 3.5343 3.0589 2.8154 3.7600 3.2306 4.1632 3.3631 3.4550 2.9470 3.5343 3.6878 4.2315 2.9952 2.9952 2.8790 3.4360 3.2784 2.7272 2.7951 3.1849 3.7355 3.4550 4.5399 3.4173 3.0589 2.3050 2.4533 3.5551 2.3050 2.3666 2.6466 2.9952 3.4360 2.7654 2.2416 2.6906 2.9830 2.9011 2.9470 2.7752 3.2463 2.8154 3.2784 3.5343 3.1270 2.6129 2.6816 3.0722 3.2463 2.6906 3.3809 3.0722 3.2784 3.5343 3.5140 3.2306 4.4571 4.9695 3.7114 3.8107 4.7661 2.9952 3.2784 3.6646 3.7600 3.2948 2.4673 2.9011 3.0722 3.0202 2.7366 3.3456 3.2151 2.9952 3.0076 3.8905 3.3809 3.2463 2.9952 3.0330 3.4940 3.2784 2.9238 2.6996 3.8905 2.0464 2.1719 2.1616 3.7600 1.9938 2.1515 2.9470 2.4325 2.9238 2.8361 2.7557 3.0589 2.8790 2.8790 2.7951 3.6646 3.4550 2.6639 2.8790 2.7179 2.8257 2.8257 3.6196 3.0992 3.0722 2.8257 3.1555 2.7557 3.0202 2.8466 2.6816 2.8573 2.6816 2.5035 2.6212 2.4889 2.9708 2.3924 2.4533 2.6906 2.5184 2.5035 2.2250 2.1928 1.6339 1.4246 1.8299 1.8371 2.0927 1.9521 1.7284 2.2250 3.3456 2.3924 2.2814 2.5803 2.7179 2.5964 2.6296 2.2305 2.5035 1.6754 1.9044 1.5914 1.4624 2.3170 2.4603 1.7914 0.0000 1.3973 1.4363 1.4293 1.3664 2.4745 2.2814 2.6906 2.5964 3.0992 3.2151 2.4745 3.3456 3.3114 2.5184 2.5184 3.0992 3.9755 2.9708 3.1412 3.5343 3.0202 3.9183 3.8107 3.5762 3.7114 2.9011 2.2931 2.3414 2.3990 2.6466 2.1981 2.2472 2.4463 2.3794 3.3631 2.7557 2.4257 2.6296 3.6196 2.4325 2.4603 2.8466 3.1849 2.8790 2.7951 2.7654 2.1928 2.2585 2.0241 2.3794 1.9044 2.5335 2.2585 2.0927 2.1022 3.6646 3.0459 3.0459 3.0202 2.5883 3.2151 3.0992 3.6878 3.1849 3.3114 2.8790 4.1632 5.3193 2.9470 3.6196 4.5399 4.1632 4.8150 4.0978 2.8681 4.0051 2.9011 2.7951 3.3114 3.9755 3.5343 2.9952 3.1412 3.7114 3.2784 3.0330 3.5762 3.7851 3.1849 3.5343 3.0856 2.9708 2.6639 3.2306 2.7752 3.5762 2.7366 2.4673 2.6296 2.3666 2.7654 3.2622 3.4173 3.8107 2.8681 3.4940 3.5343 3.1701 3.1270 2.8790 2.8900 3.7114 2.9470 2.4745 2.8154
179 3.8107 3.5140 3.3456 2.9470 4.1970 6.7176 4.4980 4.6269 7.8210 3.0459 3.4550 3.4173 6.1401 6.7176 3.7355 4.3032 5.0798 5.5176 3.0589 3.2463 5.1962 4.1632 3.5762 3.6419 4.2315 5.1372 4.4172 4.0353 3.9755 4.1301 3.7114 4.2315 8.5927 5.7339 5.8891 5.1962 3.5343 3.1270 3.1270 4.0353 3.7114 3.5343 3.2151 3.0722 3.5140 4.0353 3.9755 3.4360 3.2151 2.9952 2.8154 3.1849 2.9589 3.6878 3.8905 3.8367 2.9354 2.7179 2.8257 3.4360 3.1849 3.1130 3.4940 4.0353 2.7179 2.8573 2.9011 2.8052 3.1555 3.7114 4.3783 3.8107 3.3456 3.4743 4.4980 4.7185 3.8633 4.0051 6.5129 4.0662 4.3032 4.7661 3.8107 5.7339 4.6721 2.8154 5.3193 5.2569 3.6878 3.3809 4.0978 4.0353 4.0662 2.8361 3.7355 3.4550 3.9755 3.3456 3.3809 4.3032 4.3783 4.9166 4.1301 4.4980 3.7114 4.9166 3.9755 3.5343 2.5488 3.0992 3.0992 2.8573 2.1022 3.7851 3.2463 3.0202 3.1701 3.5343 3.9755 3.2784 2.4889 2.6906 2.8052 3.5343 2.8361 3.7851 3.5140 2.9708 2.9238 2.6816 4.1632 2.6466 3.3114 3.0722 3.8633 3.2151 3.0722 3.3456 3.4550 3.6646 3.7114 3.5140 2.4463 3.0459 2.5803 2.5803 2.4190 2.5803 2.4056 2.8790 2.4603 2.6212 1.9044 1.8087 1.9319 1.7914 1.8516 2.0110 1.8228 2.1719 1.9521 2.7179 3.2463 2.4190 2.6996 2.7557 3.3114 2.7179 2.4463 2.7752 2.5803 1.7413 1.4868 1.5482 1.7478 2.0464 2.0110 1.8516 1.3973 0.0000 1.4086 1.5859 1.3906 2.6816 2.6296 3.4550 2.2931 2.7951 2.5488 2.6816 3.1130 3.9755 3.8107 3.1270 3.6196 3.1701 3.9755 4.5399 4.8150 3.8905 4.5399 3.2784 4.6269 4.4172 2.9830 3.4550 2.8790 3.0459 3.0992 3.7600 3.7114 2.7654 4.7185 3.5343 3.0459 2.6552 3.7114 3.5977 3.3456 2.8573 3.2622 3.2622 4.0353 4.3032 5.0239 2.3666 2.6996 2.0833 2.5964 2.3924 2.4056 2.7461 2.5035 2.6129 3.7114 2.6639 2.8361 2.6129 2.2642 3.0722 3.4940 3.4940 4.0662 4.1632 2.9708 2.9470 4.4172 3.0722 3.1130 2.9952 3.9183 3.7114 3.1555 3.0459 3.3809 4.0353 3.5343 3.0076 3.8633 3.3809 3.3456 3.7355 3.0330 2.9708 8.5927 2.9708 3.0992 3.3114 4.0978 2.5411 4.7185 3.9183 4.4571 4.0353 3.5977 2.6639 4.1301 3.3631 3.0459 4.3783 4.0978 3.4173 4.0051 4.2669 2.7951 3.8107 4.2669 3.5977 4.4571 3.8107 4.7661 3.2463 3.9466 4.3032
180 2.8573 4.2669 4.9166 3.7114 4.4571 3.6646 3.9183 4.1632 4.2315 3.9755 3.1849 3.0330 5.5176 3.5343 3.1270 3.5977 5.5176 3.9755 5.8103 2.9952 3.4173 3.2463 3.0459 3.7600 3.6196 3.6646 3.5140 4.5399 4.5829 3.2622 3.1999 3.5343 4.5829 3.3456 3.2622 3.9183 4.6721 4.0978 3.5762 3.0459 4.6269 2.8466 3.1130 2.6816 2.8154 3.2306 3.0202 3.1555 3.6646 2.8573 2.7461 2.4889 2.9708 2.7557 2.2142 2.8361 3.4743 3.5762 2.6996 3.1999 2.9354 2.8790 3.0202 3.4940 2.8900 3.5140 2.7179 2.9354 3.3284 4.1632 3.2463 3.3989 2.9238 3.0722 3.2463 3.5762 2.8361 3.0992 4.2315 3.5343 4.0353 4.5399 4.5399 4.8150 4.0978 5.0798 3.7114 5.1372 4.0978 4.3403 3.2784 3.5551 2.7366 2.9470 2.9011 2.5488 2.7366 4.5399 3.6646 3.1270 4.8651 3.1849 3.7600 4.7185 4.0978 2.6906 4.3783 3.7114 3.4550 2.9708 2.5035 3.6196 3.8633 3.4173 4.0051 4.4571 2.7851 3.5343 4.9166 3.4173 2.9952 3.4173 3.5343 3.1849 3.4940 3.8107 3.1999 4.3403 3.3809 3.1849 3.7355 3.0459 3.4173 3.2151 3.1849 3.4360 3.2463 2.9708 2.9952 2.9952 2.6296 3.5762 2.9708 2.8790 2.6727 3.2784 2.7752 2.3539 2.3539 2.4745 2.7557 2.2585 2.0330 2.0197 2.0023 1.9603 1.9044 2.0927 2.2472 2.2814 1.9685 2.7557 3.1270 2.4603 2.5335 3.1555 3.4173 3.2151 2.5964 2.6639 2.5803 1.6845 2.1119 2.1022 1.9161 2.6639 1.9938 1.9082 1.4363 1.4086 0.0000 1.6845 1.8335 2.5803 2.8790 3.5977 2.9238 2.8790 3.2463 2.7752 2.9470 3.5551 3.0992 3.3809 3.2463 3.0589 3.1555 3.6419 2.9952 3.3456 4.3032 3.7600 3.5977 3.9755 3.1999 2.9589 2.9124 3.2784 4.5829 3.1412 3.3114 3.9466 3.0330 3.5343 2.6212 2.9354 3.5343 3.8633 4.0353 3.8107 3.7114 3.8633 4.0662 3.4550 3.0459 2.3539 2.2034 2.3539 2.4056 2.3291 2.3602 2.6129 2.2250 2.5335 4.5399 3.1555 2.6996 3.3114 2.7366 2.8790 2.8790 3.8107 4.8150 4.1301 4.2315 3.6196 4.0353 3.3631 3.3284 4.5399 2.9354 4.1632 3.9755 2.5259 3.1555 3.0202 3.4940 2.6816 4.0662 2.8361 3.4173 3.0856 3.8107 3.1270 5.5176 3.0202 4.0662 3.0992 4.7185 3.6646 3.4743 3.1130 3.3456 3.0459 3.8633 3.9466 3.7600 3.7355 2.9952 3.6196 6.2291 4.2315 4.5399 3.1555 3.3809 8.1141 5.1372 4.3032 4.4571 3.6196 3.4550 4.6269 3.5140 3.1849
181 2.9470 2.5644 3.0992 2.9011 3.9466 5.0239 3.4360 2.6727 4.0353 3.3809 3.5343 3.7114 4.4571 4.1632 4.1632 3.6196 4.8150 6.3208 3.2948 2.8573 2.9952 3.5762 3.9183 3.7114 3.0722 4.6721 3.0459 4.6269 4.5399 3.3809 3.9183 3.6878 3.6196 3.2784 3.4550 4.0662 4.7185 3.0992 2.9589 2.9708 4.0662 4.5399 3.1849 3.6196 3.5762 4.3783 3.7114 2.3602 2.6727 2.6996 2.6552 3.0589 2.6129 2.7461 2.6996 2.4257 2.7654 2.9470 2.9124 2.8361 3.1849 3.3114 3.8633 3.0459 3.7114 3.2463 3.7355 2.6466 3.8633 2.8361 3.9466 3.0992 3.4940 3.8367 2.9238 3.2948 4.2315 4.1632 2.6816 3.0722 3.0459 2.8790 3.3809 3.0202 3.7114 4.1301 3.7355 3.1270 3.9183 3.0202 2.9589 2.5184 2.7951 2.2585 1.9685 2.8154 3.1849 3.1849 2.6296 2.7951 2.5488 2.6996 2.3050 3.3631 2.2585 2.7366 3.4550 2.7366 2.0023 2.4325 2.4325 2.5488 2.0555 2.9354 2.6996 2.4325 2.5803 2.2585 3.3114 2.8573 3.6646 3.0459 3.2622 2.7366 3.2151 3.3809 2.9952 3.2151 2.8790 3.0330 3.2151 4.0978 3.3114 3.1270 2.9470 3.5343 3.2784 3.4743 2.9238 3.2784 2.9830 3.1270 2.7366 2.2699 2.6996 2.2250 2.3050 2.2250 2.7179 2.6639 2.1414 2.2250 1.9938 1.8443 1.5642 1.6663 1.8157 1.7413 2.1022 1.9853 1.7413 2.3170 3.2463 2.2034 2.4325 2.6296 2.7366 2.2585 2.1414 2.1928 2.2472 1.5482 1.5351 0.5021 1.3197 1.9359 1.8664 1.6663 1.4293 1.5859 1.6845 0.0000 1.1571 2.5335 2.0374 2.5803 2.5335 2.8573 2.5964 2.2034 2.9354 2.5803 2.4463 2.5335 2.7951 3.9755 3.1270 2.6381 2.5335 3.7600 3.3114 2.5035 2.7557 3.0076 2.9952 2.6816 2.3924 3.4550 3.1701 2.6552 2.4816 2.5566 2.2699 5.0239 2.9354 4.1301 5.6597 4.1632 3.3456 3.6646 4.5829 3.4940 4.7661 3.5762 2.8154 2.2034 2.9952 2.3414 2.2034 2.3170 2.2472 2.3794 3.0722 2.2699 2.7557 2.9952 3.9183 2.7557 2.2305 3.8107 3.2463 2.7366 4.1970 3.2784 3.6646 3.4173 3.2463 2.8790 2.6639 2.5644 4.5399 4.3032 2.8681 2.9952 3.0330 2.5488 3.2306 3.5343 3.3809 5.4496 3.3114 3.0722 2.8790 2.6816 4.0353 2.7951 2.8361 2.6639 3.1270 3.0722 3.6646 3.4173 2.9952 2.7557 4.3783 2.6996 2.8361 2.4603 2.6296 2.6996 3.0856 3.0722 2.9470 2.9470 3.3631 2.7557 2.8154 2.7179 2.5644 2.7951 3.2622 2.6639 2.7179 2.9470
182 3.4940 3.3989 2.7272 3.3456 2.9470 3.5551 3.7114 2.9238 3.7851 3.3989 2.7179 2.7087 3.3809 3.0722 3.6196 3.6196 3.9466 3.1849 3.0722 2.5035 3.0202 2.9011 2.9952 2.9011 2.6466 3.1999 3.4940 2.7752 2.6639 3.0202 2.8681 3.3809 3.1270 3.5762 3.6196 3.6196 2.6996 2.7654 2.7752 3.2463 3.8367 2.9952 2.3170 2.6639 2.8573 2.8900 2.4463 2.3859 1.9895 2.3291 2.2528 1.9938 2.1414 2.5184 2.1928 2.0419 2.0464 2.0927 2.1070 2.4463 2.4745 2.5644 2.1981 3.0856 2.9238 2.6296 2.5035 2.4325 2.6466 2.9124 2.8573 2.5488 2.2472 2.6381 3.0722 2.6906 3.2463 2.6639 2.9952 3.2784 2.8154 2.9354 2.7087 3.1270 2.9011 2.6816 2.5488 3.8107 2.8900 3.2784 3.5343 3.0992 2.7557 2.3794 3.0722 2.8790 2.8257 1.9769 2.3109 2.5488 2.0241 2.7179 2.5964 2.0197 3.0202 3.7600 2.6906 2.1515 2.1022 1.9603 2.6046 2.5035 2.1719 3.1412 2.1315 2.3666 2.0555 3.0722 2.6816 2.6129 2.8154 2.7179 2.7752 2.6296 2.3414 2.6466 2.7461 3.1270 2.3794 2.5803 3.0722 3.0722 2.8361 3.0722 2.3730 2.3990 3.1270 2.1364 2.2250 2.9011 2.8361 2.5964 1.8192 1.9853 1.9938 1.8228 2.0464 1.9359 2.0110 1.8890 1.8776 1.7031 1.7744 1.5377 1.7478 1.6026 1.6663 1.5535 2.1616 1.7677 1.6253 2.1719 2.1070 1.7413 1.7348 2.1265 2.4190 1.8371 2.0555 1.9082 1.5750 1.5750 1.5914 1.1889 1.2218 1.6054 1.8590 1.6310 1.3664 1.3906 1.8335 1.1571 0.0000 2.1216 2.0153 2.8361 2.1414 2.5964 1.9980 1.9769 3.5977 2.5644 2.7951 2.7461 2.8790 3.2151 2.9952 2.4394 2.6639 2.7366 2.7557 3.1270 2.5883 3.1555 2.5964 2.1667 2.2528 2.1265 2.4056 2.1565 2.1364 2.5566 2.1565 2.5803 2.3730 2.3050 2.7951 2.5566 2.0647 2.4745 3.1555 2.9470 2.8361 3.1555 2.5335 2.0285 2.1315 1.8627 1.7220 2.0023 1.9121 1.9480 2.1216 2.1928 2.2250 2.2361 2.4962 2.3666 1.9439 2.8681 3.3809 3.1701 2.9470 3.3631 2.6552 3.1999 4.9166 2.3990 2.7951 2.8573 3.1849 2.9470 2.7179 2.6129 2.8466 3.0992 2.5035 2.6639 3.3456 2.9830 2.9952 2.5566 2.9011 2.4463 2.6996 2.4745 2.8361 2.3924 2.9830 3.3284 2.8257 2.6129 2.3924 2.9708 2.6129 2.3414 2.5035 2.4889 2.8361 2.7087 2.9470 2.5644 3.1412 2.8257 3.1701 2.8573 2.6639 3.5140 2.8361 2.6816 4.0978 2.8790 2.5184 3.4550
183 3.2306 2.3924 2.7461 2.5411 2.3990 2.8154 2.8052 2.8361 3.4940 2.4190 2.2472 3.1270 2.7951 2.7851 2.9470 2.6212 2.1719 2.7366 2.7752 2.6996 2.6906 2.1216 2.6129 2.6212 2.4745 2.4463 2.6296 2.5883 2.5335 2.3859 2.5883 2.9952 3.0330 2.6639 2.7272 3.1412 2.5411 2.6816 2.3990 2.6639 2.5184 3.1849 2.8573 2.7752 2.8790 3.0856 2.8790 3.2151 3.2622 2.4533 3.1701 3.4360 3.2622 3.0992 2.7752 2.4745 3.7114 3.2306 3.9755 3.2151 2.3170 2.6639 2.5488 3.7600 2.3602 2.6296 2.5109 2.4673 2.6639 2.5109 3.0856 2.8790 2.1875 2.6466 2.3859 2.4816 3.2784 2.9354 1.9769 2.2814 2.3539 2.4962 2.7851 2.3353 2.1315 2.6212 2.5184 2.4257 1.7544 2.5035 2.9124 2.5644 2.4463 2.3414 2.5335 2.2472 2.7557 2.6906 2.6639 2.9470 2.9952 2.7179 2.2990 2.6816 2.6296 2.4533 2.9354 2.6296 2.7752 2.8361 3.0992 2.9470 3.0330 2.5488 3.0589 3.2784 2.9708 2.8154 3.0330 2.0374 2.6996 2.5411 2.6816 2.9589 2.5184 2.5035 2.6639 2.6296 2.3291 2.3050 2.7461 2.5488 2.3924 2.7654 2.7179 2.6639 3.1849 3.0202 2.8154 2.6466 2.6906 2.8154 1.6544 1.7948 1.6368 1.4918 1.6544 1.6907 1.6426 1.6138 1.6426 1.6754 2.4056 2.1070 2.1515 2.4325 2.8361 2.5803 2.8154 2.5184 2.9124 1.3928 1.3281 1.2218 1.2144 1.2873 1.4576 1.1853 1.3074 1.2033 1.4293 2.8361 2.2034 2.2142 2.8790 2.5035 2.4325 3.0992 2.4745 2.6816 2.5803 2.5335 2.1216 0.0000 1.2913 1.1925 0.7371 0.8930 0.7940 0.8226 3.0722 3.0992 2.5964 3.6646 3.1849 2.7752 2.8573 3.3809 3.2784 3.2306 2.9124 2.8900 3.1999 3.2784 3.4550 3.7355 2.8257 2.5488 3.0076 2.9708 3.2784 4.5829 3.0722 4.2315 4.0051 2.8361 3.6196 2.8361 3.2463 3.7114 3.3456 3.1849 3.1555 3.3114 2.9589 2.5488 2.1616 2.7179 2.2585 2.1216 2.3050 2.1515 2.0555 2.1414 1.7544 1.8966 1.6138 1.6845 1.8087 2.8052 2.8154 2.6129 2.6816 2.6129 2.5035 2.4190 3.0856 2.4257 2.6996 2.6996 2.8361 2.6639 2.5488 2.4603 3.0330 2.4962 2.6129 2.6816 2.8154 2.8361 2.5035 3.0202 2.6639 2.7461 3.8107 2.8257 2.5883 2.8790 3.4550 3.2306 3.2151 2.6381 3.1849 2.6296 2.7851 2.6906 3.3809 2.9124 3.1849 3.0076 3.3114 2.8790 2.8790 2.5883 2.8466 4.1301 2.9124 2.2873 3.0722 2.6046 2.4190 3.3989 3.2151 3.0202
184 3.0202 3.4550 2.8154 3.6419 2.7179 2.6996 2.7951 2.7366 2.8257 2.8573 2.5035 2.3170 2.9238 2.4056 2.5644 2.6996 2.5723 2.5335 2.2699 2.5035 2.2142 2.4889 2.3666 2.9830 2.6816 2.5488 2.9830 2.7087 2.7366 2.5488 2.3794 2.8900 2.7654 3.1270 2.9470 3.3114 2.5964 2.4745 2.7179 2.0023 2.4394 2.4190 2.3109 2.3794 2.5035 2.9354 2.3730 3.1849 2.9011 3.1849 2.6466 3.3114 3.2151 3.0589 2.3990 2.9011 2.9011 3.3989 2.9708 3.5551 2.5035 1.9521 2.4603 2.4603 2.2472 2.0927 2.2931 2.8361 2.5035 2.8681 3.7600 3.8107 2.9354 2.7557 2.8154 3.0459 3.6646 3.4940 2.4394 3.4173 2.7951 3.3456 2.7951 2.6466 2.5964 3.5140 2.7752 2.9011 2.7951 3.4940 2.9830 3.6196 3.4550 3.0202 3.1555 3.0992 3.0459 2.7654 2.4603 2.7272 3.1701 2.7179 2.8257 2.9708 2.6381 2.8257 2.8790 2.9708 2.9830 2.6212 2.7752 3.1999 3.4550 2.6996 3.4360 3.6196 3.3809 3.0992 2.6381 2.7951 2.6381 2.4325 2.4056 2.1464 2.6552 2.3602 3.0992 2.3990 2.3050 2.3924 2.4745 2.3539 2.7951 2.4673 2.5723 2.6639 2.5803 2.7851 2.3353 2.6816 2.2528 2.5964 1.9811 2.1315 1.9044 2.0419 1.8776 1.9895 1.8776 1.8299 1.7188 1.8443 2.8900 2.8154 4.9695 2.6381 3.9755 2.9952 3.2151 3.6196 3.1701 1.8928 2.1414 1.7710 1.7093 1.8664 2.2088 1.7093 1.8814 1.7511 2.0067 2.9354 2.4325 2.6296 2.5259 3.4550 2.7366 3.5762 2.2814 2.6296 2.8790 2.0374 2.0153 1.2913 0.0000 1.6663 1.4386 1.4968 1.4132 1.4063 3.3631 2.9952 2.9238 3.4743 3.3456 2.8154 2.4325 2.6552 2.9830 3.2463 3.1849 2.5803 2.7951 4.2669 3.2151 2.6129 3.1270 2.7951 4.5829 3.3809 3.3114 4.4172 2.7272 3.7355 2.5035 3.9755 4.1632 3.9183 3.5977 3.7355 3.9755 4.0978 2.9708 4.3403 2.5335 2.6296 3.0589 3.3114 2.6296 2.8466 2.4889 2.8790 2.9708 3.0076 2.5723 2.5411 3.0992 2.3230 2.2361 2.8681 2.9589 2.3353 3.0202 2.2814 2.9124 3.1130 4.3032 3.5977 3.6196 2.9011 3.0202 3.7600 2.7951 2.8257 2.9011 2.8790 3.4360 3.7114 3.5762 3.3456 2.9830 4.0353 4.3032 3.5343 4.9166 3.4550 2.6639 4.0353 3.4940 2.9238 3.2463 2.2472 2.7654 2.5803 3.0076 2.9011 2.5035 3.0589 3.1999 3.0992 3.2151 2.4257 3.1412 3.4173 3.1270 3.7851 3.6196 3.5140 2.5883 3.3284 3.0076 3.1555 2.9708 2.9470
185 2.9470 3.0459 2.3414 2.9238 2.7851 3.0992 2.8573 3.4940 3.0459 2.6816 2.3990 3.3456 3.2784 2.6552 2.7366 3.0330 2.8052 3.2151 2.8573 3.2784 3.1555 2.5803 2.9708 3.0076 2.5644 2.4325 2.6296 3.3114 3.1270 3.0856 3.5343 3.1555 3.3456 2.5566 2.9354 2.7557 2.8154 2.9011 2.9011 2.9011 2.9238 3.1701 2.7461 2.6996 2.6727 3.3114 3.4550 2.6466 3.4360 3.3114 2.9952 2.9354 2.5109 3.2306 3.1701 2.4056 3.8107 3.4743 3.4550 2.6816 2.7366 2.8573 3.0722 2.6639 2.4394 2.6296 2.7366 3.2306 2.8361 2.8573 2.5335 2.7851 2.2814 2.5259 2.7752 2.7461 3.2784 3.0459 3.1849 3.1555 2.6816 3.5551 2.9952 2.7366 2.8361 3.7600 3.3114 2.9011 2.3924 3.1270 3.0856 2.7366 2.5964 2.8573 2.2699 2.4533 2.6296 2.3794 2.2814 2.3990 2.7752 2.6639 2.6466 2.4745 2.6552 2.6639 2.5335 2.4603 2.6296 2.4673 2.9470 2.3602 2.7654 2.3666 2.8573 2.7272 2.8466 2.7366 2.7752 2.3539 2.4745 2.7179 2.4962 2.4603 2.5109 3.0722 2.6466 3.0992 2.5566 2.4056 2.3602 2.7366 2.5035 2.4603 2.6552 2.6296 2.7851 2.6816 2.7654 2.4889 2.7087 2.7461 1.7413 2.0023 1.8739 1.9279 2.0693 1.8739 2.0374 2.0023 2.1070 1.7948 3.8633 2.7951 2.4745 2.6727 2.5488 3.2463 2.9238 2.7179 3.0856 1.7811 1.6368 1.3534 1.4576 1.5970 1.7188 1.3115 1.5804 1.3197 1.6845 3.2306 3.7114 2.7951 3.1849 2.2142 2.7366 2.9470 2.6906 3.4550 3.5977 2.5803 2.8361 1.1925 1.6663 0.0000 1.2144 1.2292 1.0837 1.0773 3.2784 3.6646 2.9708 2.9708 3.1270 3.1270 2.7366 3.3809 3.2151 3.2784 4.2315 4.7185 3.1130 2.7272 3.4173 3.4360 2.4889 2.4056 2.3109 2.2642 3.5762 3.3114 3.2622 4.0353 3.2948 4.3032 4.5399 3.1270 4.0662 4.0978 3.6196 3.4173 3.5762 3.2622 2.6129 2.6296 2.6727 2.7951 2.5964 2.3924 2.4745 2.5488 2.8790 2.5488 2.5723 2.7557 2.4533 2.4056 2.3666 3.0202 2.6552 2.6381 2.9011 2.6466 2.6639 3.2306 3.4173 2.8257 2.9238 2.8361 2.8790 3.1412 3.2463 2.9708 3.1555 2.7752 2.6639 2.9708 3.6419 3.1270 3.2784 3.0722 2.9470 2.8573 3.3456 2.7951 3.5343 2.6466 3.6196 2.9238 3.0330 2.8790 2.7752 3.1849 3.2463 3.3809 2.8361 2.9830 2.6046 2.6466 3.3456 3.3456 2.7366 3.3114 3.1555 3.9755 3.4360 2.8466 3.6646 2.8790 3.1270 3.1130 2.9830 2.7851
186 3.5343 2.7951 3.6196 2.9708 3.0202 2.7179 3.0330 3.0459 2.9011 2.6129 2.8154 2.6046 3.9183 2.6466 2.8790 2.8257 2.4463 2.7557 2.4056 2.4816 2.6381 2.4463 2.7557 2.7951 3.0076 2.7752 2.7951 2.9124 2.6996 2.6046 2.6466 2.6727 2.7366 2.7654 2.6466 3.0589 2.6996 2.8052 2.7461 2.8154 2.8361 2.7654 3.0856 2.6639 2.6816 3.2463 2.6727 3.0076 3.1130 2.4745 2.7272 2.6816 3.8633 3.1412 2.8361 2.9124 3.0722 2.8466 2.7851 3.1849 2.3414 2.4745 3.0076 3.2622 2.5184 2.6996 2.7557 2.5411 2.4816 4.0353 2.3170 3.0856 2.2931 2.4889 2.6727 2.7752 3.3456 3.1555 2.4889 2.9238 2.9011 3.2784 3.7114 2.6129 2.8900 2.6816 2.8361 3.1270 2.3170 3.4550 2.7179 2.1719 2.2699 2.2361 2.2034 2.6816 2.4325 2.6639 2.3170 3.3809 2.8361 2.6816 2.7752 2.8361 2.3539 2.3291 2.6996 2.6381 2.5644 3.1270 3.5977 3.1270 2.9470 2.4394 3.1849 3.3809 3.0202 3.1999 2.6212 2.2642 2.5964 2.3170 2.9238 2.2585 3.0459 2.7752 2.7752 2.6046 2.3794 2.5259 2.6212 2.9952 2.7557 3.1701 2.9354 2.6466 3.1412 2.9830 2.9124 2.6996 2.6129 2.9238 1.8299 1.8890 1.8443 1.8299 1.9359 1.8664 1.9521 1.8590 1.7744 1.8627 3.5343 2.4463 2.7461 2.8466 3.4940 3.1701 2.7087 3.4743 3.6646 1.5429 1.6845 1.2793 1.4433 1.4968 1.6310 1.3364 1.3322 1.3281 1.5859 3.4550 2.9238 2.6996 3.3809 2.6466 4.1632 2.9238 2.5964 2.2931 2.9238 2.5335 2.1414 0.7371 1.4386 1.2144 0.0000 0.7349 0.5389 0.5229 4.2315 3.6196 2.5644 4.0353 3.3809 3.2784 3.0202 3.6196 3.1999 3.4550 3.9466 3.5343 3.0202 3.7355 3.7600 3.1999 2.2931 3.1849 2.9354 4.4172 3.0459 3.4550 2.5883 4.4571 7.1683 3.0459 3.0202 3.4173 2.9589 3.2306 4.3032 3.1130 3.1555 3.4550 3.1701 2.5964 2.4257 2.9238 2.4889 2.4056 2.4603 3.0459 2.2642 2.5644 2.1414 2.0464 2.2250 1.9603 2.2472 3.5977 2.8573 2.5035 3.0992 2.4122 2.5488 3.0992 5.1372 2.9354 3.0330 3.0722 3.1270 3.2784 2.7752 2.8790 3.2784 2.8790 2.6129 2.9354 3.4173 3.6196 3.2463 5.1372 3.3809 2.9470 3.1130 3.7600 2.5964 3.1555 3.7114 2.8361 2.9354 2.6296 2.7951 2.4463 2.2699 2.5566 2.5035 2.7179 2.3414 2.4603 2.7179 2.5803 2.5644 2.7272 2.6639 3.7600 2.5803 2.5803 2.3924 2.5644 2.8361 2.8154 2.7461 2.6129
187 2.3794 2.9708 2.6466 2.3924 2.9011 2.6129 2.6906 2.3477 2.9124 2.5964 2.5964 2.7272 2.8900 2.5644 2.5259 2.5488 2.3666 2.4889 2.4463 2.7752 2.8790 2.7366 3.2151 3.2463 3.2622 2.6906 2.8573 2.6552 2.6466 2.6996 2.4816 2.6046 2.7951 3.7851 3.1849 3.2151 2.9238 2.8154 2.8900 3.0459 3.1270 2.9952 2.6129 2.7951 2.6129 2.7179 2.8361 3.2948 2.9238 2.3539 3.3631 2.2034 3.8633 2.9589 3.2151 3.5140 4.0978 2.6816 3.6196 2.5259 2.8154 2.9238 2.8681 2.7179 3.0202 2.4603 2.5883 2.5488 2.6129 3.9755 2.4603 2.8790 2.2585 2.5109 2.7752 3.0202 3.2151 5.1372 2.2196 2.6996 2.6816 2.9708 2.9952 2.2814 2.5883 3.6646 2.9952 2.9011 3.0202 3.9755 2.5109 2.5803 2.4463 2.2416 2.7179 2.4603 2.4325 2.5964 2.3924 2.8900 3.2622 2.7087 2.6727 2.4533 2.2416 2.3050 2.5335 2.4463 3.0076 3.1270 2.9124 2.7179 2.5964 2.7272 3.1412 2.9238 3.8367 2.8573 2.5109 2.1565 2.4257 2.9830 2.4603 2.5335 2.4745 3.0202 2.8257 2.6816 2.5335 2.2585 2.4325 2.4394 2.7752 2.9011 2.8466 2.4325 3.0992 2.6466 3.0856 3.1849 2.5259 2.7752 1.8516 1.9359 1.9603 1.9359 1.9121 1.7880 1.7948 2.0110 1.8664 1.9439 3.1555 2.7179 3.8905 3.3809 3.3809 3.4940 3.4743 3.4550 4.5399 1.6999 1.6368 1.4293 1.4154 1.6195 1.7478 1.4433 1.5696 1.5429 1.6784 2.6906 3.3809 2.9589 4.3032 2.8573 2.0110 2.8052 3.0992 2.7951 2.8790 2.8573 2.5964 0.8930 1.4968 1.2292 0.7349 0.0000 0.7109 0.6466 3.5551 4.4172 3.3114 4.7185 3.9755 5.0239 3.6419 4.3032 4.9166 3.7600 7.1683 4.2669 4.3403 5.3835 3.7600 3.4940 3.0589 4.1970 4.0353 4.2315 3.2306 3.4550 3.0202 3.6646 4.2669 2.8790 4.6269 4.0662 3.8367 4.1301 3.7114 3.8107 3.7600 3.9183 3.9755 2.5644 2.4889 2.9238 2.3539 2.6552 2.6466 2.3666 2.4889 2.7366 2.0927 2.4394 2.3291 2.0927 2.2142 3.3456 3.1412 2.8361 3.4173 2.7752 2.5644 3.2151 5.6597 3.8905 3.2784 3.0202 2.9708 4.2315 2.9952 2.6996 3.0076 2.6466 2.6906 3.4940 3.9183 3.1999 3.8107 3.5762 3.6646 3.4173 2.9011 4.1970 2.9124 3.7600 3.5762 3.2784 3.5140 2.9589 3.0722 3.2151 2.6552 3.0459 2.9354 3.3631 2.7752 2.6046 2.7752 3.0992 2.9011 3.1999 2.5964 3.0202 3.2463 2.9011 2.9470 2.6906 2.7366 3.1270 3.5343 2.7654
188 3.0722 2.8790 3.0459 2.9011 2.7557 3.0330 2.9708 3.2306 3.1412 2.9708 2.4056 2.6129 2.8573 2.6129 2.4889 2.7461 2.8466 3.2463 2.4190 3.0330 3.0589 2.5488 2.6381 2.8361 2.7654 2.5566 2.2814 2.7654 2.6466 2.5035 2.7752 3.0589 2.8052 2.6906 2.7851 3.5551 2.2250 3.0330 2.4889 2.6727 2.3477 2.5335 2.8052 2.5566 2.8900 3.1849 2.8790 3.0992 3.4173 2.9589 3.0459 2.9124 4.5399 3.2151 3.0076 3.0722 2.9708 3.4173 2.9708 2.5259 3.1130 2.8466 3.0856 3.1130 2.6906 3.2948 2.7366 2.9354 2.4889 2.9708 2.7087 2.5964 2.1315 2.8154 2.4056 2.7461 3.8633 3.0076 2.2361 2.6996 2.5488 2.8154 2.8790 2.4463 3.0722 3.1270 2.7752 2.2931 2.1119 3.2784 2.6906 2.2034 2.3291 2.2528 2.4325 2.2472 2.3794 2.5644 2.3414 2.7851 2.5723 2.6212 2.2642 2.2756 2.3539 2.5566 2.5335 2.1167 2.4257 2.4745 3.1999 2.6639 2.6552 2.6906 3.1701 2.7272 3.2306 3.0722 2.5184 2.3924 2.6129 2.7951 3.2151 2.7366 2.7087 2.7752 3.0202 2.6466 2.6296 2.5035 2.5723 2.4603 2.9830 2.4889 2.7557 2.4325 2.7752 2.9830 2.4463 2.6129 2.7272 2.8154 1.8739 1.8814 1.8516 1.7880 1.8228 1.9044 1.8814 1.7544 1.7744 1.9044 3.4173 2.6466 3.0722 3.4743 3.0722 3.0076 2.9238 3.6196 3.0856 1.5482 1.6082 1.1997 1.3664 1.4968 1.6426 1.2675 1.3577 1.3034 1.5377 3.8633 2.5488 2.5109 2.9708 2.2931 4.6269 2.7951 3.2151 2.5488 3.2463 2.5964 1.9980 0.7940 1.4132 1.0837 0.5389 0.7109 0.0000 0.3418 3.0202 3.4550 2.9238 3.4173 3.2784 3.9755 4.2315 3.1130 3.0992 3.4743 2.7851 3.0856 2.9952 4.3783 3.3114 3.0202 3.1130 2.7179 3.0722 3.6878 3.1999 3.7114 2.8052 4.0353 3.3456 3.5343 3.3456 3.3989 2.9830 3.4360 3.5762 2.9830 3.0330 2.8257 2.7461 2.2699 2.0285 2.4745 2.2034 2.2990 2.5488 2.5109 2.0647 2.2585 2.1823 2.1167 2.3414 2.2699 2.1464 3.2622 2.9830 3.0722 3.5977 2.9470 2.6552 3.3456 6.9357 2.8154 3.0722 2.4603 2.3666 3.1270 2.7654 2.3414 3.1412 2.8052 2.4190 2.9589 3.7851 3.1701 3.0992 2.9708 4.2669 3.0202 3.2306 2.9952 2.6906 2.7179 4.6269 2.9470 3.1270 2.9952 2.9238 2.7752 2.5488 3.1130 2.6639 2.9011 2.3477 2.1515 2.5964 2.8466 2.4190 3.2463 3.4550 3.1130 3.0856 3.2151 2.5488 2.5723 2.5035 3.0722 2.9589 2.7752
189 3.0459 2.6129 2.8790 2.9470 2.6296 2.4889 2.6466 3.2463 2.8361 2.6296 2.6046 2.4962 2.7179 2.6466 2.6381 2.7557 2.5035 2.7366 2.8154 2.5184 2.8257 2.6816 2.8361 2.9830 2.7461 2.7087 2.8681 3.1555 3.6196 2.8466 2.9708 3.7114 3.1130 3.0459 2.7557 4.1632 2.5644 2.6552 2.6129 2.7752 2.6129 2.8573 2.4325 2.3924 2.6296 2.8052 2.6381 2.8361 2.6046 2.9708 2.6552 2.9952 4.2315 3.0589 3.4743 2.6296 3.4743 3.1849 3.1849 2.9470 2.8361 2.9470 3.1555 2.9011 2.7272 2.5644 2.4122 2.7654 3.3114 2.8361 2.4122 2.4962 2.4190 2.5883 2.7951 2.6296 3.9183 3.4940 2.7179 2.4745 2.8154 2.9011 2.8573 2.6466 2.8681 3.5343 2.6996 2.0739 2.4533 2.7366 2.6046 2.2585 2.0739 2.5644 2.2472 2.4056 2.2472 2.4745 2.2472 2.5964 2.5488 2.4463 2.2814 2.4122 2.3924 2.4745 2.5035 2.3666 2.5184 2.6129 2.9830 2.5488 2.9124 2.9354 2.8573 2.7851 3.3809 2.6639 2.4122 2.3170 2.6816 2.5723 2.8257 2.5335 2.4889 2.8052 2.9238 2.8790 2.5803 2.4962 2.8361 2.8573 3.2463 2.8573 2.9011 2.6466 2.6906 2.8361 2.7951 2.6466 2.8361 2.6129 1.8590 1.7811 1.8516 1.8407 1.8627 1.8157 1.8739 1.8157 1.7983 1.8516 2.9952 2.5184 3.2151 2.6129 2.6816 2.7951 3.2463 3.3456 3.3809 1.4339 1.4673 1.2754 1.3795 1.5377 1.5804 1.3491 1.4154 1.3428 1.5273 3.1270 2.6906 2.3794 3.4173 2.6296 5.8103 2.8154 2.4745 2.6816 2.7752 2.2034 1.9769 0.8226 1.4063 1.0773 0.5229 0.6466 0.3418 0.0000 3.9755 3.2151 3.1555 3.2463 3.5977 3.5343 4.3032 3.5762 3.0992 4.4571 3.1270 3.0992 2.8573 4.7185 3.3809 2.6996 2.6129 2.9708 3.8367 4.1632 3.1999 3.5140 2.6727 4.3783 3.2463 5.0798 2.9011 2.9952 3.0459 3.5762 4.4571 3.2463 2.9470 3.2306 3.9466 2.2361 2.2034 2.7179 1.9644 2.2250 2.2814 2.7752 2.3291 2.2472 2.1364 2.0197 2.0197 1.9121 2.0833 3.9755 3.1849 2.6296 2.7752 2.3924 2.8681 3.8633 5.2569 2.5488 2.9708 2.5723 2.8681 4.7185 3.0856 2.6046 2.8361 3.0202 2.6996 3.7851 3.3456 3.6196 3.2151 3.4173 3.8107 2.9708 3.4940 2.9708 2.9830 3.0856 3.8107 2.9952 3.3631 2.5411 3.2151 2.7179 2.7272 2.9238 2.6552 3.5140 2.4889 2.4673 2.8466 3.0202 2.9011 3.1412 2.9470 4.1970 2.9470 2.8790 2.5035 2.4962 3.2622 3.2151 3.6196 2.8573
190 2.4056 2.7752 2.4962 2.4962 3.5140 4.4571 3.4940 3.4550 3.9466 4.6269 3.6196 3.1130 3.6419 3.0076 3.4940 4.0051 3.2622 3.9183 3.0202 3.1412 3.0459 2.9830 2.7951 3.5762 3.2151 2.6906 3.1999 2.9011 3.0202 2.9952 3.0992 3.1555 3.6878 3.4940 3.3809 3.4940 4.0353 3.8107 3.0076 2.6816 3.5551 3.5551 3.4173 3.7600 3.7355 4.8150 3.1849 3.5343 3.1849 3.1701 2.0693 4.0978 3.0202 2.9589 2.9470 4.0978 3.3456 4.0353 4.1632 3.5762 2.7179 3.3989 3.4940 2.9708 3.1999 4.0978 3.9755 3.4173 3.9755 0.7045 2.5335 2.8790 2.9708 3.1555 2.3050 2.8361 2.4190 2.6816 3.6646 3.0722 3.9755 3.3989 3.5343 3.7600 4.0978 3.4940 4.3032 3.9183 3.9183 3.4360 3.6646 2.8466 2.4190 2.5411 2.5803 2.3050 2.5035 2.5184 2.9708 3.1701 3.4743 3.5762 3.4940 3.0202 3.0459 3.3631 3.2306 2.6996 2.7951 2.5803 2.6129 3.8633 3.7851 3.4743 3.8633 4.4172 2.6639 3.0992 3.5551 2.9124 3.2463 3.1412 4.0978 3.7600 4.8150 4.0051 3.6646 3.3989 3.7114 4.0353 4.0978 3.1999 3.1999 3.8367 4.4571 6.4153 4.0353 3.6878 2.5335 3.0459 3.2463 2.9589 3.1555 2.7951 2.5335 2.9470 3.3456 2.6639 2.8361 2.9470 2.6639 2.5035 2.7461 2.6296 3.2463 3.2784 3.2151 2.6381 4.0978 2.8361 2.8790 3.5551 3.0202 2.5335 2.3050 3.9466 2.7087 2.8573 3.0330 2.4889 2.6639 3.7600 4.5829 4.2315 2.7366 3.4550 2.1515 2.9238 3.3456 3.1130 2.9470 2.9354 3.5977 3.0722 3.3631 3.2784 4.2315 3.5551 3.0202 3.9755 0.0000 0.7685 1.1197 0.9692 0.6628 0.8250 0.7594 0.6406 0.7617 0.8202 0.7527 0.7327 0.7327 0.7283 0.9331 2.0110 1.7610 1.8664 2.1315 2.2361 2.1928 1.9200 1.9980 2.6296 2.1414 2.0197 2.2142 2.0555 2.1022 1.9279 2.1928 2.2142 2.0739 2.0927 1.9082 2.5335 2.2931 2.5335 2.1875 2.1719 2.2585 2.3794 2.1265 1.9359 4.0353 3.2622 3.3114 3.9755 2.8790 2.3414 2.4962 2.0739 2.2585 2.1823 2.5964 2.3924 2.0647 2.5109 2.5184 2.1928 1.8087 2.1928 2.3414 2.4325 2.2034 2.5335 2.3414 2.2814 2.3414 2.4394 2.5644 2.6129 2.2931 2.0285 2.2142 2.0197 2.4603 2.1315 2.7087 2.3924 2.4463 2.2034 2.1315 2.4603 2.5964 2.3050 2.1414 2.1616 2.3414 2.3170 2.2196 2.3414 2.3924 2.2699 2.3050 2.6466 2.3414 2.4190 2.6296 2.1719 2.5109 2.4463 2.4889 2.2756
191 2.7557 3.0992 2.9952 2.8154 3.8633 6.5129 3.1849 3.8107 4.3032 4.0353 6.9357 3.7600 3.9755 3.7600 6.1401 6.1401 4.7661 3.9755 3.3114 2.8790 2.9470 2.7366 3.3114 3.8633 3.3456 2.7461 2.9952 2.9952 3.1270 3.3631 2.4745 3.0722 3.5762 2.9708 3.1270 3.7600 3.1555 3.0992 3.5140 3.1701 3.5343 3.6419 2.7752 3.8905 3.9183 4.1970 3.4940 3.2306 2.9589 2.9238 2.5803 2.6552 2.9011 2.8790 2.7752 4.0353 2.9952 3.6646 3.0722 3.5343 3.6878 3.2463 3.0722 3.2151 3.6196 2.9708 2.9238 2.9708 3.9466 0.7045 2.7951 2.9011 2.9952 2.6381 2.2416 2.5964 2.5803 3.0459 6.1401 3.9755 11.0955 3.1555 4.3783 5.5876 4.5399 2.9011 3.9466 2.6639 3.3284 3.1555 3.2784 2.7752 3.0459 2.2472 3.0459 2.9238 2.5803 2.9708 3.9466 3.8367 2.7461 3.1849 3.4940 2.7272 3.0076 3.8633 2.6816 3.4550 3.0459 3.3114 2.3414 3.1270 4.6269 3.2151 3.5140 3.2151 3.1270 3.2151 2.7366 3.6646 3.0202 3.5762 4.0978 3.0202 3.8367 2.9124 3.2151 3.9755 3.0722 3.2463 2.8052 3.2784 3.0722 3.8107 3.8107 3.9183 3.4173 2.9238 2.7087 3.6646 4.0353 3.1412 3.0459 2.6466 2.5964 2.7179 2.9011 2.4816 3.4550 2.3170 2.9011 2.6296 3.0459 2.5184 2.8361 3.3284 2.8154 2.1022 2.9470 2.6816 2.3990 2.9952 2.7179 2.2585 2.4463 3.0992 2.7951 2.4745 2.6639 2.3794 2.1616 3.0722 3.5762 2.6466 2.5259 2.5644 2.3291 2.4603 3.3114 3.9755 3.5551 2.5803 2.5644 3.0992 2.9952 3.6646 3.6196 4.4172 3.4550 3.2151 0.7685 0.0000 1.0805 1.0742 0.6093 0.8957 0.7045 0.5515 0.6897 0.6710 0.7003 0.6367 0.6628 0.7003 1.1197 2.1667 2.1616 1.8701 2.3414 2.1667 2.0975 2.3602 2.0555 2.8154 2.2034 1.8852 2.3291 2.1119 2.1719 2.1119 2.3170 2.2931 2.1022 2.3050 2.2931 2.0833 2.5184 2.5488 2.2416 3.1849 2.4325 2.3170 2.5335 2.5035 2.6639 3.6646 4.0353 3.1849 2.5803 2.4603 2.2142 2.4533 2.3539 2.2416 2.2034 1.9603 1.8814 2.0647 2.0647 1.9685 1.8157 2.2034 2.1315 1.9359 2.1515 2.2585 1.9685 2.0110 2.2814 1.9439 2.1515 2.2931 2.0285 2.1022 2.0739 2.0197 2.0464 2.2305 3.0202 2.3666 2.1667 2.2250 2.1515 2.3539 2.4745 2.1119 1.9895 2.0647 2.6639 2.2814 2.3170 2.2585 2.2931 2.5488 2.5335 2.2416 2.1070 2.5488 2.3050 2.0555 2.0739 2.1928 2.3353 2.1616
192 3.0202 2.9011 2.9354 3.1270 2.8790 3.4173 3.2463 3.4173 4.0353 3.5343 3.6878 4.1970 3.6878 3.3114 3.3456 4.4571 3.0992 4.3403 3.5762 2.5964 2.6381 2.6816 2.5109 2.5803 2.6996 2.5411 2.7951 2.8900 2.4745 2.6996 2.8154 2.6296 2.5488 2.3230 2.3602 2.5035 2.5644 2.6466 2.6212 2.4673 2.8052 2.9238 2.5803 2.6639 3.0459 3.0722 2.8900 2.4603 2.4056 2.9470 2.0647 2.7461 2.2990 2.4325 2.4889 2.3924 3.0589 2.7557 2.4325 2.9589 2.6996 2.9708 3.0722 2.9238 2.6816 2.6639 2.9470 2.6816 3.8633 1.2559 2.6466 3.1555 2.3666 2.5964 2.2361 2.8573 2.7752 2.2142 3.6646 3.8633 3.0992 3.5551 7.2904 3.8107 3.1849 4.6721 2.6816 3.6646 3.5343 4.0051 2.5488 2.8154 2.2699 2.6129 2.9354 2.5335 2.5964 2.2361 2.6466 2.6816 2.4257 2.4745 2.7179 3.7114 3.0722 2.7654 2.7179 2.7752 3.1270 2.5803 2.6727 2.9952 3.4173 2.8154 3.7114 3.2151 3.3456 2.6129 2.8154 2.6212 2.5109 3.1555 2.5335 2.4745 2.4603 2.7366 2.9238 3.0459 2.8790 2.5803 2.6639 2.5803 2.5335 2.2250 3.2784 2.2814 3.1270 2.0927 2.1616 2.6296 2.9589 2.8052 3.1849 2.4463 2.5335 2.5035 2.8052 2.4056 2.8361 2.4603 2.4533 2.6296 2.3050 2.6727 2.2642 2.2361 2.8573 2.4463 2.7752 2.7951 2.7752 2.7272 2.4190 2.4325 2.1216 2.4056 2.4889 2.5964 2.2361 2.3170 2.1928 2.7179 2.6996 3.0722 2.7179 3.5551 2.7851 3.0459 2.5184 3.8107 3.0992 2.4463 2.7951 2.5964 2.9238 2.9708 2.5644 3.3114 2.9238 3.1555 1.1197 1.0805 0.0000 0.7174 1.1131 1.2597 1.2636 1.0277 1.0837 1.1433 1.0616 1.1817 1.1197 1.1502 0.6855 1.7710 1.6633 1.7544 1.6663 1.9399 1.7744 1.8263 1.6485 2.3170 1.8087 1.7348 2.1515 2.1823 2.2142 2.2361 2.1414 2.1216 2.1216 2.2585 1.7610 2.0927 2.3170 2.1771 2.2361 2.4190 2.2034 2.4190 2.1216 2.3170 2.3666 2.7557 3.1270 3.0722 1.9769 2.2142 1.9685 2.3666 2.1315 2.2699 2.0374 1.8814 1.7348 2.2361 1.7811 2.0110 1.7610 2.1022 1.9044 1.7948 1.7031 1.8299 2.1414 2.2814 1.9603 1.9359 1.9121 2.2250 2.0647 2.0197 1.9200 1.9439 1.8966 1.9603 2.4603 2.4889 2.0509 2.0197 2.1022 2.1216 2.2088 2.2034 1.8299 2.1823 2.1928 2.0647 2.0833 2.1928 2.3170 2.4190 2.1515 2.7366 1.9685 2.3794 2.1022 1.8516 2.1515 2.4325 2.2250 1.9685
193 2.5644 3.4550 2.4325 2.9470 3.5762 3.7114 2.9470 3.4360 3.0330 3.3456 3.8633 3.8367 3.2151 3.4940 3.3809 5.8891 3.6419 4.6269 3.5343 2.6996 2.7851 2.6381 3.0992 2.4816 2.9470 2.4325 3.2784 3.1130 2.7179 3.6196 2.6296 2.4962 2.4816 3.1555 2.6212 2.5109 4.3032 3.1849 2.6996 2.9011 2.9952 2.8466 2.3602 2.5803 2.7179 2.7461 2.6046 2.9238 2.4962 2.0023 2.7179 2.5109 2.3170 2.1719 2.2585 2.2814 2.5964 3.1555 2.3990 2.8361 2.7366 2.7272 2.4190 2.6466 3.0202 3.1270 2.8154 2.5883 3.4550 1.1853 2.4190 2.5335 2.5109 2.5035 2.2250 2.8361 2.5964 2.6129 3.0992 4.1632 3.6196 4.0353 3.8107 3.0722 3.3456 3.4940 3.1270 3.1270 3.1849 2.6129 2.9470 2.7179 2.4603 2.3414 2.8257 2.9238 2.5035 2.4190 2.4533 2.6296 2.3170 2.4463 2.8257 2.9952 2.8052 2.9470 2.4673 2.8361 2.6381 2.3990 2.7179 3.2151 3.3456 2.7752 3.7600 2.8573 2.8154 2.5803 3.2463 2.9011 2.8790 3.0202 2.6129 2.5803 2.6129 2.8900 2.7179 2.7951 2.6639 2.8790 2.8361 2.7752 2.9011 2.2472 3.2463 3.0722 3.2948 2.6466 2.0739 2.8900 2.8681 2.6296 2.7557 2.5259 2.5964 2.5803 2.6466 2.3539 2.4889 2.2931 2.4190 2.4745 2.4816 2.5184 2.6996 2.4463 2.4190 2.5335 2.6466 2.7366 2.4889 2.7557 2.1022 2.6552 2.5184 2.5109 2.8154 2.8900 2.8361 2.9124 2.2931 2.6639 3.4550 2.6129 2.6639 2.5184 1.8814 2.4463 2.5184 3.1270 3.3809 2.5335 2.7461 3.6646 3.4743 2.9708 4.0353 4.7185 3.4173 3.2463 0.9692 1.0742 0.7174 0.0000 0.8852 1.1331 1.1817 0.9440 1.0647 1.0491 1.1433 1.0999 1.0584 1.1399 0.3999 1.5094 1.4576 1.4918 1.4918 1.7811 1.4576 1.5068 1.4673 2.0374 1.5914 1.4918 2.1119 1.7811 1.9603 1.8890 1.8299 2.1022 2.0555 1.9279 1.7062 1.8928 2.4325 2.2699 2.0555 2.1515 2.0464 2.2361 2.2196 2.3291 2.9238 2.3924 2.7752 2.3666 2.2585 2.1414 2.0975 2.2472 1.8299 2.1315 2.1216 2.1616 2.0023 2.1823 2.2472 1.8966 1.7316 1.9685 1.9359 2.2814 1.8516 2.0285 2.1315 2.0833 2.1022 1.9603 1.9685 2.1616 2.0197 2.4056 2.1216 2.3414 1.9685 2.3924 2.8573 2.3602 2.0023 2.1022 2.1022 2.1315 2.5184 1.8299 1.7610 1.9853 2.1022 2.4190 2.0464 1.7677 2.2528 2.2528 2.0110 2.4056 2.1823 2.0833 2.2142 2.0023 2.1315 2.0464 2.2034 1.9853
194 2.5411 3.0589 2.3414 2.5803 2.9470 3.0722 2.9830 2.8790 4.0353 3.0202 5.2569 3.6419 4.1301 3.9183 3.9755 3.6419 3.6196 3.7600 3.4360 3.2784 3.5140 3.3809 3.0202 4.3403 4.2669 3.7114 4.4172 3.4173 3.6196 3.9183 2.9011 3.2463 3.4940 3.0459 3.4360 3.1849 4.7185 3.3809 3.4940 3.2463 4.6269 4.4980 3.5343 3.9466 3.6878 3.8905 3.8633 4.1632 3.0330 2.5803 2.7951 3.1412 2.8790 3.0992 3.2784 3.5343 4.7661 2.9011 3.5343 3.1130 3.7600 3.5140 4.1632 3.9755 3.6878 4.0051 3.5551 3.6646 5.3835 0.6327 2.8257 2.6906 2.9124 2.7654 2.4190 2.6296 2.5411 2.5964 3.1555 3.6196 4.1632 2.6996 3.2463 3.2306 3.2622 2.4673 3.3114 3.8633 2.8790 2.9470 2.5803 2.4056 2.3414 2.1022 2.2472 2.2873 2.5964 2.8790 3.4173 3.1412 3.0992 3.0722 3.3631 2.9830 3.8107 3.7600 3.0330 2.8900 3.6196 2.7752 3.3114 3.4550 5.2569 3.4360 3.4173 3.5551 2.9124 3.3456 3.0076 3.3114 3.1849 3.3114 4.3783 3.3809 2.6129 3.9466 3.6196 3.8633 3.0459 3.9755 3.4940 3.2151 4.2315 3.3809 3.6196 2.9708 3.3631 2.7366 3.1701 3.4360 2.9952 3.0459 2.6129 2.6466 2.8573 2.4889 3.0202 2.3859 2.4603 2.8361 2.6466 2.6296 2.3170 2.4325 2.9470 3.0459 3.0202 2.4745 3.6196 2.8573 2.7951 3.2463 2.7951 2.8154 2.8573 3.8633 3.3456 2.7951 3.6646 2.9011 2.2699 3.4173 4.5399 3.5140 3.2151 2.8466 2.5488 2.4190 3.0992 3.6196 3.2463 2.7951 2.8790 3.1849 3.3456 3.1270 3.3809 3.9755 3.2784 3.5977 0.6628 0.6093 1.1131 0.8852 0.0000 0.7045 0.6347 0.5038 0.7527 0.5716 0.7131 0.6446 0.7088 0.6229 1.0491 1.9603 1.8480 1.9603 2.0374 2.1771 1.8443 2.3291 1.9319 2.4325 1.9853 1.9121 2.4056 2.1216 1.8480 2.0197 2.1022 1.9853 2.0739 2.3539 1.8299 2.4056 2.6816 2.6639 2.2931 2.4394 2.2034 1.9521 2.6996 2.6129 3.6196 3.9466 2.9708 3.7114 3.3809 2.2814 2.1119 2.0739 2.3990 2.1216 2.1414 2.1928 1.8966 2.0285 2.2699 2.0153 2.1414 1.9279 2.1515 2.3794 2.1216 2.2585 2.0647 2.1823 2.1719 1.9769 2.3291 2.1719 2.1216 2.1719 2.5335 2.2699 2.1022 2.0927 2.7951 2.3170 2.3414 2.3291 2.1928 2.4889 2.4190 2.3050 2.0285 2.1515 2.2585 2.3539 2.3924 2.1719 2.5184 3.0202 2.4463 2.8361 2.5035 2.3666 2.4190 2.5035 2.4889 2.4463 2.3170 1.8371
195 2.8790 2.7951 2.6996 2.9708 3.0076 3.6419 2.6996 3.6196 4.1970 3.5762 3.1270 3.3114 3.9183 3.7355 4.1301 3.3284 3.6878 4.5399 3.4550 3.0589 3.3631 2.6727 3.1270 3.1701 3.4173 3.5977 4.8150 3.7114 3.3809 4.0978 3.1555 3.1701 3.4940 3.5551 3.7114 3.2151 5.6597 3.9183 3.2306 2.8573 4.1632 4.4571 4.2669 3.6646 3.6196 4.8150 4.0353 3.8107 2.9011 3.1412 2.4745 3.1270 3.3456 3.5551 3.3114 3.3456 3.5762 6.6136 3.0330 5.9702 3.3456 3.6646 3.3114 3.2463 3.1849 3.1849 2.9238 3.0856 4.4172 0.8130 3.2784 2.7087 2.5723 2.8573 1.9938 2.4325 2.3109 2.5184 3.6646 4.0662 5.6597 3.4550 4.0978 3.6196 8.9402 3.0330 3.6196 4.1632 3.5762 3.4940 3.5551 2.5803 2.4325 2.1216 2.2931 2.3414 2.6727 2.7951 2.9952 2.9470 3.1849 3.8905 3.2622 3.5343 4.0353 2.9830 2.8573 3.3809 3.1270 2.9238 2.8257 3.4173 3.6878 2.5803 2.9952 3.2622 3.1270 3.1270 3.0992 3.7600 3.1849 3.3989 4.1632 2.6996 3.6646 3.6646 3.6646 2.9354 3.7114 3.1130 3.0202 3.5762 3.1130 3.8107 3.7851 5.0239 4.3783 3.6196 3.4940 3.4173 3.3456 2.9589 3.0589 3.9466 3.3114 3.8107 3.4550 3.4173 2.9354 2.9011 3.4360 3.1130 3.0992 2.5964 3.1130 2.9011 2.5723 2.6816 3.4173 2.5035 2.5803 3.7600 2.7752 3.0076 3.4550 4.0662 3.6878 2.8573 3.3114 2.8257 2.9354 4.3032 3.5551 5.4496 2.8361 3.1412 2.2034 2.9470 3.9755 3.1701 3.0589 3.9755 3.2151 2.7752 2.8154 3.1270 3.2784 5.0239 3.9755 3.5343 0.8250 0.8957 1.2597 1.1331 0.7045 0.0000 0.8397 0.7987 0.8275 0.7527 0.7777 0.8226 0.7917 0.8058 1.1835 1.9853 1.9938 2.0647 2.1119 2.0647 1.9521 2.4603 2.0833 2.6816 1.7948 1.7983 2.3050 2.1928 2.1719 2.2931 2.0927 2.2931 2.3539 2.1823 1.7610 2.5035 2.4603 2.1616 2.6996 3.0202 3.3456 2.8681 2.2528 2.5259 4.5399 3.4940 3.6419 4.9166 3.0992 2.1616 2.2250 2.1119 2.0419 2.1464 2.3666 2.1315 2.1119 2.2305 2.5335 2.2642 1.9359 2.2034 2.2034 2.0927 2.2142 2.4190 2.4463 2.3170 2.3050 2.2361 2.2142 2.3414 2.1719 2.4463 2.1119 2.3794 2.2034 2.3230 3.4173 2.4463 2.4889 2.4056 2.7179 2.4745 2.4889 2.8361 2.3050 2.4745 2.4603 2.4816 2.5566 2.5035 3.0459 3.1849 2.6466 3.3456 2.7366 2.3666 2.6996 2.3539 2.7087 2.7752 2.7851 2.3353
196 3.2151 2.7951 2.4745 2.9238 3.0992 3.5977 3.3114 3.1270 3.6196 3.5551 4.0978 3.0722 3.9755 2.8573 3.4173 3.3989 3.3989 2.9589 3.5140 2.9708 2.9830 3.6878 3.7114 3.0202 2.7951 2.9238 2.8052 2.6296 2.9708 3.5140 3.0202 4.0353 5.8103 3.7114 4.0978 5.8891 3.8905 3.3809 3.3809 3.8107 3.2948 3.9755 3.9183 4.0662 4.1970 4.3032 5.1372 3.6646 3.4173 3.7355 2.9011 3.4550 2.5184 3.1270 4.0978 4.9166 3.1701 4.3032 3.9755 3.5343 3.3989 3.7600 3.1849 3.4940 3.7114 4.7661 3.9755 3.3456 6.9357 0.7685 3.0202 2.7366 3.2151 2.6639 2.2931 2.3924 2.0464 2.6466 4.4172 6.0539 7.6817 3.6646 2.9238 4.9166 4.4172 2.6639 3.5343 3.3114 3.0202 3.7851 2.5259 2.4257 2.3050 2.4325 2.1667 2.3602 2.5335 2.6296 2.9830 3.2463 2.9952 3.0076 3.2463 3.0459 2.9470 3.5762 3.3114 3.9183 3.1270 3.9466 3.7851 2.6906 4.4172 4.1301 2.9830 3.1849 4.3783 3.4173 3.2306 2.7851 4.3403 4.0353 5.2569 3.6196 3.6646 4.4571 3.3809 4.0353 3.6196 4.6269 3.6196 4.7185 6.3208 2.7752 3.4550 4.4980 4.2315 4.3783 2.5803 4.9166 4.1632 3.3114 3.2306 2.8154 2.7179 3.5977 2.8154 2.6996 2.8466 2.5803 2.7557 2.6296 3.0330 2.5335 3.1701 3.7600 2.8573 2.3539 3.0992 2.3859 2.9238 3.2463 2.9238 2.5803 2.5335 4.3403 3.2151 3.1130 3.6196 2.7951 2.6296 2.7752 4.6269 3.5762 3.0202 3.2463 2.6466 2.5883 2.9708 3.9755 3.1555 3.1270 2.9952 2.8573 2.4325 2.7366 3.0202 3.6419 4.2315 4.3032 0.7594 0.7045 1.2636 1.1817 0.6347 0.8397 0.0000 0.4536 0.8572 0.5247 0.8130 0.7777 0.8178 0.5624 1.1536 2.2472 1.7880 2.0285 2.2361 2.1719 2.0833 2.0880 2.1719 2.4533 2.0464 2.0833 2.1022 2.1414 2.0285 2.0833 2.2472 2.1119 2.1315 2.0464 2.0197 3.0722 2.8790 2.6996 2.7179 3.0202 2.6816 2.5883 2.4816 2.4056 4.0353 4.4980 5.2569 3.2784 3.0202 2.0927 2.1216 2.0647 2.2034 1.9359 2.3924 2.1616 2.1216 2.6296 2.1414 2.0197 1.9603 2.2585 2.2034 2.3794 2.3794 2.2361 2.2699 2.1414 2.3924 2.2142 2.2361 2.5184 2.5488 2.3602 2.2931 2.6129 2.2814 2.3859 3.3114 2.5184 2.4673 2.6996 2.6816 2.2034 2.5035 2.5488 2.3539 2.3291 2.5964 2.4056 2.8154 2.3924 2.7752 3.1849 2.7752 3.4360 2.7557 2.7752 2.1616 2.8361 2.7179 2.6816 2.4816 2.3730
197 2.8154 3.2151 2.7366 2.9011 3.3284 4.9166 3.9466 3.1555 5.8103 9.7121 5.9702 3.9183 5.5176 3.8107 4.4571 4.0353 3.7600 5.0239 3.6196 3.0330 3.0076 2.8361 3.3284 3.2463 2.6996 3.0076 3.0722 2.8466 2.6816 3.0856 2.8573 2.9708 3.6646 3.3456 3.2784 3.7600 3.0992 3.3809 3.7600 3.6646 3.8367 3.5551 3.5551 3.8633 4.6269 3.4360 3.6419 3.7600 3.1555 3.3114 2.7951 3.5343 2.9011 3.4940 3.1412 4.0662 2.7461 4.0353 3.2784 3.8107 3.9466 3.7114 3.5343 3.5977 3.3284 5.1372 3.4173 2.7851 6.9357 0.6347 2.5723 2.9708 2.9708 2.4533 2.5035 2.7272 2.7752 3.0459 3.7600 3.1849 3.2151 2.9470 3.1555 4.6269 2.8154 2.4889 2.9011 2.6296 2.6996 3.3114 3.1555 2.4673 2.3109 2.1167 2.4889 2.5335 2.3924 2.5803 2.9589 2.8154 3.2463 3.1555 3.5343 3.0589 3.3809 3.8633 3.1412 3.1849 3.0202 3.2463 2.8573 2.9124 4.2315 3.5140 3.4550 3.0202 3.6646 2.8900 3.0330 2.8466 3.7851 4.1632 4.3783 3.4360 2.7951 3.8367 3.0589 3.3631 3.9466 3.6646 3.2151 3.3809 4.0978 3.2151 3.7600 3.7114 3.4743 3.3631 2.7851 3.4173 3.6646 2.8257 3.0722 3.1270 2.7557 3.5343 3.2784 2.8681 2.9952 2.6996 2.8573 2.7654 2.4056 2.3050 2.6816 3.1270 2.6639 2.3291 3.4550 2.7179 2.6996 3.9183 2.8573 2.7752 2.2931 3.0722 3.0722 3.0459 3.6196 2.6816 2.1928 2.8900 3.7600 3.0722 2.3990 2.6129 2.7557 2.6296 3.1412 4.5399 3.6419 2.6381 2.4394 3.3809 2.6552 3.3809 3.6196 4.3032 3.1130 3.5762 0.6406 0.5515 1.0277 0.9440 0.5038 0.7987 0.4536 0.0000 0.7131 0.4375 0.6547 0.6426 0.6587 0.4520 0.9835 1.9603 1.8480 2.0601 2.0067 1.9480 1.8627 2.0023 1.9853 2.3990 1.8017 1.9439 2.2250 2.1119 2.0285 2.1315 2.3666 2.0110 2.0023 2.2250 1.9005 2.7654 2.8154 2.3924 2.5964 2.8790 2.2142 2.3859 2.4190 2.2990 3.4173 3.1412 3.5343 3.3456 3.0202 2.3170 2.1875 2.3170 2.2088 2.2142 2.1823 2.2250 1.8966 2.3539 2.2472 1.9521 1.9044 2.1315 2.0927 2.2034 2.4056 2.0601 2.1216 2.1667 2.0833 1.9938 2.2142 2.3924 2.2034 2.1981 2.2931 2.3539 2.1216 2.1719 3.0992 2.6996 2.2699 2.2142 2.2814 2.1119 2.4745 2.3794 1.9279 2.3291 2.4056 2.3666 2.2814 2.3924 2.5964 2.7179 2.3924 2.6996 2.0647 2.4056 2.2699 2.3230 2.2814 2.3990 2.6296 2.2361
198 2.5566 2.8257 3.0459 2.7461 3.2463 4.7661 4.5399 3.2463 4.2315 3.4940 3.7600 3.7355 4.3783 3.6419 4.3032 5.7339 3.4360 3.1701 3.7600 3.0589 3.7355 2.4122 3.3114 3.5762 3.0076 2.9830 2.6046 3.0992 3.9755 3.5551 3.0722 3.0202 2.6906 3.0202 2.9952 3.0856 3.3809 3.6646 2.9830 3.1270 3.0722 3.1849 3.2463 3.9755 3.5762 3.8905 2.6466 2.5184 2.7179 2.9354 2.6906 3.2948 2.9238 2.9238 3.5551 4.2669 3.3114 6.2291 3.5762 4.3032 3.7600 3.0202 3.2784 2.8154 3.3456 3.9466 3.7114 3.3809 5.4496 0.3816 2.7179 2.7557 2.6296 2.8790 2.4056 2.8154 2.6816 3.1849 4.0353 4.4571 4.5399 3.6878 4.0353 4.7185 3.6646 2.8573 5.7339 5.1372 2.9011 3.1849 2.6639 2.9708 2.7179 2.4745 2.4463 2.6552 2.8573 2.5803 2.8257 3.0330 2.7851 3.3456 3.2463 3.3456 3.8633 2.9011 2.7557 2.9708 2.9238 2.8257 2.8154 2.8573 3.7114 2.8052 3.5977 3.2306 3.4743 2.7366 3.0459 2.9470 3.4360 2.8052 3.7355 3.2306 4.1301 3.0330 3.4940 4.0051 3.2463 3.4360 4.1970 3.2784 3.1849 2.9708 3.8107 3.0202 2.9011 2.4889 2.8361 3.2948 3.4940 2.9238 2.8361 2.6996 2.8154 2.9708 2.6996 2.7557 3.0459 2.9708 3.1270 2.9011 2.8790 2.4190 3.1270 2.8257 2.8154 2.5964 3.5762 2.8681 2.5184 2.8790 2.6816 2.7366 2.4603 3.0459 3.3456 2.8154 3.0202 2.9238 2.4745 2.8681 3.3631 3.0202 2.7951 2.9470 2.1414 3.0202 3.5343 4.8150 2.9952 2.5335 2.6639 3.2784 2.9830 3.2151 3.1999 4.9166 3.0992 3.0992 0.7617 0.6897 1.0837 1.0647 0.7527 0.8275 0.8572 0.7131 0.0000 0.8202 0.4801 0.2884 0.2789 0.8422 1.0172 2.1823 1.7125 2.0647 1.7348 2.2034 2.0464 2.0739 1.9279 2.2034 1.8739 1.8157 2.1315 2.1119 2.3050 2.0833 2.2142 2.2472 2.0833 1.9439 1.7845 2.1070 2.7951 2.6129 2.2585 2.6906 2.5184 2.3050 2.5964 2.5335 3.1849 3.7600 3.0722 3.1412 2.5184 2.2699 2.3666 2.2472 2.0647 2.2361 2.8361 2.3291 2.2814 2.3170 2.1719 2.5184 2.2528 1.9279 2.4056 2.3414 2.3414 2.6466 2.6466 2.5964 2.8790 2.2585 2.8052 2.3170 2.2142 2.4745 2.5335 2.4745 2.4889 2.3291 2.5488 2.4673 2.2585 2.5184 2.4816 2.3794 2.5644 2.2250 1.9239 2.2361 2.5488 2.4463 2.1616 2.0786 2.9470 2.2472 2.4463 2.3539 2.1315 2.5184 2.2585 2.1823 2.5803 2.6296 2.4190 2.2196
199 3.2784 3.2463 2.7272 3.1701 4.3783 3.9755 3.6646 3.2306 5.1372 4.6721 5.2569 3.7600 7.0501 3.6419 4.0051 5.6597 5.0798 7.6817 4.2315 3.0459 3.3284 3.3284 4.3032 4.4980 3.3989 3.3456 3.1701 3.6878 2.8052 5.0798 3.1555 3.4360 4.4571 3.5977 3.5343 3.8367 4.7185 3.6196 4.6721 4.1301 3.4550 3.5140 3.8633 4.3783 3.9755 5.0798 4.5399 3.6419 3.1555 2.8573 2.5488 3.3989 2.9011 3.5343 3.1555 3.3989 3.2151 3.2151 3.4173 3.5762 4.0662 3.2306 2.9470 3.3809 4.6721 4.3783 3.9183 3.1701 3.1999 0.7731 3.3284 3.7114 3.0992 3.0992 2.4889 2.7557 2.3794 3.0202 9.9226 5.9702 3.9755 4.5829 4.3783 9.7121 5.5176 4.5829 7.0501 5.1372 4.4571 5.1372 2.5964 2.6212 2.1823 2.5335 2.5259 2.9124 2.4190 2.8573 3.1270 3.1701 2.6466 3.3456 4.3032 3.5140 2.9708 3.5762 3.3809 3.2151 3.7114 2.9952 3.1270 3.6196 5.3835 3.9755 5.2569 3.0459 3.2151 3.3114 2.9011 3.3456 4.0353 4.1301 3.7600 3.6419 3.4173 3.8633 3.0992 3.5762 3.1412 3.8107 3.1999 3.8633 3.8633 3.5762 4.5399 6.1401 4.2315 3.5762 3.9183 2.7366 4.1970 4.2315 3.7355 2.9470 2.9124 3.1849 3.1270 2.6996 2.9830 2.6466 2.8361 2.6996 2.6639 2.6046 3.2463 3.7600 2.6639 2.2814 3.4940 2.7557 2.6296 3.6196 3.3114 2.5803 2.8361 3.7851 4.0978 3.9466 4.3032 3.3284 2.6816 2.6296 3.4173 3.9755 2.8573 3.0459 2.4603 2.7752 3.0202 3.8905 3.3456 3.7600 2.7366 3.2306 3.2463 3.2784 3.4550 3.7600 3.4743 4.4571 0.8202 0.6710 1.1433 1.0491 0.5716 0.7527 0.5247 0.4375 0.8202 0.0000 0.7482 0.7731 0.8447 0.2898 1.0569 2.0285 1.7445 1.8852 2.0739 2.1315 1.9603 2.0419 2.1022 2.4190 1.9005 2.0555 2.4745 1.8480 1.9769 2.0739 2.0739 2.0693 2.1216 2.2814 1.9121 2.5964 2.9124 2.4889 2.8361 3.9183 2.8154 2.6466 2.4190 2.5883 3.3114 3.7600 4.4980 3.2463 2.5803 2.3414 2.2699 2.2472 2.2305 2.2250 2.1022 2.2034 1.8228 2.1823 2.3291 1.8814 1.7811 1.9044 2.0927 2.2814 2.2472 2.0927 2.2142 2.2361 2.2250 1.9439 2.1823 2.2873 2.2931 2.3050 2.3414 2.2931 2.0464 2.1928 3.1270 2.7752 2.2472 2.2250 2.1928 2.4463 2.8361 2.5883 1.9685 2.0833 2.5964 2.7557 2.5035 2.5644 2.7557 3.1270 2.7557 3.7851 2.3539 2.6466 2.7179 2.4325 2.8573 2.3414 2.2361 2.4056
200 2.8900 2.6906 2.7951 2.7179 2.8361 4.5399 5.3835 5.9702 3.8107 3.7114 4.4980 3.4550 5.9702 3.3989 4.0353 3.7600 3.6646 3.3456 3.3809 3.7114 4.1301 3.3114 3.8633 4.0662 3.1130 4.1632 3.7600 2.8900 3.7114 3.8107 4.6269 3.0722 4.2669 3.8107 4.0353 4.3032 4.3783 3.9755 2.9124 4.0051 4.0051 4.3403 2.8154 5.8103 4.2669 4.3783 5.5176 3.4743 3.1849 3.5551 3.7114 4.0353 2.9952 3.9755 4.0051 3.3114 4.3032 5.8103 3.5977 4.3783 3.9755 4.3783 3.8633 4.5829 3.1849 3.2151 3.2784 3.4550 4.3783 0.4585 2.4463 3.2622 2.5488 2.6296 2.5035 2.7366 2.7366 2.9952 4.0353 4.0978 4.5399 3.8633 3.2948 4.0353 4.8150 3.1555 5.1372 5.0239 3.0202 3.1849 2.8361 2.8466 2.3666 2.0153 2.7654 2.6552 2.6639 2.7272 2.5566 3.2306 3.6196 4.0353 4.0978 3.3284 5.1962 3.5551 3.8633 3.0856 3.4173 2.9708 2.7851 3.2463 4.4571 2.9238 3.2784 3.4173 3.6646 3.0992 3.3456 3.3456 4.4571 4.4172 4.1970 3.7600 2.9011 3.9755 4.2315 4.7185 4.1301 3.0076 4.1632 5.5176 3.4173 3.7114 6.3208 5.8103 4.4172 3.8107 3.6196 4.6269 4.5829 3.4940 3.4173 4.1632 3.8107 3.3809 3.5343 3.3989 3.4940 2.9238 3.4173 3.1555 2.8573 2.9708 2.7557 3.6878 2.9952 2.7557 4.5399 3.5140 2.5488 3.7114 3.2784 2.9708 2.7951 3.2463 4.0353 3.7114 3.2151 2.8052 3.3456 3.2784 3.4550 5.3835 3.8107 4.4980 2.4463 3.0459 3.9183 4.5399 4.3032 3.3114 2.7557 2.9124 3.1849 4.2315 3.9466 7.1683 2.7851 3.1270 0.7527 0.7003 1.0616 1.1433 0.7131 0.7777 0.8130 0.6547 0.4801 0.7482 0.0000 0.5229 0.4359 0.7174 1.0584 2.1565 1.7845 1.9769 1.8664 2.3353 2.1616 2.0023 2.0197 2.2931 1.9200 1.6138 2.1119 2.0464 2.1875 2.1022 2.2250 2.3170 1.9603 2.0927 1.6310 2.5644 3.4360 2.5335 2.4056 2.5488 2.7179 2.7366 2.4889 2.2472 3.8107 3.9183 3.3114 3.6196 3.2463 2.0833 2.3109 2.3539 2.5488 2.1823 2.7557 2.0601 2.0739 2.6816 2.1515 2.2814 2.0197 2.0927 2.2931 2.2250 2.2250 2.5644 2.7179 2.2585 2.1823 2.3794 2.3050 2.4190 2.2585 2.2361 2.4889 2.2990 2.3794 2.2305 2.8790 2.4745 2.1414 2.3539 2.3990 2.3170 2.3924 2.2034 2.1928 2.5035 2.2585 2.1022 2.0285 2.1315 2.6129 2.3990 2.6129 2.7654 2.2472 2.4962 2.3170 2.6129 2.4190 2.4190 3.0589 2.1515
201 2.9952 2.4463 3.0202 2.6129 2.9470 4.7185 3.5343 3.4550 5.3835 3.8107 3.7355 3.2463 5.9702 5.2569 5.8103 4.4571 3.3284 3.4550 3.3114 2.9589 3.4940 2.6906 3.0722 3.3456 3.4360 3.1999 3.1270 3.5343 3.6646 4.2315 3.1270 3.0202 2.9470 3.1555 3.0459 3.3989 3.4173 3.7114 2.9011 3.1555 3.8633 3.7114 3.5762 3.8633 3.7114 3.9466 3.3456 3.2463 3.0459 3.3284 3.8905 3.7114 3.2151 3.1130 3.1270 3.6646 3.0992 3.9755 3.4550 4.3783 3.2784 2.9952 3.6196 3.7114 2.9830 3.1555 3.5343 3.4360 11.3565 0.2960 2.6639 2.9238 2.7557 2.7951 2.5335 2.6816 2.7366 3.1270 3.4940 5.1372 5.7339 2.8681 4.8651 3.4940 4.1632 2.8154 7.6817 4.1632 3.6878 3.5343 2.6466 2.8466 2.4816 2.4603 2.2931 2.5035 2.4463 2.9124 2.8790 2.9124 3.1130 2.9952 3.2151 3.1999 3.3989 2.9952 2.6996 2.4962 1.7710 2.8900 2.3539 2.1616 2.2142 3.0330 2.6381 2.9011 3.2784 2.6996 2.9952 3.1412 3.1849 3.1701 4.3032 3.0589 3.6196 3.5762 3.0856 3.3989 2.9011 2.5335 3.8107 3.9755 3.3631 2.7557 2.7366 2.7366 2.7272 2.5488 2.9589 2.9708 4.4571 2.7752 2.9708 2.9470 3.1849 3.3114 2.8573 2.4962 3.1555 2.9952 2.8154 2.6816 2.7752 2.7752 3.5762 3.3809 2.5335 2.5035 3.9183 3.3114 2.3414 3.7600 2.4889 2.9011 2.6466 3.0202 3.2151 3.0992 3.2784 3.4173 2.8361 3.6878 3.5762 2.6639 2.9708 2.8052 1.9685 3.0202 3.8107 3.2784 3.7600 2.5035 3.1270 2.8900 2.5803 4.7185 3.5343 4.2669 3.0856 3.0992 0.7327 0.6367 1.1817 1.0999 0.6446 0.8226 0.7777 0.6426 0.2884 0.7731 0.5229 0.0000 0.2088 0.7823 1.0217 2.1464 1.8228 2.3050 2.0880 2.1315 1.9938 2.2361 2.0023 2.4056 1.9359 1.8371 2.0647 1.9200 1.9439 1.8228 2.1022 1.9044 1.9521 2.2142 2.1414 2.4463 2.3414 2.4889 2.2361 2.7951 2.3414 2.2361 2.5259 2.9011 3.1849 2.8790 2.9011 2.7366 2.8573 2.1719 2.4463 2.1315 2.2034 2.1414 2.5488 2.4257 2.5964 2.6296 2.2250 2.3924 2.1823 2.1119 2.2034 2.4889 2.2250 2.7087 2.2699 2.1667 2.4603 2.4325 2.6466 2.5184 2.3414 2.3170 2.6996 2.4745 2.2585 2.1928 2.6296 2.4190 1.9769 2.4745 2.4325 2.3050 2.4889 2.3170 1.9727 2.2472 2.4122 2.2931 2.2472 1.9938 2.4325 2.4122 2.4190 2.4463 2.0023 2.5035 2.0464 2.2034 2.3924 2.0927 2.2931 2.2585
202 2.7461 2.5184 2.8466 2.3924 2.9708 4.1970 3.1999 2.8900 3.3989 3.4743 3.0992 3.7355 4.0978 2.9470 3.0076 4.6269 3.0330 3.1849 2.9011 2.9952 3.0992 2.4745 3.0589 3.6646 3.1270 3.0722 3.5343 3.4940 2.9952 4.0353 2.8573 3.1701 3.2784 2.7654 2.7366 3.9183 3.1849 3.9183 3.4173 3.1849 3.2784 3.6196 3.2463 3.8367 3.3114 4.8651 2.9011 2.9952 2.8681 3.0202 3.0856 2.8573 2.8573 2.9952 3.3284 3.5343 3.2306 8.7634 3.5762 4.4172 3.0076 3.3114 3.9755 3.4173 3.3809 3.5343 3.3114 2.6129 5.0239 0.3196 2.7752 2.8361 2.5411 2.7366 2.4533 2.6996 2.8052 3.3284 3.7114 3.7851 4.1632 3.6419 5.1372 3.7114 3.4743 3.3114 4.0353 5.8103 4.2315 3.3989 2.8154 2.6639 3.0992 2.8361 2.4122 2.6816 2.4190 2.8154 2.6552 2.8681 2.9952 3.5762 3.6196 3.5343 3.6646 2.9589 2.9708 2.7366 2.9238 2.8573 2.4603 2.8790 3.7600 2.6816 3.4940 3.4173 3.8633 2.9011 2.7272 3.1849 4.2315 3.1849 5.0239 2.9952 4.0662 2.8361 3.0459 4.1632 3.0459 4.0978 3.4173 4.0353 3.1270 3.5140 5.7339 3.7600 3.0202 2.9952 3.4360 3.7600 4.9166 2.9124 2.8573 2.7272 2.7366 3.4550 2.8573 2.5803 3.5762 3.0722 3.4550 2.7557 2.7752 2.8790 3.2151 3.2151 2.6996 2.3414 3.6196 2.9238 2.4056 3.2306 2.4745 2.9470 2.5035 2.6296 3.0459 2.5488 2.8154 2.7951 2.7951 3.3989 3.4940 3.3989 2.9011 3.1270 2.2699 2.9470 3.5762 4.6269 3.5977 2.7557 2.5883 3.1999 2.7951 3.1130 3.0202 4.3403 2.9952 2.8573 0.7327 0.6628 1.1197 1.0584 0.7088 0.7917 0.8178 0.6587 0.2789 0.8447 0.4359 0.2088 0.0000 0.8130 0.9951 2.0110 1.6937 1.9121 2.0067 2.0555 2.0464 2.1719 1.8814 2.3170 1.9685 1.7948 2.0555 1.9603 2.0110 1.9769 2.2142 2.0374 1.9769 2.0023 1.9644 2.3170 2.7179 2.5035 2.3230 2.3414 2.3924 2.2250 2.6727 2.3291 3.1270 3.5551 3.7600 3.1412 2.8573 2.1414 2.4190 2.0739 2.0601 2.0739 2.2931 2.3666 2.3170 2.1928 2.1364 2.2699 1.9521 2.0739 1.9769 2.4190 2.3170 2.4745 2.5803 2.5035 2.7179 2.3666 2.5964 2.4190 2.2931 2.2699 2.6296 2.2990 2.0927 2.2585 2.6466 2.3414 2.1823 2.7179 2.5035 2.3539 2.1823 2.1464 1.8627 2.2416 2.4463 2.2585 2.2756 1.8516 2.3794 2.4056 2.2699 2.4889 1.8516 2.2585 2.1167 2.1364 2.2034 2.2873 2.7366 2.3539
203 2.5335 2.9238 2.6296 3.8367 3.1412 4.5399 3.1130 3.6196 6.9357 5.5876 4.3032 3.4743 4.5399 3.7851 3.9466 4.3403 4.3403 6.7176 4.4571 3.4550 3.1412 3.2463 4.0978 4.0353 3.2784 3.5343 3.2948 3.1999 2.6639 4.6269 2.6129 3.2151 3.5551 3.5140 3.9755 3.2784 4.7185 3.2784 4.5399 3.2151 3.9466 3.5977 3.0459 3.4940 4.6269 4.1970 3.7600 3.7114 2.9589 2.3291 2.4533 2.2873 2.6466 3.8367 4.7185 3.3456 3.0076 3.3809 3.9755 3.3284 3.2784 3.7114 3.1701 3.2622 3.2622 5.5176 3.5977 3.0722 3.1849 0.7415 2.5723 3.3809 2.5566 2.6996 2.2699 2.7851 2.1070 3.0992 10.6010 5.3835 5.6597 4.6721 3.7600 9.1232 5.2569 3.5977 3.9755 4.2669 3.3114 5.7339 2.8154 2.5803 2.5488 2.3666 2.9708 2.5644 2.7366 2.8466 2.7851 2.9011 2.5803 3.6196 3.3809 3.2306 3.2622 3.5140 2.5644 2.8790 3.3456 3.3284 2.8573 3.2151 3.6419 3.6646 3.5343 3.2622 2.9952 3.0076 3.1555 2.7752 3.2784 2.1928 3.9183 5.3193 3.5977 3.7114 3.2622 2.8573 3.4940 2.3414 3.7600 3.9755 3.6646 4.0662 3.2948 3.3114 2.8154 2.4325 3.7600 2.6816 3.7114 4.1632 3.0459 3.1270 2.6639 3.3114 3.0459 2.2416 2.6552 2.3924 2.8361 2.5335 3.0330 2.8052 3.3456 2.7366 2.7461 2.4190 3.8107 3.1270 2.7951 3.1270 2.7752 2.8790 2.6046 3.0992 4.0978 3.1130 3.4940 2.7272 2.5488 3.0992 2.9011 3.8633 2.7951 3.0202 2.5644 2.8681 3.7114 4.4172 3.9755 3.0076 3.1555 3.2784 4.2669 2.7272 3.7355 5.3835 4.3783 4.7185 0.7283 0.7003 1.1502 1.1399 0.6229 0.8058 0.5624 0.4520 0.8422 0.2898 0.7174 0.7823 0.8130 0.0000 1.0726 2.0647 1.8299 1.8263 2.0647 2.1464 1.9279 1.9603 1.9200 2.5883 1.9200 2.0285 2.3924 2.0786 2.2472 2.5335 2.2585 2.4394 2.0833 2.1616 1.9121 2.4056 2.8573 2.6466 2.9952 3.4550 2.6906 2.5335 2.2361 2.3414 2.9830 3.5551 3.1412 3.3456 3.0202 2.2699 2.3602 2.2361 2.3414 2.4463 2.2361 2.2472 1.6368 2.1823 2.2699 2.0647 1.9938 2.0285 2.2699 2.5184 2.3414 2.1022 2.3291 2.0464 2.0509 1.9853 2.1216 2.2990 2.1364 2.0464 2.3291 2.1022 2.4056 1.9685 2.8900 2.5411 2.2250 2.4056 2.1216 2.3170 2.4603 2.3230 2.1464 2.3730 2.1515 2.5335 2.2142 2.5035 2.6996 2.8790 2.5644 3.4173 2.4889 2.4889 2.5259 2.4533 2.5184 2.1928 2.4257 2.0197
204 2.4745 3.4550 2.3050 2.6296 3.1849 4.1301 2.7366 3.4173 4.3783 3.1849 3.0459 3.4550 3.6878 3.4550 3.8633 5.8103 5.0239 4.3783 3.3456 2.8154 3.2463 2.7087 2.6906 2.6996 2.8466 2.4190 2.8154 2.8900 2.3924 3.6646 2.5803 2.4745 2.7179 2.5184 3.0992 2.3170 3.3284 3.0722 2.6996 2.9011 2.7557 2.6552 2.4962 2.6996 2.8790 3.1555 2.7557 2.5184 2.4962 1.9399 2.7366 2.5184 2.2814 2.5566 2.6296 2.6906 3.1849 3.3114 2.8052 3.9755 2.8154 2.8154 2.5035 2.3924 2.8154 2.6466 3.7114 2.4745 3.2463 0.9980 2.4463 2.5723 2.5411 2.6466 2.1414 2.5109 2.5803 2.3539 3.4360 3.9183 4.0353 3.4743 4.1632 3.4743 3.2463 3.1849 4.0978 2.9708 3.1130 3.1999 2.5335 2.3414 2.4533 2.2699 2.4673 2.5411 2.3414 2.3291 2.8573 2.7557 2.3414 2.5964 2.8900 2.5964 2.8257 3.1270 2.5109 3.1849 2.7951 2.1928 3.1270 3.1999 3.4550 2.5335 3.1270 3.1849 2.7557 2.4889 3.0722 2.5566 3.1849 2.4325 2.9470 3.0992 3.5343 2.7951 2.5184 2.7557 2.9011 2.9708 2.7951 2.5644 2.9238 3.1555 3.7114 3.0992 2.5883 2.9708 2.9470 2.8573 2.9238 2.3539 2.3924 2.7179 2.4463 2.7557 2.6381 2.3924 2.9470 2.5644 2.3666 2.4325 2.5335 2.9354 3.3114 2.6046 2.3666 2.2931 3.0722 2.6639 2.3666 2.6639 2.3794 2.4257 2.3794 2.2873 2.6129 2.9354 2.4962 2.3414 2.4889 2.7179 3.3114 3.2463 2.5803 3.0589 2.6296 2.5883 2.9011 2.9830 3.1999 2.9952 2.5964 3.4550 3.2151 3.4173 3.7600 3.7600 3.3114 3.3809 0.9331 1.1197 0.6855 0.3999 1.0491 1.1835 1.1536 0.9835 1.0172 1.0569 1.0584 1.0217 0.9951 1.0726 0.0000 1.7445 1.4386 1.4993 1.7511 1.7511 1.7744 1.6724 1.5377 2.0647 1.8157 1.6368 1.9769 1.7948 1.9439 1.8928 1.9644 2.0601 2.1823 1.9239 1.9239 1.9811 1.9938 1.9044 2.0647 2.1719 1.9359 2.1216 1.9685 2.0464 2.8790 2.6466 2.9354 2.6046 2.2142 2.0464 2.1119 1.9938 2.0241 1.9200 2.1616 2.1216 2.0197 2.1928 2.2472 2.3170 1.8371 1.9439 1.8814 2.2250 1.9603 1.9853 2.0927 1.9439 1.9895 1.8701 1.9685 2.2814 1.9279 2.1022 2.1414 2.0374 1.9685 2.0374 2.5109 2.2250 2.0975 2.0374 2.0374 2.1719 2.6727 1.9521 1.8122 2.1823 2.1667 2.5964 2.2305 2.0419 2.3794 2.3170 2.3050 2.5723 2.0739 2.3602 2.4603 2.2990 2.3291 2.1719 2.3414 2.2756
205 2.6639 2.1216 2.2931 2.8681 2.5488 3.2151 5.3193 2.0153 2.5488 2.4257 2.4816 3.3809 2.7654 3.0459 3.5343 2.5964 3.0202 3.3114 3.3456 1.9603 2.0880 2.7179 2.1719 2.6996 3.2151 2.7752 3.7851 2.8466 2.2814 2.6816 2.1364 2.1719 2.0647 2.5803 2.1119 2.2585 2.5109 2.6046 2.4056 2.3291 2.9354 2.5184 2.0241 2.2472 2.2472 2.1119 2.0833 2.0197 1.9319 2.0880 2.2528 1.8087 2.2585 1.9521 2.0647 1.9685 1.9853 2.1022 2.0693 2.1565 2.4603 2.0197 2.6816 2.3291 2.4463 3.2948 2.5335 2.0739 3.0459 2.0110 2.1823 2.5035 2.4463 2.1719 2.1315 2.4190 2.5335 2.1616 2.4257 2.6212 2.8573 2.8790 3.4743 2.3924 2.8466 3.0330 2.3414 2.6727 2.6129 2.8154 2.1515 2.0693 2.0285 1.1314 2.1928 2.2642 1.4154 1.5299 1.8516 1.9439 1.7252 1.9853 1.8814 2.3666 1.6754 1.9938 2.0647 1.8814 2.2034 1.7677 2.2814 1.7744 2.2034 1.9121 2.1515 1.8228 1.8335 1.9603 2.0023 2.0023 2.2361 2.0374 2.1515 2.0374 2.1167 2.0419 2.1022 2.5803 2.0555 1.7316 1.8814 2.3924 2.0555 2.3414 2.5964 2.6996 2.5964 2.9470 2.1719 2.4190 2.3170 2.0647 2.9124 3.2463 2.4816 2.4533 2.7272 2.4325 2.7851 2.7557 2.6639 2.5109 2.1565 2.4190 2.7752 2.6552 2.7752 2.9708 3.2784 2.7654 3.5551 2.3730 2.0927 2.5109 2.6466 2.6466 2.4673 2.6212 3.3114 2.7951 3.3631 3.0856 4.5399 2.8154 2.6552 2.7179 3.0856 2.3794 2.2931 3.4550 2.9589 2.6816 2.1667 3.7355 2.6129 3.4360 3.1999 3.4940 3.0202 2.6996 2.0110 2.1667 1.7710 1.5094 1.9603 1.9853 2.2472 1.9603 2.1823 2.0285 2.1565 2.1464 2.0110 2.0647 1.7445 0.0000 0.6278 0.8647 0.5679 0.8597 0.2252 0.5921 0.4264 0.5229 0.4618 0.9636 0.7045 0.9413 0.7261 0.7261 0.7940 0.7731 0.7460 0.8250 0.6426 1.9439 1.9359 2.0833 1.9044 2.3414 1.9685 2.6381 1.8928 2.0464 3.0589 2.3109 2.9238 2.4394 2.5964 2.3291 2.3291 2.1070 1.9439 2.1823 1.9279 1.9685 2.2585 2.2585 2.3666 1.6138 1.6968 2.3924 1.9603 1.9769 1.5068 1.8852 2.1616 2.2142 1.8627 1.9359 1.8627 2.1616 2.6296 2.1414 2.0197 2.1616 1.9121 2.0509 2.4122 2.6816 1.8371 1.7880 1.7610 1.6876 1.8776 1.6815 1.6426 2.0739 2.1616 1.6604 1.6574 1.6397 1.8814 1.7413 1.7284 1.6999 1.7610 1.6310 1.7610 1.7220 1.7156 1.8664 1.8443 1.8443
206 2.2361 2.4962 2.3990 2.9238 2.4394 3.2151 2.9952 2.2034 2.3794 2.5488 2.8052 9.3127 8.4277 3.0722 5.8103 2.9011 4.3783 3.4173 2.7366 2.5883 2.3170 2.6466 2.3170 3.5762 3.3809 2.0739 3.3989 2.7752 2.2472 2.8573 2.4056 2.0241 2.2361 1.9727 2.2305 2.4394 2.3924 2.3794 2.6296 2.2361 3.1701 2.0374 2.1823 2.6212 2.1719 2.1216 2.0023 2.1119 1.8739 1.7778 1.7948 1.8627 1.9769 1.9200 1.9279 1.8443 1.8017 2.2472 1.8776 2.1719 2.5259 2.3050 2.8790 2.4394 2.6296 2.8154 2.3291 2.1875 2.1315 1.8928 2.3477 2.4889 2.6906 2.4603 2.1265 2.8257 2.1823 2.1265 3.4940 4.3032 2.6381 3.6646 3.3114 4.3032 3.8633 3.5140 3.3989 3.1270 2.9952 3.6196 1.9279 2.2305 1.7845 1.6368 1.7948 2.0110 1.6281 1.6544 1.8966 2.1928 1.9769 2.2814 1.9811 2.3050 1.9769 1.6110 2.2305 1.8192 1.9359 1.9685 1.9603 2.0023 2.2642 2.0023 1.9603 1.8701 2.1823 1.9480 1.9853 1.9895 2.2931 2.3109 2.0975 2.2814 2.1719 2.2142 2.0739 2.1070 2.4394 1.9480 2.2472 2.3414 2.2873 2.1364 2.3291 2.2585 2.1364 2.1823 2.0601 2.1070 2.4603 1.9938 2.2416 2.9124 2.7366 2.7951 2.6296 2.4745 2.6046 2.5109 2.2250 2.3414 2.1022 2.8257 2.5803 2.2034 2.7951 2.6381 2.8154 2.4889 2.1464 2.1364 2.3794 2.9238 2.7179 2.2699 2.6129 2.6727 2.5109 2.5184 2.8681 2.4745 3.8633 2.9011 2.7179 2.8257 2.2814 2.7366 2.3414 2.8790 2.9124 2.3924 2.2528 2.8257 3.1270 2.4889 2.2931 3.0589 3.1130 2.6129 1.7610 2.1616 1.6633 1.4576 1.8480 1.9938 1.7880 1.8480 1.7125 1.7445 1.7845 1.8228 1.6937 1.8299 1.4386 0.6278 0.0000 0.7777 0.4987 0.7099 0.6219 0.6406 0.6074 0.8011 0.6248 0.8891 0.8058 1.0338 0.8459 0.7917 0.9009 0.8142 0.8724 0.7560 0.7393 2.0023 2.0285 1.9603 1.9359 2.2361 2.0023 1.9644 1.9603 2.3050 3.2622 2.8900 3.1412 2.9238 2.3170 2.4325 2.1315 1.9521 2.1022 2.0110 1.8157 2.0023 2.2196 2.2472 1.9938 1.7156 1.5696 1.8192 1.6663 1.7610 1.6368 1.8776 2.5035 2.2361 2.1719 1.9853 2.0647 2.0374 2.2528 2.3050 2.2250 2.1315 1.6784 2.2699 2.5964 3.2151 1.5588 1.8590 1.9279 2.1464 1.8701 1.4819 1.7284 2.0647 1.8443 1.8776 1.6784 1.4600 1.6754 1.9359 1.7348 2.0739 1.8814 1.8299 1.6999 1.7252 2.0739 1.8157 1.9769 1.8814
207 2.6212 2.4056 2.2305 2.2990 6.0539 4.3403 215.8902 215.8902 3.6196 10.6010 2.5335 215.8902 7.4165 9.3127 12.1988 11.6271 3.6419 3.2463 5.8103 2.3990 2.4122 2.6212 2.2472 2.7557 2.5964 2.2034 2.7654 2.3794 2.3990 2.6816 2.2642 2.2699 2.5644 2.5184 2.1616 2.6381 2.1216 2.6906 2.8154 2.1719 2.7461 2.1119 2.0374 2.2699 2.0647 2.2361 1.9044 2.0693 1.9521 1.9359 1.9161 1.7316 1.9319 2.0374 2.0786 1.7544 1.8890 1.9727 1.7610 2.0110 2.5335 1.9082 2.2585 1.9980 2.1515 2.6212 1.8739 1.9439 3.1849 2.4962 2.4190 2.5035 2.6996 2.2931 1.8157 2.4533 2.7951 2.7752 2.7272 2.4745 3.0330 2.4603 2.3291 2.6552 2.6212 2.7272 3.1270 2.9354 2.5883 2.8052 2.5184 2.1022 1.6633 1.5221 1.9521 1.7093 1.7677 1.6663 2.1119 2.0110 1.8890 2.2814 1.7413 2.0110 1.6876 2.3924 2.2034 1.9521 1.9769 1.9200 2.3794 2.0927 2.2416 2.1119 2.2361 2.0927 2.0927 1.5642 1.9603 1.8739 2.2472 2.1119 2.2250 2.2142 2.1928 2.0739 2.2472 2.4533 2.2361 2.0464 2.2416 2.5109 2.2088 2.4122 2.9830 2.4257 2.3794 2.5411 2.2361 2.0285 2.2699 2.2142 3.0856 2.8052 2.7951 2.6639 2.7654 2.8154 3.0992 2.8154 2.8466 2.6296 3.0992 2.6996 2.9354 2.3924 2.2585 2.7851 2.6816 2.6212 2.1719 2.9708 2.3291 3.0856 2.3170 2.3230 2.6466 3.1270 4.7661 2.8573 2.7654 2.7951 2.7951 3.8107 2.8361 2.3353 2.5184 2.0739 2.3990 3.0459 3.2784 3.4550 2.1265 2.5488 2.7951 2.4056 3.1849 4.1970 2.7179 2.9708 1.8664 1.8701 1.7544 1.4918 1.9603 2.0647 2.0285 2.0601 2.0647 1.8852 1.9769 2.3050 1.9121 1.8263 1.4993 0.8647 0.7777 0.0000 0.8154 0.8572 0.8130 0.8106 0.7847 0.9468 0.8497 0.9222 0.9115 0.9195 0.8250 0.7964 0.8775 0.7572 0.8397 0.9721 0.9385 1.9200 1.9359 2.1167 1.6110 2.0601 1.8192 1.8443 1.9121 2.1515 3.3989 3.2306 2.7366 2.8154 2.2250 2.3291 2.1616 1.9938 1.8480 1.9082 2.0197 1.7948 2.0647 2.0647 2.1414 1.8087 1.7284 2.4325 1.8443 1.8814 1.8017 1.8087 2.0647 2.2034 2.0285 1.7031 1.9439 2.4463 2.2305 2.2699 2.2756 2.2142 1.8017 2.2472 2.8154 2.6296 1.7778 1.8516 1.8739 2.1022 1.9769 2.0153 1.8157 1.8739 1.8966 1.8890 1.7677 1.6724 1.7156 1.9685 1.6310 1.9082 1.7610 1.9603 1.8192 1.9279 1.8516 1.6845 2.1119 1.6253
208 2.5566 2.6129 2.3859 2.6906 2.8573 2.8573 11.6271 2.2416 8.5927 3.1999 4.6721 7.1683 215.8902 3.4550 3.1849 3.2784 2.8154 3.3809 2.7087 2.1119 2.1070 3.2151 2.4889 3.0459 3.2306 2.2814 2.8900 3.0459 1.9980 3.1849 3.0722 2.4603 2.5488 2.0330 2.1216 2.8154 2.5184 2.9470 2.7557 2.4889 2.6996 2.0880 2.1414 2.6046 2.1823 2.0647 1.9521 2.2361 1.9769 2.1216 2.2585 2.0374 2.3539 2.0927 2.2756 2.0833 2.1070 2.1928 2.0647 2.1928 2.3730 2.3230 2.3050 2.1823 2.3539 2.8573 2.2472 2.1928 2.7179 2.4603 2.1119 2.3602 2.1364 2.3353 1.8852 2.3109 2.0197 2.1928 3.3456 2.4056 4.5829 3.6196 2.6996 3.6419 3.1130 3.6646 2.8790 3.2622 2.3050 3.1270 1.8966 1.7413 2.0023 1.6253 1.9561 1.8228 1.8852 1.7348 2.0464 2.2250 1.8966 2.2931 2.1022 2.2361 1.6310 1.9603 2.2034 1.8814 1.9044 2.0555 2.1265 2.0067 2.0241 1.8443 2.3666 1.9938 2.2250 1.7811 2.3291 2.0975 2.3859 2.5184 2.1464 2.1022 2.6639 2.6212 2.7951 2.7752 2.5803 2.2305 2.3859 2.8361 2.6552 2.6466 3.1849 2.9124 2.7461 3.0992 2.8790 2.1667 2.7272 3.0722 2.5259 3.6646 2.5803 2.7654 3.0202 2.8466 2.9708 2.7851 2.6212 2.8790 2.6212 2.7557 2.1515 2.4257 2.3859 2.6639 2.8361 2.4325 2.2361 2.3353 2.2642 3.3809 3.1555 3.0459 2.6381 2.5184 2.3924 3.3284 3.3114 3.0856 3.3284 2.6906 2.7752 2.2990 2.4962 2.6639 2.6466 3.0992 4.5829 3.1701 2.4056 3.0076 4.5829 2.3109 2.9354 4.0353 3.0722 3.8367 2.1315 2.3414 1.6663 1.4918 2.0374 2.1119 2.2361 2.0067 1.7348 2.0739 1.8664 2.0880 2.0067 2.0647 1.7511 0.5679 0.4987 0.8154 0.0000 0.6170 0.5090 0.5587 0.5212 0.6446 0.6307 0.9878 0.7371 0.9636 0.8263 0.7708 0.7952 0.8584 0.8238 0.8930 0.6132 2.1022 2.0153 2.0023 2.1022 2.4463 2.1464 2.3602 2.0285 2.2305 3.4743 3.0330 3.4550 2.7654 2.7951 2.2699 2.1315 2.0285 1.9895 2.0647 2.0693 2.2585 2.6816 2.3666 2.1616 1.8017 1.7744 1.6310 1.9727 1.5970 1.7031 1.8299 2.5184 2.1315 2.1515 1.8890 2.1315 2.2699 2.2034 2.5883 2.2196 2.3414 1.8890 2.5644 2.4190 3.4940 1.6876 1.8443 1.7380 1.9685 2.0285 1.5144 1.5970 1.8664 1.7284 1.6515 1.5482 1.6999 1.7413 1.7880 1.5750 1.8776 1.6876 1.8087 1.5455 1.8664 1.8299 1.6999 2.0110 1.6754
209 2.3353 2.4190 2.3730 2.5803 2.9124 2.8361 8.1141 215.8902 3.8905 3.0722 215.8902 215.8902 1.8516 2.6727 2.9952 2.9952 2.8052 2.8361 8.4277 2.2931 2.2699 2.5488 2.2142 2.7752 2.7366 2.1464 2.7654 2.9830 1.9480 2.9354 2.6296 2.1928 2.1719 1.9439 2.0555 2.1928 2.6906 2.5035 2.5335 2.2142 2.9952 1.8890 1.8299 2.1315 2.0110 2.2361 1.9480 2.1119 1.8890 1.8228 1.7948 1.7511 2.0110 1.7948 1.7125 1.9938 1.7544 1.8299 1.8516 1.7478 2.2699 2.2699 2.5109 1.9279 2.2699 2.3666 2.0647 1.9727 3.4173 2.1771 2.8154 2.8573 3.0459 2.3414 1.9853 2.8900 3.1849 2.3730 3.1701 2.8361 3.0330 2.7087 4.6721 2.8466 3.5977 3.9755 2.4056 2.7461 2.4889 2.9952 2.4745 2.2361 2.1928 1.8087 2.1265 2.1823 1.9480 1.7880 2.0927 1.9439 1.9439 2.2034 2.0739 2.2142 1.6845 1.7880 2.0739 1.8814 1.7544 1.9853 1.7744 1.9044 2.0419 1.9439 1.9279 1.7156 2.1315 1.6426 1.9359 1.9938 2.2142 2.4056 2.4056 2.4056 2.5035 2.3990 2.0555 2.4325 2.1315 2.1719 2.1414 2.6996 2.2699 2.7654 2.6466 2.5723 2.5803 2.8790 2.8154 2.0927 2.1070 2.5035 3.2622 3.0589 2.9830 2.8573 2.5964 2.6296 2.8573 2.5035 2.8361 2.6296 2.2196 2.8361 2.4673 2.3230 2.4056 2.4889 2.6046 3.0992 2.5259 3.3809 2.3666 3.3456 2.6996 3.1270 2.7951 2.6996 3.1555 3.5762 2.5803 3.0722 2.9011 2.7557 2.7366 3.0992 2.4745 2.4673 2.1981 3.7600 3.1412 2.6552 2.1565 2.9708 3.3809 2.2642 4.4172 4.2315 3.6878 4.1632 2.2361 2.1667 1.9399 1.7811 2.1771 2.0647 2.1719 1.9480 2.2034 2.1315 2.3353 2.1315 2.0555 2.1464 1.7511 0.8597 0.7099 0.8572 0.6170 0.0000 0.7940 0.8106 0.7305 0.9951 0.7549 0.9331 1.0217 1.1365 0.9440 0.9454 0.9951 0.9907 0.9763 1.1131 0.6981 1.9121 1.9727 2.0285 2.1823 2.3602 2.0647 2.7951 2.0285 2.1719 3.4550 2.5035 2.8790 2.7557 2.4533 1.9561 2.1823 2.0241 2.0975 2.1464 1.9685 2.1119 2.7654 2.1364 1.9521 1.8814 1.7610 2.0509 2.0067 1.9121 1.9161 1.9044 2.4673 2.0023 2.1022 2.2814 1.9521 2.5488 2.3414 2.0197 2.0555 1.9239 1.9044 2.1022 2.4122 3.1555 1.5914 1.8590 1.9811 1.7811 1.7413 1.6784 1.7188 1.9359 1.9121 1.8157 1.8966 1.7880 1.8228 1.9439 1.8087 2.0110 1.9279 1.7156 1.4868 1.9521 1.9769 1.8516 2.0285 1.9044
210 2.5109 2.1070 2.2990 2.9238 2.2472 2.5035 9.1232 2.1823 2.6296 2.6296 2.5335 2.8154 2.7654 3.1849 3.8633 2.4889 2.3859 2.7087 2.9470 2.0241 2.4533 2.7851 2.7366 2.9708 2.6639 2.4889 3.2463 2.9952 2.7654 2.9952 2.4889 2.1823 2.1928 2.5184 2.1928 2.3666 2.3602 2.6639 2.5335 2.7366 2.7654 2.2814 2.1667 2.3170 2.2873 2.4463 2.0197 2.0509 1.9603 2.0739 2.0555 1.8407 2.0419 2.0419 2.0647 1.7188 2.0023 2.2142 1.9359 2.0739 2.5644 2.1515 2.5644 2.2814 2.7557 2.7752 2.4325 2.0739 2.8466 2.2034 2.3730 2.5566 2.5644 2.0833 2.2361 2.5488 2.6129 2.2088 2.3602 2.4889 2.4673 2.2873 2.4394 2.3859 2.2931 2.6466 2.4603 2.9952 2.4394 2.7752 2.2472 2.2756 2.1070 2.0241 2.1515 2.1823 2.1616 1.5119 1.8890 2.1022 1.7252 2.0647 1.8087 2.0110 1.6485 2.0833 1.9769 1.8739 2.0197 1.7156 2.1216 2.0374 2.2699 1.9044 2.3414 2.0023 1.6485 1.5914 1.9644 2.0739 2.3924 2.0285 2.1616 2.0285 2.2196 1.9521 2.0927 2.6296 2.3414 1.8443 1.8228 2.5803 2.3414 2.4889 2.8154 2.6996 2.9470 2.7366 2.4325 2.1315 2.2585 2.1981 2.8154 3.0459 2.5644 2.4962 2.7272 2.6296 2.5411 2.7654 2.4745 2.6046 2.0786 3.1270 2.6996 2.5335 2.9238 2.8361 3.2463 2.5644 3.8905 2.4962 2.1515 2.8681 2.3990 2.5184 2.9470 3.1130 3.1130 3.4360 2.9354 3.3989 4.4571 2.5488 3.1555 2.8466 2.8790 2.5184 2.2472 3.7114 3.3114 2.4816 2.1364 3.2784 3.3114 3.5762 3.0459 3.2306 3.1999 3.1999 2.1928 2.0975 1.7744 1.4576 1.8443 1.9521 2.0833 1.8627 2.0464 1.9603 2.1616 1.9938 2.0464 1.9279 1.7744 0.2252 0.6219 0.8130 0.5090 0.7940 0.0000 0.5865 0.3403 0.5194 0.5407 0.9551 0.7917 0.9142 0.7045 0.6731 0.8385 0.7594 0.7327 0.8647 0.6486 2.0555 2.0833 1.9359 1.9521 2.3666 1.9685 2.3291 1.9853 2.2931 2.8681 2.4190 2.8361 2.5184 2.4463 2.1823 2.5035 2.2873 1.7710 2.1022 2.1414 2.1667 2.2585 2.2250 2.1823 1.5615 1.7577 2.1414 1.8664 2.1414 1.6026 1.7948 2.1719 2.1265 1.8299 1.8087 1.8739 2.0464 2.2931 2.1022 2.0739 2.1719 1.8664 2.0739 2.3924 3.2151 1.6968 1.9439 1.7710 1.7778 1.9319 1.6026 1.5642 1.9044 2.0374 1.7380 1.8516 1.5119 1.8299 1.7413 1.5325 1.6574 1.6724 1.7156 1.7544 1.7677 1.7610 1.7220 1.7948 1.5535
211 3.0992 2.2873 2.4122 3.7114 2.7951 8.1141 215.8902 215.8902 2.5803 4.7661 4.5399 215.8902 4.4571 8.9402 7.9651 6.3208 3.1130 215.8902 215.8902 2.0975 2.5644 3.3989 2.4325 2.4257 2.7366 2.0464 2.3666 2.4603 2.1928 2.7179 2.2756 2.3109 2.4889 2.2361 2.0833 2.4056 2.0067 2.5644 2.3539 2.5335 2.4463 1.8664 1.9895 1.9399 2.1616 2.2361 2.1315 2.0197 1.8776 1.9603 1.9439 1.8966 2.2196 2.0464 2.0110 2.0464 1.8739 2.0975 2.2034 2.3291 2.7087 2.1515 2.4463 2.0739 2.3170 2.3666 2.9952 2.3794 2.6552 2.0509 2.4673 2.6296 2.2642 2.3170 2.0285 2.3050 2.4889 2.4889 2.4962 2.6296 2.9354 2.2931 2.5335 2.4962 2.3859 2.5964 2.6129 2.5803 2.2034 2.8154 2.1667 2.1616 1.9044 1.4868 1.6456 1.8928 1.8627 1.7156 2.0197 2.0197 1.7948 2.2472 2.1022 2.0464 1.8157 1.9082 1.8966 1.6968 1.8516 2.0786 2.0786 2.3291 2.2472 1.9603 2.3539 1.9938 1.9439 1.6082 1.7544 1.7811 2.2699 2.3050 2.2034 2.2814 2.0285 2.1414 2.3230 2.2361 2.5109 1.9439 2.2814 2.3414 2.1823 2.0927 2.2699 2.5883 2.1515 2.4190 2.2142 1.8157 2.1464 2.0833 2.2814 2.9830 2.8361 2.5184 2.7179 2.7557 2.8573 2.6816 2.8154 2.9354 2.4603 3.1412 2.9952 3.3631 2.7557 3.1412 2.5964 2.8573 2.7179 2.8052 1.9895 2.9952 2.4257 2.3794 2.5964 2.6046 2.6296 2.8790 2.8361 2.5803 4.0662 2.7752 2.8052 2.5803 2.2088 2.2873 2.4463 2.7654 3.9466 2.5566 2.5566 4.5829 4.4172 3.3114 3.4550 3.4550 3.7114 3.5140 1.9200 2.3602 1.8263 1.5068 2.3291 2.4603 2.0880 2.0023 2.0739 2.0419 2.0023 2.2361 2.1719 1.9603 1.6724 0.5921 0.6406 0.8106 0.5587 0.8106 0.5865 0.0000 0.5460 0.6628 0.6132 0.9195 0.7640 0.9524 0.8324 0.8202 0.8106 0.9222 0.8622 0.8801 0.7066 1.9895 2.0023 1.8157 2.0555 2.6129 1.9603 2.2142 1.9239 1.9685 3.1849 2.7557 2.8154 2.6129 2.4056 2.1515 2.2585 2.2250 2.0786 2.1119 2.0509 1.9279 2.2814 1.8966 2.2699 1.7880 1.8664 2.2250 2.0110 2.0464 1.6815 1.7316 2.2931 2.3924 1.9439 1.9603 1.9521 2.3050 2.2250 2.0110 2.0739 1.9685 1.8335 1.9685 2.6129 3.3114 1.8890 1.6907 1.8590 1.8157 1.8814 1.5750 1.4246 1.9480 1.8590 1.6082 1.4505 1.5696 1.5914 1.8228 1.6968 1.7125 1.8087 1.8157 1.5750 1.7316 1.7348 1.5669 1.7478 1.5377
212 2.8154 2.1616 1.8192 2.6906 4.1632 3.0459 2.5411 2.7654 3.0856 2.6639 2.2699 215.8902 2.0693 3.7114 3.4550 3.5343 3.7114 3.6878 3.3456 2.3539 2.4257 2.7179 2.3050 2.7557 3.3284 2.4463 3.3114 3.0202 2.1771 2.8790 2.2361 2.3230 2.1875 2.2699 2.1216 2.3666 1.8664 2.6996 2.4463 2.1414 2.8361 2.1216 2.0419 2.1315 1.8407 2.1216 2.0023 2.2756 2.1464 2.0153 1.9895 1.7643 1.8664 1.9359 1.9121 1.8966 1.8017 2.1022 1.8017 2.0285 2.5035 2.1823 2.0110 1.7284 2.0555 2.2361 2.1515 2.0464 3.1849 2.0927 2.2585 2.4325 2.3602 2.1616 1.8480 2.2585 2.4603 2.3050 3.0589 3.0202 2.8466 2.9952 2.6129 3.0589 2.6296 3.0856 2.3477 2.6639 2.7851 2.9470 2.4603 2.1823 2.3859 1.9359 2.2699 2.2250 1.8228 1.6138 2.2699 2.2361 2.1414 2.0110 1.8443 2.5411 1.7744 1.8590 2.2931 1.9279 2.0555 1.7478 1.9521 2.0555 2.2250 1.5221 2.2250 2.0330 2.1364 1.5273 1.8890 1.9359 1.8017 2.1771 1.9769 2.0110 2.3050 2.2585 2.1216 2.1616 1.9279 1.9399 2.0464 1.9685 2.1515 2.3794 2.3477 2.3924 2.5035 2.4190 2.3477 1.9521 2.1928 1.9603 2.6816 3.6196 3.0722 3.2151 3.0722 2.9354 3.4940 2.8154 2.5184 2.7851 2.2361 3.0856 3.0202 2.6996 2.6906 2.7366 4.8150 2.3924 2.8466 3.1412 1.9853 3.3809 2.8573 2.7179 3.6878 3.0722 4.7185 4.3403 3.3114 3.8905 4.4571 2.5644 3.4940 2.4056 3.0459 2.5644 2.3794 4.7185 3.0330 2.2699 2.1565 3.0722 2.7272 3.2622 2.5883 3.0202 2.8052 2.6727 1.9980 2.0555 1.6485 1.4673 1.9319 2.0833 2.1719 1.9853 1.9279 2.1022 2.0197 2.0023 1.8814 1.9200 1.5377 0.4264 0.6074 0.7847 0.5212 0.7305 0.3403 0.5460 0.0000 0.5642 0.5212 0.9331 0.8058 0.9966 0.7882 0.6897 0.8547 0.7777 0.7777 0.8238 0.5605 2.1515 2.4190 1.9521 2.1616 1.9769 1.9561 2.9011 2.2250 2.1565 3.3989 3.2151 3.4360 2.4673 2.5723 2.2990 2.3666 2.0374 1.6845 2.0927 2.1414 2.1216 2.3414 2.0285 2.1216 1.9200 1.5750 1.9938 1.9895 1.8590 1.6968 1.9279 1.9938 2.1315 1.9853 2.2196 1.9853 2.2585 2.5035 1.8814 2.3170 1.9769 1.9200 1.9980 2.8361 2.6816 1.6195 2.0197 1.8157 1.8776 1.6485 1.4154 1.5221 1.7811 2.0023 1.5859 1.5914 1.4528 1.6310 1.7156 1.5535 1.6845 1.6310 1.6574 1.5482 1.7478 1.6138 1.4386 1.7445 1.5696
213 3.3989 3.5762 3.5140 2.9238 2.9238 3.1999 2.8154 2.8790 2.5803 3.1270 2.8361 3.4360 2.7366 2.8154 3.3114 3.7114 3.1701 3.0992 2.6906 3.0202 2.9238 2.9952 2.9011 3.1270 2.8900 2.7851 3.0589 3.2622 3.1555 3.2306 2.7557 2.5964 2.6639 2.9952 2.7272 2.7951 4.1301 3.8905 3.5762 2.8361 3.1412 2.7272 2.4603 2.7752 2.8154 2.9708 2.6996 2.6046 2.9952 2.6816 2.2699 2.0374 3.2306 2.6466 3.1701 2.5883 3.0330 2.8257 3.9183 2.7272 3.2463 3.0722 2.6466 2.7179 2.8681 2.7272 2.6296 2.5184 2.7851 2.4745 2.5964 2.6996 2.5803 2.4603 2.5644 3.0202 3.4743 2.7087 3.1270 3.4173 2.9238 3.0202 3.4550 3.2463 3.2151 3.4173 3.1701 3.1555 4.0051 3.3631 2.4603 2.0285 3.4173 1.9044 1.8299 1.8590 2.5566 2.3990 2.7461 2.8790 2.7654 2.4463 2.4122 2.8900 2.5644 2.8573 2.6296 2.2361 2.5644 2.3414 3.0589 2.8900 3.4940 2.9470 3.1412 2.8790 2.4533 2.3730 2.4257 2.4463 2.8900 2.6816 2.2142 2.3924 2.4889 2.8681 2.6296 3.1555 2.7366 2.8790 2.6639 2.6727 2.6639 3.2463 2.6816 3.1555 2.7752 2.8361 3.0722 2.3414 2.5883 2.6129 3.2306 3.1270 3.1849 3.0202 2.9238 3.0856 2.9238 2.7752 3.0992 3.2463 3.0076 3.5762 3.4173 3.9183 3.3114 2.7366 3.2463 3.9183 3.2463 3.9183 2.6466 3.0722 2.6552 3.0992 2.9708 2.9952 5.0239 2.9952 2.7087 3.5762 4.3032 3.8633 4.6269 3.3631 2.4463 3.0992 3.3631 3.5343 3.5343 5.0239 2.5803 4.2315 3.7355 4.0353 4.4571 3.6646 4.0353 4.3783 2.6296 2.8154 2.3170 2.0374 2.4325 2.6816 2.4533 2.3990 2.2034 2.4190 2.2931 2.4056 2.3170 2.5883 2.0647 0.5229 0.8011 0.9468 0.6446 0.9951 0.5194 0.6628 0.5642 0.0000 0.6557 0.9413 1.0445 1.2953 1.0934 1.0678 1.1746 1.0902 1.1623 1.1097 0.7109 2.2472 2.6996 2.8154 2.7461 2.9708 2.4745 3.1130 2.8154 2.8573 3.2463 2.7752 3.8633 2.6906 2.7951 2.2250 2.4533 2.6212 2.3414 2.6296 2.5803 2.6296 2.9124 2.8052 2.9470 2.2528 2.1928 2.9011 2.4962 2.5259 2.5883 2.5644 3.0330 3.2463 3.5140 2.7272 3.7600 3.3989 3.4940 2.6727 2.9354 2.5035 2.4463 2.6727 2.7752 3.5762 2.1928 2.4603 2.5488 2.3924 2.4673 2.1216 2.1981 2.5035 2.5566 2.0647 2.1464 2.2585 2.4190 1.8087 1.9727 2.5964 2.3291 2.4463 2.5184 2.1464 2.2142 2.0197 2.4889 2.3291
214 2.8361 2.0285 2.3414 2.9589 3.1270 2.9354 2.5644 2.4463 3.1270 2.6129 2.8790 215.8902 2.0647 3.8107 3.1555 3.8633 4.4571 215.8902 215.8902 2.2034 2.1928 2.5335 2.6296 2.6996 2.9011 2.7951 3.2948 2.8361 2.7557 2.7851 2.7366 2.1022 2.1167 2.2034 2.1216 2.2361 2.1265 2.3477 2.1216 2.5488 3.3456 2.3050 2.3109 2.4816 2.2585 2.3353 2.8573 1.9938 2.0153 2.1719 1.9603 1.7983 2.0374 2.0833 1.9685 1.8966 1.9121 2.1414 1.7413 2.1464 2.5184 2.0739 2.1719 2.2814 2.1515 2.4463 2.3050 2.1414 3.0459 1.9685 2.3794 2.5644 2.9470 2.3109 2.0880 2.2814 2.2990 2.1216 2.3353 2.2585 2.4745 2.8466 3.1849 2.4962 2.2142 2.8573 2.6816 2.7557 3.0459 3.2151 2.1719 2.0110 1.9811 1.8928 2.1022 2.0110 1.9359 1.6138 2.3291 1.7880 1.6339 2.4190 1.7677 2.0153 1.6426 1.8890 1.8516 1.8052 1.8516 1.8443 2.0197 1.9769 2.1928 1.8371 2.1823 1.9279 2.0927 1.7062 2.0464 2.0464 2.2814 2.3291 2.4056 1.9521 2.1414 2.1515 2.1022 2.4463 2.2196 2.3794 2.3794 2.4056 2.2990 2.6996 2.5488 2.6296 2.4056 2.5488 2.7272 2.0693 2.0739 2.4533 3.0589 3.0589 2.3794 2.6639 2.9238 2.8681 3.0589 2.6296 2.8052 3.0856 2.1414 2.6129 3.5762 2.7179 2.5644 2.7087 3.1555 2.9011 2.3170 4.1301 2.3794 2.9589 3.1555 2.6996 2.8681 4.9166 6.7176 4.9166 2.7366 2.6381 3.9183 2.7951 3.9183 2.4816 2.8154 2.3666 2.7557 3.0459 2.6212 2.9354 2.3730 4.0051 2.5035 3.2948 7.1683 4.2669 3.3456 3.2463 2.1414 2.2034 1.8087 1.5914 1.9853 1.7948 2.0464 1.8017 1.8739 1.9005 1.9200 1.9359 1.9685 1.9200 1.8157 0.4618 0.6248 0.8497 0.6307 0.7549 0.5407 0.6132 0.5212 0.6557 0.0000 0.8970 0.7305 1.0308 0.7882 0.8011 0.8058 0.8130 0.8058 0.8130 0.5073 1.8966 2.0739 1.9644 2.1022 2.3794 2.0110 2.4394 1.8966 2.2034 2.8790 3.1849 2.6129 2.4056 2.2034 2.4889 2.8573 2.0330 2.3477 1.9853 2.1616 2.0601 2.3539 2.6296 2.0374 1.7413 1.9200 2.0927 1.9853 1.8664 1.6310 1.9769 2.0555 2.6381 2.1823 2.1414 2.0927 2.1823 2.3109 2.6129 2.0197 2.4463 1.9082 2.6212 2.5644 2.6212 1.9727 1.9853 2.0833 1.8852 1.9319 1.6368 1.6195 2.0285 1.9769 1.8739 1.6574 1.6253 1.7845 1.7610 1.6604 1.7031 1.7845 1.8087 1.8192 1.6339 1.7610 1.6999 1.9938 1.8228
215 2.9011 2.4603 2.6046 2.5803 2.3477 3.3456 2.3291 2.3170 2.9470 2.5184 2.5644 5.0239 2.1364 2.2472 2.7752 3.5140 2.5566 2.6996 2.1119 2.3230 2.1771 3.1412 2.0374 2.2699 2.2142 2.5335 2.4962 2.5644 2.0419 2.8573 2.3924 2.1616 2.5803 2.0419 2.5488 2.2585 2.1167 2.1928 2.4325 2.0374 2.6212 1.9769 1.9938 2.1022 2.1265 2.2931 2.1167 2.1216 2.1565 2.0023 1.8228 1.8701 2.2585 2.0880 2.0464 2.1414 2.0601 3.0202 1.9895 2.2305 2.3602 2.2585 2.1928 2.2142 2.4603 2.2142 2.3539 2.0739 2.9124 1.8052 2.2250 2.4122 2.3924 2.7179 1.8017 2.4056 2.9124 2.0693 2.9124 3.2306 2.6296 3.2463 2.9011 3.0202 3.4173 4.2315 3.6419 3.0589 3.0856 3.2948 2.4745 2.1414 1.5068 1.6968 1.4316 1.3620 1.4844 1.8263 2.2250 2.4056 2.1414 2.5035 1.8928 2.0110 2.0285 1.9480 2.2250 2.0464 2.2585 2.3050 2.1167 2.1667 2.3170 1.8890 2.2642 2.4816 2.1771 1.9895 2.2990 1.9521 2.3666 2.0374 1.8739 1.9121 1.9685 2.1216 1.7948 2.0023 2.1414 2.0464 2.1515 2.0555 2.0927 2.0197 2.2585 2.2305 2.1823 2.4889 2.1216 2.0330 1.9938 2.0739 2.7752 3.0459 2.3477 2.7461 2.6727 2.1565 2.6727 2.5644 2.6296 2.1981 1.9561 2.7951 2.2250 2.7461 3.1555 2.5723 2.5488 1.8890 2.4463 2.2361 2.2931 3.0459 2.8573 2.2142 2.7366 2.7951 2.6996 2.6046 2.8154 2.4463 4.4571 5.1372 2.5644 2.9952 2.7179 2.8361 2.4257 2.6552 2.9354 4.1301 2.3050 2.8361 3.9755 4.3032 3.0459 2.8790 3.5343 5.0798 2.0197 1.8852 1.7348 1.4918 1.9121 1.7983 2.0833 1.9439 1.8157 2.0555 1.6138 1.8371 1.7948 2.0285 1.6368 0.9636 0.8891 0.9222 0.9878 0.9331 0.9551 0.9195 0.9331 0.9413 0.8970 0.0000 0.8749 0.9496 0.7987 0.8801 0.8385 0.8724 0.7964 0.8336 1.1164 1.8966 2.2142 2.0285 2.0067 2.0197 1.7811 2.4463 2.0330 2.1719 3.5343 2.4533 2.5883 3.0722 2.3291 2.6466 2.5411 2.3539 2.5335 2.3924 1.8590 1.9200 2.0739 1.8966 1.9279 1.6845 1.7677 2.1616 1.6999 1.8263 1.7643 1.6999 1.8157 2.0374 1.9439 1.9121 2.0153 2.2250 1.9769 2.6296 2.3230 2.6816 1.7284 2.5259 2.3602 2.5723 1.6515 1.5970 1.4721 1.8052 2.1928 1.7610 1.7316 1.9603 1.8228 1.8664 1.7677 1.7677 1.9439 1.8087 1.7093 1.8299 1.7610 1.7880 1.9121 1.8052 1.7156 1.6485 1.8590 1.5588
216 3.2151 2.8681 2.5964 2.6996 3.3809 3.6196 3.0722 3.2463 2.9708 3.4940 3.0459 2.9354 2.7851 2.7951 3.5762 3.7600 3.0856 3.4173 2.9708 2.9238 2.8790 3.0202 2.5335 3.2306 2.8154 2.9011 3.0589 2.5035 2.7752 2.7461 2.9952 2.8361 2.4257 2.6727 2.4745 2.7087 3.0992 3.3114 3.0076 2.6816 3.1999 2.8361 2.6046 3.2622 2.7752 3.1849 2.6466 2.5723 2.5411 2.7951 2.9470 2.6212 2.7951 2.9708 3.1270 2.8573 2.3414 2.9354 2.5259 3.0076 2.4056 2.4190 2.8790 2.9830 2.4463 2.2642 2.6296 2.2250 3.4360 1.9938 2.6639 2.6727 3.0076 2.5803 2.9238 2.5184 2.9470 3.0330 3.3456 2.9011 3.2463 3.2463 3.3456 3.1130 3.1555 3.8367 3.4743 3.9755 3.1555 3.3809 2.8361 2.3666 2.4463 2.1515 2.3539 2.4325 2.8790 2.6212 2.8052 2.9011 2.8790 3.1270 2.8681 2.6466 2.4463 3.0459 2.4745 2.6816 2.6466 2.7851 3.1555 2.5644 3.1412 3.1555 3.1555 2.7654 2.7951 2.3353 2.3539 2.5184 2.8154 2.9952 2.3990 3.0330 2.6639 3.0202 2.7951 3.2622 2.5259 2.7851 3.6646 3.2948 2.9708 2.8573 3.0722 3.1130 2.8052 2.9354 2.6296 3.2948 3.2948 2.6906 2.7951 3.6196 2.7951 2.9830 3.0076 3.1849 3.1555 3.2463 3.0459 2.8154 2.9952 3.6196 3.6196 3.0459 3.3114 3.0459 4.3783 4.1632 3.0992 2.7951 2.5035 2.7272 2.7179 2.3170 2.6466 2.6996 2.5644 2.6296 2.5803 2.8257 3.4173 3.8633 3.5762 3.2784 3.9183 3.0459 2.6296 3.7114 3.5343 5.6597 2.7951 3.6196 4.1632 4.5399 3.0202 4.6269 3.3456 2.9011 2.2142 2.3291 2.1515 2.1119 2.4056 2.3050 2.1022 2.2250 2.1315 2.4745 2.1119 2.0647 2.0555 2.3924 1.9769 0.7045 0.8058 0.9115 0.7371 1.0217 0.7917 0.7640 0.8058 1.0445 0.7305 0.8749 0.0000 0.7640 0.6132 0.6074 0.6648 0.6170 0.5229 0.8275 0.9062 2.3990 2.5411 2.6296 2.3990 2.5335 2.3794 2.8573 2.4463 2.7179 3.3456 2.7752 3.2463 3.0589 2.5803 2.5488 2.7179 2.4325 2.2142 2.4889 2.5803 2.2931 2.5964 2.5644 2.8361 2.0555 2.1315 2.4603 2.3050 1.9279 2.0833 2.4190 2.3291 2.6996 2.8361 2.6466 2.5964 2.5964 2.6816 2.5035 2.3794 2.3602 2.2699 2.4962 2.5109 2.7179 2.2034 2.3291 2.8790 2.4889 2.4190 2.1928 2.0285 2.5644 2.5803 2.2034 2.0509 2.2931 2.0927 1.9853 2.2642 2.5964 2.1515 2.4394 2.5035 2.0464 2.1928 2.1823 2.3109 2.2931
217 2.8361 2.3794 2.2931 2.4190 2.8900 2.9011 3.5977 2.5566 3.2151 3.4173 2.4745 2.6046 2.6381 2.9708 3.0459 3.1270 2.5488 3.0202 2.8790 3.1412 2.5803 2.8257 2.6639 2.5184 3.0330 3.1555 2.8052 2.7557 2.6129 2.9354 2.7087 2.9238 3.0992 3.0722 2.6466 3.4173 3.1701 2.7951 2.6639 2.4889 2.8790 2.8900 2.5411 2.8361 2.4257 2.8052 2.7557 2.5488 2.7272 2.6906 3.0722 2.5488 2.6816 2.9470 2.7557 2.4603 2.6129 2.8573 2.5964 2.6296 2.6466 2.6996 2.8900 2.7087 2.9354 2.3291 3.2784 2.7752 3.9183 1.9685 3.5762 2.9011 2.7179 2.9952 2.7557 2.7461 3.1999 2.7557 2.9470 2.6296 3.1849 2.6296 2.7654 2.9470 2.8361 2.6639 2.8361 2.7557 2.7366 3.6646 3.1555 2.3794 2.7752 2.2585 2.3794 2.4962 2.9952 3.0202 3.1555 2.7272 3.0202 3.0722 3.0330 2.7752 2.3602 3.1412 2.7366 2.6046 2.1981 2.8466 2.9011 3.3456 3.2306 2.9952 3.2463 3.1849 3.0202 2.8361 2.3539 2.5035 2.8900 3.1555 2.9470 2.6906 2.6996 2.5803 2.8573 3.0330 2.7272 2.4673 3.1555 2.9952 2.9952 2.7366 3.6196 3.4360 2.8900 2.9830 2.7951 2.6296 3.2784 3.0459 2.9238 3.1849 2.9011 2.5803 3.3809 2.9238 3.1999 3.1270 2.8573 2.7366 3.3114 3.2784 3.6646 2.6129 2.5644 2.4394 3.7600 3.9466 2.5644 2.8361 2.4745 2.9952 2.7654 2.5566 2.7179 3.0459 3.1849 2.9011 3.7114 3.1555 3.3809 2.6466 3.8107 3.1270 4.8150 2.8573 3.6196 3.5977 3.8633 4.1632 2.5566 2.8361 3.9183 3.1270 3.4173 4.0662 3.3989 2.9952 2.0555 2.1119 2.1823 1.7811 2.1216 2.1928 2.1414 2.1119 2.1119 1.8480 2.0464 1.9200 1.9603 2.0786 1.7948 0.9413 1.0338 0.9195 0.9636 1.1365 0.9142 0.9524 0.9966 1.2953 1.0308 0.9496 0.7640 0.0000 0.7708 0.8250 0.8202 0.7527 0.7893 0.8447 1.2181 2.2196 2.4325 2.3170 2.1515 2.4463 2.3539 2.4745 2.3924 2.6129 3.0722 3.3284 3.0202 2.9952 2.8790 2.1823 2.4190 2.1515 2.0285 2.1070 2.1515 2.1515 2.1616 2.1616 2.1616 1.9121 2.1719 2.2250 2.1022 2.0197 1.9121 2.1464 2.0833 2.5184 2.3353 2.2361 2.1928 2.4745 2.3291 2.2814 2.4190 2.4394 1.9853 2.3170 2.3050 2.4745 2.3414 2.5644 2.3924 2.5259 2.4190 2.4603 2.4190 2.5259 2.6466 2.4056 2.5488 2.3414 2.5335 2.4056 2.2873 2.9238 2.4463 2.5335 2.7951 2.3794 2.4257 2.1719 2.5035 2.5259
218 2.6816 2.8257 2.6296 2.8573 3.2151 3.5762 3.0459 3.3631 3.4173 2.8573 3.6646 4.1632 3.0722 3.0459 4.2315 4.5399 3.3809 3.8633 3.1849 2.7557 2.6996 3.4173 2.7179 2.9708 3.1270 2.6129 2.9708 2.7752 2.6996 3.5343 2.8052 2.6639 2.5964 3.0330 2.2585 2.5723 3.7114 2.6996 3.0459 2.6639 3.7851 3.0076 2.7557 3.3809 3.1849 3.3284 2.8790 2.0927 1.9359 2.1216 2.0153 1.8017 2.6816 2.3170 3.0202 3.0992 2.6996 1.9561 2.5803 2.2931 3.4360 2.3730 3.1849 2.8790 3.0202 2.9708 2.9830 2.5644 4.2315 1.9938 2.8466 3.0459 2.9238 2.6639 2.4889 2.9830 2.9011 2.7179 2.4673 2.5335 3.0992 2.5035 2.9708 2.4745 3.1849 3.8905 2.8573 2.5335 2.6816 3.2463 2.9011 2.1515 2.3414 1.9853 2.2585 2.1515 2.6212 2.7557 3.1999 2.6552 3.1849 3.1270 3.1270 3.1130 2.2873 3.1270 2.6906 2.1515 1.8890 2.0833 3.7851 2.7179 3.0722 2.7752 3.0459 3.1849 1.9399 2.4533 2.4673 2.7557 3.1849 3.0856 2.9708 3.0459 3.2784 3.2306 3.0722 3.1849 3.6196 3.5343 3.0992 3.3284 3.1701 3.6646 3.6646 4.3032 2.9238 3.9755 3.4550 3.2151 3.1555 3.3456 4.3032 3.6646 2.7087 2.9708 3.2463 3.0459 3.1849 3.0459 3.3809 2.6466 3.3631 3.8107 3.9183 2.7272 3.3456 3.5977 5.0239 3.8633 3.1849 2.9952 2.8154 2.9708 2.9708 2.3990 2.9354 3.0459 2.8573 3.0459 2.4745 3.3631 3.9755 4.0353 3.5343 3.2463 3.5762 3.2784 2.4325 3.3456 4.0353 3.3456 2.0647 3.2463 3.5977 4.0662 2.9589 3.8367 2.9830 3.0459 2.1022 2.1719 2.2142 1.9603 1.8480 2.1719 2.0285 2.0285 2.3050 1.9769 2.1875 1.9439 2.0110 2.2472 1.9439 0.7261 0.8459 0.8250 0.8263 0.9440 0.7045 0.8324 0.7882 1.0934 0.7882 0.7987 0.6132 0.7708 0.0000 0.2884 0.6731 0.5073 0.5099 0.7482 0.8647 2.4325 3.2151 2.6639 2.3291 2.6639 2.9952 2.9708 2.4673 2.9238 4.0353 3.5343 3.3456 3.1701 2.8681 2.3794 2.4325 2.3794 2.2142 2.5035 2.6996 2.2814 2.6466 2.2472 2.1719 1.9685 2.0110 2.4463 2.0927 2.3050 2.3414 2.1515 2.0647 2.4889 2.6466 2.2472 2.5335 2.3050 2.6639 2.6296 2.1616 2.3924 2.0509 2.6296 2.5035 2.7752 2.4463 2.3170 2.2756 2.6296 2.5184 2.3794 2.4056 2.7087 2.6639 2.3291 2.5035 2.4056 2.4190 1.7983 2.3414 2.9589 2.5184 2.7179 2.4889 2.2585 2.4745 2.3291 2.6552 2.4603
219 2.7951 2.7752 2.8573 2.7461 3.3114 3.0459 2.7752 2.7851 3.4940 3.3631 2.8681 2.7087 3.4743 3.0992 3.5343 3.7600 3.6196 3.6196 3.2948 2.8790 2.5964 3.4940 2.7366 2.5259 2.9470 2.7461 2.8790 2.6466 2.6996 2.9708 2.8361 2.6639 2.5964 2.3924 2.3794 2.6129 3.3809 3.0202 2.7366 2.7179 3.2948 3.2306 2.3794 3.5343 2.9238 3.1270 2.9952 2.7654 2.0555 2.1464 1.9685 2.6552 2.5803 2.2642 2.9238 3.1701 2.6129 3.0459 2.6129 2.9354 2.6129 2.7179 3.0856 2.6816 2.7366 2.8681 2.9124 2.3050 3.5343 2.0647 2.5488 2.6727 2.8790 2.4325 2.5964 2.6906 2.9238 2.6816 2.9470 3.0992 2.5964 2.9124 4.0051 3.0076 3.6878 3.7600 2.9354 3.1555 2.8052 3.9466 2.9708 2.2585 2.5644 1.9853 2.2699 2.6639 2.6639 2.8361 2.8466 3.1555 3.2948 3.1849 3.2784 3.1555 2.3170 2.9011 2.9830 2.3730 1.7677 1.7880 2.8361 2.8154 2.6996 2.9470 2.7752 3.1412 2.7366 2.6129 2.7752 2.6466 2.9470 2.9589 3.1555 2.7087 2.7179 3.1999 2.8154 2.5803 3.2151 2.7461 3.3989 3.3114 3.0722 3.2784 3.5977 3.7355 3.6646 3.4173 3.6646 3.2948 3.2784 2.7752 3.2784 3.2784 2.7366 3.0459 2.9708 2.8154 2.9470 3.0992 2.9470 2.8154 2.8052 5.2569 3.6646 2.5644 2.8790 2.7366 5.5176 3.8633 3.1270 3.1849 2.6639 4.4571 2.6296 2.6212 2.9708 3.0589 2.9470 3.1555 2.9124 2.7557 3.0202 3.4173 3.3456 4.2315 2.6552 2.6996 2.4603 2.8573 3.8107 3.6646 2.4745 3.7114 3.7355 4.0978 3.2306 4.1301 3.4360 3.5762 1.9279 2.1119 2.2361 1.8890 2.0197 2.2931 2.0833 2.1315 2.0833 2.0739 2.1022 1.8228 1.9769 2.5335 1.8928 0.7261 0.7917 0.7964 0.7708 0.9454 0.6731 0.8202 0.6897 1.0678 0.8011 0.8801 0.6074 0.8250 0.2884 0.0000 0.6436 0.5177 0.5247 0.8118 0.8698 2.3859 2.9238 2.4889 2.2034 2.6996 2.6816 2.3539 2.3794 2.6296 3.3809 2.9011 3.0992 3.0722 2.4745 2.3924 2.5035 2.3794 2.0693 2.2472 2.9708 2.5184 2.9011 2.2585 2.5335 2.1823 2.1022 2.4745 2.2814 2.3794 2.3666 2.3794 2.0464 2.5644 2.5488 2.3170 2.6129 2.4056 3.1270 2.3602 2.1216 2.3291 2.2142 2.4889 2.5335 2.6129 2.1414 2.4056 2.5488 2.6816 2.5488 2.0833 2.1414 2.6639 2.4745 2.2250 2.1981 2.2699 2.2361 2.1616 1.9938 2.7179 2.3414 2.5488 2.2814 2.1216 2.2931 2.1414 2.4816 2.3539
220 2.4603 3.1555 2.6639 2.3990 2.9354 2.9708 3.0459 2.8900 2.9708 3.0992 2.8790 2.8790 3.2151 2.8154 2.7752 3.6646 2.9011 3.3284 2.8154 2.5109 2.4889 3.1130 3.0202 2.8900 2.9708 2.7752 2.9589 2.9238 2.9470 3.4360 2.6727 2.1823 2.7951 2.6046 2.4190 2.3602 3.3456 2.9470 3.0992 2.9952 3.3284 2.3291 2.6212 2.6639 2.5109 2.8573 2.5335 1.9480 1.9121 2.1464 2.0285 2.8900 2.8361 3.0459 3.6878 3.1412 2.6296 1.9359 2.5184 2.8790 2.5488 2.3990 2.7851 2.9124 2.5644 2.6129 2.5109 2.1823 3.0459 2.1070 2.7557 2.6816 2.8154 2.5335 2.2472 2.5964 2.7557 2.9354 3.6878 3.0330 3.4743 3.8367 4.8150 3.6878 3.3114 3.2622 3.0856 3.1412 3.9183 3.8107 3.4550 2.2814 3.5762 2.2585 2.3170 2.5035 2.7087 2.4533 3.2463 2.7366 2.6129 2.8154 3.0202 3.2151 2.4816 3.1701 2.9952 3.2622 2.1616 2.7752 3.3284 2.9952 2.8573 3.1412 2.9952 3.1555 2.7366 2.4745 2.9354 2.8257 2.5644 3.3114 2.4463 2.5803 2.6129 2.7654 2.6639 2.5644 2.9470 2.6466 2.5488 3.0856 2.6212 3.1849 3.7600 3.3456 2.9708 2.6996 3.3456 3.2306 3.0076 3.0202 2.9470 3.4550 2.9238 2.7951 3.0459 2.9952 2.9952 2.7752 3.0722 3.2622 3.5343 4.1632 2.8900 2.9470 3.1555 2.5184 3.7355 2.9952 3.2151 3.3114 2.5488 3.4550 2.5644 2.4745 2.5184 3.1555 3.3114 3.0202 3.4940 2.8361 4.7185 4.5399 3.6646 4.0353 2.5566 3.0330 2.8466 3.2622 3.7114 4.5829 3.1555 3.3456 3.9755 3.6196 4.3032 3.7114 3.5762 4.4571 2.1928 2.3170 2.1414 1.8299 2.1022 2.0927 2.2472 2.3666 2.2142 2.0739 2.2250 2.1022 2.2142 2.2585 1.9644 0.7940 0.9009 0.8775 0.7952 0.9951 0.8385 0.8106 0.8547 1.1746 0.8058 0.8385 0.6648 0.8202 0.6731 0.6436 0.0000 0.6547 0.5921 0.7349 0.8094 2.2250 2.2528 2.5035 2.2585 2.3539 2.3539 2.7366 2.3924 2.6466 3.2784 2.9238 2.8790 3.0722 2.8790 2.1515 2.2088 2.2034 2.0374 2.1928 2.7557 2.1119 2.9470 2.5184 2.3924 2.0197 2.0833 2.5184 2.1823 2.3414 2.1315 2.2034 2.0739 2.5803 2.5488 2.3794 2.4325 2.4394 2.6046 2.5109 2.4325 2.7179 2.1315 2.5488 3.3114 2.7557 2.2585 2.5964 2.2699 2.3539 2.7752 2.3291 2.3291 2.2642 2.6129 2.4889 2.4603 2.3050 2.3539 2.0833 2.2585 2.5644 2.4190 2.3924 2.4190 2.3230 2.3170 2.6639 2.4745 2.2585
221 2.7179 2.9011 2.4056 2.7272 2.9708 3.1130 2.9124 2.4816 3.0202 3.3114 2.8154 3.0589 3.2463 2.7461 3.0722 2.9470 2.9830 3.0202 3.1849 3.0202 2.6727 3.2151 2.4463 2.9830 2.7366 2.6906 3.0722 2.9011 2.5259 2.4816 3.0202 3.0992 2.4325 2.7951 2.9470 2.8257 2.7752 2.4190 2.3477 2.4889 3.3284 2.9708 2.6046 3.3456 2.6129 2.7461 2.6046 2.8257 1.9980 3.3284 2.1216 2.4816 2.6212 2.6816 2.9470 2.9011 2.3291 3.0459 2.6552 3.0202 2.8154 2.3050 3.2151 3.2151 2.4190 2.5964 2.4816 2.2142 3.8107 1.9938 2.7752 3.2784 3.3284 2.6129 2.4816 2.4745 2.7087 2.8052 3.0459 3.1412 3.1412 3.1849 3.0459 3.2151 3.7355 4.5829 4.2315 3.4173 3.3284 4.4571 3.2948 2.2699 2.1719 1.9938 2.3539 2.4463 2.7752 2.5964 2.5964 2.7951 2.6996 3.2784 3.4173 3.3284 2.2250 3.0202 2.4325 2.5335 1.5970 2.4056 2.9238 3.0856 3.1270 2.0197 2.9354 3.1130 1.7413 1.5068 2.3170 2.5644 2.8257 3.1555 2.8790 2.8790 2.9238 2.9952 2.5035 2.5184 3.0992 2.5964 3.2948 2.9354 3.0459 3.3114 3.4360 3.4550 2.9952 3.4550 3.1270 3.0076 2.9830 2.9011 3.3114 3.1270 2.9011 2.7752 2.9470 2.8361 3.0459 2.8361 2.6639 3.0076 3.0992 2.9708 3.2306 2.7179 3.3809 2.9952 3.4550 4.7185 2.7752 2.5644 2.9238 3.0992 2.4325 2.2931 2.5488 3.3456 2.5488 2.6996 2.5644 2.9952 3.3989 3.8107 2.9011 3.0202 5.4496 3.0202 3.1849 3.2622 3.8633 3.4940 2.9470 3.1849 4.0978 3.4173 3.1130 3.8107 2.9830 3.2463 2.2142 2.2931 2.1216 2.1022 1.9853 2.2931 2.1119 2.0110 2.2472 2.0693 2.3170 1.9044 2.0374 2.4394 2.0601 0.7731 0.8142 0.7572 0.8584 0.9907 0.7594 0.9222 0.7777 1.0902 0.8130 0.8724 0.6170 0.7527 0.5073 0.5177 0.6547 0.0000 0.5587 0.7482 0.8673 2.3170 2.5184 2.4056 2.3924 2.5803 2.5566 2.6639 2.6466 3.0459 3.1555 2.7851 3.3631 3.1270 2.6296 2.1823 2.2814 2.3539 2.0555 2.3170 2.2814 2.1315 3.0202 2.1928 2.4603 1.9938 1.8814 2.3794 2.0647 2.3050 1.9279 2.0023 2.2585 2.5184 2.6296 2.3539 2.6996 2.3539 2.9354 2.4394 2.2472 2.3414 2.0464 2.4190 2.6816 2.3414 2.0647 2.6639 2.3859 2.4190 2.4190 2.2142 2.4056 2.5184 2.7752 2.3666 2.3050 2.2585 2.2250 2.2585 2.1364 2.4325 2.4190 2.3794 2.6466 2.1414 2.1119 2.2814 2.5644 2.5723
222 2.5964 2.8790 2.5184 2.7366 3.1412 3.2784 2.9708 3.1849 3.0992 2.5964 2.6296 3.4940 3.2784 3.2622 3.8905 3.6878 3.7114 3.6646 3.4940 2.6996 2.9952 3.4173 2.6639 2.6816 2.6129 2.4463 2.6046 2.3666 2.5566 2.7951 2.9124 2.4394 2.2873 2.4673 2.5566 2.3990 2.8681 2.7557 3.0589 2.5184 2.7087 2.8790 2.3924 2.8573 2.8257 2.8573 2.6552 1.8157 1.9521 2.8681 1.8928 2.4889 2.6727 2.1022 2.9011 3.2151 2.7951 3.0722 2.4603 2.7557 2.4889 2.3539 3.0202 3.0202 2.5035 2.5184 2.9238 2.6552 3.6646 1.9685 3.0992 3.2306 2.8052 2.7366 2.3859 2.7366 3.0722 2.7654 3.2306 2.9470 3.6196 3.0459 3.6196 3.2784 3.6419 3.3456 3.0722 3.3989 2.9589 3.6196 2.7752 2.4257 2.3414 1.9980 2.3539 2.2250 2.5488 2.5964 3.0202 2.7752 2.6639 2.9830 3.1849 3.0722 2.4056 2.7654 2.5883 2.6296 2.7557 2.1216 3.3456 2.7752 2.8790 3.0459 3.0589 2.8790 2.6639 1.7610 2.2873 2.3539 2.9238 3.0856 2.9830 2.8466 2.9354 2.7087 2.8573 2.7366 2.9589 2.6129 3.1555 3.1270 3.3456 2.6466 3.0202 3.4550 3.0076 3.5551 2.7461 3.1849 3.1270 2.7752 2.7366 3.1270 2.7557 2.7752 2.9952 3.2463 2.7752 2.9952 3.1701 3.1999 3.0722 3.8633 3.3456 3.3114 3.3456 3.0202 3.4173 5.0239 3.0722 2.6816 2.7087 3.0459 2.6296 2.3924 2.4745 2.9952 2.4745 2.7366 2.8154 3.0992 3.6196 3.7851 2.9011 3.3456 4.2315 3.0202 2.8790 4.0353 4.0662 4.7661 2.8361 3.1555 2.9708 3.5762 3.1555 3.7600 3.0330 2.9470 2.0739 2.1022 2.1216 2.0555 2.0739 2.3539 2.1315 2.0023 2.0833 2.1216 1.9603 1.9521 1.9769 2.0833 2.1823 0.7460 0.8724 0.8397 0.8238 0.9763 0.7327 0.8622 0.7777 1.1623 0.8058 0.7964 0.5229 0.7893 0.5099 0.5247 0.5921 0.5587 0.0000 0.7823 0.8826 2.6296 2.3859 2.3924 2.6639 2.4603 2.5109 2.6816 2.4745 2.7752 3.4940 3.2151 3.1555 3.0589 2.9470 2.0419 2.4325 2.3050 2.3477 2.2196 2.5488 2.3414 2.4603 2.2814 2.4325 1.8228 2.2250 2.2585 2.0739 2.2931 2.2472 2.2585 2.1022 2.5488 2.4056 2.4745 2.4190 2.2585 2.3539 2.5566 2.1719 2.4603 2.1216 2.5803 2.3924 2.5035 2.2585 2.2931 2.3291 2.4745 2.9238 2.3794 2.4463 2.7851 2.5723 2.5964 2.4603 2.4190 2.4745 2.1022 2.1928 3.1849 2.4745 2.4603 3.0459 2.2699 2.5335 2.5566 2.6129 2.3414
223 2.7654 2.8361 2.4603 2.7951 2.8900 3.5977 3.1130 2.9470 3.3284 2.9011 3.5977 3.8905 2.9708 2.5411 2.9011 3.4360 2.6296 3.1270 2.5035 3.1555 2.8257 2.6129 2.6296 2.9830 2.3990 2.8361 2.7752 3.7600 3.1999 3.3284 3.1849 2.6996 2.4394 2.7851 2.9354 2.9589 3.3809 2.8900 3.0589 2.5335 3.2784 2.8361 2.5184 3.2306 2.6727 2.6552 2.8466 2.7951 2.7851 3.7600 1.9359 3.0992 3.0202 2.6296 3.1270 3.0459 2.9470 2.7951 3.0202 3.0202 2.8573 2.6381 2.8154 2.5883 2.3730 2.9011 2.3050 2.2472 3.4173 2.0647 2.5184 2.6996 2.6296 2.7179 2.4056 3.0589 2.6639 2.8361 3.2784 3.4940 4.3403 3.3809 3.4940 3.7851 4.0978 4.0051 3.0722 4.7185 3.5977 3.9183 2.7851 2.1414 2.9952 2.1364 2.3924 2.5109 2.6466 2.6296 2.7557 2.5566 2.8154 2.8681 2.9011 3.3456 2.3170 3.0992 2.9238 2.6552 2.3170 3.0992 2.7951 2.9011 2.7366 2.3794 3.1701 2.7272 3.1849 2.1515 2.6996 2.4190 3.0856 3.0722 2.7461 2.7272 2.5964 2.6996 2.6381 2.3539 3.3456 2.6639 2.4190 2.5488 2.7366 2.5964 3.0856 2.5964 2.7752 3.0459 2.4673 2.9470 3.5140 2.6296 2.7179 2.9470 3.3456 2.5803 3.1849 2.8790 2.8361 2.7851 2.9354 2.7654 2.5184 4.2315 2.5803 2.7557 3.0992 3.1849 3.1270 3.5762 2.8790 2.8154 2.3414 2.7179 2.6129 2.5488 2.3414 2.9470 2.7366 2.7179 2.4889 3.6196 4.3032 3.0459 2.9011 3.3809 2.4257 3.1555 2.7951 4.3032 3.4550 3.5762 3.1555 3.3114 4.3403 3.2622 3.4550 3.9183 2.8257 3.2306 2.0927 2.3050 2.2585 1.9279 2.3539 2.1823 2.0464 2.2250 1.9439 2.2814 2.0927 2.2142 2.0023 2.1616 1.9239 0.8250 0.7560 0.9721 0.8930 1.1131 0.8647 0.8801 0.8238 1.1097 0.8130 0.8336 0.8275 0.8447 0.7482 0.8118 0.7349 0.7482 0.7823 0.0000 0.9303 2.2873 2.4325 2.4190 2.5803 2.3291 2.6129 2.4745 2.5184 2.3666 3.5343 2.8154 2.6996 2.8361 2.6129 2.2034 2.2250 2.4533 2.2472 2.4325 2.2756 2.1616 2.5644 2.6296 2.5803 1.9399 2.0110 2.3050 2.1315 2.0975 2.0833 2.2361 2.4745 2.7654 2.4325 2.3414 2.4463 2.2585 2.3666 2.3230 2.1616 2.3666 2.0647 2.3291 2.6816 2.4889 2.2699 2.5964 2.4056 2.5964 2.5335 2.3794 2.5184 2.7366 2.4816 2.3924 2.1928 2.4257 2.3230 2.4056 2.5335 2.6129 2.5035 2.2699 2.5184 2.4533 2.3050 2.1315 2.6816 2.6466
224 2.2585 2.6129 2.3539 2.8361 4.5399 2.8361 2.7179 2.4533 3.1270 3.0589 215.8902 2.8900 3.3989 7.5469 8.1141 3.2151 2.7752 215.8902 6.5129 2.0197 2.1414 2.2472 2.0197 2.5566 3.4360 2.8154 3.6878 2.9952 2.7272 2.9830 2.4257 2.2250 2.1928 1.9603 2.2361 2.4816 2.4816 2.6996 2.4190 1.9044 3.6646 2.5035 2.6212 2.5335 2.0601 2.2873 2.1616 2.0975 1.8443 2.2472 2.2528 1.9279 2.4122 1.9769 2.1216 1.9279 1.9769 2.2142 1.9082 2.0647 2.3291 2.2814 2.1119 2.1928 2.2034 2.7087 2.4190 2.0833 2.5803 1.9938 2.4257 2.4816 2.4603 2.5723 2.2585 2.3414 2.6466 2.5883 3.7600 4.4980 2.6816 3.4940 3.4743 3.3114 3.5343 3.4360 2.6552 2.7557 3.5140 3.1270 2.4603 2.2416 1.8627 1.9727 1.9319 1.9161 2.0330 1.5273 2.1022 2.1315 2.0023 2.3170 2.0067 2.5335 1.8590 1.9200 2.1022 2.3924 1.7983 1.8553 1.7744 1.9769 2.0374 2.0739 2.0833 1.8664 1.9769 2.0067 2.3539 2.1616 2.1315 2.1119 2.2699 2.0110 2.6639 2.3990 2.4122 2.5184 2.4190 2.2585 2.1216 2.2250 2.0601 2.3477 2.8573 2.5964 2.7557 2.3924 2.4056 2.3539 2.5035 2.0927 2.4122 2.6212 2.6906 2.6996 2.5488 2.7557 2.8790 2.4603 2.5644 2.6639 2.3730 2.6046 3.0722 3.0856 2.6552 3.2306 2.9354 3.1130 2.8900 3.2463 2.3230 3.2463 2.6816 2.5644 2.7366 3.0992 3.3284 3.5977 3.1849 3.5343 2.9470 6.8249 3.9183 2.5566 3.1130 2.1667 2.7654 5.0239 3.0459 2.8154 2.5335 2.9589 2.5335 2.6129 3.1701 3.9755 2.7461 3.9466 1.9082 2.2931 1.7610 1.7062 1.8299 1.7610 2.0197 1.9005 1.7845 1.9121 1.6310 2.1414 1.9644 1.9121 1.9239 0.6426 0.7393 0.9385 0.6132 0.6981 0.6486 0.7066 0.5605 0.7109 0.5073 1.1164 0.9062 1.2181 0.8647 0.8698 0.8094 0.8673 0.8826 0.9303 0.0000 2.0197 2.3050 2.4056 2.2931 2.1414 2.1928 3.2784 2.0197 2.1719 3.1270 2.6129 2.9952 3.0459 2.4325 2.2361 2.1070 2.0927 1.9480 2.0927 2.0110 1.8516 2.4394 2.2642 1.9603 1.7811 1.6724 1.8299 1.8122 1.5750 1.8966 1.8966 1.8627 2.3170 2.2250 2.1022 2.2250 2.2699 2.5184 2.0786 2.1928 1.9895 1.9121 1.9811 2.5184 3.4360 1.5859 2.0419 1.6368 1.6253 1.7220 1.4968 1.6724 1.8890 1.6845 1.7156 1.6604 1.5914 1.9200 1.6544 1.5832 1.6604 1.7478 1.6968 1.7710 1.8814 1.7811 1.7948 1.9727 1.5377
225 2.3666 2.4190 2.4673 2.3050 3.1555 3.1270 3.0722 2.8573 3.3114 2.8790 2.9952 2.9708 3.1270 3.8107 2.9708 4.5399 3.0992 3.5343 3.5343 2.5259 2.2034 2.4603 2.5803 2.6296 2.3170 3.0202 2.3666 2.8573 2.6129 2.6466 2.6129 2.5644 2.5803 2.6046 2.4889 2.6816 2.9011 2.5883 2.4257 2.6816 2.8573 2.1464 2.2931 2.0374 1.8890 2.1771 2.2585 1.7220 1.7845 1.7284 1.9439 1.9082 2.9011 2.1216 1.8664 1.9279 2.5644 2.1823 2.0023 2.1022 2.1315 2.0110 2.0693 2.3050 2.2814 2.1565 2.2361 2.1823 3.1555 2.4603 2.6816 3.0589 2.1771 2.3924 2.3539 2.6996 2.9124 2.4325 2.3170 2.3414 2.6639 2.8900 2.4745 2.4463 2.3414 2.5335 2.4257 2.6129 2.2416 2.9011 2.4056 2.3794 2.5883 2.3924 2.4603 2.2931 2.4394 2.6639 2.9952 2.5411 2.5488 2.7557 2.5488 2.6816 2.6129 2.9470 2.6046 2.3539 2.5883 2.6129 3.2463 3.3809 2.8790 2.4603 3.2306 3.1849 2.4463 2.5964 2.4745 2.1515 2.3539 2.1928 2.3477 2.2873 2.4603 2.2361 2.1719 2.5335 2.3353 2.4889 2.5335 2.3924 2.4325 2.6816 3.0459 2.7461 2.6639 2.3291 2.6639 2.5335 2.6996 2.3291 2.1022 2.1928 1.8966 1.8299 2.0927 2.0555 2.2472 2.1928 2.2196 1.9895 1.8814 2.2034 2.3291 2.6129 2.1216 1.7744 2.2931 2.4889 1.8814 2.1414 1.8890 2.0555 2.0330 2.1119 2.2585 2.0023 2.1928 2.1022 1.9769 1.9603 3.0992 2.1928 3.0202 2.8361 1.9319 1.8299 2.1928 2.3666 2.3539 2.2034 2.0285 2.5488 2.6296 2.6296 2.5964 2.5644 2.2699 2.2361 2.5335 2.0833 2.0927 1.8928 2.4056 2.5035 3.0722 2.7654 2.1070 2.5964 2.5644 2.4463 2.3170 2.4056 1.9811 1.9439 2.0023 1.9200 2.1022 1.9121 2.0555 1.9895 2.1515 2.2472 1.8966 1.8966 2.3990 2.2196 2.4325 2.3859 2.2250 2.3170 2.6296 2.2873 2.0197 0.0000 0.8373 0.6608 0.5496 0.7239 0.7174 0.7131 0.8597 0.6834 2.2361 2.0739 2.2814 2.3291 1.8516 2.1414 2.2642 2.4325 2.1315 2.5964 2.2305 2.1515 2.3291 2.2472 2.1823 2.0197 2.0880 2.3109 2.0647 2.0023 2.1022 1.9685 2.1070 2.6639 2.8257 2.6727 2.6816 2.8154 2.4816 2.5035 2.3539 2.6296 2.0786 2.5109 3.5140 2.3990 2.3050 2.2142 2.1119 2.4056 2.1315 1.9895 2.1464 1.9121 2.3602 2.1265 2.0927 2.5259 2.4257 2.2142 2.4394 2.4394 2.2699 2.5335 2.1364 2.1464 2.1216 2.1414 2.0110 2.2931
226 2.0555 2.2196 2.2361 1.9769 2.9238 2.9011 2.6129 2.8257 2.9952 2.6129 2.4745 2.6381 2.5964 2.4325 2.4463 2.5644 2.4325 2.7557 2.7752 2.1823 2.2990 2.4056 2.2034 2.8681 2.4056 2.2990 2.3291 2.5335 2.2528 2.3924 2.3924 2.4190 2.7179 2.4190 2.2250 2.9589 2.4325 2.5803 2.4673 2.1719 2.6552 2.5335 2.4745 2.4603 2.2931 2.3050 2.5883 1.9980 1.9239 2.0023 2.3414 2.1565 2.5964 1.9279 3.1412 1.8590 2.3794 1.8263 2.2699 1.8087 2.1022 2.2034 2.4122 2.3666 2.3477 2.3170 2.5566 2.2250 2.5964 3.0589 2.6996 2.4056 2.2361 2.5723 2.0241 2.5488 2.5803 2.4463 2.7557 2.3170 2.5488 2.4463 2.3794 2.7557 2.5335 2.8466 2.0023 2.2585 2.7366 2.4463 2.6129 2.3539 2.2931 2.7272 2.4257 2.3666 2.4190 2.5803 2.8573 2.9238 3.0722 2.5803 2.2142 2.7179 2.3794 2.0975 2.9011 2.2699 2.3666 2.7179 3.3114 2.8361 2.5723 2.4745 3.2151 2.9238 2.5964 2.7179 2.6727 2.1315 2.3539 2.4603 2.9470 2.6466 2.5184 2.5644 2.9011 2.8154 2.2472 2.3924 2.7366 2.6466 2.4463 2.4673 2.6996 2.3990 2.9470 2.5566 2.4745 2.6296 2.8154 2.9124 1.8814 2.5335 2.0374 2.1928 2.4745 2.4533 2.5184 2.3050 2.2931 2.1515 2.1515 2.6129 1.9938 1.9359 2.0693 2.2814 2.5644 2.4745 2.1823 2.3170 1.8299 1.7610 2.1771 2.2585 2.3794 1.9200 2.2699 1.7811 1.9439 2.3050 1.9769 2.5644 2.3794 2.7179 2.3170 2.0374 2.2585 2.6996 2.2034 2.9952 2.1315 2.1616 3.0589 2.6727 2.4257 2.4889 2.0285 2.2034 2.2931 2.5184 2.3170 2.4325 2.6816 2.4603 2.8790 2.8154 2.7951 2.9124 3.4360 2.3414 2.7179 2.8573 1.9938 1.9359 2.0285 1.9359 2.0153 1.9727 2.0833 2.0023 2.4190 2.6996 2.0739 2.2142 2.5411 2.4325 3.2151 2.9238 2.2528 2.5184 2.3859 2.4325 2.3050 0.8373 0.0000 0.9128 0.8497 0.8373 0.8673 0.8904 0.3161 0.7987 2.4122 2.6129 2.3859 2.6296 2.0110 2.1315 2.1315 2.3170 2.1364 2.5411 2.4190 2.2472 2.4463 2.2756 2.4257 2.3109 2.3990 1.9161 2.1823 1.9200 2.0285 2.3170 2.2034 2.4816 2.7557 2.3539 2.5184 2.4745 2.5184 2.1167 2.3539 2.1565 2.2250 2.0509 3.9183 2.8790 2.4325 2.5964 2.5488 2.6046 2.4325 2.0197 2.2528 2.2305 2.0833 2.3794 2.2756 2.2585 2.4394 2.0197 2.1022 2.9708 2.1928 2.3291 2.2931 2.0927 2.1216 2.1981 2.1070 2.2034
227 2.1875 2.6129 2.4816 2.3859 2.7951 3.0459 2.8154 2.8573 2.8573 3.3114 2.3794 2.7461 3.2463 3.5762 3.1849 3.3456 3.5762 3.0992 2.9952 2.4603 2.4745 2.7461 2.4190 2.3291 2.1823 2.8790 2.6727 2.4257 2.3170 2.6296 2.5803 2.6381 2.4190 2.9011 2.5644 2.6466 3.3809 2.6381 2.5964 2.3291 2.8790 2.1515 2.4056 2.2361 1.9279 2.2642 2.3414 1.7677 1.7348 2.2250 2.0927 2.0509 2.7366 2.2142 2.6129 1.9319 2.4745 2.2142 1.8776 2.9011 2.1315 2.1265 2.1414 2.4190 2.3353 2.5964 2.3794 2.3414 2.7557 2.5335 2.6129 2.8900 2.2250 2.6466 2.5335 2.4056 2.5335 2.5184 2.7461 2.6639 2.5335 2.9238 2.7366 2.6381 2.9952 2.9238 2.4056 2.5644 2.5109 2.7366 2.4673 2.2472 2.1022 2.4463 2.4325 2.0601 2.2585 2.4325 3.2151 2.9124 2.5723 2.8361 2.8361 3.2784 2.4463 2.8361 2.6466 2.5644 3.0722 2.3924 2.4603 3.6878 2.6727 2.9238 3.3114 2.6296 2.3414 2.6639 2.6129 2.0927 2.3990 2.5488 2.5488 2.3666 2.4463 2.3050 2.2873 2.3291 2.3794 2.3794 2.7951 2.7179 2.2585 2.5488 2.5964 2.7752 2.6296 2.2142 2.6046 2.2814 2.6466 2.2931 2.2814 2.6639 2.2931 2.3794 2.2361 2.1719 2.3539 2.2034 2.2142 2.2142 2.3666 2.2361 2.0285 1.8443 1.8890 1.9685 2.3924 2.0555 1.8590 2.0110 1.8814 2.1515 2.0739 2.2472 2.3539 2.1823 2.0464 2.0110 1.7544 2.2361 2.4889 2.6296 2.3414 2.4056 1.7677 2.2361 2.0241 2.0833 2.3539 2.3414 1.8627 2.7179 3.3114 2.7951 2.9238 2.9238 2.4745 2.7179 2.5335 2.5488 2.1771 2.2699 2.6639 2.1616 2.6996 2.3924 2.6129 2.4889 2.5335 2.4889 2.5035 2.6466 1.9044 2.0833 1.9603 2.1167 2.0023 2.0285 1.9359 1.8157 1.9521 2.8154 1.9644 2.0285 2.6296 2.3170 2.6639 2.4889 2.5035 2.4056 2.3924 2.4190 2.4056 0.6608 0.9128 0.0000 0.6446 0.7917 0.8647 0.8522 0.8826 0.8178 2.3666 2.2142 2.1515 2.3539 1.9521 2.4603 2.2642 2.1928 2.0833 2.5259 2.3050 2.4889 2.4889 2.1667 2.3539 1.9521 2.4745 2.4889 2.3602 2.0110 1.9644 2.0786 1.9044 2.3924 2.5803 2.5883 2.3794 2.2814 2.3170 2.2472 2.4603 2.3539 2.4056 2.2814 3.2784 3.4940 2.4673 2.2814 2.2250 2.2088 2.3050 2.3050 2.1022 2.1565 2.3414 2.2642 2.2088 2.3666 2.4533 2.2814 2.6639 2.5644 2.6727 2.2585 2.2585 2.7752 2.4889 2.1315 2.3794 2.1719
228 1.9521 2.2361 2.0693 2.0110 2.6296 2.9952 2.6816 2.4325 3.1412 2.6816 2.4889 2.6296 2.5964 3.2784 3.0992 3.3284 2.9238 3.0722 2.7951 2.3109 2.4463 2.2472 2.3170 2.7851 2.0023 2.3414 2.5335 2.6727 2.6466 2.1616 2.4325 2.6296 2.2814 2.8681 2.5035 2.6639 2.4394 2.6639 2.6996 2.2699 2.6552 2.3170 2.0739 2.3602 2.0285 2.0739 2.2931 1.9644 1.8228 1.9980 2.1823 1.8017 3.1999 1.9279 2.7179 1.9938 3.2463 2.5964 1.8701 1.9521 2.3794 2.1414 2.1515 2.5035 2.2250 2.2756 2.3050 2.3794 2.7557 2.4463 2.8573 2.7752 2.4325 2.3539 2.0927 2.5035 2.6212 2.7654 1.8407 2.0833 2.6996 2.2416 2.1216 1.8407 2.1070 2.4463 2.4056 2.4257 2.0419 2.5184 2.7951 2.6816 2.6639 2.4745 2.3050 2.2699 2.4325 2.2814 3.0722 2.4325 2.3924 2.3414 2.3291 2.6996 2.2250 2.5109 2.0786 2.1022 2.4603 2.5644 3.3456 3.0992 2.9589 2.6996 3.4173 3.1412 2.5184 2.3414 2.0927 1.8017 2.3666 2.5184 2.6129 2.2472 2.3230 2.3050 2.2814 2.7179 2.2585 2.7557 2.5803 2.4325 2.3477 2.7557 2.8573 2.4745 2.7272 2.6046 2.5184 2.5335 2.5035 2.3353 2.1216 2.0110 1.8701 2.1823 2.2699 2.0739 2.2472 2.3050 2.1823 1.9769 1.9521 2.2699 2.5488 2.0927 1.9161 1.9399 2.5803 2.6046 1.9359 2.1216 1.9044 2.0833 2.0739 2.1216 2.2585 1.7744 2.1216 2.0110 1.8299 2.2931 2.4325 2.2142 2.1616 2.4056 2.0739 2.1719 2.3794 2.5964 2.4056 2.2034 1.7220 2.2585 2.6296 2.5964 2.4889 2.3539 2.2034 1.9644 2.1875 2.2416 2.2361 2.0555 2.2931 2.6996 2.7179 2.5964 2.2585 2.8361 2.4056 2.2361 2.3230 2.9952 2.0647 1.9044 1.9359 1.6110 2.1022 2.1823 1.9521 2.0555 2.1616 2.7461 2.1022 2.0067 2.3990 2.1515 2.3291 2.2034 2.2585 2.3924 2.6639 2.5803 2.2931 0.5496 0.8497 0.6446 0.0000 0.5790 0.6347 0.7174 0.8373 0.6731 2.2814 2.1515 2.3414 2.1414 1.8814 2.3602 2.4463 2.1616 2.0739 2.4056 1.9359 2.3990 2.5964 2.1823 2.1823 1.9980 1.9769 2.3730 2.2756 2.1022 1.9853 2.1928 2.0197 2.3170 2.6046 2.4745 2.5335 2.4190 2.4889 2.3170 2.2361 2.2585 2.1667 2.2931 3.2948 3.2463 2.4056 2.4325 2.4056 2.3666 2.3291 2.2585 2.1315 1.8814 2.4603 2.3414 2.5335 2.4463 2.3414 2.1414 2.2814 2.2034 2.3924 2.4816 2.1315 2.0975 2.4745 2.2142 2.2472 2.3050
229 2.5035 2.4745 2.2305 2.0833 2.4673 2.7366 2.5644 2.5184 2.6296 2.9952 2.2361 2.3924 2.3050 2.5035 2.9238 2.9011 2.5803 2.5964 2.4603 2.5035 2.5184 2.3050 2.4394 2.7951 2.4745 2.6296 2.7557 2.5184 2.3794 2.7179 2.7366 2.5035 2.6129 2.5109 2.3924 2.5184 3.2784 2.6816 3.2784 2.4603 2.4603 2.3230 2.3666 2.2472 2.0110 2.2642 2.4533 2.4056 2.0110 1.9769 2.0833 1.9727 2.6212 1.7093 2.1216 1.8087 2.4325 2.2756 1.8890 2.0330 2.1823 2.3794 2.5411 2.3990 2.2196 2.2990 2.3794 2.1119 3.0330 2.9470 3.0459 2.9238 2.2585 2.9708 2.4745 2.3794 3.0589 3.0202 2.3230 2.4533 2.2699 2.7179 2.3730 2.3859 2.7179 2.6381 2.3170 2.6296 2.2416 2.8681 2.7752 2.4463 2.3414 2.6466 2.5335 2.6466 2.1515 2.5803 2.9708 2.6212 2.6639 2.3539 2.6466 2.9952 2.3666 2.7951 2.5488 2.3414 2.5184 2.7557 2.0555 2.9124 2.7557 2.6552 2.8573 3.1270 2.6129 3.1701 2.4745 1.8814 2.4745 2.1414 2.4122 2.3539 2.6996 2.3477 2.4816 2.4325 2.2990 2.6639 2.5803 2.6296 2.2990 2.3539 2.6466 2.5644 2.4533 2.3539 2.3666 2.5335 2.6129 2.3730 2.3794 2.0509 2.0555 2.0464 2.3924 2.2034 2.4056 2.3859 2.3539 2.2931 2.3050 2.1216 2.3666 2.1119 2.3666 2.0647 2.2034 2.6639 2.1823 2.2585 1.9769 2.1119 1.8814 2.0647 2.5644 1.8966 2.2250 1.8299 2.1022 2.3170 2.3414 2.9952 2.7951 2.1719 2.1119 2.1216 1.9044 2.3924 2.3291 2.3170 2.0023 2.1216 2.8466 2.3924 2.4056 2.6552 2.2990 2.2250 2.1719 3.1849 2.4190 2.1515 2.4394 3.0202 3.0202 2.8790 2.6906 3.9183 2.5488 2.7951 2.3414 3.4550 2.1719 2.3414 2.2361 2.0601 2.4463 2.3602 2.3666 2.6129 1.9769 2.9708 2.3794 2.0197 2.5335 2.4463 2.6639 2.6996 2.3539 2.5803 2.4603 2.3291 2.1414 0.7239 0.8373 0.7917 0.5790 0.0000 0.5335 0.6897 0.8826 0.5551 2.4056 2.2814 2.1315 2.4745 1.9521 2.4394 2.2528 2.4463 2.5335 2.6906 2.2142 2.4190 2.4603 2.1414 2.4463 2.4889 2.2361 2.0555 2.3170 2.0601 2.1414 2.2034 2.2472 3.4173 3.1701 2.9470 2.8790 2.7557 2.3666 2.0833 2.3291 2.2142 2.3414 2.0647 3.1849 2.8790 2.2642 2.3291 2.3794 2.5488 2.1414 2.1928 2.5184 2.3730 2.4056 2.1823 2.5184 2.5803 2.3170 2.0927 2.4533 2.5411 2.4257 2.7557 2.3924 2.3291 2.4056 2.3109 2.3794 2.3924
230 2.0197 1.8480 1.9439 1.9044 2.4533 2.5184 2.5488 2.3539 2.5488 2.5644 2.3414 2.5644 2.3794 2.6296 2.5259 2.8361 2.4463 2.5964 2.2250 2.7951 2.6639 2.8466 2.5964 2.6129 2.3794 2.6996 2.2472 2.7752 2.4190 2.5488 2.4962 2.5803 2.7752 2.4394 2.3602 2.6466 2.7851 2.6212 2.4325 2.6639 2.5803 2.3666 2.1719 2.3924 2.0555 2.1414 2.3859 3.0589 3.3809 1.9603 1.7478 1.6663 1.8739 1.6281 3.3114 1.7220 2.6466 3.4173 2.0067 3.1555 2.2814 2.2873 2.4603 2.2699 3.0202 2.3291 2.5184 2.2361 2.3414 2.3291 2.8154 2.4394 2.3794 2.4190 2.2990 1.9769 2.9470 2.3794 1.8966 1.9644 2.0374 1.9685 1.8299 1.8966 1.8087 1.8443 1.7948 1.8627 1.8017 2.3050 2.2814 2.3666 2.3414 2.1515 2.2528 1.8814 2.1265 2.6296 2.9708 2.6639 2.7951 2.6296 2.8361 2.7752 2.4257 2.5644 2.7179 2.5109 3.0459 2.4190 3.7114 3.6196 3.5343 2.8154 3.4173 3.5343 2.5035 2.5803 2.6296 1.9439 2.7654 2.4463 2.6296 2.7179 2.9354 2.6296 2.5644 3.2151 2.4745 3.2784 2.8790 2.8790 2.4325 2.9708 3.1849 3.1555 3.0459 2.7179 2.8466 2.8900 2.7654 2.7557 2.2585 2.3414 1.9685 2.3291 1.9685 1.7156 2.5184 2.3924 1.8890 1.9561 2.2088 2.5335 2.9470 2.3291 2.6296 2.1875 2.6129 2.3170 2.4190 2.1928 1.8516 2.0023 1.6426 2.4394 1.9521 1.9561 2.0464 1.9439 1.7677 2.0833 2.2585 2.8154 2.2142 2.7557 2.1616 2.1265 2.5335 2.4056 2.3602 2.2472 1.9121 2.3050 2.4889 2.4745 2.4603 2.6466 2.5488 2.2814 2.2585 2.4325 2.2034 2.0464 2.2034 3.3456 2.6816 2.2142 2.5184 2.8154 2.7179 2.3414 2.3924 2.6906 1.9359 1.9685 2.0023 1.8192 2.1464 2.0647 1.9685 1.9603 1.9561 2.4745 2.0110 1.7811 2.3794 2.3539 2.9952 2.6816 2.3539 2.5566 2.5109 2.6129 2.1928 0.7174 0.8673 0.8647 0.6347 0.5335 0.0000 0.5660 0.8547 0.5496 1.8228 1.8966 1.8299 2.0786 2.2931 2.2361 2.5488 2.5184 2.4463 2.3924 1.9521 2.3859 2.2931 2.1515 2.2472 2.4056 1.9685 2.3794 2.4325 2.3414 2.1070 2.3414 2.3666 2.2931 2.3859 2.5566 2.1515 2.7179 2.1515 2.0833 2.1216 2.0374 2.4190 2.0647 3.9183 2.9470 2.2699 2.5035 2.4056 2.4463 2.2931 2.2142 2.3794 2.0555 2.4190 2.2814 2.3539 2.2472 2.4463 2.1119 2.5184 2.1823 2.3230 2.3602 2.0110 2.1515 2.3109 2.3539 1.8701 2.5644
231 2.4962 2.2472 2.3291 2.2034 2.7951 2.9011 2.7366 2.6046 2.7851 2.9952 2.5184 3.0202 2.5883 2.6816 2.6129 2.9124 2.5803 3.0459 2.7557 2.8573 2.2873 2.4257 2.4603 2.6129 2.2034 2.5035 2.3291 2.7654 2.4889 2.3794 2.4745 2.1315 2.4056 2.4603 2.2873 2.3924 2.6212 2.3666 2.8900 2.5488 2.5488 2.2142 2.3666 2.4190 2.0647 2.1616 2.2585 2.3924 2.6129 2.1216 2.0555 2.3990 2.5488 2.2756 3.0459 2.1464 2.5035 2.9470 2.2361 2.0601 2.2142 2.1928 2.0555 2.4325 2.4257 2.1616 2.5803 2.6466 2.7752 2.5803 2.6996 2.7951 2.5184 2.6296 2.0647 2.3666 2.8361 2.6129 2.1315 2.3414 2.3170 2.5488 2.4190 2.2699 2.4745 2.8573 2.3109 2.6296 2.4463 2.9011 2.5803 2.2034 2.2250 2.2472 2.4816 2.1119 2.0927 2.4190 2.5109 2.2142 2.9011 2.7366 3.0722 2.7752 3.0202 2.6816 2.9952 2.2142 2.5035 2.5035 3.3114 3.0722 3.4550 3.0459 3.2151 2.9354 2.7272 2.7557 2.6816 2.0833 2.7179 2.4463 2.8790 2.6996 2.5883 2.5035 2.5644 2.7179 2.2472 2.8790 2.3170 2.6466 2.2034 2.6996 2.7366 2.6906 2.5644 2.5803 2.7087 2.6996 2.3924 2.2585 1.9603 2.2142 2.0285 2.2361 2.2814 2.2472 2.2699 2.3050 2.2931 2.1315 2.0285 2.2585 2.6046 2.2034 2.1216 1.8590 2.3291 2.2931 2.0023 2.0285 1.6845 2.0739 1.8590 2.1616 2.5488 1.7610 2.2699 1.6968 1.6968 2.2142 2.4056 2.8154 2.2250 2.5644 2.1119 2.2585 2.2585 2.7461 2.6129 2.3794 1.9480 2.1515 2.8790 2.5488 3.0459 2.3666 2.5109 2.7752 2.3794 2.3170 2.4190 2.2361 1.9521 2.8681 2.5883 2.3859 2.3050 2.6466 2.7366 2.2361 2.2250 2.5335 2.1216 2.6381 1.9644 1.8443 2.3602 2.7951 2.3291 2.2142 2.9011 3.1130 2.4394 2.4463 2.8573 2.4745 2.9708 2.3539 2.7366 2.6639 2.6816 2.4745 3.2784 0.7131 0.8904 0.8522 0.7174 0.6897 0.5660 0.0000 0.8957 0.6161 2.0739 2.3924 2.4463 2.2699 1.8966 2.1515 2.1928 2.6466 2.2699 2.3924 2.1875 2.1719 2.4889 2.3924 1.9685 2.1414 2.0833 2.2931 2.0555 2.0110 2.4325 2.4122 2.0555 2.7087 2.9011 2.3414 2.5644 2.2142 2.3602 1.9685 2.1515 2.0555 2.2196 1.9644 2.9708 2.9708 2.0833 2.4056 2.3539 2.2034 2.1265 2.2756 2.3990 2.0927 2.2034 2.2472 2.5411 2.2196 2.0927 2.4394 2.2250 2.2528 2.1515 2.4056 2.3539 2.0786 2.1315 2.3666 2.0023 2.4889
232 1.8590 2.2416 1.8443 1.6784 2.5566 2.7951 2.4056 2.7179 2.8154 2.4745 2.4056 2.6466 2.6296 2.5035 2.4122 2.5259 2.4745 2.9011 2.6816 2.5035 2.3924 2.3477 2.1719 2.6996 2.2585 2.3539 2.5411 2.6296 2.1315 2.4056 2.3109 2.4533 2.6639 2.4190 2.3170 2.5644 2.4257 2.3414 2.6296 2.2642 2.4816 2.2585 2.3291 2.1823 2.2250 2.2528 2.5803 2.0601 2.9952 2.1981 2.0693 2.0110 2.5644 1.8928 2.9589 1.9853 2.5184 2.6996 1.9121 2.6906 2.1119 2.2756 2.2142 2.4325 2.3291 2.1875 2.4673 2.1464 2.6296 2.5803 2.3602 2.7654 2.3170 2.4394 2.2931 2.3666 2.3730 2.5964 2.3924 2.2250 2.0647 2.2361 2.4889 2.3924 2.6296 2.5335 2.2250 2.2142 2.6129 2.6381 2.5964 2.1315 2.4056 2.2814 2.4056 2.3539 2.3414 2.2528 2.8361 2.6381 3.0202 2.2142 2.2034 2.8154 2.0786 2.3539 2.5335 2.3730 2.2699 2.2142 1.9811 1.6724 2.5644 2.5184 2.7087 2.9238 2.4122 2.8361 2.6906 2.2250 2.2472 2.5035 2.8361 2.4962 2.7179 2.5335 2.5964 2.9470 2.3050 2.1928 2.4056 2.5259 2.4463 2.6906 2.7179 2.3291 2.8681 2.5803 2.4394 2.6816 2.7557 2.5035 1.8890 2.3539 1.8590 2.2699 2.2931 2.1315 2.1616 2.4190 2.1022 2.2034 2.1414 2.6381 1.9685 1.9521 2.2250 2.2034 2.9354 2.8790 2.2585 2.1616 1.9121 1.8443 2.0555 1.9769 2.2585 1.8087 2.0464 1.7093 1.9359 2.5335 2.3170 2.9470 2.4463 2.3539 2.2305 2.1265 2.0927 2.5035 2.2250 3.0722 2.1216 2.0555 2.9708 2.8790 2.2642 2.4889 2.0647 2.3291 2.1265 2.5335 2.1216 2.2196 2.6996 2.2528 2.4816 2.4190 2.5964 2.4190 2.4889 2.5259 2.6727 2.2361 1.9685 1.8928 1.9603 1.9121 2.0285 2.0285 1.9853 1.9239 2.2250 2.8154 1.8966 2.0330 2.4463 2.3924 2.4673 2.3794 2.3924 2.6466 2.4745 2.5184 2.0197 0.8597 0.3161 0.8826 0.8373 0.8826 0.8547 0.8957 0.0000 0.7835 2.5488 2.3230 2.5335 2.5488 1.7677 2.0110 2.0555 2.3990 2.1119 2.3924 2.3170 2.4463 2.2990 2.4325 2.5335 2.0464 2.2472 2.0464 2.0693 1.8553 1.9359 2.2585 1.8739 2.5035 2.2585 2.2361 2.4190 2.0285 2.5488 1.8664 2.4325 1.9319 2.0464 1.9644 3.0459 2.5109 2.4603 2.4603 2.5184 2.5488 2.2088 1.8739 2.2699 2.1875 2.2472 2.1928 2.5259 2.1771 2.2361 2.1119 2.2642 2.6996 2.0786 2.1823 2.4056 1.9359 2.2416 2.1928 2.0023 2.2990
233 2.3414 2.2931 2.3050 2.1616 2.3602 2.5335 2.7951 2.2699 2.6466 2.8790 2.6296 3.3809 2.5803 2.8790 2.7752 3.5343 2.9011 2.9011 2.8573 2.3924 2.2931 2.2814 2.5335 2.7272 2.1464 2.6296 2.7951 2.7179 2.2931 2.4962 2.2361 2.4257 2.4325 2.4394 2.1414 2.3539 2.5335 2.4394 2.4325 2.3602 2.5259 2.2699 2.5109 2.2361 2.0464 2.3924 2.1216 2.2034 2.6639 2.0197 2.1565 2.4325 2.3291 1.9005 2.4394 2.0197 2.3794 2.2250 2.0693 1.7544 1.9161 2.1167 1.8966 2.2250 2.1928 2.2699 2.5335 2.2250 2.8900 2.4056 2.7087 2.8154 2.1414 2.9952 2.0153 2.3230 2.5035 2.4463 2.7557 2.4603 2.7752 2.7179 2.3666 2.6639 2.5109 2.9708 2.5035 2.6129 2.7557 2.5335 2.4463 1.8087 2.1719 1.6485 1.8739 1.6082 2.3050 2.8154 3.3114 2.4056 2.9470 2.5964 2.5335 2.5488 2.5644 2.5335 2.4889 2.3859 2.3291 2.1928 2.3170 3.0856 2.7179 2.5964 2.7366 2.6996 2.6129 2.5488 2.5803 1.8739 2.4533 2.3109 2.6996 2.2472 2.5259 2.2931 2.3477 2.6296 2.3291 2.4745 2.6296 3.0856 2.2873 2.5109 2.6381 2.4745 2.3990 2.5488 2.7366 2.5644 2.5883 2.2142 2.2034 2.3794 1.9769 2.0647 2.4889 2.3924 2.3794 2.2361 2.3924 2.2361 2.4056 2.5964 2.4603 2.1719 2.3353 2.3414 2.3794 2.9011 2.1414 2.3291 1.7413 1.9439 1.8814 1.9603 2.2814 1.6253 2.2142 1.8157 1.8966 2.9238 2.1515 2.6466 2.7752 2.5035 2.2361 1.9938 2.1022 2.6129 2.5335 2.2699 2.1928 2.1414 3.0076 2.5488 2.5644 2.7366 2.2585 2.2472 1.9359 2.5035 2.3170 2.3291 2.6129 2.5259 2.4056 2.2990 2.5335 2.5883 2.2472 2.9011 2.3291 2.3414 2.0464 2.0464 2.3050 2.1515 2.2305 2.1719 2.2931 1.9685 2.1565 2.8573 2.2034 2.1719 2.7179 2.6129 2.9238 2.6296 2.6466 3.0459 2.7752 2.3666 2.1719 0.6834 0.7987 0.8178 0.6731 0.5551 0.5496 0.6161 0.7835 0.0000 2.4190 2.2814 2.2034 2.4190 1.8299 2.2699 2.2361 2.3539 2.2361 2.4603 2.2931 2.3291 2.2361 2.4745 2.2814 2.1414 2.0110 2.2585 2.3539 1.9480 2.0555 2.2756 2.0285 2.4056 2.4962 2.3170 2.3170 2.2585 2.3794 1.9853 2.2814 1.9439 2.2361 1.9359 3.1555 2.6996 2.1464 2.4603 2.2472 2.4463 2.1823 2.2361 2.2034 2.1515 2.1022 1.9439 2.2699 2.3794 2.4463 2.2250 2.2814 2.4190 2.0833 2.2699 2.0464 2.0110 2.2814 2.4056 1.9603 2.2034
234 2.7179 2.3924 2.4325 2.2472 2.5335 2.3291 2.7179 2.3109 2.7366 2.3170 2.9589 2.2814 2.4325 2.9011 2.6296 2.6996 2.7851 2.7179 2.4745 3.1555 2.8466 2.8790 2.9952 3.7600 3.1849 3.7355 3.3809 3.5343 3.3631 3.5343 2.9238 3.2784 3.1270 3.1849 3.4360 2.9470 2.9238 3.1555 3.8107 3.0992 3.4360 3.8905 3.5551 3.5977 3.1555 3.4550 3.3284 3.0076 3.4550 3.8107 3.3284 3.1701 3.6646 3.0722 3.3456 2.9708 3.5343 2.8790 2.6552 2.6996 3.3809 3.2151 2.9952 3.7600 3.0459 2.8573 3.6878 3.0202 2.5488 3.3989 2.5964 2.7557 2.6296 2.1414 2.1022 2.3859 3.1270 3.1849 1.9938 2.2814 2.5964 2.1414 2.1464 2.0197 2.6466 2.5035 2.2034 2.5335 1.9603 2.2034 2.7087 2.4603 2.2472 2.8573 2.3353 2.1719 2.5644 2.8257 3.3631 3.0992 2.9470 3.0202 2.6996 3.2151 2.7557 3.2463 3.0992 2.8790 3.3809 3.4173 4.0662 3.1270 3.4940 3.0459 3.7114 3.2151 3.2463 2.9708 3.1849 2.9124 3.7114 3.1555 3.4940 3.2463 3.4173 3.1849 3.4173 3.2784 2.7951 3.3809 3.0992 3.6646 3.2151 3.5343 3.2463 3.4940 3.2784 3.5977 3.3456 3.4550 2.8790 3.1270 1.8371 1.7544 1.7744 1.7811 1.6604 1.7031 2.0647 1.6845 1.8966 1.7348 2.7851 2.5184 2.6996 2.7752 2.7366 2.5488 2.7179 2.9952 3.0459 2.3924 2.2142 2.0927 2.1216 2.2931 2.0927 2.1414 2.2931 2.0285 2.0975 2.4257 2.9470 2.9238 3.0330 3.4940 4.0353 2.4190 3.6646 3.7114 4.5399 2.7557 2.2250 1.7544 2.5723 2.5723 2.1414 2.0927 2.1823 2.1364 4.0353 2.6639 2.3666 2.9238 3.6196 4.5399 4.0353 3.4173 3.1849 3.3114 3.8107 3.1849 3.1270 2.9830 2.8790 3.0589 3.2622 3.3989 3.4743 3.4550 2.8681 3.1849 3.3989 3.2463 2.8790 3.5343 3.3456 3.0722 4.0353 3.3809 3.2784 3.1555 3.4940 3.5343 3.1270 2.2361 2.4122 2.3666 2.2814 2.4056 1.8228 2.0739 2.5488 2.4190 0.0000 0.8983 0.9951 0.6751 0.7685 2.3477 2.4603 2.3924 2.4603 2.4673 2.9708 3.1270 3.7600 3.1270 2.7366 2.7654 3.2463 3.0722 2.8052 3.4940 2.9011 3.2622 3.2306 3.2151 3.4173 3.4173 3.1270 3.7600 4.0353 2.6996 2.7366 2.5964 3.0992 2.6727 2.7179 3.3284 3.0856 2.6466 2.6816 2.9470 3.1555 3.0992 2.7951 2.9238 2.9124 2.8573 2.9011 3.0459 2.9238 2.8257 3.0589 3.2463 2.5964 2.7557 2.8361 2.6466 2.6466 2.7366 2.8790 3.0722
235 2.4257 1.9685 1.9853 2.0739 2.4056 2.8573 3.0202 2.5335 3.1999 2.5488 2.6996 2.6129 3.1412 3.8107 3.4940 2.8790 3.9755 4.0353 2.5964 2.4603 2.5411 2.4889 2.4962 2.9011 2.7752 3.1555 2.7272 2.7951 2.8052 2.9124 2.7087 2.6816 2.7366 3.1701 2.7654 2.7752 2.1719 2.3859 2.8790 2.4533 3.0076 3.5977 3.2784 2.9011 2.7366 3.1999 2.7557 3.2622 3.1999 2.7087 2.8052 2.7557 3.5762 3.0722 2.8900 2.6996 3.0459 3.4940 2.9354 2.8790 3.2463 2.8257 2.7654 2.9354 2.8361 2.9589 2.8154 2.8573 2.8154 3.2151 2.5411 2.5184 2.4122 2.4745 2.5644 2.7366 2.9952 2.4122 2.0023 2.2250 2.5335 2.3794 2.6296 1.9938 2.6296 2.9952 2.5109 2.2250 2.1119 2.5964 2.2873 2.5964 2.6906 2.7366 2.1928 2.5964 2.5184 2.9470 2.9124 2.8361 3.3989 2.7179 2.8257 3.8905 2.8790 2.8573 3.1701 2.6296 3.4550 2.5883 3.5343 3.0202 2.8681 3.1412 3.1270 3.0202 2.9708 2.9952 2.9830 2.7179 3.1555 2.9470 3.1999 2.7179 2.9011 3.3114 3.1130 2.8681 2.8573 2.7557 3.2784 3.2151 3.0722 3.4550 2.9238 3.1270 3.0330 3.3631 3.0722 3.3809 3.0330 3.0722 1.7031 1.6604 1.6426 1.8371 1.6754 1.5377 1.9521 1.5119 1.7284 1.5942 2.8573 2.4603 2.5964 2.4190 2.6296 2.5488 2.7179 2.8257 2.3730 2.2528 2.3050 2.2361 2.0110 2.0647 2.5035 2.2361 2.2931 2.2361 2.2472 1.9239 3.4173 3.0992 2.7851 4.0051 2.9708 2.4889 3.0459 2.6639 3.1555 2.9952 2.2361 1.8966 2.5411 2.7557 2.0464 2.4394 2.1167 2.0197 3.2622 3.6646 2.7557 2.3924 3.9466 3.4940 4.4980 3.1412 3.7600 3.7600 3.9183 2.8790 3.5551 3.5551 2.6466 2.3109 2.8900 3.2306 3.0330 2.5035 2.4190 2.7557 3.2151 2.7752 3.1849 2.4533 2.7752 3.3284 3.5343 2.9011 2.9238 2.7851 3.2151 2.8154 2.6129 2.0739 2.6129 2.2142 2.1515 2.2814 1.8966 2.3924 2.3230 2.2814 0.8983 0.0000 0.5442 0.7893 1.1097 2.5335 2.2472 2.5035 2.5803 2.3924 2.7557 2.7654 2.8052 2.9238 2.4889 2.5335 3.3456 2.8790 2.9354 2.9238 2.7654 2.9011 2.7366 2.9354 3.1701 3.2622 2.8052 2.9952 3.0202 3.0202 2.6816 2.7557 2.8466 3.0330 2.7272 3.4360 3.1412 2.7179 2.4533 3.1849 2.8052 2.8573 2.6466 3.2463 2.7951 2.7179 3.0722 2.7951 2.7752 3.3631 2.8466 3.3809 2.9124 3.0722 3.2622 2.3414 2.5411 2.7557 2.8681 2.8257
236 2.5109 2.5644 2.5488 2.6296 2.5335 3.4550 3.1555 2.6996 2.7179 2.5488 2.7654 2.9708 2.6816 3.4550 2.9470 2.3414 3.4173 3.8633 2.3794 3.0992 2.9708 3.6196 3.1270 3.6196 3.4550 3.2463 3.4360 3.3456 3.6196 3.3809 3.3456 3.2784 3.5343 4.0662 3.3284 3.9183 2.7179 2.8361 3.7114 3.0722 3.3809 3.2784 2.7366 3.4173 2.8681 3.3809 3.0330 4.3032 3.5343 3.5343 4.2315 2.7951 3.6878 2.3859 3.5762 3.1849 4.0978 4.0978 2.2250 6.5129 3.1412 3.0992 3.6878 3.3809 3.0202 3.6646 3.1701 3.0992 2.5488 2.6996 2.4463 2.2814 2.9011 2.2814 2.3794 2.8361 3.1412 2.4816 2.4190 2.2034 2.5803 2.3170 2.6996 2.3859 2.6129 2.7557 3.0202 2.3924 2.1719 2.4889 2.5644 2.4889 2.3230 2.4533 2.3414 2.4889 2.5035 3.1555 2.9952 3.2784 3.6196 2.9011 2.9470 3.4173 3.1555 2.8154 3.0722 2.4745 3.3809 2.9354 4.0978 3.3456 2.9011 2.9470 3.2784 3.3989 2.6996 3.0992 2.8154 2.5803 3.5140 2.8154 3.0459 3.0992 3.4940 3.3809 3.1130 3.1270 2.7752 3.0202 2.9952 3.0722 2.9952 2.9470 2.9830 3.5551 3.0992 3.2151 3.1555 3.2622 2.7557 3.1555 1.7188 1.7744 1.9644 1.8228 1.8443 1.7914 1.9121 1.7031 1.8017 1.8299 3.1412 2.6816 3.0459 1.9603 2.5964 2.8361 2.7087 2.6552 2.5411 2.6381 2.6466 2.3666 2.1315 2.1719 2.4603 2.2472 2.4325 2.4745 2.1315 2.4673 3.7114 3.4743 3.3809 4.2669 2.4745 2.8573 3.0459 2.8361 2.6996 3.9183 2.4962 1.6138 3.0992 2.4533 2.2250 2.3291 2.3414 2.0197 3.3114 4.0353 3.1270 2.7752 2.9708 3.6419 5.2569 3.5343 3.0722 4.4980 3.3114 2.9011 3.7600 3.1412 2.9354 2.9238 3.1412 2.7366 3.4550 2.8790 2.8361 2.8154 3.4360 3.8633 2.6129 2.5883 3.2463 3.0202 3.3456 3.0992 2.8790 3.3631 3.1555 2.6996 2.9952 2.2814 2.3859 2.1515 2.3414 2.1315 1.8299 2.4463 2.5335 2.2034 0.9951 0.5442 0.0000 0.8673 1.1782 2.3050 2.4816 2.7752 2.6466 2.9470 2.8154 2.9952 3.3456 3.0856 2.8573 2.7557 3.8633 2.7557 2.6296 3.4173 2.9354 2.9952 3.7114 3.3456 3.2948 3.6196 3.5140 3.7600 3.7600 3.1849 2.7557 2.9238 2.8361 2.9011 3.0076 3.1555 3.3809 3.0992 2.9470 3.1849 3.5762 3.5343 3.2784 2.9470 3.2306 3.3456 4.6721 3.1555 3.1555 3.7851 3.1270 3.8633 2.9011 3.1849 3.2784 2.4533 3.1999 3.9183 3.5762 3.3631
237 2.4603 1.9769 2.0374 2.3924 3.0992 2.8154 2.5644 2.3291 2.7752 2.5803 2.9011 2.7179 3.1999 2.5964 2.8154 3.1270 2.8154 2.9952 3.1130 2.5964 2.8361 3.2784 2.9011 3.8367 3.6646 3.5343 3.6196 3.7114 3.1270 3.1849 3.4173 3.4550 3.5762 3.5140 3.2622 3.5762 2.7851 3.0459 2.9589 2.9708 3.2784 3.0992 3.0202 2.5488 2.9470 3.2622 2.9952 3.2463 3.4940 4.3403 3.7114 3.3456 4.5399 3.3284 3.5140 3.4550 3.4940 3.8633 3.4173 3.6878 3.2463 3.1701 3.1130 3.3989 2.8573 3.0202 2.9830 3.1555 2.4056 2.8790 2.2642 2.5644 2.6639 2.2196 2.3109 2.3990 3.4550 2.6816 1.9603 2.5803 2.4889 1.9685 2.4603 1.9603 2.6129 2.8154 2.3414 2.6296 2.2034 2.3291 2.2088 2.5723 2.2699 2.5723 2.0197 2.2528 2.6639 2.7087 2.8154 2.6129 2.7752 2.9011 2.8573 3.5343 2.6816 2.8573 2.7951 2.6381 3.2151 2.5644 3.7600 2.8573 3.1849 2.7752 3.1555 2.7752 2.6816 2.7557 3.0459 2.6639 3.0076 3.0202 3.3631 2.7461 3.2306 4.3032 3.0722 3.5762 2.9952 3.4173 3.1701 3.4940 3.1555 3.5140 4.6269 3.6196 4.3032 3.1270 3.5762 3.0722 3.1555 3.1270 1.8966 1.9769 1.9853 1.9769 1.8590 1.6485 1.8157 1.7677 1.6604 1.7914 2.5184 2.4463 2.3924 2.2472 2.4745 2.3050 2.6046 3.1849 2.5109 2.5488 2.2472 2.2472 2.2142 2.3666 2.3924 2.1119 2.5964 2.2472 2.2699 2.6996 4.0978 2.6816 4.2315 3.9755 2.8681 2.3050 3.0202 2.6129 3.3114 2.7557 2.3666 1.6845 2.3230 2.4056 1.9603 2.0927 2.2699 1.9121 3.9755 3.1849 3.0722 2.3666 3.7114 4.9166 3.2784 3.3456 3.1412 3.2463 3.6196 2.7366 3.1412 3.3456 2.6046 2.4394 2.9238 2.8154 2.7654 2.7557 2.5184 2.6129 2.4673 2.6906 2.4056 3.0722 3.0589 2.9952 3.1701 3.0722 3.0722 3.1270 3.0589 2.8361 3.0459 2.3291 2.6296 2.3539 2.1414 2.4745 2.0786 2.2699 2.5488 2.4190 0.6751 0.7893 0.8673 0.0000 0.9331 2.8361 2.4889 2.2585 2.5335 2.2361 2.7179 3.0076 3.4940 3.0992 3.4940 2.9830 3.3809 2.4603 2.8573 2.9238 2.9708 3.3809 2.8052 2.8257 3.0722 3.0856 3.1270 3.7600 4.5399 2.9238 3.0856 2.9470 2.8154 2.9011 2.7654 3.4360 2.7179 2.8154 2.9470 2.7366 2.9011 2.9238 2.7366 2.7557 2.6466 2.9708 3.1270 2.8466 2.6129 2.6466 2.6816 3.0076 2.6129 2.5335 2.8790 2.4190 2.4056 3.5551 2.8573 2.9124
238 2.3291 2.2642 2.0927 2.5488 3.3284 2.7557 3.6196 2.6816 3.0992 2.9952 3.2784 3.0202 3.1849 3.2151 3.6196 3.3114 3.9183 3.0722 2.9470 2.6296 2.5964 2.3170 2.5644 3.2463 2.6639 2.9238 2.9011 3.2306 2.8900 3.0330 2.6996 2.6816 2.6906 2.9124 2.8052 2.5644 2.8154 2.9708 2.7557 2.3170 2.6639 2.8790 2.7179 2.6296 3.0330 3.0330 2.8154 2.8361 3.2784 2.4889 2.6129 2.6639 2.9952 2.3924 2.7752 2.4889 3.0992 2.8573 2.0197 3.1701 2.6639 2.4603 2.5109 2.7851 2.5964 2.4816 2.6906 2.7272 2.8900 2.7366 2.5488 2.8573 2.9124 2.6381 2.5964 2.8573 3.3456 2.3050 2.4122 2.6296 2.5488 2.5964 2.7366 2.5488 2.5335 2.6552 2.5723 2.9011 2.0419 2.8154 2.4325 2.3050 2.2699 3.0992 2.4122 2.3990 2.5488 2.7752 2.7179 2.4325 2.5035 2.5883 2.5644 2.9124 2.4056 2.4463 2.4463 2.4056 2.7179 2.3924 2.9470 2.3924 2.8361 2.9708 2.6046 2.5184 2.6639 2.6816 2.7087 2.2699 2.7366 2.3924 2.5566 2.4816 2.7951 2.6466 2.5335 3.1130 2.5644 2.8361 2.6296 2.6381 2.5335 2.8573 2.9238 2.8361 2.8154 2.7752 2.7366 2.8052 2.7752 2.5566 1.5804 1.6604 1.6253 1.5094 1.5970 1.5018 1.6426 1.4339 1.4968 1.4200 2.1616 2.4889 2.2699 2.2585 2.0927 2.3050 2.5035 2.5644 2.1315 1.8371 1.7348 1.6485 1.8228 1.8590 2.0197 1.6195 1.9121 1.7948 1.7220 2.3539 2.3050 2.1515 2.3794 3.8107 2.6727 2.2361 2.5883 2.2642 2.7366 2.2305 1.9439 1.8087 2.2361 2.3666 2.2472 2.2142 2.1464 2.0833 2.8790 2.5803 1.9769 2.2585 3.3809 3.0992 3.0202 3.0202 2.5184 2.5803 3.2463 2.8573 2.8573 3.0202 2.2142 2.5964 2.3170 2.2250 2.7951 2.4533 2.4463 2.4056 2.5723 2.7951 2.2034 2.3291 2.5803 2.8790 2.8681 2.4745 2.8790 2.6296 2.9470 2.6129 2.4325 1.8516 2.0110 1.9521 1.8814 1.9521 2.2931 1.8966 1.7677 1.8299 0.7685 1.1097 1.1782 0.9331 0.0000 2.6639 2.6129 2.6129 2.9011 2.5644 2.6296 2.4603 3.0992 2.6996 2.5803 2.9952 2.4962 2.5964 2.5035 2.8154 2.5488 2.8361 2.8154 2.9952 3.2784 2.4603 2.9470 3.2784 3.8107 2.5488 2.7179 2.5035 2.3539 2.5964 2.7366 3.0330 2.8361 2.2416 2.3794 2.3050 2.3794 2.7461 2.5803 2.6996 2.7951 2.6129 2.6129 2.6381 2.4325 2.1515 2.4122 2.5803 2.2250 2.3050 2.4745 2.3990 2.2250 2.3170 2.6996 2.4056
239 2.1265 2.5488 2.3414 2.3539 2.6296 3.2151 2.4745 2.5723 2.9011 2.6296 2.6381 2.9238 2.9238 2.8573 2.6466 2.3539 2.6816 2.5964 2.6639 2.8466 2.7272 3.8633 2.7654 2.4325 2.6996 2.8790 2.6212 2.6816 2.8361 2.9124 2.7951 3.1412 2.6639 2.6996 3.1412 3.0992 2.9589 2.7951 2.7557 2.6129 2.9830 2.8257 3.0589 2.9011 2.5883 3.0202 3.2622 3.4173 3.6419 3.5762 3.3809 3.2622 3.2784 3.1555 6.2291 3.2948 3.8905 3.7355 3.3114 3.4940 2.5723 3.0992 2.6046 2.9470 2.8681 2.6212 2.7557 2.6296 3.4940 2.1771 2.3477 2.2528 2.1928 2.1364 2.2142 2.2585 2.6906 2.8361 2.4325 2.2642 2.2361 2.4745 2.6996 2.5488 2.2142 3.2463 3.0459 2.2305 2.6046 2.6639 2.2642 2.7087 2.4745 2.9952 2.3170 2.6727 2.9011 2.3539 2.7557 3.1270 2.7179 3.0076 2.8573 2.9124 2.9124 2.6996 2.8466 2.9238 2.6996 3.2306 3.3631 3.3631 2.9952 3.7600 3.1849 2.9708 2.8900 3.0722 2.9011 2.9830 3.1270 4.3403 2.7366 2.9589 2.8790 2.9354 2.5488 3.6878 2.7087 2.9830 2.8257 3.5140 3.0076 3.1555 3.5343 3.2151 3.2151 3.2151 2.9952 3.2784 2.8052 3.0722 2.6296 2.4056 3.0330 2.5488 2.7461 2.7654 2.6381 2.6552 2.5723 2.4745 3.2463 2.9470 3.3809 2.5964 3.2306 2.6727 3.7355 4.1632 2.8790 2.9238 2.4816 2.6296 2.8154 3.4550 2.6639 2.9011 2.9470 3.0076 2.5488 3.4743 3.8633 3.0992 3.0992 3.7600 3.0992 3.1412 3.2151 3.0722 2.8790 3.8107 2.8681 2.8052 2.8681 3.0202 3.5977 3.3456 3.2622 3.9755 2.3414 2.4603 2.2142 2.1414 2.2814 2.1616 2.0927 2.3170 2.2699 2.3414 2.0833 2.1719 2.1414 2.2699 2.0464 2.3291 2.4325 2.3291 2.2699 1.9561 2.1823 2.1515 2.2990 2.2250 2.4889 2.6466 2.5488 2.1823 2.3794 2.3924 2.1515 2.1823 2.0419 2.2034 2.2361 2.1414 2.1315 2.4603 2.3602 2.4394 2.2361 2.1515 2.0110 2.2699 2.3477 2.5335 2.3050 2.8361 2.6639 0.0000 0.4248 0.9551 0.9115 0.9440 2.0464 2.1315 2.4325 1.9439 2.1119 1.8407 1.9121 2.1216 2.0555 2.1414 2.0555 1.9603 2.3924 2.1315 2.5644 2.0647 2.4190 2.0647 2.5644 2.1414 1.9439 2.3291 1.9811 2.1667 2.4816 2.6466 2.1167 2.4603 2.3291 2.3170 2.3291 2.5035 2.4056 2.9470 2.4056 2.5035 2.5644 2.2250 2.3602 2.1928 2.2699 2.7851 2.1216 2.0197 2.4056 2.0110 2.4533 2.4889 2.6639 2.5035
240 2.5883 2.9952 2.4325 2.4889 3.3456 2.7179 2.7179 2.4056 2.7752 2.7366 2.4603 2.9708 3.0202 2.5488 2.5803 2.3794 2.8361 2.9952 2.5184 2.9238 2.4190 2.6381 2.9708 2.4122 2.9011 3.0459 2.7752 2.6046 2.7851 3.2463 2.7752 2.8361 2.9238 2.5723 3.7355 2.6639 2.9354 2.6212 2.7557 2.8466 2.9011 2.5803 2.8790 2.7557 2.8466 3.5762 2.7179 3.4940 3.5140 3.3809 3.3631 3.0076 3.8367 2.7951 4.3032 3.6646 4.3032 3.5140 3.7600 3.1849 2.8573 2.8900 2.7851 3.2784 2.9470 2.7752 2.8361 2.7557 3.0459 2.2416 2.3666 2.5803 2.1823 2.0555 2.6727 2.2585 2.3291 2.8573 2.2873 2.4394 2.1719 2.3990 2.4603 2.3477 2.0647 3.0459 2.9238 2.3353 2.6816 2.5184 2.4325 2.4190 2.8052 2.5644 2.6212 2.4673 3.2151 2.2034 2.7272 3.3456 2.6466 2.9708 2.9470 2.7752 2.8466 2.6996 2.9952 2.9952 2.8466 3.1999 3.2622 3.0589 2.9952 3.9466 3.5343 2.8681 3.1130 2.8466 2.8573 2.9470 2.9708 3.1555 3.0202 2.8361 3.4940 3.3809 2.7179 2.9708 3.8107 3.1999 3.2622 3.2306 3.2151 3.1999 3.6646 3.2306 3.5762 2.9470 3.2784 3.2306 4.0662 3.0589 2.6381 2.8052 2.4325 2.4889 3.0459 3.0856 2.3859 2.4889 2.3414 2.7366 2.9238 3.0202 3.1999 2.4889 2.8361 2.9238 2.9708 4.4172 2.7179 2.8790 2.6129 2.2472 2.6816 2.7752 2.3539 2.6639 2.4325 2.6296 2.6816 3.0992 4.6721 4.8150 2.9708 3.3114 3.4743 3.5140 3.0992 3.4940 2.8790 3.2463 3.3809 2.8154 2.9589 2.6552 2.8573 3.1412 2.9830 3.1849 2.4962 2.2142 1.9685 2.0975 2.1119 2.2250 2.1216 2.1875 2.3666 2.2699 2.3109 2.4463 2.4190 2.3602 2.1119 2.3291 2.1315 2.1616 2.1315 2.1823 2.5035 2.2585 2.3666 2.4533 2.8573 2.5411 2.7179 2.4190 2.4325 2.5035 2.2088 2.2814 2.4325 2.2250 2.1070 2.2642 2.1315 2.2642 2.4463 2.2528 2.5488 2.1928 2.0555 2.2361 2.4603 2.2472 2.4816 2.4889 2.6129 0.4248 0.0000 0.9062 0.8106 0.8957 1.8664 1.9938 2.0927 2.1070 1.8966 1.8814 2.0110 1.8371 2.0023 1.9044 2.0197 1.9359 2.2034 2.1719 2.1616 1.9685 2.0739 1.9319 2.3539 1.9561 1.8966 2.0786 1.9644 1.8371 2.2585 2.5644 2.0833 2.3924 2.0197 2.4745 2.2699 2.2250 2.4745 2.3414 2.2472 2.1315 2.4056 2.1414 2.2142 2.3050 2.2472 2.4603 2.2931 2.2585 2.2931 2.0927 2.6466 2.4962 2.5109 2.3539
241 2.7951 2.1515 2.5035 2.3109 2.5644 2.5035 2.5964 2.5803 3.1999 2.4816 2.4056 2.5259 2.6552 2.5335 2.6552 2.9708 2.7951 2.5488 2.5184 2.8361 2.8154 2.7366 2.6296 2.7461 3.1130 2.9011 2.5964 2.7272 2.7752 3.2463 3.3989 2.5488 2.6129 2.8052 2.8361 2.5035 2.6639 2.8790 2.9708 2.6639 3.4173 2.5035 2.6381 2.5883 2.5184 3.0202 2.4673 3.3631 3.1849 2.8052 3.2784 2.7179 2.2990 3.0992 3.2622 3.1270 3.3114 2.9011 2.7752 3.6196 3.4173 2.7087 2.7557 2.9708 2.5566 2.4603 3.1555 2.5803 3.4550 2.1216 2.7366 2.5335 2.6296 2.4745 2.3602 2.1928 3.1555 3.0076 2.4122 2.3414 2.0739 2.2250 2.5723 2.1565 2.4603 2.9238 2.8790 2.3050 2.1216 2.6639 2.3924 2.2472 2.9952 2.5184 2.1022 2.3539 2.6381 2.2361 2.6816 3.4940 2.5488 3.4940 2.9952 4.1970 2.8361 2.7272 2.9830 2.6212 3.9466 3.0856 3.1412 3.7600 3.2463 3.1270 3.7600 2.9952 3.1849 2.6046 3.3809 3.0459 2.7179 2.9708 2.5488 2.9589 3.1270 3.3631 4.1632 3.4550 2.7654 3.3114 2.7951 3.6878 2.8154 2.9952 2.9011 2.9011 3.3114 2.2585 3.1270 3.0202 3.0459 3.7600 2.4745 2.6296 2.3539 2.6296 2.6996 2.4325 2.5803 2.5035 2.5184 2.4673 3.8367 2.9708 3.6196 2.9952 3.3456 3.7114 2.8790 3.8367 3.0992 2.6639 2.5184 2.4603 2.7087 2.9708 3.2151 2.5803 2.6552 2.6639 2.6639 3.1412 3.4940 3.0589 3.1849 6.5129 2.6996 3.6646 3.6878 3.4940 3.8107 2.7366 3.1701 2.6129 2.3353 2.6381 2.5035 2.8361 3.0722 2.6296 2.0739 2.4533 2.3666 2.2472 2.0739 2.1119 2.0647 2.3170 2.2472 2.2472 2.3539 2.1315 2.0739 2.2361 1.9938 2.1070 1.9521 1.9938 2.0285 2.0241 2.2873 2.2250 2.0374 2.6212 2.0330 2.3539 2.4325 2.1515 2.3794 2.3794 2.2034 2.3539 2.3050 2.4533 2.0927 2.4325 2.3170 2.1928 2.1616 2.4463 2.5184 2.6466 2.3990 2.3539 2.3924 2.5035 2.7752 2.2585 2.6129 0.9551 0.9062 0.0000 0.7066 0.0000 2.0555 2.3666 2.2585 2.1022 1.9811 2.1616 2.3859 2.2931 2.0693 1.9853 2.1315 2.2361 1.9853 2.0880 2.3794 2.0285 2.3859 2.0739 2.5109 2.0739 1.9399 2.0739 2.1616 2.1022 2.5411 2.8154 2.1022 2.7179 2.3414 2.5803 2.1616 2.3414 2.2361 2.2585 2.3539 2.4325 2.6296 2.1022 2.2814 2.3414 2.2305 2.1364 2.2361 2.1719 2.2250 2.0110 2.3414 2.3050 2.1928 2.0555
242 2.8361 2.5335 2.4190 2.3794 2.8790 2.6996 2.8154 2.6996 2.8154 3.4173 2.3291 3.9183 3.1130 2.6816 2.7179 2.9238 2.6129 3.1555 3.1849 2.6296 2.4056 2.6639 2.4889 2.9470 2.8466 2.6996 3.0076 2.7179 2.4889 3.1270 2.8154 2.4463 2.3602 2.8790 2.7179 2.6296 3.0589 3.0722 2.7366 2.4673 3.2463 2.5803 2.6816 2.9354 3.0722 3.4550 2.8573 3.2622 3.2151 3.2622 2.9589 2.8573 2.9124 3.0202 3.4173 2.9708 3.5343 4.2315 3.1270 4.1632 2.4325 2.7272 2.5803 3.4940 3.1130 2.7461 3.1130 2.7951 2.7557 2.2756 2.4962 2.5035 2.3602 2.6129 2.1875 2.1719 2.9470 2.8900 2.3666 2.6996 2.1616 2.9708 2.8466 2.3414 2.5644 3.7114 2.4889 2.3291 2.4190 2.7179 2.3924 2.5488 2.4056 2.4889 2.4056 2.8257 2.4889 2.5964 2.7461 2.7654 3.0992 2.9952 2.8154 4.3032 3.4173 2.8681 2.9011 3.2463 2.9470 3.2463 4.4172 3.3631 3.8107 2.7557 4.1632 3.7600 3.0202 2.7752 3.3809 3.0202 2.8466 2.8361 2.8361 3.2463 3.6646 3.9183 3.0330 3.4743 3.0202 3.1999 2.9011 3.5977 2.9952 3.1555 3.6646 3.0992 3.2306 3.3631 2.9470 3.8905 3.7851 3.5762 2.4962 2.5566 2.6296 2.6381 2.6466 2.5335 2.6816 2.4190 2.2585 2.8154 2.8361 3.3809 3.1270 3.0202 2.4533 3.2784 2.5644 3.1555 2.8154 3.0076 2.4190 2.4745 2.7366 3.1555 2.6816 2.4745 3.0992 2.6466 2.4463 3.7851 3.5343 3.3114 3.2463 3.9466 2.6996 3.1849 3.1849 4.0662 4.8150 4.1970 2.9470 2.6816 3.0202 2.9011 3.0992 3.4173 3.5977 2.7752 2.2585 2.3539 2.1315 1.8299 2.3990 2.0419 2.2034 2.2088 2.0647 2.2305 2.5488 2.2034 2.0601 2.3414 2.0241 1.9439 2.1022 1.8480 1.9895 2.0975 1.7710 2.0786 1.6845 2.3414 2.3477 2.5335 2.2142 2.0285 2.2142 2.0693 2.0374 2.0555 2.3477 2.2472 1.9480 2.1315 2.1364 2.0833 2.0739 2.5335 2.4463 2.2699 2.1119 2.2361 2.4603 2.5803 2.6466 2.5335 2.9011 0.9115 0.8106 0.7066 0.0000 0.7024 2.2585 2.1265 2.4325 2.1022 2.0880 2.0833 2.1928 2.7272 2.3050 2.0833 2.1823 2.1119 2.0285 2.4257 2.3291 2.0975 2.1216 2.1022 2.2814 2.2034 2.0833 2.2642 2.0833 2.1315 2.7951 2.6906 2.1928 2.6381 2.3414 2.2472 2.2931 2.2931 2.3990 2.6466 2.3109 2.2250 2.3539 2.1414 2.0927 2.4745 2.1928 2.6296 2.2642 2.2142 2.4190 2.0555 2.2472 2.1022 2.6552 2.1616
243 2.9708 2.4056 2.3353 2.2814 2.9238 2.3539 2.6129 2.5411 2.7366 2.6816 2.5184 2.5964 2.9011 2.5488 2.7951 2.6996 2.5335 2.6296 2.6996 3.6419 2.6296 2.6639 2.5259 2.9470 2.9830 2.9952 2.5035 2.7851 2.6296 4.0051 2.4603 2.5109 2.7557 2.8681 2.9470 2.6552 2.8361 3.4173 2.9470 2.6129 3.4550 2.4673 2.9708 3.0330 3.0992 3.0589 2.8573 3.7114 2.7557 2.4463 2.8573 2.9589 2.4463 2.7179 3.3989 3.1701 3.8107 4.7661 2.9354 3.9466 3.9755 2.7951 2.9470 2.4603 2.8052 2.6552 2.7851 3.0076 3.7600 2.2034 2.6727 2.5184 2.6552 2.5644 2.2472 2.1414 3.0722 2.9952 2.7752 2.4325 1.9769 2.2472 3.2463 2.6639 2.3924 2.8466 2.5803 2.3291 2.1823 2.4325 2.2472 2.2931 2.8154 2.4962 2.2585 2.5566 2.6996 2.4745 2.7557 3.2784 2.8681 3.1555 2.9238 4.1970 2.7179 2.9354 2.9708 2.7752 3.2463 2.9589 2.9470 3.3284 3.3284 2.9011 3.7851 2.8257 2.9470 2.5964 4.1632 3.1555 2.7557 3.3456 2.5335 2.5488 2.9011 3.3809 2.9708 3.3989 3.4173 3.1555 2.9124 3.4173 2.8052 2.8900 3.3809 2.6906 3.3809 3.1270 2.8573 3.2463 3.0459 3.2306 2.3794 2.5035 2.3666 2.6296 2.7752 2.3859 2.6996 2.5964 2.6296 2.3794 3.6646 3.0202 3.0202 3.9755 2.9470 3.0722 2.6296 4.1632 3.1270 2.8052 2.6129 2.4745 2.9238 3.1270 3.3456 3.0076 2.7752 2.7752 2.5335 3.2622 3.4940 3.2622 3.4173 4.4571 2.6466 3.7600 3.3114 4.1632 4.1301 3.2784 3.3631 2.6129 2.2814 2.6466 2.4122 2.7752 2.9470 2.3924 2.1823 2.2416 2.2699 2.1315 2.1216 2.1464 1.9359 2.2142 2.2361 2.2250 2.1823 2.1414 2.0739 2.4463 1.9200 2.1823 2.0110 1.9082 2.0647 2.1464 2.1022 2.1119 2.0927 2.6296 1.9853 2.3924 2.4889 2.1070 2.5035 2.2472 2.1928 2.3170 2.2196 2.4325 2.0927 2.5964 2.5411 2.5259 2.4056 2.6906 2.3924 2.3924 2.3924 2.4603 2.4673 2.3924 2.9470 2.2361 2.5644 0.9440 0.8957 0.0000 0.7024 0.0000 2.1022 2.2528 2.2305 2.1364 2.0927 2.1515 2.4190 2.2361 2.0693 2.0464 2.1771 2.1414 2.0601 1.9853 2.3414 2.0285 2.3859 2.0833 2.2585 2.1616 2.0419 2.1616 2.1119 2.0464 2.6296 2.7179 2.1515 2.6996 2.4745 2.5964 2.1265 2.3924 2.3050 2.3291 2.6212 2.5335 2.7087 2.0927 2.3353 2.3109 2.1875 2.3353 2.2472 2.2305 2.1771 2.0786 2.5184 2.5411 2.1616 2.1928
244 2.1928 3.2784 2.4816 2.7752 2.9830 4.4571 2.7557 3.1270 5.1372 3.1270 2.6639 4.0051 3.5343 2.8361 3.7114 3.7114 3.7355 3.0459 3.0202 2.8790 2.6296 3.2622 2.6129 3.0992 2.8573 3.1999 2.7366 2.8573 2.6816 3.3809 3.0722 2.7366 3.0722 2.8573 2.6296 3.0202 3.3114 3.4743 3.2463 2.5964 3.0992 2.9354 2.9011 3.1849 2.9708 3.0076 2.9708 3.2622 3.7600 2.5335 2.8790 2.8361 2.5488 3.3456 2.4673 2.6296 3.2306 3.1999 3.0459 3.5762 3.2306 2.9952 2.9830 2.7752 3.3809 2.8154 2.8154 2.4603 3.5762 2.3539 2.6296 2.9470 2.3170 2.9238 1.9439 2.7752 2.9124 2.5964 2.3109 3.1412 2.6816 2.7951 2.9354 2.2990 2.8361 2.7654 2.8361 2.6046 2.5184 2.6552 2.7557 2.2931 2.2034 2.3924 2.2034 2.3730 2.0739 2.7179 3.4940 3.3284 3.0202 2.8361 3.4743 4.0978 2.7752 3.0722 2.8573 3.6196 3.0722 3.5140 4.3032 3.3456 3.8107 3.2948 4.0051 3.4743 4.3783 3.6646 3.3114 2.5488 3.3989 3.0992 4.4571 2.9011 3.0459 3.7114 2.8052 3.5762 3.1555 2.5644 2.2931 3.3456 3.8107 2.5803 3.7851 3.3989 3.3114 2.9238 2.6816 2.3990 3.0856 2.6296 2.6996 2.7951 2.7851 3.0202 2.4603 2.3730 2.6816 2.4889 2.4889 2.3414 4.3783 3.7114 4.4571 4.4571 3.5343 4.0978 2.6466 5.9702 3.4173 2.6466 2.7951 2.5803 2.2931 2.7366 2.5964 2.0927 2.8361 2.1515 2.8361 3.2151 4.3032 3.8107 2.8790 2.8154 2.6381 3.2784 2.8790 2.9708 4.2315 3.6646 2.6552 2.5035 2.9124 2.6639 2.5488 2.5644 2.6552 2.8681 2.5964 2.2034 2.0374 2.1216 2.1414 2.3666 2.3924 2.1823 2.8361 2.1022 2.7557 2.5488 2.2931 2.2361 2.1616 1.9279 1.8157 2.0197 2.0693 1.9685 2.1414 2.0509 2.1414 2.5803 2.1616 1.8590 2.5803 2.1515 2.6996 2.9708 2.7557 2.2814 2.5488 2.2756 2.0110 2.2305 2.4190 2.3050 1.9359 2.2142 1.9521 2.1875 2.3170 2.2931 2.9708 2.7557 2.8154 2.7179 2.6296 2.0464 1.8664 2.0555 2.2585 2.1022 0.0000 0.9276 1.0308 1.0710 1.1925 0.7893 0.8673 0.9035 0.7482 0.9035 0.7393 0.6426 1.1230 1.2144 1.2033 1.2033 1.1536 1.2913 1.1297 1.3491 1.2520 1.3839 0.7437 1.3491 2.6466 1.9938 2.1216 2.2585 2.1616 2.5964 2.5035 2.1022 2.7366 2.2472 2.2472 2.2250 2.6296 2.2814 2.1928 2.1823 2.1719 2.9124 2.4463 2.4056 2.3050 2.5644 2.3291 2.5644 2.4889 2.3291
245 2.4394 2.7179 2.8257 3.0330 2.7557 3.6196 2.8900 2.7752 3.6196 3.6646 2.7851 3.3989 3.7114 3.5551 3.8633 3.9466 3.2622 3.2463 2.8361 3.0202 2.4122 2.9011 2.4889 2.6212 2.7951 3.1701 3.5140 2.8257 2.8900 3.0202 2.4889 2.6552 3.1849 2.8361 2.7557 2.6296 3.4550 3.8905 2.7087 2.4190 3.0459 2.6466 2.9124 2.7557 2.9238 2.5488 2.8257 2.7179 3.0459 3.9466 2.6816 2.7752 3.5343 2.4533 3.0330 3.2948 3.7114 3.9466 2.5335 3.1412 2.8573 3.1555 2.8154 2.8681 3.0992 3.0992 2.8052 2.7272 3.4550 2.2361 2.4056 2.9124 3.2622 2.7951 1.9603 2.6996 2.6296 2.4603 2.4122 2.7752 2.9354 2.2990 2.5644 2.2699 2.3291 3.2306 2.5644 2.8154 2.5259 2.6639 3.2306 2.0023 2.3990 2.0927 2.1119 2.2034 2.4190 3.6196 3.6878 3.9755 3.1999 3.0856 2.6906 3.2463 2.6552 2.9354 3.3456 2.7951 3.3809 4.1632 2.8790 3.4940 3.9183 2.6046 3.7114 3.4360 4.0978 3.6419 2.7654 2.2585 3.1270 2.8790 5.6597 3.7600 2.9470 3.7600 3.5140 3.3456 3.0722 3.6646 3.5551 3.2463 3.2463 2.5964 4.4571 2.7179 3.7600 2.4190 2.7461 3.4940 3.4743 2.7272 2.8573 2.7557 2.4745 2.8154 2.6296 2.7951 3.7851 2.4889 3.0992 2.8361 3.2784 3.0202 3.2784 3.8107 2.9952 3.3989 3.0459 7.1683 3.0722 3.0459 2.5883 3.1555 2.5035 2.5644 2.9011 2.5964 2.8790 2.7752 2.8154 4.0978 4.3783 3.3456 4.1301 2.9952 3.3989 2.5335 4.1632 2.9470 3.6196 3.4173 3.1999 2.4190 3.1130 3.2306 3.0992 3.2151 3.3456 3.8633 2.3924 1.9603 1.8814 2.1616 2.1928 2.1315 2.1616 2.2250 2.3291 2.2034 2.0601 2.4257 2.3666 2.2472 2.1216 1.9685 2.0023 1.7948 2.2585 2.1119 2.1667 1.9279 2.1216 2.6296 2.0601 1.9200 2.2931 2.1515 2.2814 2.5184 2.1119 2.1315 2.3414 2.1616 1.8516 2.1515 2.2472 2.4889 2.3990 2.4190 2.3859 2.1719 2.4463 2.3291 3.1270 2.7654 2.9952 3.0076 2.4603 2.1315 1.9938 2.3666 2.1265 2.2528 0.9276 0.0000 0.5407 0.7131 0.9222 0.9249 1.0308 1.1502 0.9835 1.0368 0.8801 0.8422 0.8373 0.8904 0.8865 0.8130 0.7777 0.9778 0.7460 1.1519 1.2125 1.1641 0.9608 1.1817 2.0833 1.9044 2.1616 2.1928 2.2472 2.6466 2.5964 2.1515 2.7752 2.6639 2.7179 2.3924 2.4673 2.1216 2.2250 2.4745 2.4889 2.8573 2.3924 2.3291 2.4190 2.5644 2.5184 2.3924 2.9011 2.1823
246 3.0330 2.8900 2.3666 2.9011 3.4173 3.9466 2.6466 2.8790 3.0856 4.9695 3.1130 3.4550 4.3032 2.9238 4.1301 3.8905 3.2622 4.5829 3.3284 3.2151 2.7951 2.9952 2.6816 3.0856 2.6552 3.0076 2.8790 2.7366 2.8573 2.9708 2.9011 2.6816 3.3631 2.7179 3.1555 2.6996 3.1555 3.3114 3.4550 2.5644 3.2306 3.1270 3.3114 3.1270 3.4173 2.9354 3.0459 2.4394 2.1414 2.7179 2.7179 2.4603 2.8573 2.2472 2.4603 2.7461 3.1270 5.8103 2.7366 3.4360 3.1270 3.0722 2.8790 2.8790 3.2784 3.4173 3.2622 2.6129 4.1301 2.1315 2.6639 2.9238 2.8361 2.7179 2.3170 2.8154 2.6381 2.8681 2.3990 2.3730 2.5803 2.3170 2.7654 2.3539 2.5184 3.2622 2.6996 2.2034 2.5109 2.3414 3.0589 2.3539 2.4190 1.9853 2.1928 2.1719 2.8154 4.8651 3.8633 3.7114 3.2622 4.0353 3.1555 4.5399 3.4743 3.2948 3.6196 3.3456 3.7114 3.8107 5.5176 5.1962 8.2682 3.2151 4.5829 4.4571 3.9755 4.0051 3.6878 2.8154 3.8107 2.9124 4.3783 3.3456 4.0353 3.0330 2.9708 3.5551 2.9952 3.3809 2.6296 3.5762 2.9952 2.5803 3.6646 2.5803 3.1130 2.3859 2.6212 3.2948 3.7600 2.8573 4.3032 3.0202 2.6639 4.0051 3.5762 3.4173 3.8107 3.0722 4.2669 3.3114 3.5140 3.9183 3.5977 2.8573 3.4550 4.1632 3.4173 4.8651 3.8107 3.2306 3.4173 3.6196 3.1130 3.3989 2.7366 3.0202 3.6196 3.0459 3.3809 3.2151 5.3835 4.6269 6.8249 3.4940 3.4550 2.9011 5.3193 4.4172 4.0353 3.2463 4.9166 3.0856 4.3032 3.4173 5.1372 5.6597 6.9357 5.2569 2.0647 1.8814 1.7348 2.0023 1.8966 2.1119 2.1216 1.8966 2.2814 1.8228 2.0739 2.5964 2.3170 1.6368 2.0197 2.2585 2.2196 2.0647 2.6816 2.7654 2.2585 2.2814 2.3414 2.9124 2.3539 2.0739 2.5964 2.1616 2.6466 2.9011 2.9470 3.0202 2.4603 2.5644 2.4394 2.3291 2.4463 2.4889 2.5964 2.4603 2.2931 2.4889 2.2990 2.2361 3.7600 2.8052 3.3456 3.4940 3.0992 2.4325 2.0927 2.2585 2.4325 2.2305 1.0308 0.5407 0.0000 0.8522 0.8597 0.9496 0.9749 1.0934 0.9358 1.0491 0.8178 0.8904 0.9608 0.8852 0.9551 0.7617 0.8250 0.9721 0.7572 1.2292 1.3491 1.2793 0.9249 1.2520 2.3794 1.9895 2.5964 2.3666 2.4603 2.7366 3.0202 2.7179 2.6639 2.6296 2.6996 2.7179 2.3794 2.8361 2.7179 2.4190 2.6466 2.6381 2.4056 2.3794 2.7951 2.5184 2.4325 2.5184 2.7951 2.5566
247 2.5035 3.3284 2.2528 2.7461 3.5762 7.8210 3.4173 2.6816 4.3032 3.3631 2.9011 3.3114 2.9238 3.8107 3.3809 4.7185 3.5140 3.2948 3.2622 3.2151 2.5723 3.4743 2.3859 3.0722 2.9011 2.5964 3.0459 2.9011 2.4190 3.1849 3.1130 2.5035 3.0459 2.8900 3.1555 2.8154 2.7087 2.9011 3.3809 2.4962 3.0202 3.0992 3.1555 3.3631 3.8107 3.1999 3.6878 2.3414 2.5335 3.3989 2.4463 2.4816 2.9238 2.5964 2.8154 2.6466 3.0459 3.2622 2.7951 3.2463 3.1849 2.8466 2.8573 3.8107 3.5343 3.0992 2.9011 3.1849 3.9183 2.5644 2.7179 2.8681 2.7366 2.8154 1.8928 2.5184 2.6996 2.2585 2.5411 2.4603 2.6129 2.4962 2.8257 2.8466 2.6129 2.8361 3.0459 3.0589 2.7951 2.6552 2.7951 2.5883 2.7752 2.2034 2.5035 2.5723 2.6639 3.3114 3.0992 3.2948 3.9183 3.2151 2.8052 4.1301 2.9830 3.3284 2.9952 3.0330 4.1632 3.9183 2.8154 3.3284 4.6269 3.0202 3.8107 3.8905 3.8107 3.1555 2.7272 2.3170 3.3989 3.1130 4.2315 3.5551 3.2463 3.9183 4.1632 3.7114 2.8361 3.9183 3.1555 2.9708 3.0992 2.3666 3.6646 2.4603 4.0978 2.3539 2.5035 3.0722 3.4940 2.9708 3.5343 2.8466 2.1022 2.6639 3.3456 3.2784 3.4173 2.7272 3.1849 3.2784 3.3456 4.8150 2.7752 3.3989 3.1849 2.6816 3.6419 3.5343 2.8573 2.7752 2.4673 2.5964 2.2142 2.5109 2.9238 2.3414 2.9238 2.7752 2.5803 3.5551 3.0856 4.6269 4.4172 3.2463 4.6269 2.6212 2.9470 3.0722 3.3631 2.8790 2.3990 2.4257 3.5977 2.8257 2.9354 3.8905 2.8154 2.5488 2.5109 2.0647 2.2361 2.1823 2.0285 2.2305 2.6296 2.3539 2.3170 2.1823 2.6816 2.6296 2.1928 2.1823 2.1928 2.2585 2.2472 2.0647 2.3666 2.1364 2.2250 1.8966 2.0285 2.8052 2.6296 1.8966 2.5644 2.1616 2.2472 2.2585 2.5184 2.1928 2.2814 2.6296 2.2642 2.2472 2.2756 2.1667 2.1823 2.1414 2.1515 2.3924 2.4325 2.4745 3.1270 2.9238 3.0856 3.0992 2.6996 1.9439 2.1070 2.1022 2.1022 2.1364 1.0710 0.7131 0.8522 0.0000 0.9864 1.0869 1.0584 1.0460 0.9636 1.1961 0.9524 0.8749 0.9692 0.9035 0.9454 0.8622 0.9115 0.9636 0.8472 1.1641 1.2482 1.1961 0.9864 1.1433 2.0833 1.7610 2.5411 2.2931 2.0739 2.9708 2.7557 2.3794 2.5644 2.9952 2.4394 2.7752 2.6552 2.2873 2.3050 2.3477 2.4889 2.9470 2.4056 2.4745 2.4889 2.4889 2.5488 2.4889 2.6639 2.2472
248 2.4325 2.4962 2.5411 2.7654 3.1412 3.8633 3.3989 4.0662 4.6269 3.6878 2.4056 3.1555 2.9470 3.5343 3.4173 4.3032 3.3114 3.2948 2.9830 3.5343 2.5723 3.9466 2.6552 2.9470 3.0202 2.5803 3.0992 3.1555 2.8361 2.9708 2.5184 2.8154 2.9238 2.8361 2.8361 2.8466 2.6906 2.8154 2.7951 2.6906 3.4743 4.2315 2.9830 3.3456 3.1849 3.4743 2.9952 1.8157 2.8790 2.4325 2.6129 2.4673 3.2948 2.2472 2.9589 2.0833 2.6296 3.1849 3.1849 2.4190 2.8790 3.2784 2.5644 2.9238 2.6639 3.3114 2.8361 2.9708 3.4173 2.3291 3.0992 3.2151 2.8573 2.5644 2.3539 3.0330 2.5335 2.8466 2.4962 2.6296 2.9011 2.6906 2.5335 2.4394 2.5883 2.5184 2.9708 2.6466 2.7557 2.8154 2.9011 2.3050 2.4056 2.2034 2.2305 2.4325 2.7951 2.6381 3.4550 3.4940 2.7272 3.4550 3.5762 3.1555 2.9354 3.2948 3.0330 2.8466 3.0856 3.2948 2.2642 3.1555 3.9755 3.4360 2.6639 3.2463 3.3114 3.1701 2.6296 3.1412 2.6727 2.9952 3.3114 3.0076 3.0992 2.6996 2.9470 3.6419 2.6129 3.2622 2.6296 3.3456 2.9708 3.0589 3.1270 3.3456 3.0992 2.4603 3.2622 2.9238 3.4940 2.8900 3.1849 2.3539 2.4889 3.0722 2.8790 3.5140 3.1999 2.6046 2.7366 2.8790 3.0992 2.6466 3.5762 2.9470 2.2873 2.3924 2.8790 4.5399 2.4056 2.7654 2.5335 2.8361 2.5335 2.8573 2.5644 2.3924 2.7752 2.7366 3.1270 3.4173 3.6196 2.5566 4.0353 4.0978 2.9354 2.5566 3.6196 3.1130 3.3284 2.6639 2.7951 2.6996 3.6196 2.9238 3.0330 3.2784 3.0722 2.9708 2.5184 2.0647 1.7811 2.2472 2.2699 2.5335 2.1414 2.2472 2.1719 2.3291 2.1515 2.2250 2.1364 2.2699 2.2472 2.3666 1.9938 2.1414 2.1616 1.9521 2.1823 2.2699 2.1216 2.9470 2.0374 1.9279 2.8361 2.1616 2.1719 2.5335 2.3924 2.4603 2.4325 2.5803 1.9603 2.1823 2.4257 2.3539 2.1823 2.4463 2.2472 1.9685 2.5335 2.2814 2.7366 2.4889 2.8573 3.4940 2.5803 2.1119 1.8966 1.9811 2.0880 2.0927 1.1925 0.9222 0.8597 0.9864 0.0000 0.9706 1.0869 1.1782 1.0522 1.1164 1.0553 0.9209 0.9385 1.0902 1.1297 1.0308 1.0338 0.9608 1.0460 1.0999 1.1065 1.1131 1.0569 1.1032 2.1823 1.9200 2.5488 2.5644 2.1719 2.6552 2.4325 2.5035 2.7366 2.6212 2.3666 3.0459 3.0992 2.5803 2.4603 2.6046 2.5259 3.0856 2.6466 2.7366 2.4394 2.4745 2.7366 2.8154 2.6046 2.5335
249 2.3666 2.9708 2.1616 2.5964 2.7557 3.3114 2.3539 2.5488 3.4550 3.2151 2.5335 2.7654 3.4173 2.7557 2.9952 3.9183 2.7366 2.9238 2.8900 2.7366 2.5335 2.7272 2.3859 2.9124 2.6212 3.3631 2.3539 2.6816 2.1928 2.6816 2.2990 2.3990 2.6816 2.4673 2.6296 2.5335 2.9708 3.1130 2.7179 2.2585 2.8052 2.8361 3.1555 3.4940 3.4550 2.7951 2.8052 2.4603 2.3859 2.6816 2.6996 2.4533 3.4173 2.2196 2.4056 2.6816 2.6996 3.6646 2.2250 3.4173 2.9238 2.8154 2.6212 2.5803 2.8681 2.9011 2.8681 2.6816 3.5762 2.2472 2.5335 2.7951 2.8052 2.6639 2.2142 3.0459 3.0202 2.5335 2.2931 2.5566 2.6816 2.2472 2.8257 2.2416 2.5335 2.5566 2.6046 2.3539 2.3539 2.4673 3.2622 2.4889 2.0464 2.3602 2.3414 2.6816 2.2990 2.9124 3.2622 3.1130 2.8790 4.2315 2.9011 2.9011 2.7272 3.1701 3.1130 2.7557 2.6129 2.8790 3.2151 3.1270 3.7851 3.1701 3.1130 3.2151 3.6878 3.1412 3.1555 3.0459 3.2784 2.6906 3.6196 2.8052 2.3539 2.5723 2.8681 3.3631 2.7179 2.9708 2.5803 2.6639 3.4173 3.6419 2.7851 3.0076 2.8154 2.4394 2.7851 3.1849 2.1928 2.3170 2.8154 2.7272 2.7179 2.9952 2.7366 2.6129 3.2151 2.3539 3.1555 2.6996 2.7557 3.2463 2.6906 2.9708 3.7851 3.5343 2.7461 5.0239 4.0051 2.5035 2.6996 2.5964 2.2931 2.9470 3.0992 2.0927 2.4745 2.5035 2.3477 3.1270 3.3284 3.1270 3.1270 2.9011 2.5035 2.7557 4.5399 2.9952 4.5399 2.5644 2.8573 2.6996 2.9011 2.8361 3.0722 3.0202 2.4603 2.5723 2.1928 1.9685 2.0110 1.8966 2.0153 2.2642 2.0197 1.9521 2.5184 1.8814 2.2814 2.3924 2.2699 2.0647 2.3170 1.6138 1.7156 1.8087 1.8017 1.8814 1.5615 1.7880 1.9200 2.2528 1.7413 1.6845 2.0555 1.9121 1.9685 2.1823 2.0197 1.9938 1.8228 1.9399 1.7811 2.0197 2.3109 1.9521 1.9980 2.4889 2.4056 2.1414 2.0464 2.1414 2.7654 2.5335 2.7557 2.9830 2.9952 1.8407 1.8814 2.1616 2.0833 2.1515 0.7893 0.9249 0.9496 1.0869 0.9706 0.0000 0.8154 0.9608 0.4610 0.7045 0.6567 0.5697 1.0217 1.1817 1.2482 1.0902 1.1853 1.0837 1.0157 1.2181 1.1943 1.2181 0.4569 1.2107 2.2814 1.8739 2.3050 2.3291 2.1515 2.5184 2.5035 2.3170 2.5259 2.3602 2.4745 2.5488 2.3414 2.3291 2.0647 2.1119 2.2305 2.4816 2.1515 2.3924 2.2585 2.2250 2.2642 2.4257 2.2990 2.1216
250 2.5335 4.0662 2.7179 2.9589 2.8790 3.0992 3.0722 4.2315 3.5977 3.0722 3.0330 3.8633 4.4172 3.8107 3.5551 3.6196 4.4571 3.7114 3.0589 2.9470 2.6906 3.0992 2.5964 2.7087 2.4816 2.4889 2.7366 2.4190 2.6816 2.6296 2.7366 2.7366 3.1555 3.3631 2.9124 2.5964 3.3631 3.4940 2.9952 2.5803 2.4889 3.0856 3.1849 3.4940 3.4550 2.9952 3.5551 2.9124 2.8573 2.1875 2.3109 2.2756 3.0459 2.6212 2.6727 2.6046 2.5335 2.7179 2.3859 2.2699 2.7752 2.9952 2.8790 2.8361 4.2315 2.7557 3.3809 3.4173 3.1270 2.1616 2.5488 2.4056 2.3666 2.3794 1.7610 2.4190 2.6996 2.1414 2.4463 2.2990 2.4603 2.1981 2.1022 2.4463 2.1119 2.3414 2.8052 2.3794 2.1565 2.6381 2.7179 2.4257 2.0110 2.1616 2.3859 2.2756 2.1928 3.2948 3.0722 2.9238 2.9708 2.9830 3.1701 3.3989 2.5035 3.0722 2.6906 2.8052 2.7179 3.2463 4.0353 3.1849 3.0459 3.1555 2.8361 3.3809 3.3114 2.7272 2.7179 2.4603 3.9183 2.7087 3.4550 3.4173 2.8790 3.0992 2.6296 4.3032 3.0459 3.0202 3.0992 3.3456 3.2463 3.3284 3.9183 3.5977 3.7114 2.5964 2.9470 3.2784 3.2784 3.3456 3.5977 3.4743 2.9470 3.2463 3.1701 2.6816 3.2151 2.4673 2.8681 2.6727 2.8361 2.9952 3.3284 3.4173 3.1849 3.3809 3.7355 4.9166 3.1555 2.8573 2.3414 2.9124 2.5184 3.1999 3.0202 2.5184 3.0459 2.8466 2.7557 2.6381 4.5399 3.8367 3.5551 2.6212 4.7185 3.0202 4.1632 3.9183 2.9354 4.5399 3.1849 2.8361 3.0202 2.8790 3.1270 2.9708 2.3666 2.8681 1.8087 1.8157 1.7610 1.7316 2.1414 1.9359 1.9603 1.9044 2.2528 1.7811 2.0197 2.1823 1.9521 1.9938 1.8371 1.6968 1.5696 1.7284 1.7744 1.7610 1.7577 1.8664 1.5750 2.1928 1.9200 1.7677 2.1315 2.1719 2.0110 2.1022 2.0833 1.8814 2.2250 2.0110 1.6724 2.0880 2.3990 2.4745 1.9769 2.2361 1.9685 2.0833 2.2472 2.0110 3.2463 3.3456 3.8633 3.3809 2.4962 1.9121 2.0110 2.3859 2.1928 2.4190 0.8673 1.0308 0.9749 1.0584 1.0869 0.8154 0.0000 0.9524 0.8082 1.0217 0.8226 0.7964 0.9440 1.1297 1.2675 1.0837 1.1468 1.1961 1.1197 1.1197 1.1485 1.1331 0.8034 1.1032 1.9685 1.5696 2.1928 2.2585 2.0464 2.3170 2.0927 2.0110 2.4325 2.1119 2.3170 2.2034 2.1216 2.1875 2.0833 2.2361 2.1823 2.4325 2.0786 2.2142 2.0833 2.0023 2.0110 2.4962 2.1515 2.0601
251 3.2784 3.1270 3.3809 3.8633 3.8633 4.1632 2.9011 3.4550 3.6196 3.3456 3.0330 3.4360 3.3809 3.6878 3.6419 4.1632 3.1270 3.1849 2.6996 3.2784 3.0330 2.9011 3.3114 3.2306 3.0722 2.6996 3.2463 4.0353 2.9708 3.3989 2.9470 2.9354 3.2622 3.5343 2.9470 2.9011 3.7114 2.7654 3.0076 2.7951 2.8681 3.0992 3.1555 3.1999 3.0202 3.1701 3.7600 2.5184 3.6196 3.2151 2.4745 2.6996 2.7272 3.0992 2.9708 2.9952 2.8466 3.1130 2.8900 3.6646 3.6196 3.8367 4.3032 3.2151 3.8107 3.5762 3.2463 3.0076 3.5140 1.9439 2.4889 2.9952 2.4056 2.6296 2.0419 2.7366 2.7752 2.5335 2.7951 2.7179 2.8052 2.3291 2.4257 2.9011 2.5109 2.1616 2.7557 2.9470 2.3170 2.9470 2.5335 2.6727 2.4603 2.7752 2.7366 2.7179 2.1616 2.4325 3.1555 3.4940 2.8052 3.8633 2.9470 3.0992 2.9952 2.8466 2.7557 3.1701 2.7366 2.8466 5.5876 3.6419 3.5343 3.2784 4.2315 4.9166 3.6196 3.6419 2.7951 3.1849 4.3032 3.5140 3.9755 3.1849 3.6878 4.3032 3.1555 4.1970 3.3456 4.2315 5.2569 3.5140 2.9238 4.3783 3.3114 3.3809 5.5176 2.9124 3.8633 4.4980 3.4940 3.6196 2.9238 2.8573 2.6381 3.7114 3.1555 2.6381 2.4190 2.8573 2.6996 2.5184 2.5723 2.9952 2.5644 4.3032 3.0330 3.0330 2.5184 3.0992 3.3456 2.6296 2.5035 3.3114 2.3794 3.0856 2.6816 2.5335 2.6296 3.0992 2.3050 2.8790 4.0353 4.6269 4.2315 3.0722 6.0539 2.7179 4.8150 3.7114 4.1632 4.3032 2.9470 2.6639 3.7600 3.1412 3.2784 4.2315 3.1270 4.7185 2.1928 2.2034 2.1022 1.9685 1.9279 2.2034 2.2585 2.1315 1.9279 1.9044 2.0927 2.1119 2.0739 2.0285 1.9439 2.3924 1.8192 2.4325 1.6310 2.0509 2.1414 2.2250 1.9938 2.9011 2.0927 2.1616 2.4603 2.2250 2.4463 2.4745 2.5184 2.3794 2.2585 2.3050 1.8299 2.3109 1.9161 2.4889 2.3730 2.0555 2.3794 2.2931 2.0464 2.2585 3.0722 2.8790 2.7557 2.4603 2.5964 2.1216 1.8371 2.2931 2.7272 2.2361 0.9035 1.1502 1.0934 1.0460 1.1782 0.9608 0.9524 0.0000 0.8106 1.0430 0.8983 0.8299 1.1433 1.3642 1.2070 1.1399 1.1606 1.1961 1.1746 1.3795 1.3034 1.4086 0.8058 1.3074 2.4889 1.9279 2.2142 2.4816 2.1981 2.8257 2.3291 2.5335 2.7366 2.6639 2.5488 2.6296 2.7179 2.6296 2.2990 2.3170 2.6296 2.9589 2.7752 2.6639 2.4257 2.6639 2.3109 3.0202 2.7752 2.5335
252 2.4190 3.1270 2.5184 2.9011 2.9238 4.0353 2.5184 2.5644 3.5343 3.0202 3.2784 2.6381 3.1999 3.1270 3.8367 4.9166 3.6419 3.1701 3.0992 2.9708 2.5803 3.0330 2.3109 2.8900 2.4463 2.8790 2.7461 2.8573 2.3291 2.6212 2.7654 2.5488 2.6466 2.7557 2.7366 2.5335 2.8154 2.5184 2.9952 2.3602 3.0459 3.0202 3.3114 3.1999 3.1999 3.2784 2.9238 2.4394 2.1928 2.3170 2.9589 2.4190 2.8900 2.2642 2.3539 2.6212 2.5883 3.6419 2.1515 3.0856 2.7366 2.8052 2.4962 2.5488 3.0992 2.9238 2.8052 2.6996 3.1849 2.1119 2.7272 2.6466 2.5259 2.5488 2.1070 2.9011 2.6996 2.3924 2.5883 2.5411 2.5964 2.2756 2.5644 2.4673 2.5035 2.3539 2.2361 2.7752 2.6129 2.8052 2.8257 2.3170 2.1315 2.3414 2.2931 2.0927 2.1928 2.6727 3.2306 3.2151 3.1555 3.6196 3.0856 3.1270 2.8573 3.7600 3.0992 2.7366 3.0992 2.8900 3.7600 3.2306 4.5829 3.2784 3.0722 3.3631 4.3032 3.3456 3.2463 2.9708 2.9470 2.2472 3.1849 3.1701 2.1364 2.8361 2.3794 3.1555 2.7851 3.1412 2.6129 2.7366 3.4173 3.1555 2.8154 2.6639 3.3284 2.1022 3.3114 2.9589 2.5335 2.9238 3.0202 2.4463 2.8573 3.4173 2.5035 2.5883 2.7851 2.4889 2.4190 2.6727 2.7752 2.9589 2.6906 3.1555 3.0589 2.7461 2.9238 2.9952 3.0856 2.8790 2.6296 2.8052 2.6727 3.3456 2.8790 2.3050 2.9238 3.0722 2.4745 2.5803 3.3631 3.8367 4.7185 2.6816 2.9708 2.8257 4.0978 3.1555 3.9755 2.8681 2.7179 2.5488 2.7951 3.2463 2.7752 2.9952 2.7654 3.0856 2.3414 2.1315 1.9044 1.9359 2.1515 2.2034 2.2034 2.0927 2.4056 2.0927 2.2931 2.2034 1.9769 2.2699 1.8814 1.9603 1.6663 1.8443 1.9727 2.0067 1.8664 2.0110 1.9895 2.4962 1.9853 1.6999 2.3050 2.1022 2.0927 2.2814 2.1823 2.0647 2.0739 2.1315 1.8122 2.0647 2.1823 2.3602 2.2756 2.3170 2.4325 2.0555 2.0693 2.3539 2.8052 2.9354 2.6296 2.8573 2.5035 2.0555 2.0023 2.0693 2.3050 2.0693 0.7482 0.9835 0.9358 0.9636 1.0522 0.4610 0.8082 0.8106 0.0000 0.7572 0.5697 0.5371 1.1571 1.1468 1.1264 1.1468 1.1164 1.2070 1.0678 1.2873 1.2993 1.2754 0.0357 1.3054 2.3477 2.0509 2.4533 2.5335 2.1414 2.4325 2.4463 2.5035 2.4463 2.4257 2.4603 2.3539 2.3794 2.4056 2.2931 2.1515 2.2873 2.9011 2.5184 2.7366 2.4325 2.2931 2.3602 2.4603 2.3291 2.3170
253 3.0202 2.6816 3.1270 3.1412 3.3809 3.6878 2.8257 2.4745 4.5829 3.4173 2.6466 2.7272 2.9238 2.7654 4.4571 2.7179 2.9354 3.4550 3.3284 3.0459 2.3666 2.6466 2.1823 3.2151 2.7851 3.1701 3.0722 3.0202 2.6381 3.0459 2.4889 2.6129 3.3456 2.6296 2.6466 2.6996 2.8790 3.4743 3.0722 2.2642 3.1849 2.8052 2.9708 2.9354 2.8573 3.1412 3.8905 2.4257 3.1555 3.2151 2.9708 3.3809 2.9589 2.3170 2.6466 2.3539 2.8790 3.6878 2.3170 3.6196 2.3539 2.9952 2.5335 2.4962 2.6296 2.6046 2.7179 2.5883 3.1849 2.5335 2.6639 2.3291 2.2528 2.5488 2.2088 2.6727 2.5644 2.5035 2.5566 2.1823 2.6996 2.3924 2.2250 2.4394 2.6996 2.8573 2.4325 2.4325 2.5566 2.9011 2.9011 2.4257 2.5035 2.3170 2.2528 2.3414 2.4745 2.7366 3.3809 2.7851 2.9952 4.0353 3.1849 3.8107 3.0992 3.2463 2.8052 3.5762 2.6296 3.1555 3.1555 2.8154 2.8052 2.8681 3.6646 3.0202 3.7114 3.0992 3.0202 3.9466 3.1999 2.7557 3.4550 3.9755 2.7272 2.9952 3.1849 4.1301 3.1270 2.7087 3.3456 3.0459 3.1701 3.9755 3.1849 4.5399 3.1849 2.7366 4.1632 3.2784 3.5551 3.1555 2.8154 2.6129 2.8154 2.7951 2.6129 2.3291 2.3666 2.6296 2.9470 2.4673 2.6296 5.0239 2.4816 3.6646 2.9952 3.1555 3.1412 4.2315 2.6639 2.4463 2.6727 2.7752 2.6816 3.0722 3.2151 2.2250 2.9011 2.8573 2.7087 2.7179 3.4173 2.6727 3.9755 3.0330 2.4533 2.8573 2.8681 3.0459 2.5259 2.9952 2.6129 2.4603 2.8257 2.9708 2.8790 2.6996 2.3414 2.6046 2.4325 1.9359 1.7948 2.2814 2.3794 2.0927 2.3794 2.2034 2.3414 2.2814 2.2250 2.4889 2.4190 2.5184 2.2250 1.9769 1.7610 1.8814 1.5970 1.9121 2.1414 2.0464 1.8590 2.5259 1.8664 1.8263 1.9279 2.0197 2.3050 2.3794 2.3414 2.3050 2.2931 2.0975 1.5750 2.0023 1.9200 2.0110 2.1022 2.0601 2.3414 2.0110 1.8553 1.9480 3.4940 2.9238 3.4173 2.9238 2.8154 2.1414 1.9044 1.9853 2.0833 2.0464 0.9035 1.0368 1.0491 1.1961 1.1164 0.7045 1.0217 1.0430 0.7572 0.0000 0.6897 0.7685 1.1961 1.4293 1.3751 1.2107 1.2482 1.1065 1.1230 1.2675 1.2993 1.2793 0.7371 1.2873 2.2585 1.8739 2.1719 2.5184 2.3730 2.2931 2.5184 2.4889 2.9011 2.5035 2.6296 2.1315 2.1315 2.5644 2.5803 2.4463 2.5644 3.1412 2.5803 2.7366 2.5488 2.5335 2.6639 2.3794 2.5035 2.3924
254 2.3924 3.1849 2.2034 2.3990 2.7179 3.3631 3.1849 2.9708 3.3809 3.3456 2.6552 2.6552 3.0076 3.4743 3.1130 3.7114 2.8052 3.1270 2.8790 2.7179 2.4889 2.8154 2.3990 2.9238 2.7654 2.8573 2.7461 2.7366 2.4745 2.9124 2.6816 2.8900 2.6296 2.4962 2.3924 2.6639 2.9952 2.6466 2.7087 2.3109 2.9470 2.7179 2.8257 2.9589 2.9708 2.8052 3.4173 2.0153 2.6466 2.4962 2.2990 2.2088 2.9830 2.5566 2.3730 2.3353 3.3456 3.6196 2.4962 2.9470 2.4190 2.7366 3.0992 2.7366 3.0202 2.9238 3.4743 2.3414 3.0330 2.1719 2.2699 2.5184 2.1719 2.2814 2.1719 2.7557 2.3924 2.4533 2.3666 2.2088 2.1875 2.0419 2.3666 2.3666 2.1315 2.3170 2.3353 2.0927 2.3291 2.0647 3.1555 2.5488 2.1216 2.1119 2.2250 2.0739 2.0927 2.7087 2.7951 3.1701 2.7366 3.2463 2.9238 3.2463 3.3456 2.8257 2.5723 2.7557 2.7951 2.7366 4.3403 3.6646 3.3631 2.8466 3.9755 4.0662 3.1849 3.3456 3.1701 2.7557 2.7951 2.7179 3.3809 3.0330 2.4463 2.9470 2.7179 2.9708 2.7752 2.7557 2.7272 2.8573 2.9238 3.1130 3.1130 2.7272 3.1701 2.0927 3.3114 2.7654 2.8790 2.7851 3.3114 3.0992 2.7179 3.0992 2.9708 2.5566 2.6727 3.0330 2.7752 3.0856 3.0076 2.9470 2.4962 2.5184 3.4940 3.3631 2.7366 3.3114 2.7951 2.6129 2.2142 2.9011 2.4889 2.5803 2.6816 2.2142 2.9589 2.5644 2.5644 2.8681 5.0239 3.2151 3.6646 2.9708 3.0856 2.9470 4.0051 3.3809 3.1555 3.0330 2.8466 3.0330 2.9011 3.1555 3.2784 3.0076 3.1412 2.8361 2.2034 2.1515 1.7031 1.8516 2.1216 2.2142 2.3794 2.4056 2.3414 2.2472 2.2250 2.2250 2.3170 2.3414 1.9603 1.5068 1.6368 1.8017 1.7031 1.9161 1.6026 1.6815 1.6968 2.5883 1.6310 1.7643 2.0833 1.9121 2.3414 2.3666 2.1315 1.9279 2.2472 2.0833 1.8966 2.1022 2.0285 1.9644 1.9853 2.1414 2.1070 2.4325 1.9359 2.0555 2.9011 2.7654 2.9354 2.9708 2.5488 2.0555 2.0197 2.1315 2.1823 2.1771 0.7393 0.8801 0.8178 0.9524 1.0553 0.6567 0.8226 0.8983 0.5697 0.6897 0.0000 0.6151 1.0277 1.1997 1.0999 0.9664 0.9980 1.1297 0.9413 1.2181 1.2793 1.2520 0.5697 1.2070 2.0739 1.8087 2.2585 2.1616 2.1022 2.2699 2.6296 2.6296 2.5644 2.4463 2.3050 2.2699 2.4325 2.3924 2.1515 2.3230 2.1667 2.5488 2.3794 2.4745 2.3291 2.1928 2.2250 2.5335 2.1823 1.9044
255 2.8154 3.8633 2.7272 3.3284 3.3456 4.1632 2.9830 2.8154 3.4940 3.8107 2.9011 3.6196 3.7600 3.2784 3.0459 3.3456 3.7114 3.3284 3.6196 2.9238 2.8154 3.8633 2.4603 2.9011 3.0330 3.0459 3.0330 2.6727 2.5035 3.0202 3.1555 2.6552 2.9708 2.8466 2.8573 2.4673 3.1270 2.9470 2.6466 2.5335 2.8681 2.8257 2.7557 2.8573 3.1270 2.8466 3.2151 2.6129 2.2250 2.1667 2.2814 2.1719 2.4463 2.7951 2.6046 2.5335 2.7179 2.9952 2.5335 2.8900 2.6296 3.0992 2.6129 2.6906 2.9124 2.7461 3.1849 2.4889 3.4173 2.5335 2.2305 2.7179 2.6996 2.3794 1.8017 2.9124 2.5803 2.2585 2.5964 2.5488 2.5723 2.2814 2.7272 2.8361 2.6639 2.9470 2.9238 2.6996 2.8681 2.9011 2.7951 2.3794 2.0927 2.1981 2.0285 2.0197 2.1667 2.6296 3.1270 3.3114 3.2151 3.0992 3.0589 4.3032 3.1412 3.5762 2.8573 2.6816 2.7179 2.9354 3.4550 3.0202 3.2622 3.2463 3.3284 3.1412 3.7114 3.2784 2.9708 3.1270 2.9238 2.8052 3.6646 3.3456 2.1414 2.9952 2.9238 3.4550 2.5566 2.1414 2.9011 3.1130 3.2784 2.6212 3.0992 2.5644 3.1555 2.2642 2.2756 2.9830 2.8681 3.1412 3.1849 2.4745 2.4190 3.0459 2.9589 2.7366 2.7752 2.6466 3.1555 2.8052 2.9470 3.2784 2.6129 3.0459 2.6466 2.5644 2.9589 3.3456 2.7951 3.1130 2.7951 2.2931 2.3794 2.9011 3.3631 2.5184 2.7752 2.7179 2.7752 2.6639 3.0722 4.7185 3.6419 3.3284 2.6129 2.4889 2.9011 4.0353 3.0202 2.5488 3.0992 2.4962 2.8790 2.7752 2.8790 2.6466 2.8052 3.0202 2.5335 2.2585 1.8299 2.0285 2.2585 2.4190 2.2361 2.0601 2.6466 2.0927 2.5644 2.7087 2.4745 2.1022 1.9853 1.8852 1.8776 1.8087 1.8299 1.9044 1.7948 1.7316 1.9279 2.5644 1.9769 1.6999 2.4190 2.1464 2.1515 2.3794 2.2034 2.0023 2.2585 2.2361 1.8966 1.9685 2.3170 2.0786 2.1928 2.2034 2.3414 2.4122 2.2585 2.2756 3.2622 2.9011 2.9952 3.3809 2.8361 1.9603 1.9359 2.2361 2.1119 2.1414 0.6426 0.8422 0.8904 0.8749 0.9209 0.5697 0.7964 0.8299 0.5371 0.7685 0.6151 0.0000 0.9980 1.1746 1.1676 0.9951 1.0584 1.0157 0.9413 1.1197 1.1889 1.1641 0.5300 1.1164 2.0693 1.7811 2.0197 2.2250 2.2250 2.3291 2.5035 2.4603 2.6639 2.3414 2.0509 2.3050 2.5411 2.3050 2.1875 2.5964 2.1414 2.4889 2.3414 2.3050 2.2250 2.0419 2.1719 2.7752 2.2142 1.9439
256 2.8573 2.4257 2.8257 2.3353 3.4940 3.1849 3.0459 3.0992 4.3403 3.4173 3.2463 2.7179 3.0330 3.6196 3.3114 5.0239 4.1632 2.9011 3.1849 2.7366 2.3414 2.9238 2.4463 2.6639 2.5803 2.5964 2.9011 2.8573 2.5803 2.7272 2.5883 2.5964 2.6996 3.6196 2.8466 2.6639 3.2784 2.6296 2.8052 2.5803 2.6129 2.7366 3.5140 3.8107 3.3114 3.1270 3.2306 2.4056 2.6296 2.0739 2.7179 2.4122 2.6046 2.3414 2.6212 2.9708 2.6996 3.3631 2.5035 3.3456 2.5644 3.0202 2.7179 3.8107 3.4940 2.7752 3.1270 2.7366 3.0856 2.5184 2.6906 2.5964 2.8790 2.6639 1.8966 2.3230 2.8361 2.5035 2.5335 1.9769 2.3859 2.4603 2.1515 2.5335 2.1216 2.5259 2.5411 2.0927 2.0927 2.4745 2.6639 1.9044 2.1265 2.1823 2.1167 2.3666 2.2931 2.9708 3.7600 3.5343 3.3989 3.4940 3.4550 3.0459 3.0722 5.3835 3.3456 3.2948 2.8573 3.3114 3.8633 2.9011 5.4496 3.2151 3.6878 3.0992 3.3809 3.9466 2.8361 2.8361 2.9238 2.8154 3.1849 2.7366 3.1555 2.5644 2.5184 3.1270 2.4325 2.5644 2.9952 2.7179 3.1270 2.8257 3.1555 2.3666 2.5184 2.1928 2.9708 3.0459 2.7654 3.4173 3.2463 2.7951 2.9708 3.1270 3.0459 2.5964 3.1412 2.9470 2.7557 2.6296 3.8633 2.8790 3.9466 3.1555 2.4673 3.2463 3.2622 3.4743 2.3050 2.4056 2.0285 2.8573 2.4056 2.8573 2.5803 2.7557 2.9470 2.3170 2.5035 3.3114 3.3284 2.6639 3.6646 2.5644 3.9466 3.4550 2.7951 3.5343 3.4940 3.2306 2.5035 2.6129 3.4360 2.6639 2.6129 2.6906 2.4190 2.6996 2.3414 1.9685 2.1414 2.1315 2.0647 2.4463 2.2699 2.1216 2.6466 2.2142 2.7179 2.2699 2.5803 2.3291 2.0927 2.1616 2.5035 2.0647 2.5184 2.4673 2.1719 2.2931 1.9938 3.0330 2.0555 1.8157 2.3291 2.0833 2.0647 2.0464 2.0739 2.2585 2.1022 2.4745 1.8627 2.1070 2.2034 1.9044 2.0197 2.2472 2.3666 2.0555 1.8739 2.0285 3.2306 2.7366 3.7114 2.8052 2.8154 2.3924 2.2034 1.9853 2.0285 2.0601 1.1230 0.8373 0.9608 0.9692 0.9385 1.0217 0.9440 1.1433 1.1571 1.1961 1.0277 0.9980 0.0000 1.0187 1.0902 0.9951 1.0399 0.9650 0.9142 0.8801 0.9835 0.8801 1.1502 0.8957 2.0330 1.7062 2.0833 2.3414 2.2142 2.3924 2.3291 2.0927 2.0833 2.5644 2.4889 2.0464 2.2699 2.1315 2.2472 2.4122 2.4394 2.3666 2.1823 2.2142 2.0647 2.0647 2.3170 2.4463 2.4190 2.2699
257 2.4889 2.6639 2.3859 2.9952 4.9695 4.6721 3.3456 3.4550 4.0353 3.2622 5.3835 3.4173 3.7114 3.3456 3.6878 4.4172 4.0978 3.9755 4.6269 2.8361 2.9589 3.4743 2.6381 2.6906 2.8900 3.2151 3.1849 2.3602 2.6816 2.6466 3.0202 3.4360 3.6646 3.4173 3.3809 3.4360 2.9952 3.3989 2.8257 2.6727 3.1701 3.4550 3.4173 3.4743 3.8905 3.3284 4.0353 2.2361 2.2361 2.4816 2.3794 2.2873 2.7179 2.8466 2.8900 2.5259 2.2585 3.7851 2.7752 3.2151 3.1701 2.8900 2.7461 3.1270 3.3456 3.4940 3.1849 3.3284 2.8790 2.3730 2.2931 2.3353 2.5411 2.9011 1.8590 2.3414 2.2361 2.9830 2.6996 2.6212 2.6466 2.8681 2.7461 2.7272 2.3170 2.9011 2.6296 2.8790 2.5411 2.6296 2.3666 2.0110 2.2699 2.2642 2.1414 2.1315 2.3050 2.9011 3.6196 5.5176 3.1130 2.9011 2.8573 3.0722 3.4743 3.4743 3.0589 3.2463 4.1301 3.0856 4.7661 4.0353 4.3783 5.0239 4.2315 4.8150 3.7114 3.2622 3.6196 3.0459 2.9470 3.0992 4.0978 4.3032 4.0978 4.2315 3.3456 3.7114 2.9011 3.5343 3.0202 3.7355 3.3809 2.9011 4.8150 2.9470 3.3809 2.8361 2.9011 3.6646 3.1555 3.4940 2.6639 2.5644 2.4257 2.9952 2.5566 2.3170 2.3794 2.2034 2.5964 2.1119 5.6597 3.0330 5.2569 5.5176 2.9011 3.1849 3.5551 4.0353 2.8573 2.9708 3.0330 3.1555 2.6296 3.2463 3.2151 3.0722 3.8107 3.3631 2.8573 3.1555 3.7600 3.8633 4.5399 3.1412 16.6842 3.4360 3.3114 3.0076 2.6816 3.5343 2.6639 2.6816 3.7114 2.9708 2.9354 3.4940 2.9589 3.7851 2.2814 2.0110 2.2814 2.0833 2.1823 2.3170 2.1414 2.1667 2.5964 2.2361 2.2585 2.1667 2.5035 2.0464 1.9439 2.2142 2.2361 2.2034 2.1315 2.0023 2.1265 2.3924 2.1315 3.2463 2.6381 2.0374 2.6996 2.5184 2.4889 2.5644 2.5803 2.5184 2.5488 2.7654 2.3170 2.6639 2.4816 2.3924 2.3170 3.4173 2.2931 2.7087 2.5035 2.4056 3.2151 2.9354 3.3456 2.8257 2.9952 2.1315 2.1719 2.0880 2.4257 1.9853 1.2144 0.8904 0.8852 0.9035 1.0902 1.1817 1.1297 1.3642 1.1468 1.4293 1.1997 1.1746 1.0187 0.0000 0.6347 0.6327 0.5496 0.7261 0.5425 1.2754 1.1782 1.3074 1.1264 1.2793 1.8776 1.7880 2.4673 2.7272 2.5644 2.5803 2.7461 2.3291 2.4816 2.7654 2.8154 2.8052 2.8154 2.6466 2.7557 2.6296 2.4394 2.7654 2.4463 2.6296 2.8361 2.1771 2.7557 2.5566 2.7366 2.8361
258 2.7851 3.1999 2.6906 2.7851 4.3783 3.7851 3.0459 3.4550 4.0353 2.9708 4.3032 4.1301 3.0992 5.1372 6.6136 7.2904 4.0662 4.8150 3.9183 3.1130 2.8052 3.1999 2.4603 2.4962 2.8052 2.9952 3.0856 2.7366 2.5566 3.0459 2.8573 2.8790 3.4173 2.7951 3.5140 3.1849 2.8573 3.1999 3.1701 2.4533 2.9470 3.2151 2.8052 3.1849 3.7355 3.0992 3.8905 2.6466 2.4325 2.9830 3.0202 2.6296 3.0330 2.6906 2.7087 2.3859 2.8900 2.6381 2.8790 3.1412 2.4962 3.5762 2.7179 3.0992 2.8361 3.7114 2.6639 3.4360 3.1849 2.3794 2.4325 2.4122 3.0856 2.6296 1.7948 2.4603 2.4394 2.6639 2.1981 2.3170 3.1701 2.7851 2.8361 2.3477 2.7461 3.1701 3.0202 2.7752 2.6816 2.5335 2.5803 1.9769 2.5035 2.1515 2.1414 1.9603 2.4745 2.9708 2.4745 2.7366 3.3989 3.6196 3.1412 3.8367 2.0285 3.0722 2.9952 2.5335 3.2151 3.6646 2.2142 2.2699 4.1632 3.4173 3.8107 2.7179 4.1632 3.0992 4.0353 3.1270 2.8790 2.8573 3.6646 3.7355 3.6196 4.1970 3.0992 3.5762 2.8466 3.0202 2.8257 2.9011 3.2463 2.5109 3.5343 2.7461 3.1130 2.6129 2.6466 2.5566 3.2784 2.5644 2.9470 3.1999 2.6212 3.2306 4.1632 3.1270 3.0459 3.1999 3.7600 2.9011 3.5762 7.0501 3.8107 3.8905 3.1555 4.0353 3.5762 7.6817 3.3989 3.9755 3.5762 4.6269 3.4940 3.6196 4.0978 4.3783 3.4743 4.3032 3.9466 3.3456 3.8633 6.5129 4.4571 4.0978 3.2151 3.3456 3.9755 3.8633 4.0662 3.3809 3.3456 2.8154 3.5762 3.6419 3.4173 3.9183 3.7851 3.3456 2.3414 2.2814 1.9603 2.1022 2.1719 2.3050 2.3924 2.0833 2.8790 2.2250 2.1823 2.4603 2.7179 2.0509 1.9895 1.8627 2.1719 2.0285 2.1515 2.1022 1.8299 1.9439 1.9853 3.5140 2.1823 1.9439 2.8361 2.3353 2.6466 2.5488 2.5488 2.6296 2.4056 2.4325 2.2250 2.8257 2.7557 2.5803 2.6046 3.1701 2.3859 2.9011 2.2585 2.4962 3.4173 3.1701 3.2948 3.0722 3.2784 2.5644 2.1616 2.3794 2.3291 2.3414 1.2033 0.8865 0.9551 0.9454 1.1297 1.2482 1.2675 1.2070 1.1264 1.3751 1.0999 1.1676 1.0902 0.6347 0.0000 0.6307 0.1988 0.8154 0.5884 1.3364 1.3839 1.3620 1.0999 1.3577 2.3539 1.9769 2.5803 2.8790 2.7557 2.5109 3.1999 2.4745 2.4603 2.9708 2.6046 2.5964 2.5964 2.3414 2.9470 2.6639 2.8790 2.5644 2.7366 2.8573 2.4745 2.5109 2.9011 2.6816 2.6129 2.9708
259 2.7087 2.9011 2.4673 3.0076 3.6646 3.4360 2.7752 3.4360 4.5399 4.0353 3.1270 3.0202 3.3631 4.1970 3.5343 4.3032 4.0353 4.5399 3.4360 3.3456 3.2622 3.3114 2.8154 3.7851 3.4940 3.0330 3.1701 2.5803 2.7179 3.0722 3.5140 2.8361 4.1970 2.9952 3.8107 3.0722 3.1849 3.2784 3.4173 2.8681 3.0856 4.0978 4.0662 3.9183 4.9166 3.3114 3.5343 3.2463 2.4533 3.2622 3.0459 2.0647 2.7087 3.7355 2.7557 2.7366 3.4743 4.6269 2.7366 3.7114 2.7752 3.6646 3.2784 2.8790 3.4743 3.4743 3.1849 3.0459 3.5343 2.3050 2.2642 2.6212 2.8790 2.7557 1.9082 2.6381 2.2142 2.5566 2.8681 2.6816 2.9830 2.6727 2.5723 2.9124 2.7851 3.1849 2.7557 2.9354 2.5259 2.5566 2.6996 2.4325 2.3666 2.0555 2.2416 2.1719 2.2585 2.8573 3.3809 3.4940 3.3989 4.9166 3.1849 3.8367 3.2151 3.0202 2.9952 3.1999 4.5399 3.0459 3.8107 3.1130 4.9166 3.5140 3.3989 4.0353 3.6646 3.9755 3.9755 3.1270 3.1555 3.0589 3.9183 3.5140 3.6878 4.6269 3.5343 3.5551 3.0992 2.5109 3.0459 3.8905 3.6878 2.9830 3.8107 2.7179 2.8790 2.3291 3.4360 3.1130 3.2151 3.3631 3.3809 2.8154 2.7951 4.4172 4.0353 3.4173 3.3809 3.3989 3.0459 2.7366 3.1849 4.5829 2.7752 3.9466 3.5343 4.5399 3.3809 5.1962 3.0722 2.9952 3.0722 2.9708 2.7557 2.9589 2.9708 2.6996 3.1270 3.5343 2.7951 3.3989 3.7114 6.4153 3.4550 4.6269 3.3631 3.0856 3.5343 3.3809 2.8361 5.4496 2.9830 2.8361 3.3456 3.1270 3.6196 3.1999 3.1701 3.6196 2.4394 1.9439 1.9359 1.9603 1.9769 2.2361 2.2142 1.9938 2.2585 1.9439 2.3794 2.4325 2.3666 1.9853 1.8701 1.9359 1.9853 1.7031 1.8890 2.2814 1.8087 1.9603 2.2196 2.7272 2.1414 1.9121 2.6466 2.2361 2.2472 2.3170 2.3794 2.3539 2.4745 2.3414 2.1022 2.6727 2.3539 2.5883 2.4745 2.9470 2.5566 2.3414 2.2361 2.3170 3.4173 3.2622 3.6196 3.0856 2.4603 2.0647 1.9685 2.0285 2.0975 2.0285 1.2033 0.8130 0.7617 0.8622 1.0308 1.0902 1.0837 1.1399 1.1468 1.2107 0.9664 0.9951 0.9951 0.6327 0.6307 0.0000 0.5551 0.6386 0.4701 1.2144 1.3928 1.3074 1.1606 1.2695 2.3794 1.9895 2.5335 2.5964 2.4056 2.5488 2.7272 2.3666 2.4325 2.9708 2.5644 2.4603 2.3170 2.4603 2.9011 2.6906 2.9470 3.5140 2.9238 2.9952 2.5803 2.6906 2.9470 2.2814 2.4889 2.6727
260 2.6381 2.5411 2.7461 2.6906 3.8905 2.9830 2.8790 3.5343 4.4571 3.1999 3.3809 3.2622 2.9708 4.0978 4.8150 4.7185 3.4550 4.4571 3.0856 3.2784 3.0202 3.3989 2.8466 2.8790 2.6381 3.4360 3.2151 2.8361 2.9589 3.0589 2.8790 2.6996 2.9011 2.8573 3.0992 2.7179 2.9708 3.9755 3.8633 2.7752 3.5343 3.4743 2.9708 3.6646 4.0051 3.4360 3.5343 2.8361 2.3859 2.8257 2.8573 2.2756 3.6196 2.8361 3.2306 2.5964 2.8257 2.7179 3.0722 3.3284 2.9238 3.2151 2.9708 3.1849 3.2463 4.4571 3.1412 3.8633 3.1412 2.4325 2.3539 2.4745 2.8573 2.7557 1.6968 2.5035 2.0833 2.4673 2.4325 2.5644 2.7272 3.1849 2.7272 2.6816 2.6381 2.4889 2.4190 2.4394 2.1667 2.6996 3.0202 1.9603 2.2931 2.2034 2.2034 1.8590 2.2699 2.9952 3.1412 3.8107 3.0992 3.0992 3.0992 3.1270 3.3114 3.4360 3.4173 3.5762 4.2315 4.3783 2.7752 2.4190 4.2315 3.3114 4.3783 4.1632 4.4571 2.9470 4.3783 3.1270 3.1849 2.7851 5.3835 4.1970 3.6196 3.7355 3.6646 2.3291 2.9708 3.1701 2.8900 3.3809 2.9238 2.7951 2.9011 2.4190 2.9238 2.6296 2.7366 3.0202 3.5762 2.8900 2.9238 2.7179 2.5488 3.1130 3.4940 2.9470 2.9830 3.1412 3.6196 2.5964 4.7185 5.6597 4.0353 3.7600 3.2784 3.9183 3.0722 7.4165 3.4550 2.9708 3.2463 3.9183 3.3809 3.5977 3.9183 3.0330 3.1849 3.5977 3.4743 3.3809 3.3456 4.0051 3.6878 4.4172 4.2669 3.7114 2.9952 3.3456 3.4173 3.3114 2.9952 2.5035 2.9830 3.2784 3.2463 3.8107 3.0992 3.2151 2.5644 2.1515 1.9121 1.9685 2.3291 2.2142 2.2361 2.2142 2.8052 2.1823 2.3050 2.6466 2.5964 2.1216 1.9685 1.8627 2.0647 1.9439 2.1315 1.9521 1.8739 1.9521 1.9853 3.7600 2.0927 2.0153 2.5964 2.1928 2.5335 2.6129 2.4325 2.6996 2.4190 2.4463 2.2250 2.6816 2.5184 2.3794 2.5335 2.8790 2.1515 2.5644 2.4190 2.3170 3.1270 2.8052 3.5140 3.1270 2.9470 2.4190 2.0739 2.3859 2.1216 2.3859 1.1536 0.7777 0.8250 0.9115 1.0338 1.1853 1.1468 1.1606 1.1164 1.2482 0.9980 1.0584 1.0399 0.5496 0.1988 0.5551 0.0000 0.7327 0.5160 1.2675 1.2793 1.3197 1.0902 1.2793 2.2528 1.9121 2.3794 3.0330 2.6466 2.4190 2.9952 2.2931 2.4463 2.9011 2.9238 2.2756 2.5035 2.2931 2.5964 2.8154 2.6639 2.8361 2.7752 2.7951 2.4745 2.7557 2.7179 2.4745 2.5035 2.7461
261 2.7557 3.1555 2.3050 2.6046 3.6646 3.0076 2.3924 2.9011 2.8900 3.3114 3.2151 2.9124 3.7600 2.7951 3.2622 4.7661 3.3284 3.1701 2.7179 2.9708 3.4550 3.4173 3.4940 3.5977 3.3989 3.5343 3.7114 3.0202 3.3114 3.0992 3.1555 3.0722 2.9952 2.7087 2.6639 2.9011 3.2151 2.7557 3.0202 3.1849 3.9755 3.6646 3.9755 3.8107 4.0353 3.6646 3.7114 2.7272 3.4743 3.1701 3.3456 2.2196 2.9354 2.9238 2.7752 2.8900 3.0992 3.4550 2.1719 2.9708 3.2151 3.1555 3.0459 3.2622 3.2948 3.7355 3.5551 3.1130 3.6419 2.4325 2.7752 2.6046 2.7752 2.6996 1.7677 2.6639 2.2642 2.4325 2.7272 2.7951 2.8154 2.7752 2.6046 2.6381 2.9952 2.9589 2.8257 2.8257 2.4325 2.4257 3.2306 2.3291 2.6129 1.9769 2.2931 2.0285 2.6129 2.7851 4.0662 3.9466 3.3456 3.4173 3.1555 3.5977 3.2948 3.3284 2.6466 2.7654 3.2463 3.3456 3.6196 3.2151 3.1849 3.1849 3.4743 3.3114 3.6646 3.0722 2.9589 2.9011 3.2306 3.8367 3.5140 3.4940 3.4940 3.8107 3.3809 5.4496 3.4173 2.7951 3.5551 3.2784 3.1270 2.9708 4.0978 4.0353 4.0978 2.4325 3.8107 3.0992 2.9830 3.3114 2.7752 3.7114 2.6639 3.4940 3.0459 2.9470 2.7752 2.7087 3.0459 2.7557 3.3114 3.4940 2.8790 3.2306 3.0459 3.6196 3.1999 4.3032 2.7087 3.6878 2.6129 3.8107 2.2642 3.5343 3.5343 2.5964 2.7951 3.7851 2.9011 3.3809 3.1849 3.5762 2.8154 3.3114 2.7272 3.4173 3.1412 3.7355 3.0856 3.0722 2.5566 3.0202 4.0353 3.0722 5.1372 3.5762 2.9708 3.4173 2.6129 2.2931 2.2250 2.1616 2.1719 2.3414 2.5184 2.3924 2.3170 2.2873 2.4190 2.5184 2.4190 2.2990 2.2814 2.1616 2.0374 2.4463 2.2699 2.5488 2.0464 2.3050 2.2585 3.3989 2.1823 2.2250 2.5964 2.4745 2.3050 2.4056 2.4394 2.3539 2.2585 2.2585 2.2699 2.8154 2.4745 2.2814 2.4190 2.7557 2.7179 2.2142 2.0285 2.2585 3.7600 2.9952 3.7600 3.7600 3.2784 2.0647 1.9319 2.0739 2.1022 2.0833 1.2913 0.9778 0.9721 0.9636 0.9608 1.0837 1.1961 1.1961 1.2070 1.1065 1.1297 1.0157 0.9650 0.7261 0.8154 0.6386 0.7327 0.0000 0.5716 1.1433 1.1399 1.2033 1.1746 1.1519 1.9439 1.9521 2.2699 2.5184 2.5335 2.5803 2.5184 2.3291 2.2931 2.5803 2.6296 2.4745 2.3924 2.2361 2.5964 2.5035 2.9952 2.9708 2.5035 2.3924 2.8573 2.4056 2.5335 2.6466 2.2585 2.6296
262 2.4463 2.9354 2.1070 2.4889 3.7355 3.5977 2.9124 3.0202 3.7851 2.9011 3.2784 2.9952 3.1130 2.8573 3.1130 3.2622 3.3114 3.2784 4.0662 3.2151 3.1412 2.8573 3.1130 2.7179 3.1555 3.1999 3.5551 2.4463 2.9354 2.9952 2.9238 3.0459 2.7752 2.9952 3.9183 3.2463 2.7851 3.2306 3.5140 3.0992 3.1130 3.3284 3.0459 4.7185 4.8150 3.9466 4.2315 2.4533 2.5488 2.2931 2.4603 1.9811 2.8573 2.6129 2.6639 2.2361 3.0459 2.8573 2.7557 3.2622 2.5723 3.3456 3.0202 2.5488 2.9589 3.4743 3.3809 3.1701 3.5343 2.1515 2.3602 2.5335 2.8361 3.1130 1.9603 2.6129 2.1464 2.6906 2.9470 2.6552 2.6727 2.8573 2.4325 2.9708 2.5109 3.2463 3.0330 2.6466 2.4325 3.0992 3.2463 2.4325 2.3170 2.3353 2.4325 2.1875 2.4325 3.2784 3.1555 4.0662 3.3456 3.1130 3.4940 3.2622 3.3456 3.4360 2.8790 3.0722 3.9183 3.2948 3.4173 3.3809 3.3989 3.3284 4.0662 3.6646 4.4571 3.3114 3.1849 2.7461 3.0459 3.7851 4.1632 3.4173 3.4940 4.8150 3.0589 3.5977 3.3456 3.5343 3.4360 3.8633 3.5762 2.6552 3.8107 2.4603 2.6466 2.4889 2.6466 3.1555 3.5343 3.2784 3.4550 2.8154 3.0856 4.2315 3.1270 3.3456 2.8573 2.9354 2.9470 2.9124 4.0978 4.0978 4.4571 3.4940 3.4360 3.4173 2.9708 7.4165 3.1555 3.0589 4.3783 3.2784 2.7951 3.5762 3.8107 3.1999 4.4571 3.2948 2.7366 2.9952 4.3032 3.3114 3.1849 3.2948 3.3631 3.1849 3.7114 3.0330 3.8107 2.8790 2.9011 2.6639 4.3032 2.9470 3.3809 3.6646 4.2669 3.8107 2.2931 2.0285 2.0647 2.0197 2.1216 2.1719 2.5488 2.2034 2.2142 2.2931 2.2585 2.3414 2.2931 2.1364 1.9279 2.6296 2.2528 2.2305 2.2034 2.3414 2.2931 2.2250 2.5035 3.4940 2.3109 1.9769 2.6816 2.3291 2.6639 3.1270 2.6046 2.9354 2.3539 2.3666 2.5184 2.4816 2.5184 2.3170 2.4889 2.3666 2.1515 2.3602 2.5488 2.3794 4.0353 3.0202 3.7600 4.5399 3.8107 2.5644 2.3539 2.5109 2.2814 2.2585 1.1297 0.7460 0.7572 0.8472 1.0460 1.0157 1.1197 1.1746 1.0678 1.1230 0.9413 0.9413 0.9142 0.5425 0.5884 0.4701 0.5160 0.5716 0.0000 1.2330 1.3449 1.2520 1.0157 1.2636 2.1823 1.8087 2.4745 2.4603 2.4889 2.4463 2.5184 2.2814 2.6466 2.3170 2.5964 2.3794 2.2250 2.3170 2.4257 2.3170 2.4463 2.5803 2.3924 2.6046 2.4190 2.3924 2.4325 2.3050 2.4463 2.2585
263 2.5644 2.8154 2.4190 2.3794 2.4889 2.9830 2.6466 3.3809 2.9952 2.9708 2.3794 2.9238 2.7752 2.6296 2.6381 3.1555 2.4603 2.7179 2.6816 2.9011 3.1130 3.4173 2.8573 3.0856 2.8361 2.7179 3.2151 2.7752 3.1555 3.2463 3.2784 2.9708 3.0459 2.7461 2.9470 3.1270 3.5343 4.0353 2.6296 2.7951 2.7272 2.6816 2.9011 3.0459 3.0589 3.0589 2.6816 2.5035 2.6816 2.6906 2.9708 2.5803 2.7366 3.1270 3.3284 2.5644 3.0459 3.8633 3.0202 2.4603 2.8154 3.1849 2.7179 3.2151 3.1130 2.6816 3.2151 2.7851 3.1849 2.1414 2.5723 2.7752 2.4056 2.6466 2.2142 2.4122 2.7179 2.4889 2.2585 2.3414 2.3170 2.3539 2.5644 2.2585 2.5803 2.2528 2.4257 2.2642 2.7366 2.5566 2.8154 2.1616 2.0647 2.1119 2.0555 2.2585 2.3170 2.6639 2.9952 3.0076 3.0722 3.9183 3.1412 3.4360 2.7654 3.0722 2.6639 2.5335 2.7951 3.2306 3.2622 2.7951 3.1555 3.0459 3.1270 2.9952 3.0459 3.3456 3.0459 2.6129 3.0992 2.9238 3.1849 3.1999 3.4940 2.9011 2.9011 3.6419 2.5184 3.4743 2.7557 2.6466 3.0722 3.0459 3.0722 3.4173 3.3456 2.6996 2.9470 3.0202 3.0202 3.3631 3.4550 2.6046 2.7654 2.8790 2.7272 3.2784 3.1849 2.8052 3.3456 2.9952 3.2948 2.7179 2.5644 4.3783 2.6639 3.3456 2.8681 3.5343 2.5109 2.6296 2.7179 2.3170 2.4325 3.6646 2.7366 2.6816 3.0202 2.4190 2.6129 3.1849 2.7951 2.6906 2.9238 2.5335 2.9708 2.5335 3.2784 2.9708 3.1270 2.6816 2.4463 2.7461 3.5343 2.8573 2.9470 3.4173 3.0202 2.9708 2.0285 2.1022 2.0197 2.4056 2.1719 2.4463 2.3602 2.1981 2.4745 2.3050 2.2361 2.3170 2.2699 2.0464 2.1022 2.1414 2.3050 2.2699 2.5883 2.0197 2.1022 2.0110 1.8814 2.6727 2.6129 2.6296 2.5035 2.2814 2.6296 2.3602 2.5109 2.4394 2.5566 2.3230 2.0786 2.5035 2.1167 2.2472 2.3170 2.0833 2.0833 1.9685 1.8664 1.9853 2.6996 3.0202 3.1849 2.9238 2.5488 2.1414 1.9561 2.0739 2.2034 2.1616 1.3491 1.1519 1.2292 1.1641 1.0999 1.2181 1.1197 1.3795 1.2873 1.2675 1.2181 1.1197 0.8801 1.2754 1.3364 1.2144 1.2675 1.1433 1.2330 0.0000 0.9168 0.0652 1.2714 0.0182 1.8590 1.6368 2.0153 2.2585 2.1414 2.3990 2.2142 2.3050 2.2361 2.4325 2.7951 2.0833 2.3414 2.1216 2.2416 2.2756 2.4056 2.6129 2.3170 2.1515 2.2142 1.9811 2.2305 2.1515 2.4257 2.8900
264 3.1130 2.9708 2.7851 2.7366 3.4173 3.1999 3.2784 3.2784 3.5343 4.1301 3.4360 3.4743 3.3456 3.4360 3.1555 4.3403 3.1701 2.7366 3.1412 2.7654 2.5184 2.8257 2.2699 3.0992 2.7179 2.7272 2.9238 3.0202 2.8900 3.5977 2.7366 2.5035 2.5488 2.6466 2.6129 2.4745 3.2306 3.1555 2.7851 2.2585 2.9470 3.2151 2.7654 2.9011 2.6996 3.0076 2.8790 3.3284 2.7557 2.9470 2.6639 2.7951 3.3456 2.7557 2.7557 2.9011 2.7366 3.2948 2.9708 3.2151 2.7851 2.9952 2.7752 3.0459 3.1701 3.5343 3.2622 2.9011 3.2948 2.1022 2.9470 2.9708 2.5644 2.3990 2.1022 2.6381 2.7654 2.3291 2.4122 2.2814 2.5335 2.5883 2.6727 2.2585 2.4603 2.4745 2.4325 2.4816 2.3859 2.7087 3.4173 1.8890 2.0464 2.1667 2.1823 2.0285 2.2142 2.9470 4.1301 3.5343 3.3114 4.3032 3.2151 2.9124 3.3631 3.0330 2.5964 2.6466 2.6996 2.6552 2.8466 2.6639 3.3114 3.8633 2.6816 2.6639 3.2306 3.1555 3.4550 2.8900 3.7600 2.8361 3.4550 2.9011 3.1270 3.4173 3.0722 3.4743 2.8154 3.4550 3.1701 2.9952 2.9470 3.1849 3.5551 3.1270 3.3809 2.4257 3.5762 2.8154 2.8573 2.9708 2.7752 2.5184 2.6296 2.6129 2.3924 2.6816 3.0722 2.7179 3.1555 2.9238 5.0239 3.3284 3.7600 3.2151 3.3456 3.0202 2.9952 3.8633 2.9952 2.7557 2.3539 2.4745 2.4394 2.8790 2.4325 2.4463 2.9238 2.8790 3.0722 4.0978 3.3114 4.5399 3.0076 2.5644 6.0539 3.8107 3.0330 8.5927 5.5176 4.0353 2.6996 3.8107 4.9166 3.3456 3.1130 2.9011 3.2306 3.4940 2.2142 2.0739 1.9200 2.1216 2.5335 2.1119 2.2931 2.2931 2.5335 2.3414 2.4889 2.6996 2.6296 2.3291 2.1414 2.0197 2.2250 2.2756 2.2196 2.0555 2.0739 2.0739 2.3170 2.9354 2.0197 2.3230 2.3794 2.4190 2.1616 2.1216 2.4325 2.2472 2.1719 2.1616 2.1928 2.3539 2.3539 2.4603 2.2361 2.3291 2.1216 2.1515 2.4325 2.2814 2.7366 2.6816 2.7557 3.0856 2.7179 1.9439 1.8966 1.9399 2.0833 2.0419 1.2520 1.2125 1.3491 1.2482 1.1065 1.1943 1.1485 1.3034 1.2993 1.2993 1.2793 1.1889 0.9835 1.1782 1.3839 1.3928 1.2793 1.1399 1.3449 0.9168 0.0000 0.9062 1.2734 0.9155 1.7948 1.6999 2.3291 2.7752 2.4190 2.6816 2.5566 2.5644 2.6816 2.8052 3.0589 2.5488 2.7752 2.4325 2.3291 2.2416 2.9011 2.9011 2.2814 2.3794 2.6816 2.1823 2.4463 2.6129 2.5259 2.4463
265 2.7087 2.3924 2.4325 2.3794 2.4533 2.9354 2.6466 3.1270 3.1555 2.8154 2.3414 2.9952 2.5411 2.7851 2.5184 3.5551 2.6816 2.9011 2.7272 2.7366 2.7557 3.3456 2.6639 3.1849 2.7461 2.8361 3.1412 2.7179 3.2151 2.8466 2.7951 3.0992 3.0992 2.7461 2.8790 3.0992 3.6878 4.0353 2.8573 2.6639 2.7851 2.7951 2.9708 3.0459 2.8154 2.7951 2.5803 2.5488 2.7951 2.8257 3.0459 2.5964 3.4360 3.1701 3.3456 2.4257 3.0459 4.0353 3.0202 2.5803 2.5488 3.2463 2.6466 3.2151 3.2463 2.8052 3.2151 3.0330 3.0722 2.2361 2.6639 2.7179 2.4056 2.5964 2.1616 2.4745 2.7752 2.3539 2.4325 2.4673 2.2990 2.2814 2.6296 2.4325 2.6129 2.1928 2.1216 2.1515 2.3414 2.6466 2.8681 2.1616 2.0833 2.1216 2.1119 2.2699 2.2814 2.8466 3.0992 3.1849 3.4743 3.8367 3.3456 3.3809 2.6552 3.1270 2.4745 2.4673 3.0722 3.3456 3.1849 2.9708 3.3284 2.8790 3.4550 3.0992 2.8900 3.3456 2.9708 2.5723 2.9830 2.8573 3.1412 3.2948 2.8573 2.8361 2.5803 3.5140 2.4056 3.5343 2.5803 2.5803 3.1270 3.0459 2.9238 3.1270 3.1555 2.6466 2.7557 2.9238 2.8790 2.9238 3.5762 2.7557 2.6816 2.9952 2.7851 3.2463 3.0856 2.8361 3.1849 2.6046 3.2948 2.6639 2.8154 4.7661 2.6816 3.0722 2.7752 4.9166 2.5883 2.7951 2.7951 2.3794 2.5644 3.4173 2.6906 2.6816 2.8154 2.4122 2.4257 3.8633 3.0722 2.7179 2.6296 2.5035 2.9830 2.8154 3.5762 2.9708 3.0202 2.7951 2.4745 2.8257 3.4550 2.7951 3.7600 4.1970 2.9952 2.9708 2.0197 2.0197 1.9439 2.3414 2.2699 2.3794 2.6129 2.3539 2.4745 2.2931 2.2990 2.4745 2.2990 2.1022 2.0374 2.1616 2.1315 2.2142 2.3414 1.9239 2.1719 1.9685 1.9769 2.5035 2.4463 2.6816 2.3602 2.4394 2.3924 2.3291 2.7179 2.3414 2.4603 2.3666 1.9895 2.6296 2.1565 2.3539 2.2585 2.2142 2.0374 2.0555 1.9319 1.9439 2.5964 2.7557 2.9238 2.9470 2.5035 2.3291 2.0786 2.0739 2.2642 2.1616 1.3839 1.1641 1.2793 1.1961 1.1131 1.2181 1.1331 1.4086 1.2754 1.2793 1.2520 1.1641 0.8801 1.3074 1.3620 1.3074 1.3197 1.2033 1.2520 0.0652 0.9062 0.0000 1.2714 0.0695 1.8814 1.7125 2.0927 2.1719 2.0285 2.4603 2.3050 2.3050 2.2361 2.4463 2.7752 2.2034 2.5109 2.1616 2.2416 2.1667 2.3291 2.5109 2.2034 2.2585 2.1667 1.9938 2.1928 2.2250 2.4122 2.5883
266 2.6639 3.6646 2.5488 3.0459 3.0330 3.9466 2.6381 2.7366 3.4550 3.5762 3.4940 3.1130 3.4550 2.9708 3.8367 6.3208 3.8107 3.1999 3.2948 2.9708 2.7851 3.0722 2.4463 2.8900 2.4889 2.8361 2.5644 2.8790 2.4673 2.6129 2.6996 2.6552 2.6639 2.9708 2.6129 2.8257 3.0202 2.6816 3.0589 2.4056 3.0589 2.9830 3.1130 3.6419 3.6196 3.2463 3.2151 2.5335 2.3050 2.2034 2.4673 2.6129 2.9708 2.2142 2.5488 2.5335 2.7461 3.6196 2.3050 3.4743 2.9011 2.8052 2.8361 2.5184 3.8633 2.9952 2.6639 2.9124 3.4173 2.2250 2.7179 2.7951 2.5335 2.4745 2.0880 2.8900 2.6296 2.4533 2.5184 2.4816 2.4673 2.0419 2.6381 2.3414 2.3666 2.2034 2.2034 2.3859 2.5184 2.6129 3.1701 2.4325 2.1823 2.3990 2.3291 2.2814 2.2931 2.7951 3.1849 3.0459 3.1999 3.2306 2.9354 3.0459 3.0076 4.6269 3.0992 2.7851 2.9124 2.8257 4.2669 2.9708 4.5399 3.0992 3.0722 3.1849 4.0051 3.1999 3.4360 3.5343 3.4173 2.4745 3.9755 4.2669 2.5109 3.1555 2.7851 3.5551 3.0992 3.1130 3.2151 3.1849 3.2151 3.2151 3.7851 3.2463 4.0978 2.3353 3.3284 3.0076 2.8790 3.0992 3.0459 2.4394 2.7951 3.1849 2.3924 2.6381 2.9011 2.4122 2.6996 2.5259 3.0722 2.9952 2.7179 3.7355 2.6816 2.6296 3.4550 3.2463 2.8257 3.2784 2.6296 2.7951 2.2034 3.0992 2.7951 2.2585 2.8466 2.9708 2.4463 2.5964 3.6196 3.7114 3.5343 2.9830 3.7114 2.9011 3.7851 3.0992 4.0662 2.8361 2.8361 2.5883 2.6639 3.5343 2.5964 2.9124 2.6906 2.9830 2.4603 2.0464 1.8966 1.9685 2.1022 2.2034 2.2814 2.1216 2.4889 2.0464 2.3794 2.2585 2.0927 2.4056 1.9685 1.9121 1.6784 1.8017 1.8890 1.9044 1.8664 1.8335 1.9200 2.4463 1.9082 1.7284 2.2699 1.9853 2.0509 2.2142 2.1315 2.0464 2.1216 2.0647 1.9121 2.0786 2.2250 2.4056 2.1667 2.3414 2.4190 2.2196 2.0464 2.2361 3.0992 2.8466 2.8361 2.8154 2.3539 1.9811 1.9644 2.1616 2.0833 2.1119 0.7437 0.9608 0.9249 0.9864 1.0569 0.4569 0.8034 0.8058 0.0357 0.7371 0.5697 0.5300 1.1502 1.1264 1.0999 1.1606 1.0902 1.1746 1.0157 1.2714 1.2734 1.2714 0.0000 1.2636 2.3170 2.0927 2.2814 2.6129 2.0374 2.5035 2.6639 2.5035 2.5035 2.4463 2.5488 2.5411 2.5259 2.3666 2.3050 2.1928 2.2416 2.8361 2.1823 2.6212 2.4190 2.2873 2.3666 2.5964 2.3050 2.2142
267 2.5184 2.7654 2.3050 2.4190 2.6296 3.1555 2.5964 2.6996 3.0992 2.9952 2.5803 2.9354 2.8900 2.8900 2.4533 2.9952 2.6639 2.6129 2.7366 2.9952 2.7179 3.2948 2.8361 2.7087 2.8154 2.4962 3.4173 2.5566 2.8154 3.3809 2.9124 3.1849 3.0722 2.5883 2.7951 2.9238 3.2784 3.8633 2.6639 2.9011 2.5488 2.6381 2.9470 2.9952 3.0459 2.9589 2.4190 2.3794 2.2034 2.3794 2.2585 2.9011 3.3456 3.2151 3.0722 2.2699 2.9011 3.6646 3.0076 2.6212 2.7557 3.0856 2.6639 2.9238 2.9952 2.5723 3.1412 2.7557 2.9238 2.0374 2.4603 2.6639 2.3794 2.6129 2.1565 2.3666 2.6727 2.5964 2.3414 2.2528 2.4889 2.4056 2.3414 2.1823 2.8900 2.3859 2.4190 2.4190 2.4889 2.6046 3.0076 2.1216 2.1119 2.0601 2.0739 2.2814 2.2931 2.8052 3.0330 2.9011 3.0202 3.3631 3.0330 2.6816 2.7179 3.1999 2.4463 2.5184 2.5803 2.9470 3.1270 3.0202 3.3456 2.9470 3.1412 3.0992 3.1270 3.4173 2.9238 2.4816 3.0722 2.8573 3.1130 3.5977 3.9183 3.0202 2.8573 3.4550 2.3990 3.0589 2.8466 2.4603 3.0459 2.8573 2.9952 2.9708 3.1130 2.4533 2.8361 2.9952 3.5551 3.1555 3.2463 2.7851 2.6816 2.8681 2.9830 3.3284 3.3456 2.9708 3.8367 3.1412 3.2948 2.9470 2.5644 3.3456 2.7179 2.8154 3.4360 3.9755 2.3414 2.8466 2.4257 2.3414 2.2472 3.6196 2.5803 2.7179 2.9238 2.5035 2.3539 3.0459 3.4550 2.6727 3.0992 3.0202 3.2151 2.7087 3.1849 3.3114 3.0992 2.6639 2.3924 2.8790 4.0353 2.6466 3.1555 3.7600 2.7179 3.0856 2.1315 2.2305 1.9603 2.3924 2.0927 2.3230 2.3859 2.1719 2.3291 2.1928 2.2305 2.1928 2.2585 1.9685 2.0374 2.0509 2.2699 2.2472 2.5644 2.1022 2.0739 1.9685 1.9980 2.6727 2.6212 2.5259 2.4962 2.3170 2.6296 2.4889 2.5488 2.4190 2.5803 2.3291 1.9811 2.5109 2.0509 2.2814 2.2931 2.0647 2.0647 1.9644 1.9644 1.9359 2.6727 3.0330 2.9011 2.9011 2.5964 2.1667 1.8371 2.1022 2.1315 2.0464 1.3491 1.1817 1.2520 1.1433 1.1032 1.2107 1.1032 1.3074 1.3054 1.2873 1.2070 1.1164 0.8957 1.2793 1.3577 1.2695 1.2793 1.1519 1.2636 0.0182 0.9155 0.0695 1.2636 0.0000 1.8299 1.6485 1.9727 2.1771 2.0601 2.3859 2.1515 2.3414 2.1565 2.1823 2.6296 2.0833 2.4257 2.1565 2.1515 2.3170 2.3291 2.5488 2.3291 2.1364 2.2472 1.9439 2.1119 2.0927 2.2472 2.3794
268 2.7654 4.1970 3.5762 3.0992 5.2569 4.1632 3.9755 4.1301 4.4980 3.5762 4.0353 3.7114 3.4550 3.8107 4.2315 5.9702 3.1999 3.0076 3.4550 3.8905 3.4360 3.9755 2.8257 3.1412 3.2306 3.7114 3.1555 3.6878 2.7752 3.2463 3.4940 3.1130 3.0589 2.9589 3.0330 3.0992 3.7355 3.0202 3.6878 2.8361 3.1849 3.6646 3.0459 3.4940 3.6419 3.7114 4.8150 3.4550 3.6196 3.0589 3.0589 2.9708 2.9470 3.0992 3.4550 3.9466 3.1412 3.7600 3.0856 3.4550 3.3631 3.9466 3.6196 4.2315 3.2784 3.6878 3.7114 3.7114 5.1372 2.8573 3.0459 3.5140 2.8361 3.3456 2.8790 2.6381 2.8900 3.0076 2.6381 4.3783 2.7087 2.8573 3.3456 2.5803 3.8633 3.0992 3.1701 3.4173 2.7557 3.0992 3.3989 3.8633 3.6878 4.2315 3.3809 4.1301 4.9166 4.3783 3.1701 3.9755 5.6597 3.3114 3.3114 3.2948 3.3809 2.9708 2.8573 2.9830 3.4743 3.9755 4.3032 3.8107 3.7114 3.9755 3.6196 3.6419 4.1970 3.2151 3.0459 3.9183 3.4940 3.8367 4.1970 4.1301 4.4980 4.0353 3.8633 5.1372 4.6269 3.2622 4.0353 3.6646 4.4172 4.5399 4.1301 4.3783 3.3809 3.5551 3.7600 3.0722 3.1555 3.4173 3.2948 2.4962 2.7179 2.8790 2.8790 2.4603 3.1555 2.9470 2.6296 2.6906 2.6296 3.7355 3.9183 3.3809 3.7114 3.5762 4.1301 5.1372 3.1849 3.5977 2.8573 3.0722 2.8361 2.8257 3.2784 2.6816 3.5762 2.9952 2.9470 3.8367 3.2948 2.6996 2.9708 3.3989 2.6046 2.9354 3.5343 4.0978 4.7185 3.1270 2.9830 3.4550 3.4940 3.6196 3.7114 3.5762 4.6269 3.8107 2.7087 3.0202 2.4603 2.8573 2.7951 3.4173 3.3114 3.0992 2.5488 3.1270 2.8790 2.6296 2.6466 2.8900 2.5109 2.4122 2.5964 2.8154 2.4190 2.4122 2.3924 2.6129 2.8361 2.7752 2.5644 2.3602 2.5109 2.3050 2.5035 2.5335 3.3114 2.6816 2.3924 2.6816 2.5184 3.5140 3.9183 3.2784 3.2948 3.1849 3.9183 2.9708 3.0459 3.1555 2.7179 2.7272 3.0076 2.7654 2.7366 2.4816 2.2585 2.5411 2.7951 2.6296 2.6466 2.0833 2.3794 2.0833 2.1823 2.2814 1.9685 2.4889 2.3477 2.2585 2.0739 2.0693 2.0330 1.8776 2.3539 2.3794 2.2528 1.9439 2.1823 1.8590 1.7948 1.8814 2.3170 1.8299 0.0000 1.5455 3.1849 3.0202 3.1849 3.4940 3.0076 3.8633 3.3809 3.3456 3.9466 4.0051 3.2784 2.9952 3.7355 3.5762 3.0330 4.3032 3.1555 3.2151 3.7600 2.6639 3.4550 2.7557 3.4550 2.9011
269 2.9354 3.4940 2.3414 3.0992 3.0202 3.1555 2.9952 2.9011 3.7851 3.5343 4.0353 3.3456 3.3456 3.1412 3.0992 2.6816 3.1270 2.9952 2.9708 2.7951 2.6466 2.7752 3.1555 3.1130 2.6212 3.4173 3.6196 3.1849 2.9354 2.9354 2.6552 3.3284 3.2463 2.6816 3.1270 3.2151 2.6466 4.0051 3.5977 2.8052 3.0202 3.7114 3.9755 3.3989 3.3284 3.1701 2.7366 2.9354 2.6639 2.7654 2.5488 3.2784 3.0459 2.4463 3.4550 2.2034 2.6906 2.7087 2.8900 2.9952 3.5343 3.8905 3.1555 3.0076 4.4980 3.3809 3.4173 2.5723 3.7114 2.2472 2.6639 3.1555 2.9011 4.0978 3.4940 4.3783 5.0239 3.7851 2.4190 2.6381 2.8790 2.6727 3.0722 2.7461 2.4889 2.4603 2.4603 3.3284 2.2814 3.4550 4.0662 3.9183 5.0798 3.4940 3.1270 4.1301 4.0051 2.9952 3.0992 3.5343 3.9755 3.6878 3.6419 3.6196 3.2622 3.7851 2.5803 3.4360 3.2784 3.0459 2.5109 4.2315 3.5762 3.4173 3.4743 4.0051 3.5977 3.1130 4.4571 3.1555 3.1849 3.6646 4.7185 6.1401 2.4745 3.4173 3.2622 3.7600 2.6639 3.3456 3.3114 3.3809 2.9238 3.0722 4.3783 2.9470 3.6646 3.5977 4.7185 2.5644 4.9166 3.3456 2.5335 2.8573 2.9354 4.2315 3.3809 3.0459 3.0202 3.0722 2.9952 2.7851 2.7272 3.0202 2.5723 2.9238 3.1270 2.7951 3.5762 4.0051 2.9470 2.4816 3.1130 2.5335 2.6639 2.8154 2.5644 2.4056 2.8573 2.8154 3.1412 3.6196 2.7179 2.4673 2.9708 2.8681 2.6046 2.7951 3.0856 2.5411 3.6646 3.0722 3.3284 3.2306 2.9238 2.9238 2.8361 3.2784 2.9470 2.9952 2.3924 2.3666 2.4889 2.3602 2.3170 2.4463 2.5184 2.6996 2.4673 2.7752 2.4745 2.4190 2.3414 2.5411 2.2250 2.6816 3.2151 2.6296 3.4940 3.1555 3.2151 3.3114 2.6816 3.5762 2.6212 2.5723 2.7179 2.4745 2.7752 2.6129 2.7557 2.3414 2.5035 2.4889 3.4360 2.3990 2.8790 3.4940 3.2463 2.8790 2.9470 2.9708 2.5109 2.6996 3.3284 3.4360 3.1555 3.4360 3.0330 2.6466 2.5644 2.8154 2.6906 2.7179 1.9938 1.9044 1.9895 1.7610 1.9200 1.8739 1.5696 1.9279 2.0509 1.8739 1.8087 1.7811 1.7062 1.7880 1.9769 1.9895 1.9121 1.9521 1.8087 1.6368 1.6999 1.7125 2.0927 1.6485 1.5455 0.0000 3.3456 2.9238 3.4173 4.1632 2.6466 2.9238 2.9470 2.5184 2.8790 2.9470 2.7272 2.5488 3.0202 2.9589 2.9470 2.9830 2.6296 2.5803 3.3809 2.4745 2.7557 2.7951 3.0459 2.5411
270 2.9952 2.6639 2.7951 3.0856 2.9011 2.8466 2.7366 2.8361 3.0856 3.3989 3.3631 2.9952 3.2948 3.1270 3.5762 2.9124 3.0589 3.1849 2.8573 2.8790 2.4962 2.9124 2.5964 3.1555 2.7752 2.6816 2.8681 2.9952 3.0589 3.1412 2.6727 2.7654 2.9011 2.5184 3.7600 2.6639 2.9952 2.9952 2.8052 3.1849 2.9589 2.9830 2.7752 2.7654 2.6466 2.5723 2.5184 3.0992 2.9124 1.8516 1.9938 2.3924 1.9439 2.9470 2.2756 3.0722 2.7461 3.0589 3.2463 3.4173 2.7272 2.4603 2.7461 2.6381 2.5566 2.7752 2.7087 2.6046 2.8257 2.0739 2.0739 2.2814 2.2361 2.4673 2.4962 2.6466 2.4533 2.4325 3.5762 3.6196 3.0992 3.1412 3.0202 3.5343 2.8361 3.2948 3.3114 3.4173 2.9011 4.2315 2.2034 2.0975 2.4889 2.1719 2.1265 2.1364 2.3414 2.0927 2.4745 2.3170 2.3170 2.5488 2.3924 2.7951 2.5035 2.3291 2.7179 2.2931 2.4962 2.1928 2.9238 2.6129 2.5259 2.5035 3.0076 2.7752 2.1823 2.5184 2.4745 2.0374 2.7557 2.8573 3.2463 3.3114 3.1270 3.0330 2.8466 3.0202 3.2151 3.0856 3.0076 2.8361 2.7366 3.3989 2.8154 3.3456 3.0992 2.9830 3.3456 3.7851 3.4940 2.5184 3.0202 3.1849 2.4603 3.1701 2.8900 3.2151 2.9124 2.7179 3.4743 3.3284 3.1270 3.0459 2.5035 2.6296 2.7366 2.4889 2.4533 3.2622 2.5803 3.1849 2.9124 3.3114 3.1270 3.2151 3.1555 2.8900 3.7355 3.5343 2.9011 4.4172 3.1999 3.1555 3.7851 2.9830 2.3539 3.3456 2.9708 4.7185 3.4743 3.6646 2.8257 3.2151 3.2463 3.0330 2.9354 3.5140 3.1270 3.3631 2.4463 2.1667 2.0509 2.0023 2.3414 2.4889 2.4673 2.2699 2.2585 2.2472 2.1414 1.9769 2.1823 2.2250 2.0975 1.8371 1.5588 1.7778 1.6876 1.5914 1.6968 1.8890 1.6195 2.1928 1.9727 1.6515 2.2034 2.3414 2.4463 2.1414 2.2585 2.0647 2.2585 2.2699 1.5859 2.3050 2.4325 2.4673 2.4056 2.2642 2.2699 2.0833 2.4603 2.1464 3.0856 3.1412 3.3809 2.7179 2.8361 2.1167 2.0833 2.1022 2.1928 2.1515 2.1216 2.1616 2.5964 2.5411 2.5488 2.3050 2.1928 2.2142 2.4533 2.1719 2.2585 2.0197 2.0833 2.4673 2.5803 2.5335 2.3794 2.2699 2.4745 2.0153 2.3291 2.0927 2.2814 1.9727 3.1849 3.3456 0.0000 1.7577 1.6082 0.8058 0.7847 0.5605 0.7305 0.9413 1.1711 0.8299 0.7527 0.5734 0.6813 0.8522 0.7482 0.9358 0.7437 0.7349 0.7617 0.8373 0.7527 0.6897 0.8878 0.8275
271 2.5883 2.3291 2.6727 2.8361 3.4940 3.1849 3.0330 2.7272 3.8633 2.6212 2.5488 3.0992 3.0992 3.0202 3.8633 3.0202 2.6996 3.3456 3.0722 2.2361 2.5411 2.6466 2.2250 2.2931 2.5488 2.3924 2.5883 2.9354 2.3050 2.5184 2.2088 2.8154 2.6466 2.5964 2.4190 2.5644 2.3924 2.7557 2.3924 2.2305 2.8790 2.9830 2.3990 2.9470 2.2528 2.5803 2.5644 1.9044 1.7744 1.7093 1.9811 1.8739 2.0374 2.7179 2.1616 1.7284 2.7654 2.3414 1.8263 2.5566 2.2250 2.6552 2.4603 2.4745 2.4533 2.4325 2.5723 2.4889 3.6878 2.2250 2.2305 2.5883 2.7752 2.7366 2.3730 2.7752 2.8154 3.1999 2.6046 2.6129 2.4325 2.7851 3.2784 2.6381 2.5883 3.2784 2.6816 3.0202 2.6727 3.5977 2.5883 1.9938 2.2814 2.1823 1.9121 2.0647 2.5723 2.6129 2.6129 2.6466 2.3666 2.6906 2.2416 2.8361 2.2699 2.3291 2.4673 2.3666 3.0076 2.8257 3.0330 2.9354 2.9011 2.6996 2.8573 2.7951 3.0856 2.2873 2.3794 2.1315 3.0202 2.6466 2.4325 3.0722 2.6129 2.4889 2.4745 2.3794 2.3924 2.4745 2.7366 2.4056 2.2472 2.4889 2.5488 2.8361 2.4889 2.3539 2.6727 2.7272 2.9470 2.3924 2.2416 2.7752 2.6639 3.1849 2.6466 2.7087 2.5184 2.8154 2.9589 2.7179 2.4463 5.5176 2.9011 2.3794 3.1270 3.3456 2.5335 4.0978 3.9183 2.5184 3.4940 2.6046 2.5644 2.7557 2.3666 2.7179 3.2463 2.7752 2.4257 2.7179 3.1270 3.1555 3.1999 3.8633 2.6639 2.7366 2.6639 3.9183 3.1130 3.4173 2.6129 2.6381 2.2472 2.8790 2.6296 2.9589 2.9952 2.5411 2.2034 2.2250 2.0197 2.1022 2.3291 2.4056 2.6996 2.2142 2.5184 2.2250 2.3539 2.4745 2.7179 2.4056 2.0374 1.7880 1.8590 1.8516 1.8443 1.8590 1.9439 1.6907 2.0197 2.4603 1.9853 1.5970 2.3291 2.5644 2.3170 2.4056 2.5964 2.6639 2.2931 2.5964 2.0419 2.2142 2.5964 2.2814 2.4325 2.3291 2.5035 2.4056 2.4603 2.4603 2.6466 2.7179 3.0992 2.8154 2.2416 2.4603 2.3924 2.7179 2.6381 2.6996 2.2585 2.1928 2.3666 2.2931 2.5644 2.3291 2.2585 2.4816 2.5335 2.5184 2.1616 2.2250 2.3414 2.7272 2.8790 2.5964 3.0330 2.5184 2.4603 2.2585 2.7752 2.1719 2.6129 2.1771 3.0202 2.9238 1.7577 0.0000 0.4407 1.6784 1.6604 1.4481 1.6082 1.6138 1.6195 1.4819 1.5696 1.6138 1.6724 1.6397 1.7284 2.1719 1.6604 1.6485 1.5018 1.7983 1.6724 1.6026 1.5887 1.5535
272 2.6296 2.6639 2.9354 2.9952 2.8573 2.8154 2.9124 2.4056 3.3114 2.5566 2.2699 2.7557 3.3114 2.6996 2.5335 3.2784 2.6296 3.3114 2.8790 2.4463 2.6296 2.9238 2.4673 2.6906 2.7272 2.6129 2.9952 2.5803 2.4190 2.6046 2.4463 2.9238 2.7179 2.6727 2.7087 2.7179 2.6466 2.9238 2.9011 2.5109 3.5140 2.8052 2.5184 2.4889 2.6906 2.8790 2.4056 1.8480 1.9521 1.8299 2.1022 1.7284 2.7752 2.4889 2.5184 2.0374 2.5803 2.5566 1.7316 2.3414 2.4190 2.6639 2.2931 2.6296 2.6046 2.4463 2.6046 2.8154 3.0992 2.2361 2.6639 2.5488 2.6129 2.4889 2.5964 2.5883 2.8154 2.9238 3.3114 2.8790 3.1555 3.3114 4.2315 3.5762 3.5762 4.0978 3.3114 3.5762 2.8361 4.2315 2.4325 2.3477 2.7366 2.6996 2.4463 2.4673 2.4463 2.4533 2.5035 2.5335 2.2931 2.4603 2.2585 2.8681 2.5035 2.6296 2.7366 2.3109 2.8361 2.5883 2.6466 2.6639 2.6906 2.7179 3.1555 2.6466 2.5644 2.5184 2.5035 2.2699 3.0202 2.6816 2.6129 2.6046 2.6996 2.3859 2.1022 2.7179 2.5488 2.5566 2.2305 2.2034 2.4673 2.3414 2.5488 2.6552 2.6816 2.6639 2.5411 2.5644 3.1849 2.3230 2.5035 2.5803 2.7087 2.6466 2.5964 2.9470 2.8573 2.6816 3.1130 2.5488 2.5723 4.9695 2.6996 2.6816 2.8790 2.7752 3.2151 3.3284 3.1555 2.6046 2.4889 2.7752 2.4603 2.9952 2.2361 2.6296 2.9238 2.8154 2.3924 4.1632 3.3631 3.3114 2.6466 3.6646 2.2642 2.6639 3.2306 4.4571 3.3456 2.9952 2.3924 3.1849 2.7654 2.7752 2.7951 3.0722 2.9238 3.2151 2.1315 2.1515 2.1022 2.1022 2.1928 2.7179 2.6816 2.2814 2.4816 2.1928 2.3990 2.4325 2.5035 2.1216 2.0374 1.7610 1.9279 1.8739 1.7380 1.9811 1.7710 1.8590 1.8157 2.5488 2.0833 1.4721 2.8790 2.3924 2.2756 2.5488 2.2699 2.3859 2.3291 2.4056 1.6368 2.1119 2.5488 2.2250 2.4056 2.3794 2.4056 2.3539 2.5184 2.2472 2.6816 2.4533 2.9470 2.9470 2.3794 2.3291 2.0197 2.3414 2.3414 2.4745 2.1616 2.2472 2.4603 2.0739 2.1719 2.1515 2.0464 2.1981 2.1414 2.3730 2.1022 2.2250 2.2142 2.5644 2.7557 2.4056 2.6466 2.5335 2.4889 2.1414 2.4190 2.0285 2.0374 2.0601 3.1849 3.4173 1.6082 0.4407 0.0000 1.4819 1.5508 1.4968 1.6082 1.3817 1.7284 1.4819 1.5482 1.5221 1.5750 1.7845 1.6397 2.0067 1.7880 1.7284 1.6167 1.8627 1.6026 1.4433 1.4386 1.4868
273 3.1555 2.5488 2.6906 2.6466 3.1849 2.7179 3.5343 2.8681 3.3114 2.8573 3.0202 3.0330 3.8633 2.9470 2.9708 3.8107 3.1130 3.3456 2.5335 3.0589 2.6996 2.8361 2.5411 3.0856 2.7461 2.9011 3.2151 3.1270 3.1130 3.2463 2.8361 2.8257 3.4360 3.0722 3.1701 2.4816 3.3284 3.3114 3.8367 2.6046 3.2622 2.8466 2.6552 3.0722 2.7851 2.7366 2.5964 2.3230 2.2814 2.7752 2.0555 1.9938 2.1167 2.6129 2.8466 2.2305 2.3109 2.7951 3.6646 2.5644 2.8361 2.1719 2.9470 2.7461 2.7752 2.6816 2.9708 2.9011 2.5803 2.2142 1.9685 2.2305 2.7179 2.2472 2.3230 2.6046 2.8154 2.4463 3.2948 2.8154 4.3032 4.0662 2.9238 3.6196 3.8367 2.7951 3.0722 3.4743 2.7851 3.3456 2.2699 2.4325 2.6296 1.8052 1.9769 2.0601 2.5411 2.2361 2.2472 2.7752 2.2873 2.9589 2.6381 2.3353 2.4394 1.9853 2.4745 2.4190 2.3602 2.0285 3.1555 2.8790 2.7179 3.0202 3.0459 3.0330 2.2361 2.3990 2.3730 1.8890 2.8573 2.5109 2.7366 2.9011 2.4603 2.6727 2.9011 2.7951 2.8361 2.6639 2.6639 2.6816 2.9470 2.9708 2.8573 3.2784 2.8052 2.6816 2.9238 3.1701 2.7951 2.4190 2.6129 2.9124 2.7951 2.3924 2.9470 2.9238 3.2463 2.6552 2.7557 3.2784 2.9708 2.6996 2.4889 2.5803 3.2784 2.6466 2.6906 2.9952 3.1849 2.5411 2.7557 2.4056 2.9589 2.7557 2.8154 3.0202 2.7557 2.5488 2.3291 2.9708 2.6816 3.0589 3.2622 3.3989 2.3414 2.9952 2.7752 4.0353 3.0459 2.7557 2.9708 2.6296 2.5803 3.1849 2.4463 3.2151 2.7752 2.7179 2.4603 2.3539 2.1216 2.1315 2.4889 2.4745 2.2034 2.1119 2.3794 2.4463 2.3170 2.3050 2.3539 2.3170 2.1719 1.6876 2.1464 2.1022 1.9685 1.7811 1.7778 1.8157 1.8776 2.3924 1.8852 1.8052 2.4889 2.5259 2.6296 2.6816 2.3539 2.4190 2.4745 2.5964 1.6253 2.4056 2.6046 2.2088 2.3666 2.5488 2.4463 2.2034 2.5488 2.4463 2.9470 3.1849 3.1849 2.7366 2.3050 2.3170 2.4745 2.5803 2.2472 2.5964 2.5964 2.6466 2.7366 2.9708 2.6552 2.5184 2.3170 2.8257 2.4325 2.2931 2.2699 2.3291 2.3924 2.5803 2.5109 2.5488 2.4190 2.5803 2.4463 2.3990 2.6816 2.4603 2.5035 2.3859 3.4940 4.1632 0.8058 1.6784 1.4819 0.0000 0.8226 0.7754 0.7964 0.9182 1.0966 0.7437 0.8472 0.8957 0.8930 0.9035 0.8522 1.0678 0.8324 0.8397 0.6772 0.9936 0.8154 0.8472 0.9303 0.9440
274 3.3809 2.6381 3.0330 3.7600 2.5883 3.2306 3.4550 2.9708 3.4743 3.2306 2.9011 2.8573 3.0459 2.9470 2.8900 2.9124 2.7087 3.3456 2.6639 2.5644 2.6816 2.8154 2.7461 2.9011 2.4122 2.8681 2.7557 2.9011 2.3170 2.7951 2.5184 2.6816 2.7557 2.8257 3.0856 2.6296 2.7461 3.0076 2.8361 2.5488 2.7087 2.9124 2.5411 2.7951 2.5964 2.5488 2.4463 3.1849 2.6046 2.4889 2.2931 2.1216 4.1301 2.4745 3.3809 2.9589 2.7654 2.4962 3.1130 2.9124 2.7272 2.2472 2.6816 2.7461 2.5803 2.4889 2.7752 2.5035 2.3050 2.3414 2.2873 2.7366 2.7179 2.4190 2.8790 2.8361 2.8257 2.4463 2.8790 2.7179 3.0992 2.9952 2.7951 2.7951 3.0722 3.0992 3.1270 3.3456 3.0202 3.1555 2.3794 2.3050 2.5803 2.5644 2.6381 2.6996 2.5964 2.4745 2.4889 2.5964 2.4889 2.9124 2.4190 2.3050 2.4962 2.3666 2.6296 2.4257 2.4673 2.1981 2.7366 2.5335 2.4962 2.5335 2.5803 2.4190 2.1875 2.5335 2.3924 2.3353 2.7951 2.5259 2.7557 2.7366 3.0722 2.9354 3.0722 3.0076 2.7654 2.6552 2.8900 2.7179 2.8154 2.8257 2.9011 2.7272 3.0330 2.7272 2.8681 2.8257 3.0856 2.5184 2.7366 2.9238 2.7179 2.8257 2.9830 2.7557 3.0202 3.2151 2.8361 2.9354 2.7951 2.9952 2.6466 2.4190 3.5762 2.2250 2.4122 3.1849 2.9470 3.0992 3.0202 2.8361 3.6196 2.6296 3.0992 2.7366 3.2463 2.9470 2.6996 2.9011 3.0202 2.3730 3.0459 3.3456 2.4816 2.5488 3.5762 3.5977 3.8633 4.3783 2.6129 2.7851 3.0076 3.2463 2.2699 2.6552 2.5488 2.7272 2.5964 2.4745 2.2088 2.5184 2.4190 2.4889 2.5035 2.4745 2.5644 2.8361 2.3924 2.4889 2.1823 2.4603 2.6727 1.8776 1.8701 1.9769 2.0285 1.7413 1.9319 1.8814 1.6485 2.4673 1.9319 2.1928 2.4190 2.4190 2.5184 2.5488 2.7752 2.4190 2.9238 2.5335 1.7220 2.1315 2.4325 2.3050 2.3291 2.1414 2.2931 2.1265 2.2088 2.1823 3.1555 2.8052 3.5762 2.9011 2.3794 2.3291 2.2699 2.1616 2.2931 2.1265 2.5035 2.5964 3.0202 2.7557 2.4325 2.5035 2.0927 2.3291 2.4463 2.5184 2.6296 2.5035 2.3291 2.7461 3.1999 2.7272 2.9952 2.5184 2.5184 2.2142 2.5566 2.3050 2.6639 2.1515 3.0076 2.6466 0.7847 1.6604 1.5508 0.8226 0.0000 0.8878 0.8250 0.9358 1.1925 0.8130 0.9821 0.8917 0.8202 1.0491 0.8422 1.1314 0.8775 0.8698 0.8348 0.9385 0.8698 0.9608 0.8698 0.9806
275 2.9830 2.4394 2.7366 2.7179 3.3284 3.0856 2.7087 2.8573 2.7272 2.7951 2.9238 2.9708 2.9708 2.9124 3.8633 3.1555 3.5140 3.6196 3.1270 3.1270 3.0459 3.4173 3.0722 2.6906 2.9011 2.6296 3.3456 2.9952 3.0856 2.9354 2.8573 2.8257 2.9124 3.0992 3.2306 2.8361 2.7366 2.7179 2.7366 2.9952 2.6129 2.5259 2.4463 2.8790 2.4673 2.4745 2.1928 2.8790 2.5411 2.0601 3.0589 2.0833 3.5551 2.6552 3.0722 2.9354 2.8052 3.0856 2.8900 2.5488 2.9470 2.3539 2.7557 2.7851 3.0459 2.9589 2.5964 2.9708 2.7272 2.1823 2.2250 2.2142 2.6046 2.3230 2.5644 2.6212 2.5488 2.7179 3.0202 3.2463 4.6269 3.4550 3.0202 3.0992 3.2948 3.5140 3.1999 3.5343 2.9124 3.0856 2.1823 2.2250 2.4533 2.1875 2.1565 2.1119 2.4745 2.1315 2.4257 2.5566 2.0153 2.3291 2.1719 2.3924 2.1719 2.0285 2.3291 2.9124 2.3666 2.3666 2.8052 2.6639 2.6296 2.2305 2.5035 2.5335 2.1616 2.4463 2.6129 2.1414 2.6727 2.4257 2.6996 2.4463 2.9952 2.7951 2.7272 2.6466 2.5883 3.0459 2.5883 2.4889 2.6129 2.8257 2.6639 2.7752 2.7366 2.9124 2.8154 3.4550 3.3456 2.9238 2.5488 3.3114 2.6296 2.6906 2.6906 2.7654 2.9238 2.7179 2.5488 2.7272 2.7752 2.7557 2.3602 2.7366 2.6639 2.4463 2.5644 2.4325 2.4056 2.7951 2.8790 3.6646 3.2784 3.0076 2.6296 3.1849 2.7951 2.9238 3.0992 2.8466 2.8790 2.5488 3.0589 2.9830 2.8257 2.9011 2.7366 2.6639 3.9466 2.6996 2.3414 2.6906 2.9011 3.3809 2.5566 3.0459 3.1130 2.9238 2.3050 2.1119 2.2034 1.8299 2.3050 2.8361 2.5488 2.3794 2.2250 2.5883 2.2034 2.3170 2.1464 2.3230 1.9521 1.6815 1.4819 2.0153 1.5144 1.6784 1.6026 1.5750 1.4154 2.1216 1.6368 1.7610 2.1928 2.4603 2.3794 2.0833 2.3291 2.2142 2.3794 2.3794 1.4968 1.9895 2.0197 2.3050 2.2585 2.1928 2.2142 2.2756 1.8739 2.2361 3.0992 2.8573 3.5343 2.9238 2.7461 2.5035 2.2250 2.3414 2.2931 2.3924 2.1022 2.1515 2.7179 2.3794 2.5035 2.3170 2.0110 2.5335 2.5035 2.4889 2.6296 2.4603 2.0927 2.3291 2.4745 2.3666 2.2931 2.3291 2.2814 2.3050 2.5644 2.3050 2.5035 2.3414 3.8633 2.9238 0.5605 1.4481 1.4968 0.7754 0.8878 0.0000 0.6939 0.8826 1.0999 0.8673 0.6170 0.5679 0.7217 0.8226 0.7482 0.9893 0.6939 0.7066 0.7527 0.8622 0.7174 0.6567 0.9413 0.9721
276 2.5644 2.4257 2.8361 3.2622 3.4173 2.9470 3.8107 2.8361 2.8257 2.9952 2.9354 3.4940 3.4360 3.0202 3.1701 2.7087 2.8257 3.1555 2.6552 2.9238 2.9124 2.9952 2.9124 3.1270 2.8052 2.5883 2.9238 2.7851 2.8466 3.1999 2.8052 2.6296 2.5644 2.6129 2.6129 2.4463 3.4940 2.9124 2.6046 2.8361 2.9354 2.6906 2.4889 2.6381 2.7654 2.6552 2.3990 2.7272 2.7366 2.6129 2.7654 2.6296 2.1315 2.5964 3.1849 1.9480 2.3353 2.8052 2.2142 2.6996 3.0459 2.6212 2.8790 2.5964 2.5883 2.9830 2.8361 2.9952 2.6129 1.9200 2.2034 2.2528 2.3666 2.3170 2.3794 2.5335 2.2699 2.5488 2.7272 3.0992 3.7600 3.6646 2.9238 2.8361 3.2948 2.7272 2.6639 3.1849 2.4889 2.4673 2.3666 2.4122 2.0739 2.1616 2.3539 2.2756 2.3414 1.9561 2.2250 2.2699 2.3602 2.6212 2.3414 2.5035 2.3291 2.2585 2.2472 1.9938 2.3170 2.1119 2.8573 2.5964 2.4962 2.3990 2.6996 2.5335 2.4190 2.5184 2.1515 2.1414 2.6727 2.7272 2.7752 2.5259 2.7272 2.5109 2.6639 2.9589 2.9124 2.8154 2.5883 2.4463 2.3291 3.3456 2.8257 2.9708 2.7272 2.5644 2.9708 2.7272 2.8257 2.4190 3.0202 2.5035 2.4603 2.5488 2.7752 2.8154 2.7951 2.8154 2.7654 2.9124 2.8790 2.9589 2.7752 2.5035 2.7179 2.8573 2.8790 2.6381 2.8361 2.8154 3.5762 3.1555 2.5566 3.5343 2.8681 3.1130 2.6816 2.7179 2.4190 2.9011 2.6296 2.7179 2.8573 2.9830 2.3666 2.2699 2.4673 4.1301 3.7600 2.8361 2.5035 3.3809 2.5035 2.8361 2.5035 2.9354 2.6639 2.6552 2.1414 1.9895 1.8299 1.7610 2.0285 2.3050 2.3539 1.9279 1.9239 1.9685 2.1928 1.9727 1.8627 2.1464 1.8122 1.6426 1.7284 1.8157 1.5970 1.7188 1.5642 1.4246 1.5221 2.1981 1.6195 1.7316 2.0285 2.4190 2.4056 2.1414 2.3291 2.4056 2.4463 2.5184 1.6724 2.1464 2.2528 2.1022 2.1315 2.5184 2.3794 2.3990 2.2699 2.2034 2.7951 2.6466 3.2784 2.7366 2.5803 2.4056 2.4745 2.2361 2.3990 2.3050 2.7366 2.7752 2.6639 2.5644 2.7366 2.5259 2.4325 2.7366 2.4463 2.9011 2.5644 2.6639 2.0833 2.4816 2.4603 2.4325 2.4463 2.2931 2.6466 2.2361 2.6816 2.2361 2.5035 2.1565 3.3809 2.9470 0.7305 1.6082 1.6082 0.7964 0.8250 0.6939 0.0000 0.9413 1.1399 0.7893 0.5515 0.7024 0.7823 0.8360 0.7940 0.9358 0.7777 0.8082 0.7987 0.8597 0.8178 0.5533 0.9524 0.9303
277 2.7179 2.9708 2.5184 3.2151 2.6466 3.1412 3.1130 3.8633 3.4940 3.1849 3.1849 2.8790 3.6878 2.4673 2.6639 2.9470 3.0202 2.7366 2.9124 2.7366 2.5964 2.6996 2.7272 2.8154 2.6552 2.9124 2.9354 2.9238 2.5723 3.3456 2.7752 2.8257 2.8466 2.5411 2.4673 2.6381 2.9354 2.9470 2.9354 2.6906 3.4550 2.6816 2.4463 2.7557 2.2931 2.5803 2.0285 2.7752 2.5883 2.1616 2.5109 2.7179 3.5551 2.6906 2.4816 2.5883 2.5335 2.8681 2.8681 2.4816 2.6129 1.9853 2.4463 2.2873 2.6996 2.5035 2.8573 2.0197 2.8257 2.2361 2.2472 2.3990 2.6816 2.2931 2.3730 2.3414 2.3794 2.5259 2.6296 3.4940 3.4173 3.0722 3.2622 2.7654 2.6816 2.6639 3.0992 4.3032 3.1270 3.1849 2.2142 2.5566 2.0927 2.0880 2.1022 2.1771 2.2250 2.4673 2.3477 2.4889 2.2196 2.4056 2.1565 2.6466 2.4325 2.1119 2.4889 2.2990 2.6296 2.2361 2.8681 2.6639 2.3291 2.4745 3.0856 2.5964 2.2250 2.5723 2.3602 2.1414 3.1412 2.6639 2.9708 2.6727 2.5644 2.6212 3.4360 2.8790 2.5803 2.8361 2.5035 2.7951 3.0992 3.4940 3.4360 2.8573 3.2784 2.9354 3.7355 3.2622 3.2463 2.9589 2.5035 2.6996 3.1130 2.5411 2.8052 3.1270 3.0459 2.6996 2.7461 2.7461 3.3114 3.0459 2.5644 2.4325 3.0076 3.0992 2.5109 3.0459 2.6129 3.1555 2.7951 2.5488 3.4173 2.7087 3.3456 2.5644 2.8154 2.4056 2.5259 2.3794 2.9011 2.6296 2.9011 3.1412 2.5964 2.6816 2.6296 3.3631 3.7355 2.4603 2.4889 2.9124 3.0589 2.9830 2.7179 3.3631 2.9011 3.5140 2.1616 2.0647 2.1823 1.9853 2.1515 2.4745 2.3291 2.3291 2.2361 2.0833 2.5035 2.2472 2.2416 2.3730 2.1823 2.0739 2.0647 1.8739 1.8664 1.9359 1.9044 1.9480 1.7811 2.5035 2.0285 1.9603 2.5644 2.5259 2.7087 2.6639 2.2642 2.5184 2.7851 2.7366 1.8890 1.9121 2.2305 2.1565 1.8814 2.3730 2.0555 2.0927 2.1875 2.1515 2.9238 3.2463 2.9470 2.7557 2.6996 2.9470 2.3414 2.2585 2.6466 2.3291 2.2472 2.6639 2.6296 2.9952 2.6212 2.3602 2.1119 2.6639 2.4257 2.5035 2.4463 2.3414 2.5644 2.7654 2.9708 2.9708 2.9011 2.5803 2.3170 2.4325 2.8052 2.4463 2.4463 2.1823 3.3456 2.5184 0.9413 1.6138 1.3817 0.9182 0.9358 0.8826 0.9413 0.0000 0.8547 0.8348 1.0353 1.0039 0.9636 1.0663 0.9331 1.1746 0.9524 0.9749 0.8472 1.1065 0.9922 0.9951 0.4423 1.0277
278 2.5035 2.8790 2.6466 3.2948 2.8361 3.1130 3.2784 2.7752 2.7951 2.8790 2.7752 3.4940 3.4940 3.3631 3.0202 2.9124 3.0589 4.4571 3.2948 2.8573 2.6212 3.1412 2.8900 2.9238 2.6639 2.5803 2.7366 2.6816 3.0722 3.0330 2.8790 2.6727 2.5184 2.3924 2.7179 2.7179 2.8361 2.7272 3.6419 2.7087 2.8681 2.9708 2.6381 2.9124 2.6906 2.6129 2.5035 2.2472 2.1771 2.3291 2.6466 2.7087 3.8107 2.6639 2.8361 2.1875 2.8681 2.5964 2.6466 2.9952 2.6727 2.5109 2.8154 2.8573 2.3602 2.9708 3.0856 2.4889 2.8790 2.5035 1.9439 2.1823 2.3794 2.3924 2.3990 2.7461 2.9238 2.4463 4.3032 3.5140 3.4550 3.7114 3.9183 5.0239 2.9952 5.2569 3.5762 4.5399 4.0353 3.0992 2.0833 2.2699 2.1823 2.0241 2.1464 2.0464 2.2585 2.4394 2.3924 2.5035 2.3539 2.7179 2.7366 2.7557 2.8466 2.2361 2.8681 2.6129 2.9470 2.2034 2.8900 2.8361 3.0459 2.8154 3.0202 2.3602 2.5488 2.4325 2.8790 2.4056 2.6996 2.4394 2.6129 2.6296 2.3730 2.8361 2.7272 2.7272 2.9011 2.7179 2.5723 2.8573 3.0722 2.4889 2.7461 2.4816 2.8681 2.9354 2.5723 2.4533 3.1270 2.5803 2.4745 2.7752 2.7752 2.6552 2.5964 2.6816 2.7557 3.0459 2.6816 2.9708 3.2948 3.8107 2.5964 2.2756 2.6466 3.0722 2.7087 2.8466 2.9124 2.6296 2.9470 2.3666 3.3456 2.9354 2.8573 2.3539 2.9952 2.3859 2.5644 2.9238 3.1270 3.2463 2.8790 5.0239 2.5488 2.6552 2.3666 3.0459 2.9952 2.6296 2.8361 3.1849 3.1999 2.6046 2.3414 2.7752 2.3477 2.4889 2.3414 2.6639 2.1928 2.1022 2.2585 2.4603 2.5964 2.4056 2.5488 2.5964 2.2585 2.4122 2.4463 2.1515 2.1667 2.1616 1.8443 1.8966 1.7284 1.9121 2.0374 1.8590 2.0023 2.5566 1.9769 1.8228 2.5803 2.6466 2.6639 2.4745 2.6129 2.7752 2.5723 2.4816 1.6845 2.3602 2.0833 2.3414 2.4603 2.4056 2.4190 2.2034 2.2472 2.1022 2.9124 2.7951 3.2306 2.6466 2.7951 2.4056 2.2472 2.3539 2.3109 2.6212 2.2472 2.7179 2.6996 2.4394 2.3666 2.4745 2.3170 2.5488 2.4603 2.6296 2.3050 2.0509 2.4889 2.8154 2.6046 2.5644 2.9238 2.6296 2.5964 2.7951 3.0589 2.7752 2.5488 2.6296 3.9466 2.8790 1.1711 1.6195 1.7284 1.0966 1.1925 1.0999 1.1399 0.8547 0.0000 1.0678 1.0869 1.1782 1.0368 1.0869 1.0616 1.3281 1.0918 1.1230 1.1131 1.2144 1.0338 1.0710 0.8250 0.9893
279 2.7461 2.5883 2.3730 2.5184 2.6212 2.8790 3.6646 3.0722 2.8790 3.0992 2.5335 3.1555 3.6419 2.6046 3.2463 2.6212 2.9708 2.9124 3.0856 2.6816 2.4257 2.8573 2.5883 2.7461 2.3477 2.2873 2.3602 2.9124 3.0459 2.7752 2.6466 2.6129 2.5803 2.6466 2.8900 2.4122 2.3414 2.4533 2.8052 2.4745 2.4190 2.5723 2.2528 2.7557 2.3602 2.6129 2.3859 2.3539 3.0992 3.1849 3.4743 2.7087 3.7355 3.0856 3.4940 2.2196 2.7851 2.9354 2.9952 3.1130 2.4603 2.0555 2.9470 2.4745 2.6129 2.9011 2.9952 2.6552 3.0459 2.2814 2.2250 2.3666 2.4056 2.2528 2.4889 2.3170 2.6466 2.3414 2.9952 2.9238 3.6196 3.1555 2.6296 3.0076 2.5964 3.5343 3.1270 3.0992 2.9589 3.0722 2.2250 2.2142 2.1771 2.0023 2.2699 2.1719 2.2142 2.3291 2.2990 2.3859 2.5723 2.9238 2.5644 2.4603 2.4962 2.6639 2.2931 2.3414 2.5035 2.4816 2.5411 2.3924 2.3924 2.3477 2.3859 2.4394 2.2305 2.2142 2.4533 2.2585 3.0076 2.6906 2.5883 2.6816 2.4889 3.0076 2.5335 2.7087 2.8154 2.9830 2.6996 2.8154 2.5488 2.9708 3.6196 3.0330 2.6906 2.6816 3.0722 3.0589 3.2948 2.4056 2.4603 2.7951 3.1555 2.7179 2.7557 2.6816 2.7366 2.5488 2.8790 2.5964 2.9470 2.3291 2.7951 2.5035 2.9708 2.6296 2.8154 2.9238 2.8361 2.6381 2.7951 2.6296 2.8790 2.7557 2.7366 2.4190 2.7366 2.5488 2.4889 3.0856 2.7752 3.2151 3.8633 3.9466 2.0833 3.0992 2.7654 4.3783 3.6196 2.6996 2.7087 3.0076 3.0992 2.6466 2.4603 2.6046 2.1515 2.4673 2.3170 2.2814 2.0647 2.4190 2.3539 2.4816 2.4056 2.3666 2.4463 2.7557 2.1022 2.2931 2.2585 2.5335 2.5964 1.6604 1.8776 1.8890 1.6515 1.8157 1.7380 1.6082 1.5859 2.0647 1.8739 1.8664 2.2034 2.4056 2.3291 2.2250 2.4889 2.3666 2.5964 2.3924 1.7156 2.1265 2.3794 2.2642 2.3414 2.1823 2.2814 2.2472 2.1928 1.9439 2.8573 2.7179 3.3456 2.9708 2.6129 2.5035 2.1315 2.4325 2.2250 2.5335 2.2250 2.3924 2.7179 2.7752 3.0459 2.5488 2.2034 2.6296 2.3539 2.1315 2.2699 2.3050 2.0464 2.8052 2.5964 2.4603 2.2756 2.4745 2.3794 2.0833 2.5488 2.2034 2.5411 2.0833 4.0051 2.9470 0.8299 1.4819 1.4819 0.7437 0.8130 0.8673 0.7893 0.8348 1.0678 0.0000 0.8826 0.8852 0.7305 1.0308 0.8497 1.0338 0.8878 0.8373 0.6939 0.9524 0.7572 0.8397 0.7527 0.8775
280 3.1555 2.8052 3.0992 2.8154 2.9708 3.1270 3.1701 3.2784 3.6878 2.6129 3.4743 2.9708 3.2463 3.3284 3.6878 2.7951 3.8633 3.6196 2.7557 3.0589 2.7366 3.5977 2.6639 2.9830 2.8790 2.5883 2.7557 2.8900 3.0459 3.2306 2.8681 3.4360 2.8790 2.6816 2.6639 3.2151 2.6129 3.3114 2.6996 3.0459 2.6906 2.9354 2.6816 2.5964 2.4603 2.6552 2.4603 2.3109 2.6906 2.6552 3.2784 3.3809 3.5551 2.5259 3.0856 2.0374 2.5184 2.4056 2.7951 3.0589 3.1130 2.4463 2.6639 2.8257 2.7851 2.7461 3.4550 2.8154 2.4889 2.1022 2.0739 2.3859 2.3353 2.5035 2.6046 2.5566 2.6996 2.8257 3.1270 3.2784 3.4743 4.3783 3.3809 3.1270 3.3809 3.0459 2.9238 4.8150 2.7366 3.6878 2.1315 2.3291 2.5109 2.1719 2.4122 2.3109 2.6046 2.0555 2.7366 2.1928 2.3050 2.5964 2.6639 2.6129 2.2873 2.4325 2.4889 2.3109 2.5644 2.2585 2.6816 3.0459 2.5723 2.5964 2.7461 2.9011 2.5335 2.6129 2.6046 2.0833 2.6381 2.7366 3.1555 2.6727 2.6727 3.0202 2.9354 2.7851 3.0076 3.0202 2.8257 2.8573 3.5977 2.5566 2.7557 3.0459 2.6996 2.9708 2.8790 2.8790 3.0076 2.8900 2.3990 2.6129 2.9011 2.8790 2.9470 2.9011 2.8257 2.8361 3.0202 3.2151 3.3114 3.1555 2.6466 2.6816 2.7951 2.4394 3.2784 2.7951 3.6196 2.6296 3.1555 2.8361 2.8681 2.7179 2.4889 2.4056 3.1555 2.5109 3.2463 3.3809 4.2669 2.5411 3.3989 2.9830 2.1771 2.8154 3.2622 4.0978 6.2291 3.0856 2.9470 3.3114 3.2151 3.3456 2.7179 2.7752 2.5964 2.8466 2.2196 2.3170 2.0833 2.0464 2.3924 2.5566 2.8154 2.2814 2.1616 2.5035 2.0285 2.2472 2.2756 2.2142 2.2305 1.6574 1.6784 1.7677 1.5482 1.8966 1.8516 1.4505 1.5914 2.1464 1.6574 1.7677 2.0509 2.5488 2.5035 2.1981 2.4603 2.3050 2.4603 2.1928 1.6604 2.0927 2.2756 2.2088 2.5335 2.5184 2.3539 2.5411 2.5259 2.2699 2.9011 3.0722 4.6721 3.1270 2.6129 2.5644 2.4056 2.6296 2.3539 2.7087 2.6296 2.4673 2.3794 2.6552 3.0992 2.3414 2.1216 2.7179 2.3794 2.1315 2.4325 2.5411 2.2699 2.8154 2.5964 2.3170 2.5035 2.3924 2.2250 2.3414 2.7752 2.5109 2.5259 2.4257 3.2784 2.7272 0.7527 1.5696 1.5482 0.8472 0.9821 0.6170 0.5515 1.0353 1.0869 0.8826 0.0000 0.7617 0.7940 0.8275 0.8011 0.9922 0.7549 0.8034 0.7858 0.9035 0.7754 0.4006 1.0869 0.9538
281 2.8052 2.5964 2.7951 3.5140 3.3456 2.7557 2.6129 2.6466 3.0330 2.5184 2.6639 3.2622 3.1701 2.6906 3.0992 2.8052 2.8573 4.1301 2.6129 3.2622 3.4550 3.9755 2.9952 2.6381 2.5259 2.4816 3.2784 2.8573 2.9952 3.4743 2.7851 2.9708 2.4122 2.7951 3.4360 2.6129 2.8361 2.9124 2.9708 2.8900 2.7272 2.7752 2.5566 3.0202 2.6466 2.6296 2.8154 2.6381 2.7752 2.4122 2.1771 2.6727 2.3859 3.0856 3.3114 3.4173 2.9830 2.8900 3.0459 2.9952 2.9238 2.7752 2.8154 2.6639 2.8681 2.9470 2.8361 3.0722 2.8573 1.9853 2.0880 2.1565 2.2250 2.2196 2.4394 2.4889 2.3291 2.6996 4.2669 3.5343 3.3809 3.1849 2.8573 4.1632 3.2306 3.2306 2.9708 7.1683 2.8154 4.6721 2.1616 2.0833 2.3291 1.8299 2.3050 2.1414 2.3353 2.0067 2.3539 2.4603 1.9938 2.3859 2.1667 2.7366 2.3291 1.9853 2.4962 2.1875 2.4673 2.3291 3.2463 2.4190 2.3414 2.2585 2.5184 2.5259 2.4673 2.5964 2.1928 1.8590 3.5977 2.8361 3.2463 3.6646 3.1270 3.0722 2.9354 3.2151 3.2306 3.4173 3.5140 3.6878 3.2463 3.6196 3.8107 4.4571 3.7114 3.1849 3.4743 3.0589 3.1999 2.9830 2.9354 2.9470 3.0459 3.1555 3.0722 2.6996 2.9238 3.2151 2.7179 2.9708 2.7461 3.4550 2.6381 2.9238 2.7951 2.7461 2.6639 2.9589 2.7557 2.7366 3.4173 3.4743 3.0722 3.2784 3.1849 2.9238 2.9238 3.2151 2.6466 2.9708 3.3114 3.2948 3.7600 3.2306 2.2472 2.5964 3.4173 3.4173 4.2315 3.0722 2.5644 2.8790 2.4257 3.3456 2.5803 3.0992 2.8466 3.0202 2.3414 2.2585 2.1928 1.7677 2.1719 2.5035 2.3924 2.3924 2.0786 2.5644 2.1315 1.9938 1.8516 2.5035 2.0419 1.6397 1.4600 1.6724 1.6999 1.7880 1.5119 1.5696 1.4528 2.2585 1.6253 1.7677 2.2931 2.3414 2.4056 2.2699 2.3050 2.2585 2.4190 2.4257 1.5914 2.5259 2.2585 2.3666 2.4463 2.5803 2.2472 2.2196 2.1771 2.3794 3.0459 2.7951 3.1555 2.8466 2.6381 2.2250 2.1414 2.1022 2.1414 2.0927 2.2814 2.1216 2.8361 2.2873 2.5803 2.3291 2.1875 2.6296 2.4056 2.5644 2.3924 2.3050 2.1315 2.6466 2.3414 2.4603 2.2931 2.2361 2.3170 2.1216 2.4325 2.1616 2.3666 2.1565 2.9952 2.5488 0.5734 1.6138 1.5221 0.8957 0.8917 0.5679 0.7024 1.0039 1.1782 0.8852 0.7617 0.0000 0.8397 0.9009 0.7987 0.9864 0.7617 0.7217 0.7870 0.9249 0.8154 0.7504 0.9749 0.9263
282 3.0459 2.8466 2.8361 2.7087 2.8681 2.8257 3.1555 2.5803 2.8790 2.8573 2.8900 3.4940 3.4940 2.9470 3.1270 2.9708 2.7179 2.9708 3.2151 2.8257 2.4673 3.0856 2.5566 2.6639 2.4816 2.5259 2.8573 2.6816 2.6129 3.0992 2.7272 2.7179 2.9470 2.8681 3.8905 2.8154 2.8361 2.9708 2.7752 2.9124 2.6816 2.8790 2.9830 2.8154 3.1270 2.9354 2.8900 3.4940 3.2784 2.4394 2.6639 2.1515 2.6466 2.4889 2.4056 2.5883 2.8257 2.8052 2.8900 3.0459 2.7366 2.6296 3.0076 3.1555 2.9708 3.0202 3.5140 2.6552 2.8790 2.3794 2.3477 2.5109 2.7951 2.5488 2.3170 2.5488 2.6552 2.4889 3.3631 4.6269 3.8367 4.1970 3.9466 3.5140 3.8107 4.3783 5.8103 3.4743 3.4360 3.2948 2.0647 2.1515 2.1265 1.9521 2.1414 1.8928 2.1119 2.4673 2.9238 2.7951 2.2585 2.6466 2.6129 2.4745 2.4889 2.2814 2.4745 2.1265 2.7752 2.1216 3.4940 2.6639 2.8790 2.5964 2.9354 2.5803 2.1823 2.8361 2.5488 2.1719 3.1999 2.5411 3.5977 2.9238 3.0992 3.5977 2.6129 2.9238 3.1849 3.0459 3.0589 2.6996 3.3456 3.1270 3.0992 3.0076 3.1849 3.2784 3.3456 3.0589 3.6419 3.0459 2.9952 3.3114 2.5964 3.0722 2.7366 2.7557 2.9011 2.7179 3.4173 2.8681 3.7114 2.8361 3.0459 3.3989 2.9952 2.7752 2.4056 2.9354 2.7951 2.9354 2.6296 2.8154 3.1701 2.9708 3.1270 2.8154 2.9470 2.5803 2.8361 3.2463 3.2151 2.6046 4.4571 3.7600 2.8681 3.3456 3.8107 4.0051 4.5399 2.9470 3.1412 2.8790 3.1412 2.7366 2.5644 2.9011 2.4190 2.9011 2.3924 2.2931 2.3170 2.2528 2.5184 3.0459 2.7752 2.5964 2.9470 2.7557 2.6129 2.4325 2.3794 2.6996 2.3794 1.8814 1.6754 1.7156 1.7413 1.8228 1.8299 1.5914 1.6310 2.4190 1.7845 1.9439 2.0927 2.5335 2.4190 2.2361 2.3539 2.2250 2.4745 2.3230 1.9200 2.4257 2.4394 2.4533 2.3414 2.3170 2.4463 2.0927 2.2361 2.4463 2.9238 2.7752 3.1555 2.6129 2.4325 2.3602 2.2142 2.2814 2.0927 2.3353 2.1928 2.2250 2.7179 2.3050 2.4603 2.0647 2.0833 2.2990 2.2931 2.5803 2.1515 2.1875 2.2472 2.7557 2.9470 2.9011 2.5964 2.5964 2.4257 2.2416 2.3291 2.2416 2.3050 2.1515 3.7355 3.0202 0.6813 1.6724 1.5750 0.8930 0.8202 0.7217 0.7823 0.9636 1.0368 0.7305 0.7940 0.8397 0.0000 0.4919 0.5496 0.6466 0.4415 0.4391 0.7847 0.6258 0.2763 0.7024 0.8904 0.6268
283 3.3456 3.8633 2.8052 2.2088 2.6212 2.8361 3.2784 2.7752 2.4816 2.7851 2.8361 2.8790 2.4325 2.8900 2.7951 2.7851 2.6816 3.6646 2.8790 3.2306 3.4360 2.7654 2.8154 2.8052 2.5566 2.4533 2.2585 2.6381 2.5964 2.5644 2.6996 2.6639 2.3602 2.4257 2.4056 2.4190 215.8902 2.6466 2.8154 2.7272 2.6046 2.6466 3.0459 2.9708 2.6381 2.7461 3.0459 1.9603 2.1719 2.5259 2.1771 2.2642 2.1928 2.3414 2.1414 2.2088 2.4325 2.5109 2.6381 2.4394 2.7179 2.4533 2.8573 3.6646 3.7114 3.2784 3.1270 2.9470 7.2904 2.3050 2.3414 2.2196 2.4325 2.3990 2.1928 2.6129 2.7557 2.5488 3.0330 4.3032 5.8103 2.5335 3.5140 4.3783 2.8790 3.1130 3.0202 5.5876 3.4940 2.5259 2.2250 2.2990 2.2585 2.0509 2.1616 2.1515 2.3291 2.5109 2.6727 2.8361 2.6381 2.6727 2.6816 2.5488 2.3353 2.4190 2.2585 2.5184 2.2472 2.4190 2.6996 2.9011 2.9238 2.9011 2.2699 2.5488 2.3050 2.5964 2.5964 2.0880 2.5335 2.2528 2.3666 2.8681 2.4122 2.6129 2.2196 2.1515 2.3539 2.1216 2.5109 2.4122 2.3109 2.4257 2.6129 2.3990 2.2642 2.4325 2.6381 2.4394 2.4394 2.4533 3.0722 2.9708 2.6906 2.8466 3.1849 3.1270 2.8900 3.2463 3.1555 3.0459 3.1849 2.5964 2.6296 2.2250 2.8154 3.0202 3.5762 3.2948 3.5977 3.1999 2.8573 2.9952 2.7461 3.6196 2.8257 2.6381 2.7366 2.8900 2.7087 3.1555 3.3809 2.1667 3.0076 3.0202 3.5140 3.5762 2.8681 4.2669 3.1555 2.9470 2.8257 2.5883 3.4173 3.3114 2.7272 3.1999 3.2463 3.1412 2.2699 2.5488 2.4190 2.2528 3.0202 3.1849 3.1849 2.7179 2.2472 3.1270 2.3990 2.4122 2.4056 2.8790 2.3170 1.7413 1.9359 1.9685 1.7880 1.9439 1.7413 1.8228 1.7156 1.8087 1.7610 1.8087 1.9853 2.4056 1.7983 2.1616 2.0833 2.2585 2.1022 2.4056 1.6544 2.2142 2.0197 2.2814 2.1414 2.0927 2.1119 2.4394 2.1119 2.2250 2.8257 3.3631 3.7851 2.6466 2.1515 2.1928 2.3050 2.3414 2.4745 2.3109 2.1823 2.4745 2.4190 2.3477 2.6046 2.1119 2.2361 2.3170 2.1515 2.4463 2.3230 2.5964 2.4122 2.6296 2.6639 2.6906 2.8154 2.5035 2.3170 2.2756 2.2416 2.1667 2.1928 2.3170 3.5762 2.9589 0.8522 1.6397 1.7845 0.9035 1.0491 0.8226 0.8360 1.0663 1.0869 1.0308 0.8275 0.9009 0.4919 0.0000 0.5660 0.5389 0.4295 0.4375 0.9102 0.6547 0.4618 0.7731 0.9454 0.7228
284 2.6466 2.5411 3.0589 2.6296 2.7654 3.0330 2.8361 2.6639 3.3284 2.6639 3.2622 3.7114 3.7114 3.1270 3.0202 2.9238 2.8361 3.1849 2.8052 2.7851 2.9830 3.0722 3.0856 2.6046 2.3477 2.5259 2.5964 2.6046 2.5184 2.7557 2.7752 2.5803 2.8573 2.6381 2.7179 2.8361 2.5723 2.3990 3.1701 3.0202 2.3414 2.5964 3.2463 2.4745 2.4673 2.5964 2.2814 2.8573 3.1849 2.1771 2.2814 2.0786 2.6996 2.1719 3.7355 2.1719 2.0374 3.2151 2.9011 2.9708 2.5566 2.1719 2.7461 3.1555 2.4190 2.5644 2.8466 2.9238 2.5644 2.5184 2.1616 2.5566 2.0880 2.4463 2.2699 2.5803 2.6129 2.3924 3.1130 2.8573 3.0722 2.8573 2.8790 2.8790 2.7951 3.8905 2.9470 3.8905 2.4745 3.7600 2.2528 2.1464 2.1070 1.8371 2.2990 2.1565 2.1875 2.3477 2.6129 2.3924 2.8154 2.5803 2.5488 2.4745 2.6296 2.3414 2.6466 2.4603 2.7557 2.4325 2.8052 2.9589 2.4889 2.6906 3.1270 2.9708 2.2642 2.7179 2.8573 2.1315 3.7600 2.5723 2.9470 3.0856 3.0202 2.8257 3.1849 3.5762 2.6727 3.0202 3.0202 2.8466 3.0722 2.6296 3.3809 3.0992 3.2463 2.8154 3.0722 3.0722 2.9124 2.8573 2.5803 2.7461 2.9238 2.5644 2.5883 2.4745 2.3353 2.5488 2.6906 2.7851 3.1701 2.8361 2.7179 2.7851 3.3631 3.1849 2.7851 2.8361 3.2622 3.0459 2.7366 2.8361 2.9011 3.1270 2.5335 2.7557 3.4173 2.8361 2.4257 3.3989 3.5343 2.4962 3.7114 3.4550 3.0202 2.7654 3.4940 2.7951 3.3809 3.3631 3.1701 2.8466 3.1270 3.1555 2.6639 2.5964 3.4550 2.9470 2.3050 2.5335 2.1515 2.0110 2.4463 2.6466 2.7752 2.3924 2.4463 2.7557 2.6129 2.4190 2.2699 2.5644 2.3050 1.7284 1.7348 1.6310 1.5750 1.8087 1.5325 1.6968 1.5535 1.9727 1.6604 1.7093 2.2642 2.2873 2.3414 1.9938 2.2585 2.1364 2.1928 2.5335 1.5832 2.4394 2.1022 2.6639 2.2814 2.4533 2.5184 2.2250 2.2642 2.2814 3.0589 2.8466 3.1270 2.6816 2.4122 2.2699 2.2472 2.2305 2.1928 2.1875 2.1719 2.4889 2.6466 2.4889 2.5259 2.2305 2.1823 2.6296 2.2873 2.5644 2.1667 2.1414 2.4394 2.4394 2.8790 2.9470 2.6639 2.9952 2.4463 2.4056 2.9011 2.3291 2.2416 2.3291 3.0330 2.9470 0.7482 1.7284 1.6397 0.8522 0.8422 0.7482 0.7940 0.9331 1.0616 0.8497 0.8011 0.7987 0.5496 0.5660 0.0000 0.7527 0.5326 0.5442 0.7777 0.6971 0.5679 0.8202 0.9035 0.6751
285 2.8052 3.7600 3.2784 3.2622 3.4173 3.0856 3.7114 3.0992 3.0722 2.7366 3.0076 3.3456 3.7851 2.8790 3.1555 2.5411 3.2151 3.2151 3.3631 3.0992 2.7851 3.0076 3.0992 2.6996 2.9708 2.3353 2.9124 2.7752 2.8257 2.4603 3.0459 2.8790 3.3284 3.3114 3.5343 2.6816 3.0992 2.9952 3.0589 3.1555 3.0722 2.8257 3.0330 2.8573 2.9589 3.0202 2.7179 2.6466 2.5883 2.5566 2.7851 2.3353 2.5566 2.7179 2.1119 2.1875 2.5723 2.2305 2.4122 2.0067 2.5184 2.6466 2.7179 3.4550 3.3809 3.0076 2.8790 3.0589 3.3284 2.3414 2.2088 2.5803 2.4463 2.7179 2.9238 2.9952 2.5259 2.3990 2.5723 3.7114 3.8905 2.7951 2.5803 2.7087 2.7366 2.6296 3.4173 4.1632 3.6196 3.4743 2.2642 2.3109 2.7461 2.1070 2.1928 2.3730 2.5411 2.1981 2.9124 1.9439 2.1070 2.8052 3.1701 2.5259 2.7851 2.7179 2.5803 2.2528 2.2196 2.4745 2.3050 2.9952 2.1070 2.8154 2.2472 2.7654 2.1022 2.3414 2.3794 2.3291 2.9470 2.6727 3.3631 3.0202 2.5644 3.1849 2.4962 2.7272 2.8257 2.7752 3.1555 2.8790 3.7355 3.3989 3.1270 2.7272 2.9238 3.3631 3.1130 2.9589 3.2306 2.9952 3.5551 3.0202 2.7461 2.6727 3.2784 3.3114 3.1130 3.0330 2.7654 3.2622 3.4360 2.7752 3.5140 3.5762 2.6296 3.0856 2.8573 3.6196 3.1270 3.1701 3.4743 2.6996 2.8257 2.9011 2.9589 2.8790 2.5964 2.6639 2.4962 2.8790 3.5762 2.2931 2.7366 3.1849 2.7179 2.6639 3.5343 3.8107 8.1141 2.7557 2.8573 4.1301 3.7851 3.9755 3.7600 3.0202 3.1130 4.1970 2.6466 2.2416 2.7366 2.4056 2.8361 3.3456 3.4360 2.6996 2.3539 3.7851 2.7654 2.4463 2.4889 3.4173 2.5723 1.6999 2.0739 1.9082 1.8776 2.0110 1.6574 1.7125 1.6845 2.5964 1.7031 1.8299 2.5964 2.9238 2.9589 2.7179 2.5644 2.4325 3.1849 2.6129 1.6604 2.4394 2.9708 2.5644 2.2034 2.5411 2.1823 2.2528 2.6996 2.4190 3.2463 3.3809 3.8633 3.0076 2.5803 2.7851 2.4603 2.1364 2.6296 2.3353 2.9124 2.8573 2.6381 2.9470 3.0856 2.4816 2.4325 2.9589 2.9011 3.1412 2.5488 2.4889 2.3666 2.7654 2.5644 3.5140 2.8361 2.9708 2.5803 2.6129 2.9011 2.5109 2.8361 2.5488 4.3032 2.9830 0.9358 2.1719 2.0067 1.0678 1.1314 0.9893 0.9358 1.1746 1.3281 1.0338 0.9922 0.9864 0.6466 0.5389 0.7527 0.0000 0.6337 0.6527 0.9664 0.7504 0.6016 0.9142 1.2255 0.8397
286 3.0856 2.7461 2.5109 2.4257 2.7272 2.7851 3.2948 2.8052 3.3809 2.7654 2.7851 2.9952 3.7355 2.9708 2.7366 2.6296 3.0992 2.6129 2.5723 2.6552 3.1270 3.0722 2.6381 2.6552 2.6552 2.5566 2.5883 2.6996 3.0722 2.5488 2.6381 2.4889 2.5035 2.8466 2.9238 2.5964 2.4325 2.6727 2.8052 2.7851 2.3794 2.6129 2.8154 2.5035 2.4816 2.7366 2.9238 1.9200 2.1315 2.0601 2.1616 2.2642 2.1981 2.0374 2.1364 2.1414 2.7461 2.6046 2.9011 2.7366 2.4745 2.5644 2.5035 3.3456 2.8900 3.6196 2.8466 2.7557 2.7557 2.1119 2.2814 2.2250 2.6046 2.3859 2.4603 2.4889 2.8361 2.6381 3.3809 3.3989 6.5129 3.5762 4.4172 3.9183 3.6196 4.2315 3.9466 4.2669 3.5762 3.6878 2.1719 2.3414 2.1414 2.1167 2.4056 2.1616 2.3477 2.3050 2.3109 2.8573 2.0374 2.7087 2.3859 2.4889 2.2528 2.2642 2.4056 2.3353 2.4463 2.3414 3.0076 2.3794 2.5184 2.6639 2.6381 2.4056 2.2585 2.4533 2.3477 2.2699 3.2622 2.4463 3.0722 2.9011 3.5140 2.8466 2.8154 2.9470 2.8154 2.5184 2.9708 2.9238 2.8361 2.8361 2.3924 2.8257 3.2151 3.1849 2.9952 2.9354 2.9124 2.7272 2.9708 2.7951 2.7366 3.0722 2.6046 2.7366 2.8573 2.7366 2.9470 3.0722 3.0992 2.9354 2.7179 2.8681 2.6129 2.7461 2.9470 3.8367 3.0459 2.5184 2.9238 2.5184 2.8154 2.6381 2.6816 2.6816 3.2151 2.7557 2.3794 3.0589 2.6639 2.4122 4.6721 4.4980 4.5399 2.6466 3.1701 4.2669 5.1372 2.8154 2.6639 2.9124 3.6196 3.4360 2.5803 3.2463 3.0856 2.9470 2.3414 2.1070 1.9685 2.1823 2.5035 2.7366 2.7557 2.0647 2.1315 2.3539 2.2472 2.0023 1.8516 2.4889 2.0739 1.7610 1.8814 1.7610 1.6876 1.9279 1.6724 1.8087 1.6310 2.3291 1.7845 1.7610 2.1515 2.4463 2.5184 2.3414 2.4190 2.4190 2.4745 2.5035 1.7478 2.2699 2.1928 2.6727 2.3924 2.4257 2.3230 2.1515 2.0786 2.0833 2.5964 2.9124 2.9011 2.6129 2.2250 2.1216 2.2931 2.2361 2.2642 2.2472 2.4463 2.3924 2.4056 2.4056 2.6466 2.1515 2.0786 2.7752 2.5184 2.5803 2.3794 2.3414 2.1823 2.4463 2.7366 2.9238 2.7752 2.5035 2.3924 2.3170 2.2814 2.2034 2.1823 2.3291 3.1555 2.6296 0.7437 1.6604 1.7880 0.8324 0.8775 0.6939 0.7777 0.9524 1.0918 0.8878 0.7549 0.7617 0.4415 0.4295 0.5326 0.6337 0.0000 0.3884 0.7893 0.4919 0.3763 0.7349 0.9413 0.6731
287 2.6046 3.5343 2.8154 2.7461 2.3794 3.0856 3.3284 2.8361 2.7851 2.5883 3.1701 3.1270 3.7114 3.5343 3.3809 2.9830 2.7366 3.3809 2.9830 2.7557 2.3414 3.1130 2.5335 2.6639 2.8466 2.6466 2.6639 2.7179 2.7179 3.0722 2.5035 2.5803 2.5644 2.7461 3.0856 2.6046 2.6296 2.8573 2.7951 2.7272 2.8573 3.0459 2.6381 2.6129 2.5035 2.7752 2.6381 2.1875 2.6212 2.1167 2.0067 2.0833 2.5566 2.1875 3.0330 2.6996 2.6639 2.6552 3.2622 2.3666 2.5723 2.7557 2.6996 2.7654 2.7461 2.3539 2.5803 2.7951 2.4257 2.1616 2.1515 2.5566 2.7366 2.2361 2.2699 2.7179 2.4745 2.3353 3.3809 5.0798 4.4172 3.3631 3.2151 3.5551 3.0459 4.7661 3.1849 3.2463 3.5343 3.0459 2.5566 2.1022 2.1565 2.3414 2.0555 2.0110 2.1265 2.1515 2.6727 2.4190 2.3859 2.7087 2.5335 2.4190 2.4816 2.2814 2.6816 2.4056 2.5803 2.2931 3.0722 2.7272 2.6296 2.5964 2.9238 2.5184 2.4962 2.7179 2.5184 2.2699 3.0992 2.4889 3.1130 3.1130 2.9470 2.6816 2.7366 2.8154 2.7654 2.4745 2.4816 2.8790 2.7951 3.5977 2.9470 3.0459 3.1701 3.0722 3.1555 3.2622 2.9708 2.3539 2.9470 3.5343 2.9011 2.7087 2.6296 2.6129 2.7179 2.7366 2.7752 3.0076 3.2463 3.2948 2.7179 2.9470 3.0722 3.0589 3.0076 3.3989 2.7179 2.7851 2.5411 2.9238 2.8573 2.9011 2.4056 2.7951 2.7366 2.6466 2.5488 3.3114 2.9238 2.8466 3.6196 4.7661 3.3989 2.8573 3.1270 3.5977 4.3032 2.7179 3.5140 2.2873 3.5140 2.8466 2.5803 2.9011 3.2151 2.8790 2.4190 2.5488 2.3794 2.0833 2.3666 2.3666 2.7752 2.4056 2.5184 2.6466 2.4962 2.5035 2.2585 2.4889 2.3602 1.6310 1.8299 1.9603 1.8087 1.7156 1.7156 1.8157 1.6574 2.4463 1.8087 1.7880 2.4394 2.5335 2.7179 2.5488 2.3924 2.3794 2.4603 2.2699 1.6968 2.5335 2.3291 2.2585 2.4816 2.7557 2.3602 2.4056 2.1823 2.2699 2.7557 3.0722 3.1849 2.5335 2.3050 2.0197 2.2585 2.1719 2.2142 2.2305 2.4056 2.3291 2.3794 2.4745 2.7366 2.3924 2.2142 2.6639 2.7366 2.7366 2.4745 2.3050 2.2142 2.6296 2.8573 2.9952 2.7951 2.3924 2.6046 2.1515 2.3794 2.2585 2.6212 2.1364 3.2151 2.5803 0.7349 1.6485 1.7284 0.8397 0.8698 0.7066 0.8082 0.9749 1.1230 0.8373 0.8034 0.7217 0.4391 0.4375 0.5442 0.6527 0.3884 0.0000 0.7893 0.6307 0.3907 0.7572 0.9636 0.6628
288 2.7366 2.6727 2.9830 2.6212 2.9238 2.5803 3.3809 3.1270 4.3032 2.8681 2.9952 4.1970 4.4571 3.5977 3.9755 4.5829 3.7355 3.3456 3.0459 3.6196 3.1130 3.3631 3.0992 2.7557 2.8573 2.7851 2.7272 2.9952 2.7366 3.2784 2.5803 3.2463 3.1849 2.6046 2.8790 3.4360 2.6296 2.9011 2.8900 3.0992 2.6727 2.5803 2.5566 2.8154 2.7179 2.6381 2.4889 4.4571 2.7179 3.7851 3.9183 3.6196 2.4122 3.3456 2.8361 3.4173 3.2463 2.9470 2.7851 2.7272 2.3230 2.4816 2.8154 3.0992 2.5109 2.9952 2.5488 3.1849 2.5566 2.2699 2.1414 2.3050 2.4325 2.1515 2.3730 2.4394 2.2585 2.4673 3.6419 2.7366 3.4360 2.8681 2.7272 3.5140 3.0459 3.4743 2.8681 3.2306 2.9354 4.0662 2.1719 2.1022 2.2250 1.9603 2.1216 2.1515 2.0110 2.2814 2.2814 2.5109 2.3230 2.6381 2.3414 2.5335 2.2642 2.1875 2.1875 2.2699 2.1928 2.0833 2.7366 2.4889 2.3353 2.2699 2.6996 2.5566 2.1719 2.0374 2.4962 1.7610 2.9124 2.8573 3.1701 3.4173 3.1412 3.3114 3.4550 3.3114 2.7654 3.4743 3.2306 2.9830 2.8361 3.5343 4.5829 5.1372 3.1270 3.3114 3.9183 3.8107 3.3456 2.5644 2.9011 2.5644 2.8790 3.5343 2.8790 2.9011 2.9708 3.6646 3.3114 3.1999 2.7752 2.5184 2.4889 2.2931 3.2784 3.2306 2.6727 2.9354 2.5964 3.7600 2.9470 2.7366 2.6129 3.0459 2.7557 2.4056 2.3414 2.4603 2.7366 2.6816 2.7179 2.5184 3.1849 2.9238 2.4394 2.6129 2.8790 4.4571 4.4571 2.5644 2.8361 3.0722 2.5883 3.6646 2.3924 2.9470 2.5488 2.5035 2.6296 2.3050 2.1022 2.2142 2.4190 2.6996 2.1616 2.2699 2.2585 2.7179 2.3170 2.0464 2.1167 2.5259 2.4603 1.7610 1.6999 1.8192 1.5455 1.4868 1.7544 1.5750 1.5482 2.5184 1.8192 1.9121 2.5035 2.7951 2.4889 2.2814 2.4190 2.6466 3.0459 2.5184 1.7710 2.1364 2.2931 2.2585 2.1315 2.3924 2.0110 2.3539 2.4056 2.0464 2.8361 3.2622 3.2784 2.8790 2.4745 2.4056 2.2931 2.2250 2.4190 2.1771 2.3050 2.4190 2.7951 2.4889 2.4394 2.2585 2.0833 2.4257 2.4325 2.5488 2.3291 2.2250 2.0647 2.8361 2.4745 2.5803 2.4745 2.8573 2.4190 2.2142 2.6816 2.1667 2.4190 2.2472 3.7600 3.3809 0.7617 1.5018 1.6167 0.6772 0.8348 0.7527 0.7987 0.8472 1.1131 0.6939 0.7858 0.7870 0.7847 0.9102 0.7777 0.9664 0.7893 0.7893 0.0000 0.9062 0.7482 0.7217 0.8647 0.9249
289 2.7179 2.7179 2.7366 2.5883 3.3284 3.0330 3.1999 2.7557 2.9470 2.5723 2.7366 3.2151 3.3456 2.6816 2.6906 2.6727 2.5335 2.6996 2.6129 2.6727 2.5411 2.9011 2.5803 2.6816 2.4816 2.4394 2.2814 2.2699 2.8257 2.5883 2.5259 2.9238 2.8154 2.9470 2.6816 2.7851 2.6996 2.4673 2.2034 2.9470 2.3730 2.6639 2.8573 2.7951 2.7851 2.8466 3.0992 1.7643 2.5566 2.3414 1.8852 1.9603 2.4533 2.6296 2.9589 2.1167 2.7851 2.7951 2.8052 2.3990 2.5184 2.7461 2.8790 3.9183 3.2784 3.0856 2.8900 2.5723 2.6996 2.0927 2.2142 2.2814 2.4533 2.3602 2.6296 2.8900 2.5488 2.4533 2.3230 3.3809 2.9589 2.9708 2.9238 2.6639 2.7851 3.6646 2.5259 2.6639 2.4463 3.4940 2.2931 2.4394 2.4463 2.4603 2.3050 2.1771 2.5644 2.2034 2.5964 2.2699 2.3730 2.6381 2.4889 2.3414 2.3170 2.2931 2.2142 2.0833 2.5566 2.4463 3.7600 2.4603 2.5335 2.6727 3.4550 2.6046 2.1022 2.4603 2.4463 2.3050 3.7600 2.6996 3.2948 3.1555 3.1270 2.8790 3.0076 3.2622 2.6816 2.7951 2.6996 3.0330 2.9830 3.4360 3.0459 2.9830 3.3456 3.2784 3.4173 3.0330 2.8573 2.7951 2.4889 2.7951 2.2642 2.4533 2.3109 2.3050 2.7272 2.5184 2.3730 2.2196 3.2463 2.6466 3.4550 2.9354 2.3794 2.3291 2.9952 2.8790 2.7752 3.0992 2.5411 2.4463 2.4463 2.6466 2.6466 2.4603 2.9011 2.3924 2.3666 2.6996 2.5488 2.5964 3.2948 2.8900 2.6129 2.2642 2.8900 3.8107 3.6196 2.7951 2.6816 2.6046 3.3284 2.8790 2.5644 2.6906 2.5723 2.4962 2.1719 2.0555 1.8516 2.0023 2.5035 2.3539 2.8361 2.3230 2.1823 2.4325 2.6129 2.2034 2.1364 2.4533 2.2990 1.7220 1.7252 1.9279 1.8664 1.9521 1.7677 1.7316 1.7478 2.1464 1.6339 1.8052 2.0464 2.3794 2.2585 2.1216 2.3230 2.1414 2.2699 2.4533 1.8814 2.1464 2.0927 2.7752 2.0975 2.3291 2.1515 2.0786 1.9359 2.0110 2.6466 2.3414 2.4533 2.4190 2.3990 2.0110 2.0927 2.0110 2.0555 2.0786 2.5644 2.5644 2.5184 2.4889 2.4745 2.2250 2.0023 2.6639 2.2931 2.5335 2.1928 2.0419 2.0647 2.1771 2.5109 2.6906 2.7557 2.4056 2.3924 1.9811 2.1823 1.9938 2.2873 1.9439 2.6639 2.4745 0.8373 1.7983 1.8627 0.9936 0.9385 0.8622 0.8597 1.1065 1.2144 0.9524 0.9035 0.9249 0.6258 0.6547 0.6971 0.7504 0.4919 0.6307 0.9062 0.0000 0.6436 0.9102 1.0039 0.7731
290 3.1701 2.7951 2.5259 2.9708 2.7272 2.7851 3.3631 2.6296 3.0076 2.4889 2.3924 4.3403 3.0076 3.2463 3.0992 2.8790 2.7461 2.6996 2.6046 2.6212 2.9011 2.8361 2.8154 2.4889 2.5723 2.5035 2.6129 2.4190 2.5335 2.9238 2.8466 2.7087 2.4190 3.0330 2.9238 2.6129 2.6296 3.0459 2.9470 2.8790 2.8361 2.7272 2.4816 2.8257 2.9589 3.0722 2.8052 3.5551 3.0992 3.8107 3.1999 2.1928 2.8361 2.5035 2.7654 3.0202 2.7557 2.7557 3.4550 3.1270 2.4889 2.4603 2.7179 3.5343 2.7951 2.6639 3.1849 2.5964 2.8257 2.1823 2.0833 2.4190 2.4056 2.5335 2.1875 2.7654 2.6212 2.3859 3.5977 5.0798 4.2315 3.5140 3.2151 3.2151 3.8905 4.0051 4.3783 4.1301 3.6646 3.5140 2.1515 2.3730 2.4190 2.0285 2.2250 2.1216 2.3170 2.1616 2.3291 2.4816 2.1364 2.8790 2.4463 2.5035 2.4122 2.5566 2.6639 2.2034 2.3414 2.3291 3.4940 2.8052 2.7752 2.4394 2.9952 2.6996 2.3666 2.6639 2.4463 2.1823 2.8900 2.7179 2.7179 2.7752 3.0330 2.8466 2.5644 3.2151 2.9011 2.8466 3.1555 2.6212 3.1412 2.9354 3.0722 2.8154 3.2463 3.0992 2.9470 2.9952 2.9011 2.4533 3.1555 2.9470 2.5644 2.8154 2.6552 2.5488 2.8257 2.5109 2.7179 2.6381 3.1270 2.9470 3.0722 3.1849 3.0722 2.8790 2.8257 3.1130 3.7355 2.6639 2.5335 2.5883 2.5964 2.8154 2.8573 2.6212 2.6296 2.7461 2.5566 3.6646 2.9470 2.4533 4.2669 4.1632 3.4940 2.6639 3.7114 4.7661 3.4550 3.2622 4.0978 2.4190 3.0076 3.1270 2.8361 2.7366 2.5035 3.2622 2.5109 2.0739 2.1515 2.1315 2.4889 2.7087 2.7179 2.2814 2.5803 2.8573 2.4190 2.3924 2.2034 2.5184 2.3291 1.7156 2.0739 1.8516 1.8299 1.9769 1.7610 1.7348 1.6138 2.2142 1.7610 1.7156 2.1928 2.4257 2.4745 2.2931 2.3170 2.1119 2.5335 2.3050 1.7811 2.1216 2.1216 2.4889 2.4745 2.4056 2.3109 2.1315 2.2416 2.2814 2.6466 2.5411 3.1999 2.4056 2.2250 2.4533 2.6466 2.3414 2.2472 2.5184 2.3291 2.5184 2.4325 2.5488 2.7366 2.2642 2.0110 2.3109 2.3602 2.6639 2.2250 2.1719 2.3170 2.7557 2.9011 2.9470 2.7179 2.5335 2.4325 2.2305 2.4463 2.1928 2.3666 2.1119 3.4550 2.7557 0.7527 1.6724 1.6026 0.8154 0.8698 0.7174 0.8178 0.9922 1.0338 0.7572 0.7754 0.8154 0.2763 0.4618 0.5679 0.6016 0.3763 0.3907 0.7482 0.6436 0.0000 0.6981 0.8996 0.6248
291 3.5343 2.5644 3.4173 2.9589 3.0202 2.6727 2.9011 2.4603 3.0992 2.9238 3.0722 3.8107 3.0459 2.6639 3.3809 2.9470 3.1270 3.6878 2.7179 3.3114 2.7752 3.6419 2.8681 2.9124 3.2948 2.8257 2.9589 3.1130 2.9238 3.0992 2.8573 2.9238 2.7851 3.2622 3.3989 2.9589 3.1270 2.7272 3.2306 2.8681 3.0722 3.3114 3.0459 2.9830 2.6296 3.1849 2.5803 2.8681 2.7654 3.0202 3.5977 2.7557 4.1301 2.1667 3.0992 3.3989 2.3859 2.7752 2.8900 2.7752 3.0722 2.4745 3.1270 2.6996 2.7557 2.5184 2.7951 2.6129 2.7752 2.2472 2.2305 2.4673 2.4394 2.6212 2.5259 2.5803 2.7179 2.6552 4.0353 3.1999 4.6269 3.8367 3.5343 3.7114 3.6196 3.4173 3.0202 3.7355 3.4550 5.3835 2.5488 2.3050 2.1119 1.9769 2.6639 2.3539 2.1928 2.3353 2.5035 2.8573 2.1823 2.9238 2.6046 2.9470 2.4190 2.4394 2.7752 2.2142 2.7179 2.3230 3.9755 3.0992 2.6996 2.6046 3.0589 2.7179 2.5644 2.4745 2.3414 1.9685 2.4257 2.6296 2.6727 2.9124 2.8573 3.1849 2.6129 2.9238 2.6639 2.9011 2.5184 2.7951 2.8790 2.9011 2.8573 2.9952 2.7272 2.9830 3.0202 3.3284 2.7461 2.7557 3.1849 2.9011 3.0722 2.8052 3.2463 2.9238 3.6196 3.3114 2.9238 2.9952 3.4940 3.3456 3.3809 2.8790 3.2151 3.1849 2.6296 3.4360 3.6646 3.1270 3.2463 2.8790 3.3809 3.1270 3.0459 2.7461 3.4940 3.0076 2.8790 2.9470 3.1270 2.6816 3.7114 3.5977 1.8664 3.0459 2.9470 3.2463 4.6269 2.6639 2.8790 3.3989 3.1555 3.1130 2.8154 3.1270 3.0722 3.2151 2.4463 2.1928 2.4325 2.0464 2.4463 2.7752 2.6816 2.3990 2.6296 2.3414 2.4190 2.0927 2.2873 2.1928 2.1719 1.8664 1.8157 1.6845 1.6999 1.8516 1.7220 1.5669 1.4386 2.0197 1.6999 1.6485 2.1823 2.1719 2.3291 2.1414 2.6639 2.2814 2.5566 2.1315 1.7948 2.1414 2.1981 2.1315 2.2142 2.3109 2.3539 2.3666 2.1928 2.4056 2.7366 2.7557 3.9183 3.5551 2.3170 2.4889 2.4962 2.3050 2.1022 2.5411 2.5644 2.3924 2.5184 2.4889 2.8154 2.4257 2.4962 3.0202 2.4603 2.3794 2.5335 2.7752 2.4463 2.5566 2.6816 2.2814 2.4745 2.6466 2.3050 2.1515 2.6129 2.2250 2.5964 2.0927 2.7557 2.7951 0.6897 1.6026 1.4433 0.8472 0.9608 0.6567 0.5533 0.9951 1.0710 0.8397 0.4006 0.7504 0.7024 0.7731 0.8202 0.9142 0.7349 0.7572 0.7217 0.9102 0.6981 0.0000 0.9721 0.8647
292 2.3050 2.4463 2.3353 2.8573 2.4745 3.1701 2.9124 2.7752 2.8900 3.2306 3.0076 3.1412 3.0856 2.6552 3.0992 3.3114 2.5335 2.9952 3.3114 2.7461 2.4889 3.2306 2.6129 2.9952 2.5803 2.6906 2.6996 2.8154 2.4816 3.4173 2.6381 2.8790 2.8154 3.1412 2.8052 2.7087 2.9011 2.6727 2.7366 2.7654 2.8681 2.7557 2.3353 2.7461 2.5411 2.9124 2.2814 2.5723 2.9124 2.1981 2.1315 2.4122 2.8900 2.7951 2.4745 2.5566 3.0202 2.7087 2.4962 2.8154 2.3477 2.3859 2.9124 2.4889 2.8900 2.8154 3.1999 2.6129 2.7272 2.5411 2.2931 2.2931 2.3859 2.3990 2.4190 2.2931 2.2305 2.3109 2.6996 3.3456 3.1849 2.6129 2.8466 3.2948 2.6906 3.9466 3.0992 6.3208 2.9238 3.3114 2.3170 2.4463 2.2585 2.0285 2.1823 2.1515 2.1928 2.5335 2.4745 2.6381 2.7179 2.6727 2.2756 2.6639 2.6639 2.2814 2.6466 2.1414 2.8790 2.1823 3.2151 2.9952 2.8154 2.7179 3.0459 2.6129 2.3050 2.6129 2.5035 2.1414 2.7951 2.6129 3.0589 2.5488 2.3539 2.7272 2.9470 2.8681 3.0330 2.5803 2.4816 2.6639 2.6996 2.7951 2.8573 2.7087 3.2463 2.7087 2.8681 2.8790 3.0722 2.6816 2.5411 2.9238 2.5644 2.7179 3.0722 2.9354 3.0076 3.2784 2.8900 2.8361 3.3114 2.8052 2.6046 2.4056 3.2463 3.4173 2.3170 3.1555 2.7557 2.5644 2.3291 2.1928 3.0722 2.5964 3.3809 2.1771 2.6296 2.4325 2.6906 2.5723 2.6129 2.6381 2.7951 3.3114 2.2642 2.4056 2.4745 3.9466 3.5140 2.7179 2.5184 3.2151 2.9708 2.9830 2.7461 3.5343 2.9589 3.6196 2.4889 2.3353 2.2250 2.2034 2.3170 2.7851 2.4816 2.6296 2.4190 2.2361 3.0589 2.2931 2.7366 2.4257 2.3414 1.8443 1.9769 2.1119 2.0110 2.0285 1.7948 1.7478 1.7445 2.4889 1.9938 1.8590 2.3109 2.5035 2.6552 2.4816 2.4745 2.5644 2.6129 2.6816 1.9727 2.0110 2.1070 2.3794 2.2472 2.3794 1.8701 2.0023 2.0023 1.9603 2.8790 2.8681 3.5762 2.8573 2.6996 2.6639 2.5109 2.1928 2.6552 2.1616 2.4889 2.9011 2.7951 2.6639 2.6046 2.2990 2.1515 2.7752 2.3291 2.5035 2.1823 2.2142 2.4190 2.7366 2.6129 2.4889 2.5035 2.2585 2.4463 2.4257 2.5259 2.4122 2.3050 2.2472 3.4550 3.0459 0.8878 1.5887 1.4386 0.9303 0.8698 0.9413 0.9524 0.4423 0.8250 0.7527 1.0869 0.9749 0.8904 0.9454 0.9035 1.2255 0.9413 0.9636 0.8647 1.0039 0.8996 0.9721 0.0000 0.9922
293 2.6906 3.1999 2.5411 2.4257 2.7951 3.2463 3.5343 2.8790 3.2622 2.7951 2.7366 2.6129 2.9011 2.8154 2.5335 2.4122 2.3291 2.5964 2.5566 2.7179 2.3990 3.0992 2.7366 2.4533 2.5259 2.5566 3.0722 2.3794 2.5723 2.7179 2.5883 2.8900 2.5335 2.7557 3.0992 2.9011 2.7654 2.4257 3.0202 2.7366 2.7851 2.6639 2.6296 2.6129 2.7366 2.7461 2.6466 2.3859 2.8466 2.7272 2.1515 2.4889 2.5335 2.4962 2.4962 2.4325 2.4190 2.3924 2.8681 2.7087 2.7366 2.6129 2.5803 2.8790 2.6639 2.7752 3.0076 2.4889 3.0459 2.2472 2.0197 2.3414 2.3602 2.2699 2.3050 2.6129 2.5035 2.7366 3.2784 3.5343 2.6129 3.3114 3.0722 3.0722 3.1270 3.1270 3.3809 2.7951 2.7752 4.0353 2.1315 2.7272 2.4394 2.2250 2.4745 2.2250 2.4533 2.1616 2.3414 2.3414 2.3859 2.5488 2.4056 2.6296 2.5109 2.3730 3.0722 2.5109 2.5411 2.4190 2.9830 2.5566 2.4056 2.5335 2.9124 2.3924 2.2142 2.4816 2.3050 2.2142 2.9354 2.5335 2.7851 2.8900 2.6552 2.9011 2.6639 3.3631 2.6906 2.8573 2.6639 2.7951 2.8361 3.2151 3.4173 3.1270 2.8361 2.9238 3.0992 2.8573 2.6212 2.6906 2.5184 2.8052 2.6046 2.9589 2.4745 2.5644 2.2990 2.4394 2.3924 2.5035 3.0992 3.1701 2.7461 2.4533 2.5964 2.4394 2.9011 3.0589 3.6646 2.6996 2.5335 2.5035 3.0459 2.5964 2.6129 2.4889 2.6381 2.3924 2.5259 3.4173 3.6646 3.2948 3.7114 3.4743 2.3170 3.0992 2.8154 4.3032 3.1849 2.9470 3.4550 3.0202 2.9470 2.7851 2.6129 2.7654 2.7752 2.8573 2.2756 2.1616 1.9685 1.9853 1.8371 2.3353 2.3730 2.2361 2.2196 2.4056 2.1515 2.2585 2.3539 2.0197 2.2756 1.8443 1.8814 1.6253 1.6754 1.9044 1.5535 1.5377 1.5696 2.3291 1.8228 1.5588 2.2931 2.5259 2.4603 2.3539 2.2585 2.5723 2.3414 2.6466 1.5377 2.2931 2.2034 2.1719 2.3050 2.3924 2.5644 2.4889 2.2990 2.2034 3.0722 2.8257 3.3631 2.9124 2.4056 2.5035 2.3539 2.0555 2.1616 2.1928 2.3291 2.1823 2.5566 2.2472 2.5335 2.1216 2.0601 2.5335 2.3170 2.3924 1.9044 1.9439 2.2699 2.8361 2.9708 2.6727 2.7461 2.6296 2.2585 2.8900 2.4463 2.5883 2.2142 2.3794 2.9011 2.5411 0.8275 1.5535 1.4868 0.9440 0.9806 0.9721 0.9303 1.0277 0.9893 0.8775 0.9538 0.9263 0.6268 0.7228 0.6751 0.8397 0.6731 0.6628 0.9249 0.7731 0.6248 0.8647 0.9922 0.0000
