248
0 0.0000 1.5535 1.0068 1.3534 1.7220 1.8966 1.9685 1.6339 1.8017 1.7031 1.7610 1.7413 1.6907 2.0197 2.0285 1.7811 1.8701 1.8052 2.2585 1.8890 2.1216 1.3577 1.4293 1.7031 2.7752 3.1270 2.6639 2.0285 2.7752 2.7557 2.7951 2.9011 2.9238 2.5644 2.6296 2.2814 2.8361 2.8790 2.7272 2.8361 2.7461 3.1270 3.1555 2.4603 2.7951 2.3539 2.9124 2.1771 2.0197 2.0693 2.4190 2.4190 2.0153 2.2142 2.6996 1.9853 2.7951 2.4533 2.2142 1.8590 3.5977 2.1414 3.0589 2.8257 3.3809 2.6296 2.8361 3.4940 2.6552 2.4889 2.6466 215.8902 1.8590 3.4173 1.9895 2.1315 2.2814 2.9470 2.7557 2.6639 2.4603 1.6724 2.5723 2.8466 2.4463 3.4173 2.9011 2.8361 3.1270 2.5964 2.6129 2.7366 2.4745 2.3050 2.4122 2.6466 2.4463 2.3050 2.3859 2.7087 2.7557 2.4190 215.8902 2.8790 2.1119 2.3414 2.2472 2.6129 215.8902 2.4257 2.0555 2.0464 2.4962 215.8902 2.2142 2.0464 2.4056 2.3414 215.8902 215.8902 2.6996 3.3989 1.4721 2.6296 2.9011 2.7654 2.5411 2.5488 2.4673 2.0067 2.9124 2.6296 2.5488 2.4122 2.5644 2.2361 2.5883 1.7156 1.9811 2.5803 2.3794 2.9952 2.9708 2.7272 2.8154 2.9952 2.4257 3.1130 2.6212 2.6996 3.2151 2.5259 2.9124 2.7557 2.6129 3.0856 2.8573 3.0992 3.6196 2.9708 2.8681 3.3456 3.3114 3.1270 3.1270 3.1849 3.0459 2.8573 2.9011 2.8790 2.8361 3.6196 2.9952 3.0856 3.2306 2.2416 2.1928 2.4889 2.2931 2.3924 5.8103 1.9769 2.6996 2.6552 2.4463 2.5035 215.8902 2.8154 2.6296 3.5977 2.8361 3.4743 2.2931 4.7185 2.8361 2.0374 1.8590 2.6129 2.6129 2.9470 2.1315 3.2463 2.1719 3.5762 3.6646 3.0202 2.5964 2.3539 2.2699 2.7179 2.7366 2.5035 3.1849 2.6466 2.7654 2.8361 2.2142 2.7461 2.5259 2.3539 2.2142 2.8790 2.3291 3.1270 3.4360 2.3602 3.5343 3.6646 2.8681 2.8052 2.7851 3.3456 2.9952 3.1270 3.1412 2.6381 2.5723 3.6646 2.5803 2.3414 2.4962 2.4056 2.1070 2.5883 2.5335 2.5109 2.4533 2.0927
1 1.5535 0.0000 1.7948 1.5221 1.7983 1.8407 1.9853 1.7220 2.0374 1.7710 1.8335 1.8087 1.7478 1.8052 2.1771 1.8017 1.9938 1.9938 2.1928 1.9200 1.9005 1.2033 1.1961 1.6485 2.8681 2.7272 3.6196 2.8052 2.7272 2.7087 3.0076 3.5140 2.9354 2.9238 2.6816 3.2306 3.0722 2.8154 2.6816 2.9238 3.1270 3.0589 3.2151 3.7851 3.2622 3.1999 3.4940 2.6212 1.7284 1.6253 1.6368 1.9319 1.5273 1.7710 1.9239 1.8590 1.5018 1.5018 1.8590 2.1315 1.7948 1.9279 3.0722 2.6816 3.2622 2.8052 2.6212 2.6996 3.0856 3.6419 2.9124 215.8902 1.8590 2.7272 2.2305 1.7744 2.1928 3.6419 2.6906 1.6724 3.2151 2.2585 2.4257 2.9470 3.0589 2.8257 2.9011 3.3114 2.9589 3.2151 2.8573 3.2948 2.4190 2.4603 3.0076 2.6639 2.3170 2.1464 2.2990 2.4190 3.0856 2.2873 2.1022 2.2034 2.5803 2.5035 2.4889 2.6381 215.8902 2.2472 2.8573 2.1414 2.8790 215.8902 1.8516 2.2196 2.1515 2.0647 215.8902 215.8902 2.8154 2.1315 2.9354 4.1632 9.7121 2.4463 2.2931 2.3050 2.4533 2.0419 2.5803 2.4603 2.0739 2.2873 2.1414 2.0601 2.3414 1.5970 2.1414 2.1022 2.2088 2.7557 2.6552 2.8052 3.0076 2.7557 2.5723 3.0330 3.0589 2.6639 3.0202 3.0202 3.2463 2.6639 3.0589 3.2463 2.7951 2.7851 2.6129 2.8681 2.7752 2.9011 3.2463 3.2151 3.1270 3.2151 2.9470 2.9589 3.0459 2.8900 2.9238 3.5140 3.3456 2.8361 2.4962 1.9200 2.1414 1.8553 2.3050 2.8573 3.1412 215.8902 2.9470 2.1771 2.3539 2.2361 2.6296 2.4190 2.5803 2.1167 2.2642 3.2622 2.2814 3.1849 1.9603 2.5883 2.5109 4.4571 2.3353 2.7179 2.9708 5.8891 2.6816 3.1701 3.0202 2.3602 2.9952 2.3666 3.0459 2.6996 2.9238 2.8466 3.0202 5.5876 3.1555 3.1270 1.8664 3.4550 3.0589 2.8790 2.3230 2.3050 2.5335 2.3794 2.4325 3.9183 3.4173 2.2699 2.3170 2.4816 2.5566 2.3170 2.9830 2.3414 3.0202 1.9399 2.0153 3.8367 1.8966 2.2305 2.5488 2.3666 2.1216 2.3291 2.5803 2.4190 1.9727 2.7179
2 1.0068 1.7948 0.0000 1.4745 1.7744 2.1216 1.7778 1.9279 1.7220 1.6310 2.1414 2.0285 1.9279 1.7880 1.8263 1.7880 1.8739 1.8407 1.7544 1.8443 2.0374 1.3620 1.5094 1.6426 3.0722 3.5977 3.5343 3.2463 4.4980 5.6597 2.2990 3.3809 2.9830 2.7179 2.8154 2.6212 3.5977 3.6196 2.9238 3.0992 2.7179 2.7752 2.7752 2.5566 2.3859 3.0722 3.1412 4.3403 2.7461 2.7366 215.8902 3.5762 2.3109 3.9755 2.6906 2.2931 3.6646 3.3456 3.2151 6.5129 7.2904 8.5927 2.3794 3.1999 2.2585 2.2361 2.0739 3.0202 2.7752 2.5411 2.6129 215.8902 2.4816 215.8902 6.2291 2.4533 3.9466 2.5883 4.7185 1.9853 2.7179 3.0722 1.7284 2.1414 2.6129 2.3050 2.1167 2.4745 2.3602 1.9769 2.3170 2.6552 2.3990 2.5109 1.9895 2.3414 2.4603 3.3631 2.9238 3.4940 2.4394 3.1130 2.3414 2.8052 2.5883 2.2990 2.5184 3.0459 215.8902 23.0509 2.6639 2.8257 2.7752 215.8902 4.1632 2.3666 3.2784 3.2784 215.8902 215.8902 3.9466 2.0927 2.7179 3.0992 3.3456 2.8900 1.7744 2.7557 2.7851 5.6597 7.1683 5.8103 5.8103 3.0330 5.9702 2.3924 4.2669 215.8902 215.8902 215.8902 87.0355 2.9589 2.7654 2.5335 2.3666 2.1823 2.3666 3.1270 2.3666 3.4940 2.7179 2.3666 2.3602 2.2642 2.6816 2.7179 2.1119 2.5335 2.6906 2.5488 2.8154 3.6646 2.3924 2.7272 4.4571 2.8257 2.8361 3.4940 2.9708 2.4673 3.3631 2.9011 2.3794 2.7179 2.9830 2.7752 3.4940 3.8107 2.2814 3.0459 3.2306 2.1119 3.4173 2.6129 5.0239 2.7557 2.4673 13.1393 4.0978 3.0589 2.4603 3.3456 9.1232 4.0051 2.9011 2.7654 3.5762 3.2622 3.5140 3.8107 20.4165 1.9279 2.8790 3.5343 3.3809 2.2642 2.8573 2.9708 5.7339 2.9011 3.6878 4.3032 3.7600 3.2463 2.6466 2.6552 2.3230 3.0722 2.9238 2.6996 2.5411 5.0239 14.9598 215.8902 2.4394 3.4173 2.9952 3.2784 2.9470 2.7752 3.0202 2.8361 2.9708 3.0459 3.2151 3.8107 2.3414 3.1701 2.7366 2.6996 3.7114 2.6639 3.0722 3.1270 3.2151 3.0459 4.2669 2.5335
3 1.3534 1.5221 1.4745 0.0000 1.4270 1.8443 1.8335 1.4109 1.5588 1.7544 1.3449 1.8443 1.7093 1.8664 2.0464 1.9769 1.6784 1.7413 1.8228 1.6663 1.7880 1.2218 1.3491 1.5377 2.7752 2.7557 2.4325 2.4325 2.3730 2.8052 2.6816 2.4257 2.2642 2.5411 2.2088 2.4745 3.0202 2.9952 2.4463 2.7087 2.4190 3.3456 3.2151 2.7179 3.2622 2.6816 2.9238 2.2585 2.6381 2.4056 2.5411 2.4394 2.4394 2.4190 2.5803 2.0464 2.9238 3.2151 2.4463 2.7951 2.7557 1.8335 2.6906 3.2151 2.9830 2.6381 3.3989 2.9470 3.1270 2.9124 2.6906 215.8902 2.4056 2.6816 2.4056 2.3924 2.3170 3.1412 2.5803 2.2699 2.5184 2.4056 2.8466 3.3114 2.7179 2.4533 2.9589 2.6816 2.6296 3.1849 2.7179 2.6129 2.2873 2.4056 1.8553 2.3353 2.4745 2.2142 2.2088 2.0693 4.2315 2.7752 2.3291 2.5723 2.0241 3.0722 2.3924 2.5259 1.1032 1.7610 2.6466 2.9470 1.8890 4.3403 2.2528 2.0739 2.2142 1.8122 1.0247 215.8902 2.6816 5.0798 2.0153 2.3539 2.4889 2.5566 2.3230 3.1130 1.8407 2.3666 2.8154 2.3353 2.6046 2.2416 2.5184 2.6129 2.7951 2.4889 2.2814 2.6466 2.2699 2.5488 2.7087 2.3794 2.6381 2.5259 2.1875 3.5343 2.5109 2.4056 2.7951 3.0330 2.9011 2.5488 2.7272 2.4325 2.8052 2.8361 2.6816 2.5964 2.5644 3.4550 3.5343 3.4550 2.9470 3.7355 3.2784 2.7461 3.3114 2.9708 3.0992 3.1270 2.9708 3.2151 2.6816 1.7577 2.0330 2.9124 2.2528 2.3230 3.0202 4.3783 2.8052 2.4325 2.4533 2.1565 3.2463 2.6466 2.9011 1.9200 2.0693 2.9354 2.2642 1.9603 2.2034 2.2873 2.1022 2.8790 2.4122 2.1667 1.7983 2.2361 2.5035 2.7951 2.4745 2.0975 2.5964 2.5488 2.4962 4.0353 3.4173 2.7272 3.5551 2.2814 2.4325 2.5335 2.1515 2.4325 2.7654 2.3291 2.3291 2.6996 3.1412 3.2306 2.5883 2.0197 3.2306 2.6639 2.4745 2.3050 2.0509 2.5184 2.2528 3.1999 2.3230 2.1265 2.3924 2.4122 2.0975 2.1515 1.7125 2.2305 2.1823 2.2528 2.3666 2.1565 2.1119 43.2522
4 1.7220 1.7983 1.7744 1.4270 0.0000 0.8839 1.8739 0.7685 0.9413 1.7348 0.9195 1.8157 1.8228 1.8627 1.7348 1.8590 1.8739 1.6968 1.8443 1.9200 2.1315 1.5970 1.6110 1.7093 2.1119 2.2642 2.1265 2.2142 2.4325 2.2814 2.1070 2.2250 2.2088 2.1616 2.1515 2.2585 2.2416 2.4056 2.2528 2.1719 2.2305 2.1667 2.1928 2.3924 2.3794 2.0555 2.5488 2.1216 2.3050 2.4325 2.2250 2.1928 2.6296 2.9470 2.7366 2.6296 3.2784 3.4940 2.5964 3.3456 2.2873 1.8017 2.5644 2.4325 2.3291 2.2142 2.4745 2.1771 2.1464 2.3730 2.4533 215.8902 2.1216 2.9238 2.5566 2.6129 2.2034 2.9708 2.6816 2.2142 2.5803 2.2361 2.0647 2.0330 1.9521 2.3230 2.5803 2.6816 2.1167 2.5488 2.2250 2.1875 1.9811 1.9279 1.8852 2.0374 1.7348 1.6633 2.0601 2.7557 2.1414 2.0647 1.5942 2.1315 2.2528 2.0693 2.0285 1.9938 215.8902 2.6381 2.0464 1.9685 1.6485 215.8902 1.8890 2.4463 2.1515 2.5335 215.8902 215.8902 1.9685 1.6724 1.4410 1.6368 2.0285 2.6296 2.3666 2.3924 2.1414 3.0202 2.2416 2.9011 2.6727 2.3730 2.6129 2.2361 2.8052 1.9319 2.4325 2.1167 2.4889 3.1849 3.1999 2.4056 2.1315 2.4122 2.2814 2.5259 2.4533 2.7557 2.6816 2.5803 2.6046 2.5964 2.4889 2.5184 2.8052 2.4745 2.3990 2.6296 2.5035 3.3809 3.1849 2.9708 3.0992 3.2948 3.1849 2.7752 2.6639 2.8790 2.8573 2.7851 2.7752 2.6552 2.4463 2.5566 2.4533 2.1315 2.1719 3.3114 215.8902 1.9561 2.4463 2.7951 2.8573 2.7951 2.2034 3.0722 2.7366 2.2585 2.5184 2.9952 3.0992 9.9226 2.2088 1.9121 2.3794 3.5977 2.2034 2.6296 2.1364 2.2931 1.9082 2.7461 2.5723 2.8154 2.5335 2.1928 2.4056 2.4889 2.3794 2.6212 2.4889 2.5803 1.7544 3.3989 2.9470 1.7544 2.2931 2.4816 2.4056 3.2622 1.6167 2.0023 2.1616 2.0285 3.2784 1.8890 2.3666 2.8361 1.9359 2.9470 2.3170 2.9830 2.7557 1.9521 2.8790 2.9470 2.3924 2.0647 1.8087 2.3353 2.1667 1.9769 2.0285 2.0110 2.2814 1.9279
5 1.8966 1.8407 2.1216 1.8443 0.8839 0.0000 1.9082 1.0323 1.1264 1.9685 1.2636 2.0110 1.9161 2.3170 2.0833 2.1616 2.3050 2.0374 2.2142 2.0153 2.3414 1.7948 1.8928 1.9769 2.3050 2.1315 2.4603 2.0975 2.5488 2.5883 2.3050 2.3666 2.3794 2.2472 2.4394 2.8573 2.4816 2.6466 2.9830 2.9238 2.4673 2.8900 2.9470 3.0459 2.7654 2.3353 2.9011 2.5644 2.5488 2.8790 2.4190 2.4745 2.5964 3.3809 2.5335 2.5335 2.5723 2.6906 2.4745 2.7179 2.5109 2.5644 2.6552 2.7557 2.4889 2.9124 2.5335 2.3666 2.1022 2.4745 2.6906 215.8902 2.9354 2.3666 2.2931 2.2699 2.2814 3.0459 2.6466 1.9399 2.6996 2.2142 2.6639 2.5109 2.6381 2.5335 2.3170 2.4889 2.5184 2.8154 2.4745 2.3539 2.2814 2.0509 2.2142 2.5883 2.2034 1.9121 1.9685 2.6996 2.6212 1.8157 1.6815 2.4463 2.0023 2.1216 1.9853 2.3666 215.8902 2.3414 2.0197 1.7188 1.8157 2.4745 1.8928 2.0023 1.8627 2.5488 215.8902 3.2948 1.9121 2.2873 1.7914 1.9603 2.3050 2.3230 2.4962 1.9980 2.0285 2.1414 2.5184 2.4325 2.5035 2.0975 2.4745 2.2034 2.2142 1.8966 2.1823 2.0509 1.9769 2.7179 2.4463 2.6129 2.4190 2.6129 2.4056 2.8900 2.6296 2.5411 2.4533 2.5184 2.5035 2.7366 2.6639 2.5644 2.5259 2.5184 2.5803 2.3730 2.7366 3.3114 3.9183 3.0992 2.9952 3.1555 3.2622 2.8154 2.8573 2.8573 2.8361 3.1555 2.5644 2.4889 2.8573 2.9124 2.9830 2.3794 3.9183 3.5343 215.8902 2.4056 2.8681 3.3114 2.4257 1.7284 3.0459 3.0202 2.5803 2.7752 3.2784 2.8790 1.8371 23.7765 2.4603 2.3990 4.1301 3.5551 2.3539 3.0330 4.6269 2.9238 2.7557 2.7752 3.0202 3.3809 2.6996 2.3477 2.7272 2.5723 2.6816 2.3050 2.3539 2.9124 2.7366 2.2472 2.2034 2.8361 3.0202 2.7179 2.9238 2.9708 2.6466 2.8573 2.4745 2.6296 3.7600 2.1823 2.2142 3.5762 2.1119 3.1999 1.9938 3.1270 2.9830 1.7220 3.0202 3.3631 1.9769 1.9279 2.0693 1.8627 1.9005 1.9359 2.1414 1.9603 2.3666 2.0330
6 1.9685 1.9853 1.7778 1.8335 1.8739 1.9082 0.0000 1.8776 2.1464 0.9276 1.9439 0.7437 1.0742 0.8034 0.9692 0.7371 0.7685 0.8034 1.5018 1.2070 0.9358 1.6784 1.6339 1.3156 2.3109 2.6296 2.4325 2.6552 2.8052 2.6906 2.2814 2.6129 2.4889 2.5184 2.4533 2.7366 2.9708 2.6996 2.5883 2.6381 2.5964 2.8790 3.0076 2.6296 3.3284 2.7179 3.1849 2.1119 2.2699 2.7752 2.7557 5.4496 2.3539 2.7752 2.2814 2.7654 6.5129 2.7557 2.9589 2.4463 1.7413 4.3783 2.8573 2.5803 2.8790 2.9589 2.4962 2.8466 2.9238 2.9011 2.7752 215.8902 2.0023 2.9011 1.9200 2.3109 3.0992 3.1701 4.0978 2.5964 3.2306 1.7948 2.6996 2.9238 3.1555 3.0202 3.0076 3.5551 2.4745 2.9470 2.6816 3.1999 2.3291 2.4962 2.2990 2.4745 2.1216 3.0202 2.0833 1.9561 2.5803 2.2814 2.1928 2.0975 2.2642 2.1928 2.3859 2.6816 215.8902 2.1823 2.1928 2.6296 2.1719 215.8902 1.6693 2.2142 2.2642 2.3730 215.8902 215.8902 2.3666 215.8902 2.3353 2.1928 3.6196 2.5566 2.3414 2.1265 2.5964 2.0555 1.9938 2.4190 2.2472 2.2472 2.6129 2.3859 2.6212 1.9769 2.4190 2.5035 2.3794 3.2622 3.0202 2.9952 3.3284 2.7851 2.9124 3.7114 2.5184 3.2784 3.1555 3.0459 3.2784 3.0202 3.2151 2.6129 3.0992 2.5803 2.5803 3.0992 2.8466 2.9952 2.9708 2.8361 2.9238 3.5343 3.0202 2.4325 3.0992 3.0589 2.9470 2.5964 3.0722 3.2306 2.8257 2.2814 2.6381 19.2455 215.8902 3.0992 2.1216 215.8902 2.6996 215.8902 2.8573 2.1119 1.8052 2.6129 2.1070 215.8902 2.5644 3.1412 3.5343 2.5411 2.5488 3.2948 2.4889 2.8257 2.2642 3.9466 215.8902 2.4673 1.9769 2.1315 2.3414 2.7654 2.2873 2.2034 1.9938 2.6996 2.3414 2.7179 2.6296 11.3565 215.8902 5.1962 215.8902 215.8902 2.3477 2.2699 2.2472 3.1270 3.1270 2.7951 2.9470 2.0833 3.3456 2.4325 2.2699 2.5411 2.1616 3.4743 2.1928 3.4940 2.9124 2.3353 2.1022 3.1849 2.1315 2.0693 2.1315 2.4745 1.9279 2.0110 2.3602 2.0739 2.1414 2.0739
7 1.6339 1.7220 1.9279 1.4109 0.7685 1.0323 1.8776 0.0000 1.1065 1.8966 1.1399 1.8553 1.8480 1.9853 2.0197 1.9938 2.1315 1.7811 1.9161 1.9938 1.9938 1.7284 1.7220 1.9359 2.5035 2.5964 2.4257 2.3414 2.5184 2.6381 2.1565 2.8154 2.2931 2.2088 2.4325 2.3050 2.3924 2.6296 2.6996 2.5964 2.1875 2.2142 2.3170 2.7179 2.6129 2.4463 2.8900 2.8790 2.4745 2.3666 2.8790 2.3794 2.8573 2.6296 2.7951 3.0202 2.3924 2.3539 2.4463 2.6466 2.6212 2.9470 2.6296 2.4463 2.5803 2.8361 2.4889 2.6639 2.1928 2.1315 2.2990 215.8902 2.1928 2.6296 2.5335 2.8466 2.4190 2.4673 2.3230 2.2142 2.4325 2.5184 2.3539 2.7557 2.1616 2.4816 2.6296 2.7179 2.5335 2.5644 2.3730 2.3050 2.1216 1.7811 1.8017 2.0419 1.9044 1.4721 1.8228 3.1270 2.3414 1.7220 1.6026 2.1565 2.2699 2.0509 2.3924 2.0555 215.8902 2.0419 1.8192 1.6138 2.0197 2.5566 2.3924 2.1823 1.8590 2.1928 215.8902 215.8902 2.4325 2.6727 1.8664 1.9161 2.1216 2.6296 2.4190 2.6296 2.2142 2.6046 2.6727 2.8790 2.7461 2.3050 2.5723 2.6296 3.0202 2.0975 2.2196 2.8154 2.4603 2.5488 2.5883 2.2472 2.2990 2.5259 2.2642 2.4603 2.4190 2.1616 2.4190 2.5644 2.6466 2.5109 2.4190 2.5964 2.7366 2.6296 2.4325 2.5803 2.5259 2.9354 3.0992 2.9470 2.9124 3.1555 3.5762 2.7951 2.5335 2.7752 2.7087 3.3989 2.8573 2.5335 2.4394 2.2814 2.0647 2.6129 9.3127 2.5723 2.3794 1.9480 2.7366 2.1565 2.3477 2.4056 2.4673 2.5723 3.0992 3.0459 2.9354 2.6466 2.3170 2.7654 4.3783 2.7461 1.8228 2.8466 3.5762 2.4056 2.3666 2.3730 2.0833 3.7851 2.7752 1.8017 2.5566 2.5644 2.4056 2.2034 2.4745 2.8681 2.5803 3.2306 2.7557 2.9589 2.2699 2.5259 3.0722 2.4603 2.6129 2.6816 2.2756 2.3990 2.5644 1.9319 3.6646 3.4550 2.3539 3.4173 2.0927 3.3631 2.1928 3.3809 2.9952 2.3291 2.9238 3.5343 2.2931 1.9521 2.1315 2.4603 1.8192 2.0197 1.9769 1.9439 2.1616 1.4918
8 1.8017 2.0374 1.7220 1.5588 0.9413 1.1264 2.1464 1.1065 0.0000 1.7643 1.1641 1.9561 2.0786 1.9044 1.9121 1.9082 1.8664 1.9005 1.9480 1.9480 2.0197 1.8122 1.7284 1.6907 2.3414 2.3794 2.2814 2.4816 2.2642 2.4533 2.5259 2.6639 2.2585 2.2472 2.2699 2.3050 2.2361 2.6296 2.7557 2.6906 2.3414 2.6816 2.5566 3.2463 3.1270 2.2585 2.6466 2.2585 2.2142 2.6381 2.0023 2.2585 2.3794 2.3291 2.2585 2.2585 2.4325 2.4325 2.3666 2.4056 2.4056 1.3973 2.3539 2.5335 2.5335 2.4056 2.4056 2.3924 2.4257 2.3794 2.3414 215.8902 2.4745 2.4745 2.0197 2.3050 2.5964 2.5488 2.6129 2.4889 2.6552 2.2034 2.2585 2.4745 2.2472 2.2361 2.6296 2.6466 2.5411 2.3859 2.3050 2.4190 2.0601 2.2699 1.9200 5.0239 2.0374 2.3050 2.3414 2.2196 2.9830 1.9399 1.8776 2.2034 1.8701 2.1216 4.0353 4.3032 1.0647 2.3924 1.9521 1.8299 2.1167 215.8902 2.2088 1.8590 2.2699 2.2931 1.3795 215.8902 2.1616 5.7339 1.8371 2.0464 2.1515 2.5488 2.1167 2.4056 2.7366 1.8852 2.7461 2.5488 1.5750 2.1667 2.3291 2.4463 2.4257 1.7880 1.4154 1.7983 2.3291 2.5035 2.9470 2.5184 2.4190 2.5803 2.2528 2.5259 2.4533 2.7461 2.7179 3.0459 2.5184 2.4056 2.6046 2.5035 2.8573 3.5343 2.3794 2.8154 3.1701 3.2151 3.1555 2.8681 2.9238 3.0202 3.2306 2.7951 2.6816 2.6129 2.5964 3.1270 3.0459 2.9470 2.7366 2.5035 2.2416 8.9402 2.7087 2.8154 2.8790 215.8902 2.4745 2.6996 2.1719 1.4433 2.3794 2.8052 2.5883 2.9589 2.2142 2.6816 1.4246 2.2990 2.4463 2.3794 2.9708 2.9708 3.6196 2.3414 2.4325 2.2416 2.3170 2.4056 2.5723 2.2361 3.0202 2.5035 2.9470 2.3924 2.8681 2.7951 2.4603 3.0992 2.5259 3.2622 2.2142 2.4122 2.3050 2.5488 2.2990 2.9238 2.2585 2.7557 2.9011 2.0647 2.4889 2.0419 2.1928 2.0464 1.9938 1.9644 2.2142 2.8154 2.4889 2.2931 2.0197 2.5184 2.2034 2.2034 2.1119 2.2196 2.0110 2.2416 1.7880 1.9603 1.9603 2.2305
9 1.7031 1.7710 1.6310 1.7544 1.7348 1.9685 0.9276 1.8966 1.7643 0.0000 1.9359 0.8547 1.0338 0.9636 1.1676 0.8202 0.8202 0.8142 1.4433 1.2993 1.1502 1.5588 1.4721 1.2406 2.5411 3.0459 3.0076 2.7951 2.7461 2.5184 2.8573 2.9011 2.6129 2.6639 2.5644 2.5566 4.0978 2.6816 2.8573 2.6996 2.7951 2.8681 3.0722 2.6639 3.0202 2.4889 2.9708 215.8902 2.5488 4.6269 2.7752 215.8902 2.5644 2.9124 2.9708 3.0856 215.8902 1.9044 2.1265 2.4889 2.7461 215.8902 3.3114 2.9952 2.5109 3.2151 2.2873 3.0330 2.8573 3.3284 3.1999 215.8902 2.6381 2.6816 215.8902 3.4550 1.9769 2.8573 3.2463 2.2990 2.5335 1.6195 2.7179 3.4940 2.5883 3.1555 2.7951 3.1270 2.9124 3.0202 2.9952 2.8361 2.3477 2.4056 2.3291 4.1970 2.9589 1.7744 1.9359 2.6381 2.5335 2.4056 1.7880 2.3794 2.2699 2.8790 2.6906 2.6996 215.8902 2.9011 2.8790 2.4673 2.5184 215.8902 2.3170 2.5644 2.4962 2.3170 215.8902 215.8902 3.4940 2.7461 2.5035 2.6381 2.8154 3.0992 2.4257 2.2931 2.2250 2.0023 2.6639 2.5035 2.6212 2.5883 2.4122 2.5803 3.4550 2.1823 2.7557 2.3170 2.7179 3.3284 2.9708 2.9238 2.9830 3.1412 2.6816 2.7851 3.2306 2.9470 3.8107 3.0992 2.9589 2.6552 3.2784 2.9952 2.9238 3.4173 2.8790 2.6906 3.1555 2.9830 2.9952 3.3631 3.0722 3.4550 3.3114 2.6996 3.4743 3.2463 3.6419 2.5035 2.6816 2.9470 2.6816 2.4463 215.8902 6.2291 215.8902 2.5566 1.9895 215.8902 6.2291 215.8902 2.4603 3.0459 2.2814 2.5883 215.8902 2.7654 3.2463 2.8681 2.1167 5.4496 2.9124 3.0722 215.8902 2.9708 3.5762 2.7557 4.2669 2.8573 215.8902 2.1719 2.1719 2.1771 2.3291 2.5335 1.9895 2.3170 2.4122 2.9354 2.6466 7.9651 7.9651 215.8902 2.6046 7.9651 3.1849 2.0197 2.9124 2.8790 215.8902 2.9708 6.5129 2.8361 3.6196 2.3050 2.3794 1.9439 2.1823 2.5488 2.4056 4.4571 2.4745 2.1167 2.1265 3.8905 2.2528 2.1719 2.2756 2.3170 2.4533 2.5335 2.1414 2.1823 2.2585 2.2814
10 1.7610 1.8335 2.1414 1.3449 0.9195 1.2636 1.9439 1.1399 1.1641 1.9359 0.0000 2.0023 1.9644 1.8814 1.9853 1.8052 1.8299 1.7880 2.1667 1.9769 1.9685 1.7348 1.6937 1.8371 2.2088 2.6046 2.1265 2.4056 2.5184 2.5184 2.4190 2.3602 2.3050 2.1216 2.2361 2.2931 2.2756 2.4325 2.2472 2.3291 2.5644 2.1719 2.1875 2.3050 2.1823 2.2931 2.8257 2.2528 2.9708 2.8361 2.3291 2.8154 2.6046 2.5964 2.8154 2.9589 3.1270 3.2151 2.7951 3.1999 2.4325 1.9121 2.7366 2.6639 2.7087 2.7179 2.5411 2.4463 2.5644 2.4463 2.7951 215.8902 2.5964 2.5644 2.4056 2.3924 2.2756 2.8900 3.2463 2.3170 2.4257 2.1070 2.5109 2.2142 2.3666 2.3924 2.6046 2.9952 2.4122 2.9011 2.2642 2.5488 2.4257 1.6604 1.7778 2.1216 2.1070 1.7220 2.0330 2.5035 2.2142 1.5970 1.7125 2.8790 2.3794 2.5335 2.4889 2.2361 215.8902 3.0459 2.4745 1.8299 1.8017 1.2520 2.1515 2.0739 2.3602 2.4673 215.8902 6.0539 2.2585 2.5644 1.8516 2.1928 2.4603 3.0722 2.8790 2.4257 2.1515 2.2250 1.9603 2.5803 2.6046 2.2990 2.4816 2.2814 2.1265 2.1667 2.1823 2.5411 2.2416 2.8790 2.7366 2.5411 2.5644 2.9124 2.1875 2.6466 2.4603 2.0975 2.6046 2.5184 2.6466 2.6816 2.5184 2.7654 2.5109 2.6046 2.7179 2.5184 2.8466 2.9354 3.0589 2.9238 2.7272 2.7951 2.6996 2.9708 2.9238 2.8154 2.7179 2.9238 2.6381 2.7951 2.4745 2.6466 2.3170 2.4190 3.2463 3.1270 215.8902 215.8902 215.8902 2.1875 2.2361 2.4745 215.8902 2.4745 2.4603 2.5259 2.0110 2.4962 1.6026 215.8902 2.4463 2.3414 19.2455 3.1412 2.4603 2.1216 2.2699 3.0076 4.7185 2.8361 2.9011 2.6906 2.6212 2.2699 3.0330 2.5411 2.5723 2.5411 2.7557 2.8361 3.2784 2.4325 2.6466 3.3809 2.4603 2.1167 2.8154 2.2990 1.9727 2.4056 2.4257 2.3050 3.4550 3.2463 2.7557 2.7951 2.0464 2.7557 2.4533 2.9589 3.0722 2.2585 2.5488 3.0330 2.3050 2.0555 1.8890 2.4603 2.0647 2.2305 2.2088 2.0927 2.2361 1.9439
11 1.7413 1.8087 2.0285 1.8443 1.8157 2.0110 0.7437 1.8553 1.9561 0.8547 2.0023 0.0000 1.0999 0.7685 0.8647 0.3563 0.7174 0.6055 1.5970 1.1853 0.9579 1.7610 1.6195 1.2520 2.2034 2.8573 2.6639 2.4889 2.7179 2.5964 2.7654 2.6381 2.5644 2.5411 2.2931 2.7461 3.1999 2.8154 2.6129 2.8154 2.6296 2.5488 2.6996 2.5488 2.7851 2.6639 2.9470 3.0330 2.6639 2.5488 2.1928 5.2569 2.5184 2.8790 2.9124 1.9769 5.2569 2.5184 2.4056 2.7654 2.4257 2.2990 2.7752 2.6996 2.6552 3.4940 2.5644 2.9589 2.4962 2.6906 2.9011 215.8902 2.2034 2.5644 1.7610 2.5803 1.5750 2.8573 2.7752 2.5184 3.2306 1.5403 2.5964 2.4889 2.6996 2.8790 2.7366 2.9470 2.4673 3.0076 2.5411 3.0856 2.5803 2.5803 2.3109 2.9708 2.3353 2.3291 2.2472 2.3050 2.4889 1.9521 1.7677 2.6466 2.4533 2.7179 3.1555 2.1771 215.8902 2.0197 2.4745 2.3539 2.3666 215.8902 1.9769 2.2416 2.2250 2.1022 2.4257 215.8902 2.4190 2.7951 2.3666 2.0739 2.6996 2.8257 1.8966 1.9161 2.6129 2.0975 1.9980 2.4257 2.4889 1.9480 1.9044 2.3477 2.4673 2.3924 1.8157 1.9603 2.4190 3.4940 3.3809 3.4743 2.6129 2.9952 2.5335 2.7752 2.9830 3.1412 3.2151 3.1701 2.7654 2.7654 3.1130 2.9470 2.8361 2.7654 2.9011 2.6381 2.6129 2.9589 3.0459 2.7951 3.0722 3.4173 3.1270 2.5035 3.7600 2.7179 3.3809 3.0856 2.6212 3.1412 2.7557 2.4533 22.3532 215.8902 11.9077 3.5762 2.3170 215.8902 2.4325 215.8902 6.7176 3.1555 2.6906 2.7272 215.8902 3.3114 43.2522 2.9830 3.5343 2.1464 5.3835 10.8438 2.9708 2.7179 2.7179 3.0722 2.4889 2.7557 2.5488 2.9952 2.7557 2.4603 2.4816 2.4122 2.3414 2.7951 2.0786 3.1270 2.7366 2.8790 215.8902 7.1683 2.2250 215.8902 2.4257 1.9895 2.3990 2.4673 3.1849 3.0856 3.0722 3.4360 3.0076 2.1167 2.2585 2.2990 2.0927 2.5335 2.7366 3.6878 2.6552 2.4745 2.1875 3.2151 2.0833 1.9480 1.8814 2.1719 1.9359 2.3291 2.2088 2.2088 2.2305 1.9769
12 1.6907 1.7478 1.9279 1.7093 1.8228 1.9161 1.0742 1.8480 2.0786 1.0338 1.9644 1.0999 0.0000 1.0999 1.1348 1.0869 1.0430 1.0869 1.5068 1.2292 1.1164 1.4721 1.5914 1.0710 2.6816 2.6816 2.7461 2.5964 2.6996 2.9708 2.8361 2.6816 2.5335 2.5803 2.6727 2.7654 2.8900 3.2463 2.7654 2.6466 2.8052 3.0076 3.0076 2.9708 3.4550 2.6466 3.4550 2.4889 2.1515 2.3794 2.6816 2.7366 1.9239 2.4673 2.5566 2.3050 215.8902 215.8902 2.6381 2.7461 2.6466 2.5488 2.6212 2.9238 2.6296 3.7600 2.9011 2.8466 2.9589 3.0992 2.7366 215.8902 2.9238 2.7179 2.7366 2.0241 2.7366 2.9124 3.4360 2.5803 2.9589 2.2305 4.0353 3.0202 2.8790 3.1555 3.0992 3.1849 3.1849 2.9238 2.8052 3.0589 2.6381 2.3924 2.4603 2.5883 2.7366 2.1616 2.0647 2.0739 3.2463 2.4745 1.9853 2.7557 2.5488 2.1464 2.5883 2.7179 215.8902 2.1216 2.4603 2.9952 2.3859 215.8902 1.6310 1.8928 1.8890 2.3539 215.8902 215.8902 3.6196 5.6597 2.2814 2.8790 2.4190 2.0555 1.9980 2.1265 2.1414 1.9359 1.8852 2.5335 2.2528 2.1119 1.9200 2.1616 2.6639 2.1928 2.0419 2.4745 2.3539 2.8790 3.0459 3.6419 3.1849 2.9354 2.5411 3.4940 2.7752 2.7752 3.4173 3.7600 2.9354 2.6727 3.0202 3.1270 2.9124 2.7752 3.1270 3.3114 2.8154 3.3809 4.1632 2.9238 2.9124 3.3456 3.1849 2.7951 3.2784 2.9238 2.6212 2.7461 3.1270 3.0202 3.5343 2.0927 2.6639 215.8902 215.8902 3.8905 1.7478 215.8902 6.2291 2.2472 2.6552 4.4571 2.2931 2.5964 3.7114 215.8902 2.9124 2.8790 215.8902 1.8017 1.6167 7.4165 3.1555 2.8573 2.3539 4.6269 2.0509 2.3924 215.8902 2.5184 3.3456 2.5035 2.3414 2.2814 3.3456 3.3809 3.0722 2.4257 3.0856 4.6269 215.8902 2.1616 215.8902 4.6269 2.9470 3.2463 3.0992 2.9124 215.8902 2.7752 2.0647 2.8154 3.1130 2.6046 2.1823 2.4463 1.9279 2.9354 2.2585 3.3809 2.2088 2.2472 2.3539 3.2622 2.2528 2.0285 2.1414 2.1616 2.0285 1.9359 1.8890 1.9980 1.8480 2.6296
13 2.0197 1.8052 1.7880 1.8664 1.8627 2.3170 0.8034 1.9853 1.9044 0.9636 1.8814 0.7685 1.0999 0.0000 0.9062 0.8250 0.2265 0.7685 1.4576 1.2292 0.8202 1.7948 1.8017 1.4109 2.5109 3.1849 3.1412 2.7951 2.4056 2.5035 2.4463 2.6727 2.6727 2.4745 2.8681 2.7179 3.2622 2.8573 3.0330 2.9589 2.7179 2.9238 2.7087 2.9708 2.8573 2.6129 2.8790 2.2472 2.7366 2.3170 2.5335 2.7851 2.5883 2.2873 2.8573 2.6129 2.0555 1.9603 3.1270 2.7179 2.8681 3.4550 3.1555 2.9124 2.9238 3.0330 2.6381 2.4394 2.5964 3.3809 2.2642 215.8902 2.9011 2.4325 2.9238 2.9470 2.4603 3.0722 2.7851 2.7366 3.4360 2.6296 3.2622 2.8154 3.0722 3.7600 3.3989 3.0459 2.8257 2.5109 2.6129 3.6646 2.5488 2.2990 2.3602 215.8902 3.3114 2.1719 2.4745 2.0023 2.4745 2.4889 2.0374 2.0927 1.7778 1.7778 1.9938 1.8335 215.8902 2.0555 1.8852 2.2990 2.2699 7.8210 2.0374 2.3291 2.5644 2.3291 1.3973 215.8902 2.8052 215.8902 2.2585 215.8902 2.7752 2.6639 2.0739 2.3990 2.0464 2.1414 2.1414 2.5035 2.3230 2.3291 2.4190 2.2585 2.2034 2.4325 2.2472 2.5184 2.4463 3.7600 3.3456 3.8107 3.0459 3.1412 2.5184 3.0856 2.8361 3.1555 3.3631 3.6196 3.4940 2.4533 3.2151 3.0722 3.5343 3.2784 2.7557 3.3631 3.2463 3.3456 3.0459 3.0330 3.3631 3.9466 2.9470 2.7951 4.4172 3.2463 3.9183 3.3631 3.8107 2.9238 3.5343 1.9853 4.0978 215.8902 215.8902 2.3050 2.2472 2.3602 1.8966 1.7880 2.2361 2.3170 1.6310 2.1515 215.8902 215.8902 2.8790 2.6996 2.0647 2.1216 4.0353 2.3170 2.4056 2.4889 3.0202 2.2142 215.8902 2.8790 2.3353 215.8902 2.5883 3.6878 2.7366 3.0459 2.3859 2.1823 2.7366 2.8154 2.6129 3.1270 7.9651 2.3170 215.8902 7.9651 2.6296 2.4603 2.7087 12.1988 2.1315 3.6419 2.9708 3.0330 2.5035 2.2814 2.3353 2.1928 2.0464 2.0509 2.5803 2.1216 2.1928 2.6296 2.6212 2.2142 2.0739 2.0374 1.9938 2.1875 2.4533 1.9521 2.3050 2.2472 2.1022 215.8902
14 2.0285 2.1771 1.8263 2.0464 1.7348 2.0833 0.9692 2.0197 1.9121 1.1676 1.9853 0.8647 1.1348 0.9062 0.0000 0.9115 0.8775 0.8930 1.8228 1.3239 1.1065 1.7156 1.7948 1.3364 2.3050 3.2151 2.8573 2.6129 2.6046 2.7654 2.6296 3.0202 2.6816 2.7272 2.8361 2.9708 3.5762 3.1701 2.9708 3.2306 2.5964 3.0992 3.0992 3.2622 2.9354 2.9354 3.5343 4.1301 215.8902 3.2306 3.5762 8.1141 3.0459 2.6639 2.6996 4.9695 3.3284 4.5399 2.9124 3.3456 4.8150 3.4173 4.2315 2.4962 2.7557 2.5964 2.8361 2.6296 2.8573 2.9708 2.3539 215.8902 2.2756 3.1412 2.5259 215.8902 3.5343 3.3456 3.8905 2.8573 3.0722 215.8902 2.8052 2.8361 2.3414 3.4940 5.2569 2.9589 2.7752 3.3114 2.7179 5.0239 2.6816 2.8573 3.1701 4.3032 2.6816 2.4745 2.7654 2.8681 2.5259 2.7179 2.1616 2.7851 3.6419 2.7461 3.0722 2.8900 215.8902 2.6466 2.6381 2.6996 2.9708 5.0798 215.8902 7.2904 7.5469 1.9853 215.8902 215.8902 3.0722 2.2814 4.7185 2.4257 2.8790 215.8902 215.8902 215.8902 2.3291 5.1372 215.8902 12.1988 215.8902 215.8902 215.8902 6.6136 7.9651 215.8902 215.8902 215.8902 215.8902 2.7179 2.5803 4.5399 3.2948 3.0459 3.0202 4.8150 2.8790 2.9830 2.8154 2.9238 5.1962 2.5335 3.6878 2.7179 3.1270 2.7752 2.7272 2.7366 3.4360 3.2784 3.5977 2.6996 2.8154 3.5343 4.5399 2.5184 3.6646 2.8681 3.3114 2.5035 2.5803 3.5343 2.4190 2.4745 2.3414 215.8902 215.8902 2.9470 2.2931 215.8902 6.2291 2.4325 2.3730 9.1232 215.8902 2.8154 215.8902 4.6269 2.3794 2.4745 4.4571 2.6996 2.7951 2.4122 215.8902 1.9644 5.8891 2.1771 215.8902 2.3291 215.8902 3.9755 2.7557 2.4603 2.7179 2.6129 2.3859 2.1216 2.7461 2.1119 2.9011 215.8902 215.8902 2.3794 2.8681 215.8902 2.4673 2.7087 2.6996 3.0992 215.8902 2.7366 215.8902 3.4173 2.7951 2.5184 215.8902 2.9470 2.8790 2.7272 2.7851 3.6646 2.9708 2.8573 1.8192 2.6296 215.8902 2.9589 215.8902 215.8902 13.1393 3.4940 4.6269 3.9755 2.9589 2.2361
15 1.7811 1.8017 1.7880 1.9769 1.8590 2.1616 0.7371 1.9938 1.9082 0.8202 1.8052 0.3563 1.0869 0.8250 0.9115 0.0000 0.7131 0.6229 1.5068 1.1925 0.9864 1.6663 1.6815 1.1925 2.3666 2.7654 2.6466 2.7366 2.7951 3.0992 2.4745 2.9011 2.5566 2.7951 2.5184 2.5035 2.9708 3.1270 2.8361 2.8361 2.6996 2.7654 2.7366 2.8790 3.3284 2.6996 2.8573 3.4550 3.1412 2.2034 2.7752 2.5184 2.3602 2.7951 2.8154 2.2931 5.4496 2.2034 2.6639 3.1701 1.9161 1.9938 3.1999 2.6906 2.6552 3.0589 2.4816 2.9708 2.4673 2.8790 2.6727 215.8902 2.9354 2.9470 2.7951 2.9238 3.5140 2.7557 2.7752 2.9708 2.9589 1.7348 2.3109 3.3456 2.7752 3.2948 3.4743 2.8466 2.9124 2.6727 2.3730 3.0722 2.7179 2.4816 2.2990 3.2463 2.6129 2.2196 2.2873 2.3170 2.7752 2.3794 2.0110 2.5566 2.8466 2.6129 2.6552 2.6129 215.8902 2.1875 2.4394 2.4257 2.4325 215.8902 2.0374 2.4190 2.0647 2.2305 1.1746 215.8902 2.9470 2.5883 2.4745 215.8902 3.0722 2.1823 2.2931 215.8902 2.4962 2.0509 2.4394 2.1565 2.3924 2.2585 2.5411 2.6552 2.5184 2.2196 1.9769 2.4325 2.2528 3.2463 3.4940 3.6196 2.7951 3.0076 2.4325 2.9238 2.7179 2.8790 3.2784 2.9830 3.1999 2.6727 2.7461 3.2463 3.1999 3.1130 2.9470 2.7366 2.9238 2.9708 2.9238 2.8361 2.9470 2.8361 2.8466 3.0076 2.9238 2.7179 2.7951 3.7600 3.2948 3.1999 2.7557 3.4940 215.8902 215.8902 215.8902 14.1905 2.5723 215.8902 4.9166 2.0285 18.6931 2.8052 1.7948 2.7461 215.8902 215.8902 2.2472 2.4816 2.6381 1.9895 2.9470 2.6046 2.9952 11.9077 2.9238 215.8902 2.9470 2.6129 215.8902 2.1771 3.0992 2.2250 2.1719 2.3924 2.4603 2.2699 2.6296 2.8573 2.5184 215.8902 215.8902 215.8902 215.8902 215.8902 2.3602 1.9082 1.9811 3.1849 215.8902 2.5335 215.8902 3.4173 4.1301 2.1928 2.1928 1.9359 2.2756 2.3539 2.3666 2.5883 2.3794 1.9980 1.9853 3.9755 1.9727 2.1565 2.2034 2.0647 2.1981 2.2416 2.0464 2.0927 1.9005 2.4190
16 1.8701 1.9938 1.8739 1.6784 1.8739 2.3050 0.7685 2.1315 1.8664 0.8202 1.8299 0.7174 1.0430 0.2265 0.8775 0.7131 0.0000 0.6628 1.4918 1.0902 0.8930 1.7544 1.8664 1.2953 2.5335 3.2463 3.1412 2.6129 2.8257 2.6639 2.4816 2.7654 2.6816 2.5184 2.8466 2.6639 3.0722 2.8790 2.6552 2.8790 2.6727 3.3809 2.6296 2.8257 3.4173 2.4673 3.0076 2.4325 2.4889 2.8573 2.4603 3.1555 2.6296 2.3539 3.3456 2.6296 215.8902 3.6878 2.8573 2.5488 1.8017 2.2416 3.1130 3.1270 2.9238 3.1270 2.4673 2.6727 2.6996 2.7179 2.5644 215.8902 2.5723 2.6129 2.4463 2.6996 2.8573 2.9124 2.8052 2.5644 2.9124 1.4246 3.5977 2.5964 2.9238 3.1555 3.6196 2.8257 2.6816 3.0330 2.6816 3.2306 2.3109 2.5488 1.9938 2.9011 1.7188 2.1265 2.2305 2.6816 2.1216 2.6381 2.0374 2.0197 1.9082 1.9727 1.8966 1.9938 215.8902 1.8299 1.9319 2.4056 2.4463 215.8902 2.0647 2.4889 2.7179 2.2250 1.5273 215.8902 3.0330 6.2291 2.4816 9.7121 2.7951 2.4962 2.5259 2.1616 1.7880 2.0464 2.4325 2.6996 2.7557 2.4394 2.8573 2.6129 2.2931 2.0285 2.0110 2.4889 2.2250 2.9011 2.8573 3.6646 2.6639 2.9589 2.6381 3.0459 2.6639 2.7461 3.7851 3.5140 3.3284 2.6466 2.9952 3.5343 3.1849 3.2784 2.9354 3.2151 3.2948 3.8633 3.7114 3.1701 3.4550 3.9755 3.3284 2.8361 3.7600 2.7951 3.6646 2.3990 3.6419 3.1130 3.1849 2.1119 4.1632 5.3835 215.8902 2.5259 2.4673 2.3794 2.5184 1.8299 2.4463 2.3539 1.9200 2.8681 215.8902 215.8902 4.0978 2.8790 4.8150 1.9853 5.6597 2.2472 2.1823 2.4745 4.0353 2.5644 3.6878 2.9708 215.8902 215.8902 2.5644 3.3631 2.5644 2.3602 2.3109 2.4603 2.8681 3.1270 2.5803 3.5551 4.5399 2.9011 3.6196 3.1270 2.2814 2.4745 2.5883 3.4360 2.6996 2.9011 2.4603 3.0202 2.6639 2.5411 2.4603 2.0739 1.9279 1.9279 2.4190 2.3477 2.0786 2.5803 2.4603 2.5488 2.6129 2.3990 1.7156 2.0023 1.9853 2.0464 2.0601 2.2416 2.2699 2.3170
17 1.8052 1.9938 1.8407 1.7413 1.6968 2.0374 0.8034 1.7811 1.9005 0.8142 1.7880 0.6055 1.0869 0.7685 0.8930 0.6229 0.6628 0.0000 1.4433 1.2292 1.0837 1.5429 1.6224 1.1536 2.2814 2.6466 2.5644 2.3170 2.5964 2.7557 2.5335 2.2873 2.6296 2.7752 2.7179 2.5723 2.6639 2.9011 2.6212 2.5644 2.4673 2.9470 3.0459 2.7851 2.9470 2.7951 2.7851 4.6269 2.0786 2.6639 2.6816 2.3414 2.1981 2.5644 2.5488 2.8466 215.8902 215.8902 2.9238 2.9354 2.2990 3.1849 3.4173 2.4257 3.0202 3.3284 2.3859 2.7087 3.0856 2.5488 3.3989 215.8902 2.6381 2.6639 215.8902 5.2569 2.1265 2.8790 3.2948 2.6816 2.8361 2.2250 2.7752 3.3456 2.7366 3.0202 3.1270 3.1849 2.7654 3.0992 2.9952 2.9238 2.4889 2.7179 2.8052 4.3783 2.3050 2.2250 2.3924 2.8052 2.6129 1.8371 1.7880 2.9708 2.6466 3.2622 2.6816 2.4122 4.9695 2.3924 2.4889 2.6381 2.1981 215.8902 2.1928 2.3539 2.2585 1.6663 1.2793 215.8902 2.4745 2.8573 2.0693 2.6552 2.9952 2.3794 2.0197 2.5644 2.1515 2.5109 2.1315 2.4325 2.4325 2.3414 2.9708 2.7087 2.4056 1.9439 2.1719 2.4122 2.5109 3.4550 3.4550 3.0856 2.9952 3.4360 2.8154 3.2784 2.8257 3.1270 3.1999 2.9238 2.9470 2.5184 2.6466 2.9952 2.9011 3.3809 3.0992 2.9011 3.1849 3.1849 3.7851 3.0992 3.0330 3.2784 3.3456 2.6466 3.1849 2.5184 3.4173 3.6419 2.6552 2.7752 2.6996 215.8902 215.8902 215.8902 215.8902 215.8902 2.2416 215.8902 215.8902 2.5259 3.1849 2.8154 3.1849 2.7087 215.8902 215.8902 11.9077 2.6639 215.8902 1.8299 3.1270 215.8902 215.8902 2.3291 215.8902 215.8902 1.9521 2.8466 215.8902 215.8902 3.1849 2.1216 2.5803 2.3730 3.0722 2.1981 2.7272 2.7851 2.4056 2.9708 3.4550 2.1719 215.8902 3.6196 2.0833 2.2814 2.6996 2.9470 5.5176 3.3989 215.8902 2.8790 3.0459 2.4603 2.3050 2.2034 2.1414 2.6552 2.5488 3.1849 2.6552 2.0197 2.2142 4.0978 2.2196 2.0647 1.9980 2.5803 1.9279 2.0374 2.3602 2.0975 2.1928 2.5883
18 2.2585 2.1928 1.7544 1.8228 1.8443 2.2142 1.5018 1.9161 1.9480 1.4433 2.1667 1.5970 1.5068 1.4576 1.8228 1.5068 1.4918 1.4433 0.0000 1.3534 1.5482 1.7948 1.9938 1.4246 2.9238 2.9589 3.0856 3.2151 3.0722 3.1270 3.1412 2.5883 3.5140 2.8257 2.7461 3.1412 3.1849 3.0589 2.9952 2.7087 2.8052 3.6646 3.5977 2.8900 2.8573 3.0330 3.1701 2.9470 2.3109 3.1555 2.8361 3.1701 2.6816 2.4325 3.3284 3.0722 3.4940 3.6878 2.5488 3.1412 2.7179 3.5343 3.5140 3.1701 3.8633 3.1130 3.1999 3.2784 2.7087 3.0202 2.9830 215.8902 3.0202 3.1270 2.9708 2.1216 2.7557 3.5343 3.4743 3.1412 2.7366 2.9708 2.6816 3.2151 2.8361 3.4550 3.7114 3.0076 2.7557 3.3809 2.7366 3.0992 215.8902 2.5335 215.8902 3.4940 215.8902 2.4745 6.0539 2.2472 215.8902 2.4257 1.8590 215.8902 11.6271 215.8902 4.1632 215.8902 215.8902 2.1719 2.9470 1.9727 2.0647 215.8902 2.5803 1.9853 2.8154 2.1515 1.7156 215.8902 215.8902 215.8902 215.8902 215.8902 215.8902 2.4889 2.6906 2.0419 215.8902 2.5488 2.2034 2.2699 2.6816 2.1315 2.4190 2.5723 2.1119 2.4394 1.8516 2.2642 2.8361 3.3809 2.9952 3.1999 3.1701 3.3284 2.7951 3.2463 3.2948 2.6296 3.3284 3.3809 3.2784 2.9830 2.9011 3.5343 3.8367 3.2784 3.3114 3.4940 3.4360 4.0978 3.5977 2.7179 2.1515 2.6552 3.2463 2.9708 3.6646 3.6878 3.5762 2.9830 3.6878 2.8900 3.7355 2.8052 2.8361 2.8790 215.8902 2.6816 1.7544 215.8902 3.3809 215.8902 2.8361 3.5762 2.2034 3.2151 2.8466 2.4962 2.1414 2.8681 3.0459 2.6996 3.9466 4.9695 2.7654 2.6727 2.2472 2.9589 2.6816 2.3170 3.0992 2.6212 3.1999 2.4745 3.3284 3.4550 3.5343 2.6996 3.7114 3.0589 3.0330 2.4533 2.4603 1.9980 2.4325 2.5883 2.8154 4.0353 3.0992 2.4745 3.1412 4.6269 2.1719 215.8902 2.9011 2.9238 2.2814 3.1412 2.2472 2.3924 3.0589 2.8361 2.7272 2.1667 3.4550 3.1849 2.2642 2.5488 2.2756 2.4056 1.9853 2.2585 2.0197 1.9521 2.0197 215.8902
19 1.8890 1.9200 1.8443 1.6663 1.9200 2.0153 1.2070 1.9938 1.9480 1.2993 1.9769 1.1853 1.2292 1.2292 1.3239 1.1925 1.0902 1.2292 1.3534 0.0000 1.3281 1.6368 1.7478 0.7847 2.5723 3.0722 2.2931 2.4673 2.9589 2.9589 2.9830 2.7272 2.6046 2.5723 3.0202 2.5803 2.8466 2.6381 2.4325 2.5723 3.4940 2.8790 3.0589 3.0722 2.8361 2.5488 3.0589 2.6466 2.6466 2.5335 2.9011 2.5488 2.4816 2.4962 3.4550 2.5335 2.7179 2.5883 3.1412 2.9238 2.3859 1.8928 2.9830 3.6419 3.6196 3.5551 3.1849 3.9183 3.0076 3.0856 2.8900 215.8902 3.2463 2.6816 2.9011 2.8790 2.6639 2.9238 3.2306 2.3230 3.3631 2.3924 2.9238 3.4743 2.6129 3.1999 3.4173 3.3989 3.4550 3.1412 2.9011 2.8790 2.5259 3.2784 2.7951 2.8361 2.5488 3.0459 2.5035 2.5184 2.5335 2.4463 2.1464 2.4325 2.7366 2.4603 2.3230 2.6381 215.8902 2.1119 3.3114 2.9238 2.8790 1.6845 2.1616 2.2756 2.3050 2.3666 215.8902 215.8902 3.7114 215.8902 2.4122 2.7752 2.3414 2.5184 2.1823 1.9044 2.3602 2.0975 2.6046 1.7348 2.1928 2.3230 2.2305 2.2528 2.0110 2.4122 2.2472 1.9685 2.1823 3.3114 2.8361 3.1130 3.1270 3.0589 2.6906 3.2306 2.9589 3.2784 2.8154 3.1270 3.0459 2.4463 2.7851 2.7654 2.6466 3.0202 2.8900 2.8154 2.8573 3.3456 3.4743 2.9011 3.0459 3.0202 3.2784 3.0992 3.1555 2.7951 3.1412 2.9830 3.0459 3.0459 2.6639 2.2472 2.3859 2.3859 215.8902 4.5399 2.8573 215.8902 2.8361 2.9952 3.2784 2.9124 2.1719 2.7366 2.4056 1.8017 1.9853 3.1849 2.7366 2.2931 1.7284 2.8466 3.0076 2.3924 2.3050 2.9952 2.5411 3.2784 2.3859 3.2948 3.1270 2.8790 3.3631 3.3284 2.8790 3.2463 2.9830 2.3170 2.4394 2.3924 2.0927 2.2250 2.4463 2.3924 3.1270 3.3809 3.6646 2.3924 3.7851 3.1849 2.3170 2.4325 3.5762 2.0927 2.1119 2.2642 2.3539 2.5335 2.3859 2.3990 2.7366 2.4394 2.0023 2.2034 2.2699 2.6996 2.3794 2.3050 2.3170 2.9470 2.4394 2.2528 2.1414 2.3291
20 2.1216 1.9005 2.0374 1.7880 2.1315 2.3414 0.9358 1.9938 2.0197 1.1502 1.9685 0.9579 1.1164 0.8202 1.1065 0.9864 0.8930 1.0837 1.5482 1.3281 0.0000 1.9603 1.7914 1.3322 2.3666 2.8681 2.7272 2.7272 2.9124 2.6906 3.1130 2.7366 2.6639 2.4673 2.4394 3.1130 2.9952 3.5343 2.9952 3.2151 3.3809 3.3456 3.1130 3.2463 3.2622 2.6212 3.3456 2.9354 2.5488 3.0459 2.8154 2.3924 2.7951 3.3114 2.8154 2.9470 3.8633 3.8633 2.7087 2.7951 2.9708 2.0023 2.7951 2.7654 2.7752 3.2151 2.9708 2.4816 2.4325 2.9830 2.7951 215.8902 2.6996 2.6816 2.4394 2.3050 3.2948 2.9124 3.2622 2.5259 2.9589 1.8852 2.9708 2.5883 2.9238 2.9708 3.1849 3.1999 2.7366 2.7087 2.7087 2.6466 2.6727 4.4980 2.5488 2.7654 2.7179 2.3414 2.1216 2.1464 2.2361 2.9238 1.8443 2.0647 2.7951 2.5184 2.5259 2.3924 215.8902 2.0555 2.4325 3.0992 2.1823 2.1119 2.1022 2.3050 2.1515 2.0197 1.4918 215.8902 2.6816 11.3565 2.0374 2.4257 3.5140 2.5803 2.3353 2.4673 2.5411 2.4394 2.3414 2.6296 2.8466 2.4325 2.7272 3.2784 2.4603 2.8790 2.0647 2.4603 2.6296 3.0202 3.5551 3.2948 3.5140 2.8361 2.7557 3.5551 2.9708 3.6196 3.4173 2.6816 3.3989 3.3809 3.0330 2.7179 3.9183 3.0589 3.6196 2.9708 2.7179 4.1970 3.9755 3.1701 3.5977 3.9183 4.1301 3.6196 3.1701 3.5551 3.2463 2.5335 3.1701 3.4743 3.1555 2.5488 2.3291 215.8902 215.8902 3.2151 1.9603 2.4056 1.9439 2.7951 2.6906 2.5723 2.0464 2.7461 2.3924 2.4889 3.2463 2.7461 2.5184 2.0975 2.2585 2.9952 2.6996 2.7951 2.4673 9.9226 2.4190 3.0856 2.6129 3.7851 2.4190 2.2142 2.3414 2.5723 2.6816 2.4190 2.9708 2.7557 2.8466 2.9470 3.0992 2.1823 5.8103 3.0722 2.4745 2.3794 2.0555 3.4360 9.1232 2.9238 2.0464 3.8633 3.0856 2.2931 2.6466 2.3924 2.6046 2.9124 2.3924 4.3032 3.9466 2.4463 2.6816 2.4533 2.2250 1.8966 2.2034 2.3990 1.8228 2.4394 2.1464 2.0647 2.0555 2.4603
21 1.3577 1.2033 1.3620 1.2218 1.5970 1.7948 1.6784 1.7284 1.8122 1.5588 1.7348 1.7610 1.4721 1.7948 1.7156 1.6663 1.7544 1.5429 1.7948 1.6368 1.9603 0.0000 0.8930 1.4721 2.5488 2.6639 2.5803 2.3924 2.4673 2.6129 2.6996 2.9952 2.1875 2.6727 2.4962 2.7557 2.7179 2.9470 2.4122 2.3230 2.3666 3.0202 3.1555 2.4463 2.8257 2.6129 2.5964 2.1667 1.8701 2.2472 2.6727 2.4745 2.4325 2.6381 2.4745 2.2034 2.0110 2.3859 2.4325 2.4603 2.2642 1.6815 2.8573 2.5411 2.5723 2.2931 2.5803 2.1565 2.6466 3.0459 2.6046 215.8902 2.5335 1.9938 2.6466 2.5259 2.1070 3.0856 3.3456 2.3539 2.9952 1.5859 2.5644 2.9952 2.6816 2.6129 2.3924 2.4463 2.8361 3.0202 2.7851 2.5335 2.7557 2.4325 2.3050 3.7600 2.4889 2.1414 3.3989 2.1315 2.7851 2.9238 3.7355 2.1315 2.4816 2.0555 2.1928 2.8154 1.1180 2.0975 2.4603 2.5035 2.6639 215.8902 1.9005 2.0110 1.9005 2.3050 1.1297 215.8902 2.6212 215.8902 2.0975 2.3050 3.0459 1.9895 2.5723 2.5803 1.7348 1.6110 2.7179 2.3291 2.1464 1.9853 1.7511 2.6296 2.7752 1.6082 2.1515 2.4673 2.0330 2.7654 2.6727 2.7851 2.7366 2.7851 2.5644 2.9124 2.8154 2.6296 2.4603 2.4325 3.2784 2.6639 2.6639 2.6129 2.6639 3.0459 2.7951 2.6129 3.4940 2.7366 3.0722 3.0992 3.1130 2.6381 3.2306 2.6129 3.3284 2.8154 3.1130 3.0202 2.9011 2.6816 2.3990 1.7577 2.8154 3.7851 2.0833 3.1849 2.3050 215.8902 1.9853 4.7185 2.2361 1.6845 4.8150 2.7752 2.2142 2.6727 5.7339 2.7179 1.6968 4.8150 2.0023 2.1070 2.2305 2.9124 2.6296 3.5140 215.8902 2.8790 2.7179 2.6296 2.5035 2.1216 2.6129 2.0786 2.4889 2.8900 3.0330 2.8361 3.8107 215.8902 2.3109 3.3284 1.6968 2.5109 2.0464 2.5644 2.3539 2.4463 2.2756 3.0076 2.4056 2.5964 3.0992 3.3809 1.9980 2.9708 1.9359 3.3284 2.1414 2.9124 2.8900 2.1022 2.6727 3.3114 1.9044 2.0880 1.7093 1.8299 1.9938 2.2088 1.9399 1.7413 1.9980 2.1364
22 1.4293 1.1961 1.5094 1.3491 1.6110 1.8928 1.6339 1.7220 1.7284 1.4721 1.6937 1.6195 1.5914 1.8017 1.7948 1.6815 1.8664 1.6224 1.9938 1.7478 1.7914 0.8930 0.0000 1.6604 2.7951 2.9470 2.6996 2.5644 2.5335 2.5488 2.6381 2.8361 2.4603 2.5803 2.7557 2.5335 2.8900 2.4962 2.6466 2.6381 2.8361 2.9708 2.9830 2.6381 2.9124 2.4190 2.6212 3.0202 1.8228 2.3602 1.5914 2.2472 1.8890 2.6129 2.0419 1.9279 1.5068 1.7744 2.4603 2.1022 1.7610 1.8516 2.5259 2.7557 2.4394 2.4962 2.2196 2.7461 3.4743 2.9589 2.4816 215.8902 2.5644 2.3794 1.5832 1.7610 2.6296 2.4816 2.9470 1.7125 2.5035 2.1928 2.6639 4.4980 2.9238 2.3353 2.3414 2.3050 2.6129 2.5411 2.3859 2.8052 2.4673 1.8516 2.7557 2.5566 2.4394 2.5335 2.3924 1.9644 2.8154 3.5762 215.8902 2.6129 2.7179 2.6129 2.8790 2.6129 215.8902 2.3539 2.4745 2.6046 2.3477 215.8902 1.8407 1.7778 2.0330 1.7677 215.8902 5.4496 2.6996 4.0353 2.6212 3.3989 2.5488 1.7544 2.1119 1.8017 2.9952 1.6082 1.8017 1.8017 1.8299 1.4993 1.8852 1.7880 2.4889 1.8664 2.0285 1.9521 1.4363 2.7557 3.4940 2.6816 2.5566 2.5184 2.2814 2.8466 2.8257 2.7366 2.8573 2.7752 3.0330 2.5883 2.6046 2.5184 2.8466 3.1270 2.6816 2.6639 2.8900 2.8257 2.9830 2.6296 2.8257 3.2622 3.2622 2.6466 3.0856 2.6816 3.2784 3.0856 2.9708 2.6727 2.3050 2.7179 6.1401 2.4463 2.5644 3.5343 215.8902 2.7272 2.0464 7.0501 2.3730 1.5859 215.8902 2.6906 2.8573 2.8573 2.3414 3.4550 2.1616 215.8902 1.9439 3.5977 215.8902 2.5566 2.8790 3.3809 215.8902 2.1981 215.8902 2.6639 2.9952 2.4816 3.4550 2.3230 5.5176 3.2463 2.6381 2.3414 2.1167 215.8902 215.8902 2.3539 215.8902 215.8902 2.9238 6.3208 2.7366 3.4940 2.3291 1.9980 2.6046 2.7752 3.9183 3.8107 1.6845 2.7366 2.1022 2.9470 2.7272 3.3284 3.7114 2.0509 2.6906 3.6196 2.1464 2.0786 2.2873 2.0786 2.0110 1.7845 2.0330 2.0927 1.9239 1.9938
23 1.7031 1.6485 1.6426 1.5377 1.7093 1.9769 1.3156 1.9359 1.6907 1.2406 1.8371 1.2520 1.0710 1.4109 1.3364 1.1925 1.2953 1.1536 1.4246 0.7847 1.3322 1.4721 1.6604 0.0000 2.4603 2.4463 2.8681 2.2416 2.9708 2.6466 3.2948 2.5803 2.8573 2.8900 2.3414 3.1555 2.7654 2.9952 2.6816 2.8154 2.9708 3.2463 3.1999 2.7179 3.0722 2.4463 2.8900 2.5335 2.2472 2.5488 2.3291 2.6296 2.4889 2.4463 2.9952 2.7461 2.6296 3.1412 3.3114 3.8633 2.0555 1.7511 3.1130 2.6381 2.4962 2.7752 2.9011 2.4745 2.6129 3.0992 2.6906 215.8902 2.3666 2.5184 2.4463 3.2151 2.3794 2.5488 3.1849 2.4962 2.5566 2.6816 2.6212 2.7087 3.1999 2.5723 2.5883 2.6639 2.6996 2.6906 2.3924 3.4550 3.4940 2.3414 2.3291 2.8790 2.6552 3.4940 3.1849 2.5109 215.8902 2.7179 1.9603 2.4533 2.6816 2.3050 2.9011 2.8466 1.7880 2.2873 3.1701 2.6466 2.7179 215.8902 1.9811 1.9685 1.7348 2.2361 1.4339 215.8902 2.6727 215.8902 2.2250 215.8902 2.3414 2.6727 2.2528 2.4122 2.3170 1.8516 2.4122 2.0693 2.4745 1.8228 2.6296 2.5803 2.3539 3.6196 2.1823 1.9938 1.8814 2.8257 2.8681 2.9354 3.0330 3.0992 2.8466 3.0202 3.0459 2.7951 3.1555 2.9708 2.9124 2.7951 2.8790 3.3114 2.7752 3.2622 3.9755 3.0992 3.0202 3.9183 3.3456 3.0459 3.1270 4.0978 3.5343 3.5140 4.1301 3.1701 3.4550 3.0202 4.1970 2.9952 3.0459 3.2784 2.8790 3.0722 215.8902 3.0992 2.1414 215.8902 2.3539 2.5803 3.4360 3.7114 2.4603 2.9589 3.0202 2.2931 2.3794 3.3284 3.2463 6.7176 2.2416 2.7179 2.4603 2.7179 2.1265 2.9708 2.0023 2.5488 2.6639 2.7179 3.1270 2.8466 2.6129 2.7654 4.8150 2.6129 3.7600 2.8900 2.6639 2.9952 3.4550 2.6129 3.0459 2.9952 3.9755 2.5723 2.8361 3.3456 1.9121 2.9011 2.0647 2.2699 2.9708 2.0464 2.3109 2.7654 2.5259 2.3794 2.6816 2.5259 2.1875 2.6046 2.6727 2.7366 2.4889 2.3990 2.3924 1.7413 1.9239 2.3414 2.1315 2.1119 2.1167 215.8902
24 2.7752 2.8681 3.0722 2.7752 2.1119 2.3050 2.3109 2.5035 2.3414 2.5411 2.2088 2.2034 2.6816 2.5109 2.3050 2.3666 2.5335 2.2814 2.9238 2.5723 2.3666 2.5488 2.7951 2.4603 0.0000 0.7305 0.9062 0.8957 0.9413 0.8226 0.9009 1.1450 1.0009 0.9454 0.9142 1.2636 0.9168 1.1711 1.3707 1.2368 0.8673 1.0445 1.0247 1.3795 1.4018 0.8497 1.2255 1.8228 1.7445 1.9769 1.9121 1.7880 1.8590 2.5335 2.2305 2.0555 2.2472 2.0464 2.0601 2.1515 2.0647 2.1315 2.4463 2.5184 2.4257 2.7752 2.4257 2.6466 2.9238 2.7179 2.5566 215.8902 1.9082 1.7610 1.8407 2.0285 1.8890 2.4394 2.1928 2.1719 2.1823 1.5273 2.6816 2.3050 2.5335 2.4816 2.5644 2.6639 2.6552 2.6727 2.3477 2.2196 1.7845 1.5696 1.7610 2.0110 1.7610 1.4528 1.3322 1.7811 1.7744 1.3861 1.3074 2.3859 1.6845 1.9399 1.8928 2.3050 1.3577 1.8443 1.4293 1.4770 1.4624 1.1399 2.1414 1.8087 1.7948 2.0975 1.2444 215.8902 1.7610 3.6646 1.4433 1.5299 1.6515 2.7366 1.8017 2.0693 2.0285 2.3859 1.8664 2.1616 1.7880 1.7811 1.8590 2.1565 2.1875 2.0927 1.9603 1.7677 2.0285 2.6296 2.6996 2.4190 2.5803 2.5035 2.0880 2.4190 2.3602 2.3291 2.2361 2.2990 2.1414 2.1771 2.2196 2.3414 2.3050 2.4056 2.3170 2.1070 2.1364 2.3414 2.4673 2.6296 2.4190 2.4533 2.5964 2.2034 2.2931 2.1464 2.3924 2.5411 2.6296 2.3794 2.1022 1.9200 1.8516 2.0110 2.2814 3.5551 215.8902 215.8902 3.3114 2.2990 2.0197 2.1565 2.3414 2.6996 1.5777 1.6876 2.0023 2.9238 2.4889 215.8902 2.3291 2.0241 2.0739 2.4257 1.9200 1.6224 1.9279 2.1928 2.7366 1.9853 2.6816 3.6419 2.4463 2.2814 2.7461 1.5119 3.4743 2.4889 2.8573 2.7752 2.4190 1.8443 2.4056 2.5488 2.5035 2.4463 2.3230 2.9952 2.1315 2.5335 2.2873 1.9769 2.6816 2.7179 2.9124 3.2463 2.2585 2.6996 2.9708 2.4745 2.6296 2.2699 3.2151 2.7654 2.4463 2.0374 2.8361 2.9238 2.3353 2.5883 2.2034 2.3859 2.8573 1.8590
25 3.1270 2.7272 3.5977 2.7557 2.2642 2.1315 2.6296 2.5964 2.3794 3.0459 2.6046 2.8573 2.6816 3.1849 3.2151 2.7654 3.2463 2.6466 2.9589 3.0722 2.8681 2.6639 2.9470 2.4463 0.7305 0.0000 0.8724 0.9195 1.0616 0.8673 0.9721 1.0999 1.1925 0.9236 0.8472 1.2813 1.0368 1.2853 1.4177 1.3928 0.9468 1.1114 1.0247 1.4648 1.4457 0.8788 1.2793 1.8087 1.8739 2.2814 2.0197 1.9439 1.8228 2.4673 2.2814 1.9439 2.1981 2.0693 2.1414 2.6639 2.2931 2.3050 2.9011 3.1555 2.3666 3.2948 2.6466 3.1555 3.3114 2.4190 2.7654 215.8902 2.3924 1.6368 2.2814 2.6639 1.8739 2.5411 1.9279 2.1515 2.1981 1.9439 2.9952 2.4056 2.1719 2.4257 2.4463 2.5335 2.6466 2.6906 2.5259 2.3414 2.1928 1.8739 1.8590 2.1119 2.3666 1.2833 1.2754 2.0023 2.0374 1.4481 1.5170 2.1565 2.0330 1.9853 2.1022 2.3666 2.8681 2.5803 1.8739 1.5018 1.8263 215.8902 2.3414 2.1981 2.0555 2.2196 1.5273 215.8902 1.9521 2.2873 1.7478 1.7948 1.4819 2.6129 2.1167 2.1565 2.2416 2.0833 2.9589 2.2931 2.9011 2.5035 2.6639 2.8573 2.7179 2.1981 2.1771 2.1119 2.5035 2.5644 2.7752 2.3859 2.4325 2.7179 2.1875 2.3109 2.6639 2.6296 2.2142 2.8154 2.1022 2.1216 2.1771 2.1565 2.5964 2.4673 2.0975 2.1022 1.9603 2.6639 2.9589 2.8790 2.8052 2.8154 2.8573 2.1414 2.1364 2.2814 2.3050 2.6466 2.6296 2.2361 2.0739 3.1555 1.9359 2.1119 3.1555 3.1270 1.7031 215.8902 3.0459 2.9952 3.5762 2.7752 3.5551 3.0589 2.2699 2.3050 2.3414 3.8367 2.4962 215.8902 2.1414 1.8157 2.9238 2.8790 2.1464 2.2088 2.0975 2.4190 2.2756 2.1364 2.4745 2.7752 2.8154 2.1928 3.2784 1.6784 2.4056 2.1823 2.7951 2.1515 2.1216 1.9727 2.8052 2.3414 2.6466 2.8573 2.5035 2.6816 2.3170 2.7179 2.1771 1.9521 2.8052 2.6466 2.5644 3.9183 2.3291 3.8633 3.3456 3.1130 2.8154 2.4325 3.6419 2.9124 2.5644 2.0693 2.6816 2.4257 1.9521 2.6046 2.9124 2.8154 2.5723 2.0601
26 2.6639 3.6196 3.5343 2.4325 2.1265 2.4603 2.4325 2.4257 2.2814 3.0076 2.1265 2.6639 2.7461 3.1412 2.8573 2.6466 3.1412 2.5644 3.0856 2.2931 2.7272 2.5803 2.6996 2.8681 0.9062 0.8724 0.0000 1.0009 1.0024 0.9399 1.0068 1.1889 0.9980 0.9893 0.9372 1.2292 1.0983 1.2181 1.4339 1.4154 0.9778 0.9622 0.9893 1.4943 1.4154 0.8572 1.2125 1.8228 2.2250 2.4603 2.2142 1.9685 1.9938 2.2699 2.3291 2.7179 2.2142 2.2642 1.8443 2.4190 1.8814 2.0927 2.6466 2.5184 2.5184 2.7179 3.0589 2.5803 2.8052 2.5184 2.6466 215.8902 2.0786 1.7156 2.2034 2.3666 1.8890 2.4056 2.1216 2.2034 2.4889 2.0555 2.4533 2.3230 2.3666 2.4463 2.5883 2.5035 2.5184 2.4190 2.7366 2.4889 1.7811 1.6253 1.8627 2.3730 1.9727 1.3301 1.3664 2.3170 2.4325 1.7125 1.5696 2.1414 2.1719 2.2585 1.9853 2.2034 1.5273 1.6968 1.6604 1.8087 1.9279 215.8902 2.0739 1.6784 2.0419 1.6876 1.0742 215.8902 1.7544 2.9952 1.4697 1.5777 1.7544 2.1928 1.7811 1.9200 2.1022 1.8590 1.9439 1.9685 1.9769 1.5942 1.6544 1.8122 2.6212 1.8814 2.0067 1.9044 1.6253 2.6996 2.3990 2.5644 2.2196 2.4889 2.1414 2.4745 2.5335 2.4190 2.1928 2.3539 2.2196 2.1315 2.0601 2.1070 2.1823 2.3666 2.2814 2.0023 2.0197 2.1070 2.3539 2.2305 2.4325 2.1823 2.1119 2.1771 2.1315 2.1719 2.2642 2.4257 2.2250 2.1265 1.9685 2.0927 1.9082 2.2756 2.0067 2.1928 2.2250 2.1119 2.1315 1.9603 2.1565 3.1412 2.7557 2.5644 1.6907 2.1928 2.0330 2.6639 2.3924 1.8852 2.4394 1.9399 2.3170 2.3291 2.3477 1.6784 2.3050 2.3990 2.8790 2.0285 2.2472 1.9980 2.7461 2.0647 2.2699 1.5832 2.9354 2.3794 3.6878 2.2196 2.0374 2.1414 1.9938 1.9727 2.2528 2.1928 2.3539 2.5803 2.4603 2.4603 2.0023 2.2142 2.8900 2.8900 2.2873 3.6419 2.0419 2.9952 3.1555 2.8900 2.7179 2.0739 3.2463 3.0330 2.5035 1.8664 1.9359 1.9005 2.0880 1.9980 1.8122 2.0601 2.5184 2.1119
27 2.0285 2.8052 3.2463 2.4325 2.2142 2.0975 2.6552 2.3414 2.4816 2.7951 2.4056 2.4889 2.5964 2.7951 2.6129 2.7366 2.6129 2.3170 3.2151 2.4673 2.7272 2.3924 2.5644 2.2416 0.8957 0.9195 1.0009 0.0000 0.9721 0.9951 0.9980 1.3620 1.0476 1.0083 0.9636 1.2406 1.0584 1.1180 1.3773 1.4086 0.9735 1.2052 1.0886 1.4293 1.3406 0.9551 1.2520 2.1823 2.1414 2.4603 2.4122 2.5259 1.9853 2.3414 2.2142 2.1464 2.1565 2.1565 2.2034 2.4056 2.2305 2.5964 2.4962 2.2873 2.2642 2.0374 2.3730 2.8052 2.4257 2.3353 2.3170 215.8902 2.5964 2.3414 2.1515 2.1823 2.0374 2.1216 2.2873 2.3794 2.2142 2.1119 2.2472 2.2931 2.0110 2.4394 2.4889 2.6996 2.6381 2.3990 2.3666 2.3414 2.1119 1.5642 1.9561 2.0419 1.9853 1.3074 1.5068 2.0241 1.7413 1.4819 1.3884 2.2756 1.9439 1.7478 1.9044 1.9319 1.4063 2.0285 1.5429 1.8017 1.6195 1.3620 1.7610 1.9121 2.3539 1.9769 1.4918 215.8902 1.4339 2.4394 1.2913 1.6138 1.5696 1.8966 1.5970 2.1565 2.3666 1.6724 2.2034 2.1616 1.9121 1.6845 1.7284 1.6845 2.3924 1.6195 1.5043 1.7380 1.8157 2.5184 2.3170 2.2250 1.9727 2.1464 2.1022 2.2873 2.1364 1.9480 2.1167 2.4962 2.1315 2.2990 2.0786 2.1167 2.4190 2.6552 2.0833 2.5259 2.1414 2.6639 2.7366 2.9708 2.5723 2.6639 2.5335 2.3230 2.1022 2.3050 2.2642 2.9354 2.0739 2.2472 2.0023 2.2931 1.7948 2.0693 2.0739 2.7087 1.3995 215.8902 2.4533 2.0464 2.2250 2.7272 2.8466 2.3539 1.8087 2.0285 2.0927 3.0722 2.5644 215.8902 2.5335 1.8407 2.0241 2.4673 1.9938 1.9895 2.5335 2.3109 2.1719 2.1414 2.5184 1.8192 2.4122 2.0023 2.4816 1.6026 3.2151 2.4325 3.3456 2.8573 2.9238 3.0202 3.2948 2.7179 2.3414 2.5964 2.3353 2.6381 1.9200 2.5803 2.6212 1.8814 2.4745 2.5335 2.0647 3.1270 2.0975 3.0459 3.4360 2.9124 2.8154 2.3477 3.0202 2.9589 2.4190 2.8361 2.2585 2.7179 2.0285 2.3539 2.2305 1.9938 2.4745 1.7744
28 2.7752 2.7272 4.4980 2.3730 2.4325 2.5488 2.8052 2.5184 2.2642 2.7461 2.5184 2.7179 2.6996 2.4056 2.6046 2.7951 2.8257 2.5964 3.0722 2.9589 2.9124 2.4673 2.5335 2.9708 0.9413 1.0616 1.0024 0.9721 0.0000 0.9636 0.9399 1.4673 1.1065 0.9022 1.0039 1.2425 1.0308 1.2754 1.4386 1.4481 0.9062 1.1519 1.1081 1.5508 1.4697 0.7504 1.2714 2.4056 1.9685 2.0555 2.3170 1.9769 1.7880 2.5803 2.3794 1.9811 2.0647 2.2472 2.4190 2.6296 2.0647 1.8157 3.2784 2.6381 2.4816 2.4745 2.5184 2.5964 2.8361 2.1875 2.4603 215.8902 2.5035 2.2472 2.0023 2.0110 2.2699 2.0197 2.3924 2.1719 2.2196 1.7478 2.6639 2.7179 2.5109 2.9952 2.5411 2.4394 2.8052 2.5035 2.5184 2.8361 2.5488 2.2931 2.3291 2.9589 2.4056 2.0330 2.0464 2.1928 2.3859 2.0739 1.4109 2.2756 2.0023 2.3291 2.3109 2.1464 215.8902 1.6907 1.7031 2.4190 1.9121 215.8902 2.3170 2.2361 2.3353 2.1565 1.2873 215.8902 1.7744 2.5644 1.7413 1.5970 1.9811 1.5777 1.7880 1.6604 2.1823 1.6574 1.7478 1.8371 1.6724 1.7156 1.8017 1.7544 2.3109 1.5043 1.4893 1.8553 1.7220 2.7179 2.9354 2.4745 2.2990 2.5964 2.2931 2.2416 2.8900 2.7951 2.3924 2.4962 2.2250 2.2585 2.2642 2.1823 2.4533 2.6996 2.2142 2.3539 2.3050 2.5184 2.6381 2.6046 2.5803 2.8900 2.4745 2.3794 2.3602 2.2142 2.4394 2.4816 2.8257 2.4745 2.3539 2.5964 1.7914 1.8299 2.5964 2.2250 1.4109 7.2904 3.3809 2.4325 2.1616 2.9952 2.5883 2.8790 1.7914 2.1119 2.2034 3.3114 2.2034 215.8902 2.3050 2.4745 2.4463 2.9124 2.3414 1.7478 3.3809 2.7366 2.8573 3.3456 2.4889 1.9685 2.8466 2.5723 2.9238 1.9319 2.3291 2.5488 2.7951 2.6996 2.9011 2.4745 3.1555 2.9011 2.4603 2.1119 2.4816 2.5723 2.4190 2.6639 2.7951 2.2699 2.9470 2.9952 2.4962 3.3809 2.0555 2.8790 2.9011 2.8573 3.2622 2.2250 3.3456 3.1412 2.0110 2.0241 2.3924 2.3477 2.4533 1.7284 1.5482 1.9044 2.0647 2.2873
29 2.7557 2.7087 5.6597 2.8052 2.2814 2.5883 2.6906 2.6381 2.4533 2.5184 2.5184 2.5964 2.9708 2.5035 2.7654 3.0992 2.6639 2.7557 3.1270 2.9589 2.6906 2.6129 2.5488 2.6466 0.8226 0.8673 0.9399 0.9951 0.9636 0.0000 0.9922 1.2873 1.0773 0.9692 0.8202 1.1799 0.9468 1.1997 1.3928 1.3884 0.9331 1.1131 1.0966 1.3642 1.3839 0.8584 1.2597 1.7156 1.9121 2.2250 2.0739 1.7811 1.7413 2.4190 1.8299 1.9399 1.9769 1.9121 2.5803 2.3170 2.2472 2.7557 2.4394 2.7461 2.4533 2.7272 2.6727 2.4257 2.6816 2.4394 2.5335 215.8902 2.0464 2.1216 1.7744 1.8890 1.6604 2.4463 2.0975 1.9439 2.1414 2.2361 2.5259 2.3353 2.2250 2.5488 2.3924 2.6381 2.5723 2.3109 2.5335 2.4394 2.1414 1.9685 2.0927 2.1119 2.3794 1.2913 1.4109 1.8299 1.7348 1.2636 1.6281 2.2034 1.6604 2.3050 2.0023 1.9811 1.6138 2.1414 1.9044 1.8335 1.8443 2.0647 1.4819 2.2699 2.1981 2.2756 1.1746 215.8902 1.7744 2.4463 1.5942 1.7093 2.1216 2.3230 1.8017 1.8052 2.2472 2.1771 2.6296 2.2931 1.9439 1.9439 1.6195 1.9980 2.7654 1.7914 1.8814 2.0374 2.0197 2.9470 2.8790 2.6212 2.3859 2.5184 2.1667 2.1364 2.7366 2.1928 2.2361 2.5723 2.1771 2.2585 2.0739 2.0509 2.8573 2.5335 2.1022 2.3539 2.1464 2.5723 2.3794 2.6466 2.5566 2.4962 2.4394 2.2585 2.3170 2.2642 2.3730 2.5035 2.4889 2.4603 2.1022 2.3924 1.9279 1.9161 2.2931 2.8361 1.7031 215.8902 2.8361 2.2196 2.5109 2.4325 2.3539 2.7752 1.9769 2.2873 2.2088 2.8361 2.5644 215.8902 2.8466 2.2196 2.3477 2.5803 1.9938 2.1119 2.5803 2.4463 2.4603 2.2990 3.1130 2.0285 3.0722 2.8257 3.0459 1.4673 2.7461 2.8900 2.7752 3.1270 2.5035 2.3602 2.0285 2.6466 3.0202 3.0076 3.3809 2.5335 2.7752 3.2151 2.3170 2.1315 2.9708 2.7752 2.4122 3.7355 2.1022 3.2151 3.4550 2.9952 2.7366 2.1022 3.2463 2.9952 1.8814 1.8299 2.3794 2.7752 1.9200 2.3414 2.1464 2.0647 2.1875 1.9161
30 2.7951 3.0076 2.2990 2.6816 2.1070 2.3050 2.2814 2.1565 2.5259 2.8573 2.4190 2.7654 2.8361 2.4463 2.6296 2.4745 2.4816 2.5335 3.1412 2.9830 3.1130 2.6996 2.6381 3.2948 0.9009 0.9721 1.0068 0.9980 0.9399 0.9922 0.0000 1.3115 0.9636 0.9835 1.0009 1.1365 1.0054 1.2714 1.4386 1.4576 0.8852 1.0338 1.0217 1.4363 1.4576 0.8202 1.1571 2.1823 1.8299 2.4190 2.2142 2.0464 1.7744 2.5035 2.4190 2.2142 2.1216 1.9685 2.6129 2.6996 2.0197 2.2814 2.7179 2.7179 2.3477 2.6046 2.3414 2.6996 2.7752 3.3809 2.4889 215.8902 2.1823 2.0197 2.2814 2.1515 2.0927 2.2361 2.0647 2.0927 2.3477 1.8739 2.6639 2.5883 2.3602 2.5411 2.6296 2.7087 2.9589 2.5803 3.0722 2.4745 1.9359 1.5750 1.7380 2.3666 2.0241 1.5018 1.5804 2.0023 2.6381 1.5299 1.3995 2.0509 1.8017 1.9521 1.8087 2.2814 1.4063 2.0285 1.7677 1.5859 1.7544 215.8902 2.1771 1.9044 2.2250 2.2416 1.2873 215.8902 1.5068 2.4056 1.5696 1.8299 1.8664 2.5803 2.1364 2.0067 2.0739 2.1565 2.1928 2.1719 2.0975 1.9603 1.7778 1.9938 2.4190 1.9727 2.0555 1.9200 2.0786 2.5488 2.5411 2.2756 2.1464 2.4745 1.9769 2.3170 2.4325 2.5488 2.4257 2.3539 2.1667 2.1216 2.2034 1.9044 2.4673 2.7087 1.9685 2.0693 2.2990 2.7951 2.4603 2.5184 2.3291 2.5184 2.4745 2.1515 2.1981 2.0647 2.1823 2.5803 2.4190 2.3539 1.8122 2.2305 1.8443 2.0927 2.1265 2.6212 215.8902 4.1301 2.6996 2.0153 2.2034 1.7316 1.9359 2.5411 2.5184 2.0927 2.3477 2.9830 2.1719 215.8902 2.9952 1.8192 2.1719 2.7557 2.1070 1.9319 2.4463 2.2196 2.5488 2.9952 2.0023 1.5832 2.3414 2.2585 2.2931 2.0647 2.2250 2.9708 3.0992 2.6816 2.4056 2.2472 2.3730 2.3539 2.4603 2.3291 2.3109 2.8361 2.3291 2.8257 2.6816 1.7577 2.8681 2.8573 2.6906 2.7851 2.3414 2.5723 2.0833 2.6816 2.7179 1.9359 3.4360 2.9952 2.0464 2.1823 2.2814 2.0555 1.9439 2.0927 1.7220 1.7413 2.3539 1.7880
31 2.9011 3.5140 3.3809 2.4257 2.2250 2.3666 2.6129 2.8154 2.6639 2.9011 2.3602 2.6381 2.6816 2.6727 3.0202 2.9011 2.7654 2.2873 2.5883 2.7272 2.7366 2.9952 2.8361 2.5803 1.1450 1.0999 1.1889 1.3620 1.4673 1.2873 1.3115 0.0000 1.3534 1.4316 1.1502 1.7284 1.4697 1.5403 1.6907 1.7125 1.3817 1.3599 1.4063 1.6876 1.4018 1.2559 1.6253 2.2528 2.0023 2.0555 2.2034 2.3050 2.2585 1.9895 2.2814 2.0023 2.7179 2.6906 2.1515 2.5184 2.6296 3.8633 2.2361 2.8361 2.7366 2.8900 3.5762 2.3477 2.8361 2.7654 2.9708 215.8902 2.7951 2.2472 2.5035 2.2250 2.1315 2.5411 2.1981 1.9439 2.5035 2.0555 2.7366 2.3477 3.0459 2.3602 2.9011 3.0856 2.7087 3.2306 2.4745 2.7087 2.6996 1.6426 1.8087 2.0374 2.2361 1.6224 1.5970 1.6544 1.9161 1.6082 1.5998 1.9853 1.9769 2.5335 1.9980 2.1616 215.8902 1.9439 2.0023 1.8890 1.7252 215.8902 2.1981 2.4325 2.4673 2.7179 215.8902 215.8902 1.9399 18.1616 1.5273 1.5723 1.8443 2.7951 1.9005 2.0509 2.2472 2.2756 2.3230 2.5184 1.9044 2.1216 1.9082 2.0067 2.5109 2.1823 2.3050 2.1875 2.0693 2.3990 2.3539 2.3602 2.8790 2.9830 2.0555 2.5109 2.2034 2.1022 2.5803 2.6996 2.1928 2.5335 2.6381 2.4673 2.6552 2.1119 2.5488 2.0555 2.3050 2.4533 2.7557 2.6296 2.6816 2.7752 2.9354 2.5488 2.3666 2.3109 2.5644 2.6212 2.5803 2.4325 2.3602 2.1464 1.8087 1.6845 1.9521 2.5644 2.2088 2.7179 2.2142 2.1315 1.9399 2.2873 2.9952 2.3924 1.9239 2.2931 2.0330 2.5803 2.5803 1.6138 2.4325 1.9005 2.8052 2.4122 2.1464 2.2416 2.1414 2.0285 3.3456 2.9124 2.4325 1.7284 2.6727 2.6639 2.8900 1.6663 2.8257 2.5035 3.0992 2.5335 2.6296 2.3230 3.0722 2.4889 2.2472 2.4962 2.2472 2.1616 2.0555 2.9470 2.3353 2.0285 3.1270 2.9708 3.4743 4.3403 2.6129 3.4550 2.9952 3.1270 2.8154 2.1719 4.7185 3.0330 2.4325 2.2416 2.5184 2.4394 2.1981 2.3666 2.3859 2.2585 2.2250 2.0285
32 2.9238 2.9354 2.9830 2.2642 2.2088 2.3794 2.4889 2.2931 2.2585 2.6129 2.3050 2.5644 2.5335 2.6727 2.6816 2.5566 2.6816 2.6296 3.5140 2.6046 2.6639 2.1875 2.4603 2.8573 1.0009 1.1925 0.9980 1.0476 1.1065 1.0773 0.9636 1.3534 0.0000 1.0445 1.0821 1.2070 1.0600 1.3428 1.5094 1.4041 1.0837 1.1889 1.2873 1.5914 1.5068 1.0039 1.3074 2.5488 1.9769 2.0927 2.3539 2.0110 2.1315 2.3050 2.2585 2.2142 2.2250 2.2250 2.2585 2.2585 2.0374 2.3990 2.7179 2.7752 2.3414 2.7752 2.5411 2.6552 2.6296 2.4122 2.5803 215.8902 2.0739 1.8017 2.1515 1.9359 2.0739 1.9685 2.1364 2.3291 2.4257 2.0927 2.6046 2.3730 2.5335 2.4463 2.5335 2.6046 3.1701 2.5883 2.3990 2.7179 2.1928 1.8443 1.8852 2.3794 2.0374 1.8590 1.8890 1.8443 2.1022 1.7478 1.6724 2.4603 1.9685 2.3666 2.4190 2.1265 1.3577 2.0833 1.8228 2.1414 2.0927 2.4463 2.1364 2.0285 2.1667 1.9319 1.1746 215.8902 1.6845 2.2472 1.6693 1.6784 1.8664 2.4962 1.7983 2.0285 1.9895 1.8814 2.2034 1.9044 1.7348 1.7610 1.7710 2.0197 2.5335 1.8739 1.9521 1.7744 1.8192 2.9238 2.6552 2.3859 2.4463 2.8681 2.2585 2.5964 2.6129 2.5184 2.2756 2.5644 2.1616 2.0833 2.3353 2.2034 2.5964 2.8154 2.2756 2.3414 2.1216 2.5035 2.3477 2.4603 2.6212 3.0722 2.7752 2.2196 2.4394 2.3666 2.4533 2.6639 2.5964 2.2585 2.0975 2.3730 2.2585 2.2034 2.3353 2.6727 1.5642 215.8902 2.3170 2.2814 2.3170 2.7951 2.2250 2.6466 1.6724 2.0285 2.2250 2.7951 2.4056 215.8902 2.4745 1.9044 3.0992 2.6381 2.1565 2.2142 2.5644 2.4257 2.3539 3.1555 2.4889 2.1315 2.3666 2.4745 3.0992 1.8516 2.7951 2.4056 2.6639 2.8361 2.6906 2.7366 2.3050 2.6906 2.6996 2.9470 2.5644 2.3924 1.9561 2.5109 2.7179 1.8017 2.7179 3.0722 2.1771 2.6816 2.0880 2.8573 3.1999 2.7752 3.0330 2.3230 3.1130 2.9708 1.8263 2.0374 1.8122 2.2034 1.8443 2.0509 1.7914 1.8590 2.1119 2.0110
33 2.5644 2.9238 2.7179 2.5411 2.1616 2.2472 2.5184 2.2088 2.2472 2.6639 2.1216 2.5411 2.5803 2.4745 2.7272 2.7951 2.5184 2.7752 2.8257 2.5723 2.4673 2.6727 2.5803 2.8900 0.9454 0.9236 0.9893 1.0083 0.9022 0.9692 0.9835 1.4316 1.0445 0.0000 0.9142 1.3884 1.0277 1.2387 1.3364 1.3034 0.9413 1.0886 1.0805 1.4154 1.3513 0.9209 1.2636 1.7744 1.7880 2.5644 1.9561 1.9769 1.6724 2.4056 2.0464 2.2142 2.5488 2.3539 2.1265 2.4190 1.9685 1.8157 2.4816 2.4745 2.2361 3.0076 2.6639 2.2034 2.4056 2.1565 2.3050 215.8902 1.8299 1.8017 1.5642 2.1022 1.7744 2.1565 2.1515 1.9439 2.0197 1.9685 2.5644 2.2642 2.2250 2.4325 2.4325 2.1928 2.7752 2.4745 2.2585 2.3794 2.1515 1.6604 1.8157 2.0285 2.2034 1.4154 1.4505 1.9853 2.0927 1.4844 1.4918 2.0153 2.0197 2.0833 1.8157 2.3414 215.8902 2.2931 1.7610 1.5669 1.7478 215.8902 2.0786 1.7880 2.0693 2.1414 215.8902 1.4721 1.6253 2.6129 1.4624 1.5119 1.6907 1.9853 2.0110 1.8087 2.1667 1.6574 1.8335 1.7677 1.8157 1.7156 1.7284 1.6999 2.2814 1.9769 2.1364 1.9521 1.6968 2.6212 2.5035 2.8573 2.2990 2.4962 2.0419 2.4889 2.5644 2.6129 2.0880 2.4889 2.0927 2.2034 2.1265 2.1981 2.3291 2.4190 2.2814 2.0927 1.9561 2.4889 2.4056 2.6212 2.6466 2.7557 2.6639 2.3414 2.0374 2.1414 2.2250 2.6906 2.5184 2.2472 2.0464 1.6397 1.6310 2.6906 1.9359 2.7654 1.6907 215.8902 3.6646 5.0239 2.5184 6.9357 3.5551 3.1555 2.1771 1.9005 2.4325 3.1849 6.8249 215.8902 2.2250 1.7948 3.3284 3.2306 2.5184 1.5170 2.7752 2.4889 2.3170 2.7752 3.2622 1.6167 2.8257 2.3291 2.9354 1.5482 2.7366 2.2585 2.5803 2.7366 2.3924 2.3170 2.6816 2.3794 2.9238 3.0202 2.6639 2.6129 2.3539 2.9708 2.2142 2.1265 2.7272 2.6816 2.6552 3.2463 2.1022 2.8790 2.9238 2.5803 2.6296 2.0374 2.8790 3.0330 2.2196 2.0693 2.0833 2.6816 1.9005 2.1515 1.7845 1.9044 2.7179 1.9769
34 2.6296 2.6816 2.8154 2.2088 2.1515 2.4394 2.4533 2.4325 2.2699 2.5644 2.2361 2.2931 2.6727 2.8681 2.8361 2.5184 2.8466 2.7179 2.7461 3.0202 2.4394 2.4962 2.7557 2.3414 0.9142 0.8472 0.9372 0.9636 1.0039 0.8202 1.0009 1.1502 1.0821 0.9142 0.0000 1.2993 0.9636 1.2559 1.3884 1.4086 0.9195 1.0726 1.0507 1.3449 1.1997 0.9222 1.4410 1.9521 1.7544 1.9769 2.2472 1.9121 1.6845 2.2034 1.9769 1.9769 2.2142 2.2142 2.0285 2.2250 1.9644 1.9521 2.5259 2.7179 2.6906 2.9952 2.9952 2.7752 2.9011 2.5803 2.8154 215.8902 2.1216 1.8890 2.0285 2.1119 1.8299 2.3666 2.3794 2.0833 2.4325 2.0419 2.5644 2.2361 2.3353 2.4745 2.6296 2.4603 2.7654 2.8790 2.8573 2.6727 2.1119 1.4481 2.1315 2.0023 2.0374 1.5887 1.9359 1.7610 1.7125 1.4154 1.2463 2.0555 1.9644 2.1414 1.8966 2.2472 215.8902 2.1414 1.7220 2.0464 1.7811 1.9769 1.5482 1.9769 2.1022 1.9279 1.7478 215.8902 1.4770 2.5109 1.4600 1.5696 1.7744 3.8367 1.8627 2.0023 2.1616 2.3291 1.9938 2.2814 2.0927 1.7031 1.8263 2.6727 1.9685 2.1022 2.2990 1.8776 1.8157 2.3859 2.6639 2.0330 2.3414 2.5488 1.9082 2.6129 2.6129 2.2250 2.1315 2.1216 2.0023 2.2472 2.4190 2.1315 2.7951 2.4962 2.1616 2.0739 2.0241 2.4056 2.4394 2.6046 2.5488 2.5035 2.2585 2.4325 2.2990 2.2873 2.6381 2.2361 2.6816 2.2931 2.1464 2.2361 2.2250 2.2585 2.3353 2.5488 1.3301 3.4550 2.5035 2.5566 2.4816 2.5488 3.0076 2.6816 2.2642 2.0880 2.2361 2.9589 2.4603 215.8902 2.0153 1.9644 2.6296 2.4325 2.6816 2.3794 2.4673 2.5566 2.0927 2.4325 2.3109 2.1875 2.6727 2.1719 2.9238 1.6082 3.1270 2.2931 2.3170 1.9279 2.2814 2.7557 2.1216 2.5488 2.6381 2.5411 2.5803 2.6906 2.3859 3.0459 2.0555 1.9938 2.7951 2.6212 2.5644 3.0992 2.6381 3.1555 3.1999 2.7366 2.6466 2.3414 3.1849 2.9124 2.4257 2.5259 2.5644 2.8466 2.1771 2.9708 2.1414 2.4603 2.7179 1.8739
35 2.2814 3.2306 2.6212 2.4745 2.2585 2.8573 2.7366 2.3050 2.3050 2.5566 2.2931 2.7461 2.7654 2.7179 2.9708 2.5035 2.6639 2.5723 3.1412 2.5803 3.1130 2.7557 2.5335 3.1555 1.2636 1.2813 1.2292 1.2406 1.2425 1.1799 1.1365 1.7284 1.2070 1.3884 1.2993 0.0000 1.3556 1.3906 1.6054 1.6693 1.2181 1.3074 1.2236 1.6845 1.5859 1.2088 1.4673 2.1119 2.3539 2.1119 2.4533 1.8890 1.9685 3.1270 2.5803 1.8443 2.2250 2.3170 2.3794 2.2250 2.0285 2.1616 2.6639 2.6906 2.4394 2.5964 2.7654 2.7461 2.4257 2.3794 2.3477 215.8902 2.1928 2.3924 2.0023 2.0464 1.9359 2.8257 1.9603 2.0023 2.3539 2.0927 2.4394 3.0856 2.5184 2.6212 2.5644 2.4325 2.6296 2.3666 2.5803 2.4394 2.0647 1.9521 1.8443 2.1823 2.5964 1.6876 2.0110 2.2250 2.1928 1.7744 2.0241 2.4533 1.8480 2.5035 2.6906 3.0202 1.6663 2.1167 1.9811 2.0975 2.1167 215.8902 2.1265 2.0647 2.2642 2.4122 215.8902 3.4360 1.9399 3.1130 1.7511 1.6485 1.9853 2.2472 1.9895 2.0647 2.0197 2.1928 1.9561 2.2250 2.3353 1.9359 1.9480 1.9853 2.6296 1.9359 2.0023 2.2305 1.9938 2.5803 2.7752 2.8257 2.3666 2.5566 2.2250 2.4816 2.5335 2.3990 2.4325 2.5803 2.1667 2.3666 2.2034 2.2088 2.5488 2.7557 2.0067 2.5803 2.5566 2.4394 2.5184 2.4816 2.6129 2.5335 2.4533 2.4745 2.3109 2.3291 2.3859 2.5335 2.7366 2.6296 2.0975 2.2931 2.3539 2.5883 2.0023 2.4056 2.0647 2.3414 2.8052 2.7087 2.4190 2.4190 2.1315 3.0202 1.9082 1.7316 2.1616 2.9238 2.0927 215.8902 2.4056 2.5723 2.5184 3.0722 2.0647 2.2756 3.0722 2.2416 3.6646 3.1999 3.1849 2.2361 3.4360 3.3631 3.4173 2.0927 4.3783 3.3809 2.9011 3.2306 3.5343 2.9011 2.5644 3.4550 3.2306 2.6996 2.9011 2.7752 2.7557 2.8257 2.4603 2.0693 2.9354 3.3114 2.5184 2.2361 2.1981 3.4743 2.2585 2.8154 3.1270 2.1771 3.4173 3.6419 2.0880 2.0833 2.1719 2.7851 2.3859 2.2873 2.0647 2.1364 2.6046 2.0110
36 2.8361 3.0722 3.5977 3.0202 2.2416 2.4816 2.9708 2.3924 2.2361 4.0978 2.2756 3.1999 2.8900 3.2622 3.5762 2.9708 3.0722 2.6639 3.1849 2.8466 2.9952 2.7179 2.8900 2.7654 0.9168 1.0368 1.0983 1.0584 1.0308 0.9468 1.0054 1.4697 1.0600 1.0277 0.9636 1.3556 0.0000 1.2675 1.4063 1.3884 0.7327 1.1114 1.1131 1.4132 1.4086 0.9249 1.3322 1.6485 1.9685 2.1216 1.8966 2.0464 2.1414 2.0786 2.1119 2.2931 1.9082 2.0601 2.0464 2.2931 2.1364 2.2585 2.5883 2.6296 2.5335 2.4463 2.6906 3.0856 2.8681 2.6466 2.6996 215.8902 2.1119 1.8739 1.9521 1.8087 1.7031 2.5411 2.0464 2.1119 2.2990 1.7031 3.1701 2.3230 2.2699 2.7851 2.5184 3.4360 2.6552 2.8466 2.7557 2.6816 2.4394 1.5351 2.1119 2.6996 2.0739 2.0833 2.0023 1.9200 1.9439 1.7284 1.5119 2.7851 2.0786 2.2472 2.2361 2.3353 1.3577 2.5411 2.1414 2.1119 2.0509 1.7478 2.4190 1.9727 2.2196 2.0509 1.5696 215.8902 1.7677 3.0330 1.4433 1.6054 1.9121 2.6046 1.8664 2.6296 2.1464 1.9439 2.3291 2.1364 2.3291 1.8017 2.3539 2.3539 2.4325 1.8228 1.9685 2.1719 1.8017 3.4940 2.5184 2.3666 2.6466 2.9589 2.0067 2.7851 2.6727 2.5488 2.3859 2.6466 2.3170 2.3794 2.4533 2.2034 2.5803 2.6296 2.2642 2.2361 2.1070 3.2784 3.4743 3.3456 2.9354 2.8257 3.5140 2.3539 2.3990 2.4394 2.4190 3.5343 2.7087 2.6466 2.1771 2.2250 1.9439 1.9044 2.0833 2.5803 2.1315 215.8902 3.1849 2.0555 2.5035 2.1464 1.9121 2.3666 1.7284 1.9853 1.9439 2.7654 1.7880 215.8902 2.2034 1.8228 1.8122 2.7179 2.0110 1.9439 2.5644 2.8790 3.5762 2.1167 2.9238 2.1464 2.9830 2.6129 3.1849 1.9082 3.1701 2.5035 3.4940 2.5803 3.0589 2.1515 2.7087 2.9124 2.3794 2.9708 2.6639 2.4463 2.4463 2.6996 2.8257 2.7179 3.2784 2.9470 2.2250 3.6646 2.2196 3.1270 2.7654 3.4940 3.3114 2.3230 3.7600 4.0978 2.2250 2.3477 3.0992 3.6878 2.2699 2.5259 2.0023 2.2931 2.9589 2.1364
37 2.8790 2.8154 3.6196 2.9952 2.4056 2.6466 2.6996 2.6296 2.6296 2.6816 2.4325 2.8154 3.2463 2.8573 3.1701 3.1270 2.8790 2.9011 3.0589 2.6381 3.5343 2.9470 2.4962 2.9952 1.1711 1.2853 1.2181 1.1180 1.2754 1.1997 1.2714 1.5403 1.3428 1.2387 1.2559 1.3906 1.2675 0.0000 1.1264 1.0522 1.1164 1.0157 0.9385 1.2015 1.2993 1.1693 1.3470 1.7610 2.4603 2.2472 2.2472 2.3414 2.1616 2.4603 2.1515 2.0739 1.8966 2.0464 2.3539 2.4603 2.1414 2.8573 3.3114 2.4533 2.3539 2.6906 2.6296 3.0856 2.9354 2.8257 2.4533 215.8902 1.8890 2.0285 2.1119 1.8228 1.8228 2.3924 2.4056 2.0833 2.4603 1.8299 2.1823 2.7557 2.5644 2.7461 2.3924 2.4673 2.8154 2.4056 2.6639 2.6212 2.0833 1.5170 2.1070 2.3859 2.1823 1.5696 1.7156 2.0023 2.3666 1.8087 1.6845 2.4673 1.7348 2.4745 2.1719 2.4463 1.2330 1.8480 1.9082 1.7744 2.1414 215.8902 1.9359 2.1823 2.0833 1.9603 215.8902 215.8902 1.6968 2.4463 1.4552 1.6426 1.9853 1.9521 1.8890 1.6845 2.2585 1.9853 1.8228 1.7880 1.7948 1.9399 1.6456 1.4624 2.1875 1.7252 1.9603 1.9521 1.8739 2.9708 3.0459 2.7087 2.6129 2.6466 2.3990 2.3859 2.5184 2.3050 2.5411 2.4962 2.2814 2.4673 2.4325 2.2931 2.7366 3.0202 2.2250 2.4889 2.3291 3.0076 2.9952 2.6466 3.0992 2.8573 2.9011 2.2814 2.2814 2.3230 2.3353 2.9124 2.4745 2.6639 2.2585 2.2642 2.2034 1.7348 2.5411 2.6046 1.4794 4.3783 4.0662 2.8154 2.8573 2.6212 2.5259 3.2622 2.0833 2.2034 2.3539 2.6296 2.8681 215.8902 2.7557 2.1414 3.1555 3.1849 2.1364 2.0374 2.4056 2.4325 2.6727 2.5259 2.8466 2.5566 2.7366 2.5964 2.7752 1.6845 4.0051 2.5644 3.1701 2.7179 2.5644 2.7366 2.7179 2.4463 2.3666 2.9708 2.7752 3.0202 2.1119 3.2784 2.9830 2.2250 3.1412 3.0202 1.9521 2.9830 2.5335 3.2306 3.2948 2.9830 3.3456 2.1565 3.3809 3.5140 2.1515 2.3602 2.2931 3.1701 2.3170 1.9082 2.0330 1.9121 2.4745 2.1119
38 2.7272 2.6816 2.9238 2.4463 2.2528 2.9830 2.5883 2.6996 2.7557 2.8573 2.2472 2.6129 2.7654 3.0330 2.9708 2.8361 2.6552 2.6212 2.9952 2.4325 2.9952 2.4122 2.6466 2.6816 1.3707 1.4177 1.4339 1.3773 1.4386 1.3928 1.4386 1.6907 1.5094 1.3364 1.3884 1.6054 1.4063 1.1264 0.0000 0.4717 1.3491 1.1331 1.1502 0.7640 1.4624 1.4018 1.7348 1.5615 2.1265 1.7316 1.5998 1.7316 1.8299 2.6816 1.9769 1.4770 3.1270 1.8590 1.9895 1.8814 1.7316 1.6544 3.3809 2.8900 3.0722 2.8361 3.0856 2.7752 2.8681 3.3114 3.2463 215.8902 2.7654 3.1270 1.7511 1.3751 2.1414 2.8257 3.0202 2.1414 2.7752 1.6724 3.1412 2.8052 3.2784 2.8466 3.2463 3.0589 3.5343 2.6816 3.1555 2.9952 1.9480 1.3795 1.7677 2.1464 2.0241 1.5170 1.5068 1.7284 2.1119 1.6724 1.3884 2.0880 2.3477 2.2034 2.0285 1.9603 2.4889 1.8516 1.8890 1.4386 1.7220 215.8902 2.4463 2.5259 2.6639 2.2990 2.4603 215.8902 1.4386 2.2472 1.3664 1.6195 1.7220 2.2990 1.6253 1.8852 2.1414 1.6195 2.0693 1.7478 1.4673 1.5723 1.7093 3.4173 2.3794 215.8902 1.6310 2.0110 1.6485 3.0589 3.0992 3.1555 2.8573 2.6996 2.2990 2.4745 2.4325 2.7654 2.7951 2.5035 2.4533 2.6381 2.7461 2.5488 3.3809 2.8900 2.4056 2.3170 2.3794 2.6996 2.7951 2.6639 2.9952 2.9589 3.1555 2.6466 2.5803 2.5488 2.6129 2.7557 2.6552 2.6212 2.4056 2.2142 1.9279 1.5429 2.1823 2.1414 1.3664 215.8902 2.4603 4.3403 5.5876 2.4603 2.9011 2.5644 1.4505 1.6937 1.8664 2.6996 2.6296 3.1555 2.1119 1.6167 215.8902 2.6046 1.4339 1.9769 2.1167 3.0459 2.1022 215.8902 2.3414 1.7413 3.1849 2.5803 2.4816 1.4868 2.4816 2.8790 2.4533 4.3032 4.3032 2.3050 3.0202 3.7355 2.8790 2.8573 2.6996 2.4463 2.0241 3.7114 7.9651 2.1464 2.9011 2.2585 2.3990 2.8790 1.9005 3.1849 2.5035 2.8466 2.8257 1.7093 3.1130 2.7366 1.7348 2.1119 3.6878 2.1119 2.5259 1.9480 1.8122 1.7511 2.4603 1.8443
39 2.8361 2.9238 3.0992 2.7087 2.1719 2.9238 2.6381 2.5964 2.6906 2.6996 2.3291 2.8154 2.6466 2.9589 3.2306 2.8361 2.8790 2.5644 2.7087 2.5723 3.2151 2.3230 2.6381 2.8154 1.2368 1.3928 1.4154 1.4086 1.4481 1.3884 1.4576 1.7125 1.4041 1.3034 1.4086 1.6693 1.3884 1.0522 0.4717 0.0000 1.3034 1.1281 1.1502 0.7975 1.4339 1.3884 1.6907 1.7031 2.0464 1.9603 2.3794 1.7478 2.1022 2.0739 2.0739 1.8664 2.0786 1.6426 2.0647 2.3050 2.3050 1.9769 4.0051 3.3456 3.2948 3.2948 3.1270 2.8900 3.0076 3.1555 3.1412 215.8902 2.9952 3.1130 1.8516 2.5488 2.7752 3.0856 3.0076 2.2585 2.9124 1.9811 3.1412 3.0330 3.0330 3.3456 3.0992 3.3114 3.3284 3.0856 3.1999 2.9354 2.3230 1.5221 1.9005 2.2642 2.1616 1.5018 1.4109 1.6368 2.1022 1.3577 1.5273 1.9399 2.0464 2.1719 2.0110 2.2990 215.8902 1.8814 1.9685 1.5970 1.8017 4.1301 2.7654 3.0992 3.4940 2.8257 215.8902 215.8902 1.4819 2.2361 1.4132 1.8480 1.8228 2.0464 1.7880 1.5750 1.9399 1.6195 1.5273 1.6515 1.3928 1.6724 1.6054 1.4673 2.1928 1.8087 1.4794 2.0110 1.7610 3.3631 3.0722 3.3114 3.0459 3.0459 2.5566 2.6639 2.8790 3.0722 2.9589 2.6906 2.4190 2.5964 2.5411 2.3477 3.2463 2.9952 2.3924 2.5644 2.5803 2.7951 3.0722 3.0202 3.3284 3.0992 3.4940 2.6906 2.6129 2.4394 2.6906 2.6466 2.9238 2.8681 2.2416 2.3050 1.7478 1.4481 2.4603 2.2990 1.8966 215.8902 5.5876 215.8902 5.5876 215.8902 3.3284 2.2699 2.3170 1.8407 1.6485 2.8790 215.8902 215.8902 2.1119 1.6138 215.8902 2.5964 1.3751 1.7744 3.5977 2.9589 2.0927 215.8902 2.6046 1.9769 3.0076 1.9239 2.2361 1.7284 2.5644 2.9708 3.1849 215.8902 215.8902 2.2585 3.8633 215.8902 7.2904 3.6646 2.8154 15.3667 2.0110 2.9708 6.1401 2.2585 2.9952 2.9354 3.0459 3.4173 2.2756 3.4173 2.3414 2.9952 3.2948 2.3170 3.0992 3.0992 1.7125 2.5335 1.9603 2.0927 2.1315 2.0023 2.2250 2.1928 2.4325 1.9279
40 2.7461 3.1270 2.7179 2.4190 2.2305 2.4673 2.5964 2.1875 2.3414 2.7951 2.5644 2.6296 2.8052 2.7179 2.5964 2.6996 2.6727 2.4673 2.8052 3.4940 3.3809 2.3666 2.8361 2.9708 0.8673 0.9468 0.9778 0.9735 0.9062 0.9331 0.8852 1.3817 1.0837 0.9413 0.9195 1.2181 0.7327 1.1164 1.3491 1.3034 0.0000 1.0522 1.0414 1.4063 1.3950 0.7975 1.1711 1.6310 1.6784 1.8157 1.8739 1.5429 1.5273 2.2931 1.9439 1.9359 1.8087 1.8087 2.0880 1.8664 1.9811 2.3794 2.6212 2.3414 2.4889 2.3924 2.5883 2.8790 2.5411 2.5488 2.7272 215.8902 1.8664 1.8739 1.7610 2.0927 1.5832 2.4463 2.0153 2.1119 2.1070 1.7413 2.7557 2.3230 2.4603 2.2699 2.6296 2.7752 3.1130 2.1364 2.5259 2.5644 2.1414 1.7948 2.1928 2.5035 2.2250 1.4918 1.9853 2.0647 1.8590 1.6724 1.7156 2.2931 2.0067 2.1565 1.9239 2.1875 215.8902 1.8739 1.8087 1.6604 1.9044 1.8299 2.3291 1.9644 1.9603 1.9561 215.8902 215.8902 1.4528 3.1555 1.4316 1.7983 2.0464 2.0739 2.0833 1.9399 2.2142 1.8228 1.8627 2.0153 1.8516 1.8017 1.7778 1.7348 2.4463 1.5887 1.4697 1.6633 1.7811 2.5335 2.5883 2.7179 2.2250 2.3291 1.8480 2.2873 2.2931 2.7272 2.3794 2.5883 2.3539 2.1875 2.2305 2.1616 2.2472 2.5644 1.9938 2.3602 2.1771 2.7087 3.1412 2.8790 2.7851 2.8900 2.9124 2.1022 2.2699 2.4533 2.2305 2.6816 2.6046 2.5723 1.8299 2.5035 1.9279 2.2642 2.4394 2.5109 1.3751 2.2142 2.9011 2.5411 2.6129 2.6129 2.4889 2.3730 2.1719 2.1119 1.9895 3.1412 2.0285 1.3620 2.5883 1.9439 2.6296 2.4257 2.2814 1.8852 2.4603 2.6906 2.6381 2.3539 2.9238 1.7880 3.3284 2.8361 5.8891 1.8966 2.5964 2.4533 2.9952 3.3284 2.9830 2.0464 6.1401 2.9011 3.0722 3.1270 3.3631 2.7851 2.1119 2.9238 2.1719 2.3050 2.7366 2.7179 2.4533 3.1701 2.3291 2.8361 2.9830 2.7851 2.9952 2.1771 2.8257 3.3114 2.3859 2.0739 2.3924 2.4673 2.0241 1.8852 2.1928 1.8966 2.6727 1.8263
41 3.1270 3.0589 2.7752 3.3456 2.1667 2.8900 2.8790 2.2142 2.6816 2.8681 2.1719 2.5488 3.0076 2.9238 3.0992 2.7654 3.3809 2.9470 3.6646 2.8790 3.3456 3.0202 2.9708 3.2463 1.0445 1.1114 0.9622 1.2052 1.1519 1.1131 1.0338 1.3599 1.1889 1.0886 1.0726 1.3074 1.1114 1.0157 1.1331 1.1281 1.0522 0.0000 0.4618 1.1871 1.2406 1.0789 1.3136 2.1216 2.4190 2.5644 2.4325 2.2196 2.1515 3.0856 2.5803 2.1515 2.2585 2.3539 2.3230 2.8790 2.4533 2.2142 2.7851 2.5488 2.6466 2.7951 2.8681 2.4745 2.7272 2.5488 2.5335 215.8902 2.1216 2.5644 3.3456 3.0330 2.1216 2.9952 2.0647 2.3291 2.2931 1.9521 2.6296 2.5803 2.2472 2.6296 3.0202 2.7461 3.0856 2.8361 2.8466 2.7951 2.0023 1.6485 2.1216 2.0555 1.9895 1.7880 1.8228 1.8087 1.8627 1.5615 1.5482 1.9727 2.1771 2.4962 2.5035 2.2642 2.5411 2.1823 1.8890 1.6845 1.8590 2.6296 2.4325 2.2361 2.2814 2.8257 215.8902 215.8902 1.7610 2.4673 1.6138 1.5804 1.7914 2.6212 1.7643 1.9439 1.9853 1.8739 1.9521 1.8371 2.2416 2.1515 1.9895 2.0927 2.1119 2.1119 1.8228 1.8407 2.2361 2.6727 2.5109 2.5883 2.4190 2.4122 2.1616 2.5184 2.6129 2.5488 2.3602 2.4257 2.1464 2.2250 2.3924 2.1315 2.4745 2.4962 2.0285 2.1823 2.2528 2.9708 2.8790 2.5411 3.0992 2.8052 2.6552 2.2585 2.1928 2.3730 2.1719 2.8154 2.3666 2.3602 2.3414 2.3794 1.7348 1.9853 2.1216 2.0374 1.5273 2.8790 2.5411 2.3170 2.3859 2.8361 2.1616 2.4190 1.7478 2.0833 2.2250 2.7851 2.3050 4.2315 2.2361 2.0153 2.9470 2.9011 2.0739 2.0330 2.8154 2.7951 2.3050 2.8573 2.8790 1.8966 2.4889 2.7461 2.7654 1.6937 2.5803 2.6639 3.2784 2.5335 2.4603 1.9521 2.9011 2.3924 3.2784 3.1270 3.2622 2.5488 2.0464 2.8900 2.0023 2.3291 3.2151 3.0202 2.7752 3.5551 2.4463 2.9708 2.5964 2.7951 3.2306 2.2250 3.8633 3.7114 2.3291 2.4533 2.1414 2.9952 2.6129 2.3291 2.0693 2.1616 1.9938 1.9603
42 3.1555 3.2151 2.7752 3.2151 2.1928 2.9470 3.0076 2.3170 2.5566 3.0722 2.1875 2.6996 3.0076 2.7087 3.0992 2.7366 2.6296 3.0459 3.5977 3.0589 3.1130 3.1555 2.9830 3.1999 1.0247 1.0247 0.9893 1.0886 1.1081 1.0966 1.0217 1.4063 1.2873 1.0805 1.0507 1.2236 1.1131 0.9385 1.1502 1.1502 1.0414 0.4618 0.0000 1.2162 1.2218 1.0098 1.3239 2.0464 2.2142 2.3170 2.4190 2.1216 2.0555 2.5488 2.5644 2.1414 2.2642 2.3666 2.0464 3.1999 1.9685 1.9769 2.7366 2.3230 2.3666 2.9708 3.5762 2.9011 3.6196 2.8154 2.5964 215.8902 2.6996 2.5644 2.7752 2.1515 2.0464 2.9470 2.4889 2.4190 2.5259 1.9685 2.7951 2.5644 2.5184 2.7272 2.6816 2.8257 3.7355 2.7951 2.8681 2.4394 2.0197 1.5914 1.8814 2.0285 2.0374 1.4673 1.8087 2.4325 1.8087 1.5750 1.3301 2.2361 2.1070 2.5488 2.2814 2.3794 215.8902 2.1823 1.8087 2.0786 1.7252 2.2142 2.5488 2.2931 2.2990 2.0739 6.7176 215.8902 1.6485 4.6269 1.5170 1.8192 1.7610 2.2088 2.0374 2.1364 1.8966 2.1515 1.8443 1.8122 1.9359 2.0555 1.9121 1.6907 2.3477 1.9980 2.0330 2.4673 2.1719 2.8257 2.6466 2.7461 2.4394 2.5411 2.2528 2.7951 2.4463 2.6046 2.3353 2.3924 2.2361 2.3050 2.2585 2.2814 2.2642 2.6466 2.1719 2.2528 2.3924 2.7752 3.0459 2.7179 2.6639 2.6296 2.5566 2.3414 2.4889 2.2361 2.5184 3.2784 2.2034 2.5488 2.4056 2.2472 2.2305 2.5488 2.3353 2.6296 1.8228 14.9598 2.5566 2.2034 2.8154 2.5723 2.9124 3.4550 2.0880 2.4056 2.1719 2.8466 2.4603 3.6196 2.6296 2.3794 2.8573 3.1270 2.6816 2.0927 3.3456 2.9011 2.6816 3.0992 2.6552 1.8299 2.6552 2.9011 2.5035 1.5170 2.7272 2.6129 3.5762 2.6996 2.5488 3.1270 2.4603 2.9011 2.8681 2.4056 2.3794 3.3989 2.3050 2.7557 2.8257 2.1515 3.3456 2.9708 2.6129 3.2306 2.4603 2.9830 2.9470 3.0992 3.2463 2.4745 3.5343 3.2784 2.8154 2.7272 2.0927 3.2306 2.2585 2.5723 2.3414 2.1515 2.6381 1.8890
43 2.4603 3.7851 2.5566 2.7179 2.3924 3.0459 2.6296 2.7179 3.2463 2.6639 2.3050 2.5488 2.9708 2.9708 3.2622 2.8790 2.8257 2.7851 2.8900 3.0722 3.2463 2.4463 2.6381 2.7179 1.3795 1.4648 1.4943 1.4293 1.5508 1.3642 1.4363 1.6876 1.5914 1.4154 1.3449 1.6845 1.4132 1.2015 0.7640 0.7975 1.4063 1.1871 1.2162 0.0000 1.4552 1.4721 1.6604 1.4624 2.4257 2.0647 1.7744 1.6138 1.5970 2.0241 1.6485 1.7643 1.5588 1.7744 1.7744 1.8890 1.5750 1.7478 3.6878 3.2622 2.8900 2.5259 2.6046 2.7951 2.9238 2.8790 2.3291 215.8902 2.0739 2.4463 1.8739 1.7880 2.1414 2.6129 2.2931 2.0464 2.9011 1.8017 2.9124 2.6212 2.9952 2.8154 3.3456 3.2463 2.6906 3.1555 2.8466 3.1701 1.9938 1.5696 1.5804 2.1070 2.2034 1.5832 1.7284 1.6368 1.8087 1.6138 1.4109 2.2088 1.9561 1.9853 1.7811 2.1167 1.9644 1.4481 1.9121 1.4386 1.6397 215.8902 2.2196 2.1216 1.9644 2.6996 215.8902 6.4153 1.3664 2.2472 1.3751 1.6426 1.8590 2.0601 1.7511 1.9200 1.9279 1.6082 1.9279 1.8890 1.7316 1.5325 1.6485 215.8902 2.4533 1.7577 1.6195 1.7677 1.6907 2.9354 2.9708 2.9354 2.7752 4.1301 2.7272 2.5335 2.9011 2.9354 2.7366 2.4257 2.4190 2.5566 3.1270 2.5566 2.8790 2.6816 2.8573 2.4463 2.6816 2.7179 3.0459 2.8573 2.9708 2.6466 3.1701 3.2622 2.9124 2.5644 2.9470 2.8573 2.6296 2.7851 2.6466 1.8966 1.8516 1.5588 2.1616 3.2784 1.3385 3.7851 3.0459 215.8902 215.8902 1.7845 2.5035 2.7179 1.5273 1.4293 1.4293 3.2622 1.8966 3.3809 1.9279 1.9521 215.8902 2.8154 1.2833 1.8407 3.0202 3.1849 1.8966 2.3050 2.7179 2.0330 3.6196 2.4745 3.1701 1.6195 2.4816 3.2622 3.5551 16.2283 9.3127 1.9279 3.7600 215.8902 2.7461 2.6296 3.0722 2.9830 1.8627 2.9354 2.3414 2.2756 2.7087 2.3109 2.0555 3.0722 2.5411 2.7654 3.4940 3.1701 2.8257 1.6876 3.0856 2.7272 1.7914 1.6663 2.1823 2.5411 1.9980 2.6727 2.3109 1.7125 2.6466 1.9769
44 2.7951 3.2622 2.3859 3.2622 2.3794 2.7654 3.3284 2.6129 3.1270 3.0202 2.1823 2.7851 3.4550 2.8573 2.9354 3.3284 3.4173 2.9470 2.8573 2.8361 3.2622 2.8257 2.9124 3.0722 1.4018 1.4457 1.4154 1.3406 1.4697 1.3839 1.4576 1.4018 1.5068 1.3513 1.1997 1.5859 1.4086 1.2993 1.4624 1.4339 1.3950 1.2406 1.2218 1.4552 0.0000 1.4505 1.7413 1.7031 2.4190 1.9853 2.2196 2.3109 2.1515 2.2814 2.1515 2.2472 2.0927 2.1823 2.3170 2.3291 2.2305 2.6212 2.8466 2.5883 2.5883 2.5335 2.8790 2.9708 2.7179 3.0722 2.8257 215.8902 2.1119 2.3170 2.0927 2.2814 1.6485 2.4463 2.3414 2.0285 2.4603 1.7880 2.7654 2.2931 2.6046 2.3794 2.9238 2.8900 2.7752 2.7461 3.3456 2.4745 2.3990 1.6426 2.1771 2.5644 2.2931 2.2585 1.9279 2.0110 2.1616 2.0555 1.7284 2.7752 2.5184 2.3924 2.0285 2.7752 215.8902 2.8573 1.9121 2.2873 2.4463 215.8902 2.5566 2.7851 2.6129 2.3230 215.8902 1.9769 1.6110 3.6196 1.5723 1.9044 1.9521 3.0992 1.8814 2.2699 2.1216 2.1823 2.2142 2.2196 2.0023 1.8299 2.0197 2.2196 2.3291 2.1119 2.0023 2.0023 1.9044 3.3284 2.7461 2.8790 3.0202 2.6727 2.1928 3.1701 3.2622 3.4550 2.4463 2.5488 2.6906 2.5644 2.3230 2.5488 2.6639 2.3666 2.4745 2.2142 2.2250 2.6816 2.9708 3.1555 2.6816 2.5184 2.6381 2.8154 2.5964 2.3230 2.5644 2.6639 2.9830 2.9470 2.3353 2.9238 2.3230 1.9044 2.9952 2.5184 1.9239 2.1616 3.8905 2.2699 3.0589 2.5335 4.9695 3.4173 2.2361 2.7087 2.3666 3.5343 3.0330 2.6906 2.4603 1.9319 3.4550 3.7355 2.2699 2.3477 2.5644 3.2784 2.0285 2.3170 2.8466 2.1119 3.3809 3.0330 4.0353 1.7643 2.5644 2.6816 3.5343 2.4463 2.5109 1.9044 2.7366 2.5109 2.6816 2.9238 3.3809 1.8443 1.8966 2.2250 2.0023 2.4056 3.0076 3.1999 2.5964 3.8633 2.4816 3.8905 3.7114 3.4173 2.9952 2.5109 3.3809 3.6419 2.3539 2.7179 2.3477 2.9830 2.6296 2.7851 2.5035 2.2814 2.2472 2.3050
45 2.3539 3.1999 3.0722 2.6816 2.0555 2.3353 2.7179 2.4463 2.2585 2.4889 2.2931 2.6639 2.6466 2.6129 2.9354 2.6996 2.4673 2.7951 3.0330 2.5488 2.6212 2.6129 2.4190 2.4463 0.8497 0.8788 0.8572 0.9551 0.7504 0.8584 0.8202 1.2559 1.0039 0.9209 0.9222 1.2088 0.9249 1.1693 1.4018 1.3884 0.7975 1.0789 1.0098 1.4721 1.4505 0.0000 1.1502 1.7156 1.7948 1.6724 1.9200 1.7284 1.7413 1.9359 2.0555 1.7880 2.0833 2.1216 1.8087 2.1414 1.9603 2.7179 2.9011 2.3990 2.4056 2.6296 2.8681 2.6639 2.9470 2.7087 2.6296 215.8902 2.1216 1.7744 1.9769 1.8966 1.7880 2.6129 2.4745 1.9439 2.5335 1.6845 2.8900 2.8361 2.7087 2.6996 2.5335 2.5335 2.8052 2.5184 2.8790 2.6906 2.5488 1.8087 1.9239 2.4463 2.0786 1.3729 1.4918 2.0197 2.0739 1.5273 1.8966 2.1022 1.8263 2.0464 1.9121 2.6996 215.8902 2.1216 1.7677 1.7031 2.1315 1.2873 2.0555 1.8590 2.0285 1.9044 1.5273 215.8902 1.4721 2.4190 1.2617 1.6397 1.8516 2.1515 1.7948 1.8776 1.9685 1.7845 1.8966 1.9769 2.0110 1.8701 2.0285 1.8192 2.7752 1.8263 1.8228 1.8627 1.8814 2.8790 2.5803 3.1849 2.5723 2.3794 2.1616 2.4190 2.5566 2.5964 2.4325 2.5488 2.2361 2.1981 2.3924 2.1216 2.3050 2.7557 2.1928 2.2472 2.1315 2.8257 2.7179 2.6816 2.8466 2.8790 2.6212 2.0285 2.1515 2.1823 2.2361 2.7951 2.5184 2.2142 2.0693 2.6552 2.1119 2.2034 2.6816 2.5644 2.3050 8.2682 2.8361 2.0927 2.0975 2.2250 2.8052 2.5964 2.0555 2.1022 2.4603 3.0330 2.3291 215.8902 2.4463 2.2034 2.9238 2.9589 2.5964 2.1414 3.0589 2.2931 2.9952 2.4603 2.3230 2.2873 2.9124 2.0464 3.1701 1.4339 2.3230 2.5184 2.8900 3.3631 3.5140 2.9011 3.0589 3.3456 2.8052 2.9238 2.6727 2.7557 2.4122 2.3794 2.4190 1.7677 2.9708 2.7951 2.6816 3.4550 2.2699 2.8573 3.6646 2.7179 3.3631 2.1119 3.7600 2.8573 2.2585 2.3602 2.2585 2.5035 2.2528 2.1771 2.0833 1.8664 2.3477 2.0110
46 2.9124 3.4940 3.1412 2.9238 2.5488 2.9011 3.1849 2.8900 2.6466 2.9708 2.8257 2.9470 3.4550 2.8790 3.5343 2.8573 3.0076 2.7851 3.1701 3.0589 3.3456 2.5964 2.6212 2.8900 1.2255 1.2793 1.2125 1.2520 1.2714 1.2597 1.1571 1.6253 1.3074 1.2636 1.4410 1.4673 1.3322 1.3470 1.7348 1.6907 1.1711 1.3136 1.3239 1.6604 1.7413 1.1502 0.0000 2.0927 2.2250 1.8966 2.2250 1.9769 2.1616 2.1515 2.6381 2.1515 2.1875 2.1823 2.4603 2.4190 1.9938 2.6129 2.9952 2.6129 2.4122 2.5335 2.7179 2.7557 2.5723 2.7654 2.5803 215.8902 2.2699 2.0975 2.5184 2.6129 2.2814 2.1823 2.1167 2.6639 2.9708 1.9121 2.7272 3.0589 2.5335 2.6816 2.3924 2.5964 2.8154 2.2699 3.0202 2.5803 2.8790 3.2463 2.5335 3.0076 2.7557 1.8664 2.2250 2.4325 2.7461 2.0285 215.8902 2.5964 2.5644 2.3477 3.1849 3.4173 1.5273 2.2250 2.7951 3.4940 2.2034 215.8902 3.2463 2.3730 2.3730 2.2142 1.4200 215.8902 2.0833 2.8466 1.9359 2.2756 2.2250 2.0975 2.0833 1.7880 2.6466 2.3230 1.9319 2.3109 1.8299 1.9359 1.7031 1.8017 2.2585 1.7062 1.9811 2.0285 2.2585 3.0459 2.9830 2.8573 2.4603 2.8900 2.2990 2.2472 3.1999 2.3477 2.3602 2.5644 2.2472 2.1928 2.1719 2.2034 2.8900 3.1270 2.1265 2.7851 2.5488 2.9708 2.8257 2.8361 2.9354 2.6296 2.6296 2.3666 2.4190 2.4190 2.5644 2.9830 2.4745 2.9238 2.1875 1.5535 2.1119 2.2814 2.2814 2.7461 215.8902 9.1232 2.8154 2.1167 2.0693 2.5411 2.1719 2.5109 2.1265 1.9769 2.7557 2.9124 1.7031 2.8790 2.1216 2.1216 2.6906 2.6296 2.3794 2.2361 2.1119 2.3170 2.1167 2.0786 2.3990 2.9952 2.5964 2.5109 2.5644 5.0239 2.8466 3.4550 2.6296 2.3924 2.6906 4.0051 2.8900 2.6906 2.6906 2.2931 2.3539 2.8257 1.5914 2.2361 2.3477 2.3602 3.2463 3.0722 2.2528 3.7600 2.4463 3.6646 2.6046 3.0459 3.0459 2.5644 3.3456 4.4571 2.2250 2.2305 2.2528 2.7461 2.4325 2.3414 1.9895 2.0285 2.0419 2.4463
47 2.1771 2.6212 4.3403 2.2585 2.1216 2.5644 2.1119 2.8790 2.2585 215.8902 2.2528 3.0330 2.4889 2.2472 4.1301 3.4550 2.4325 4.6269 2.9470 2.6466 2.9354 2.1667 3.0202 2.5335 1.8228 1.8087 1.8228 2.1823 2.4056 1.7156 2.1823 2.2528 2.5488 1.7744 1.9521 2.1119 1.6485 1.7610 1.5615 1.7031 1.6310 2.1216 2.0464 1.4624 1.7031 1.7156 2.0927 0.0000 0.7415 0.8801 0.7893 0.8275 0.6628 0.7777 0.7527 0.8522 0.7527 0.7777 0.7305 0.8011 0.9468 0.8547 1.4868 1.3491 1.4528 1.3751 1.6937 1.9895 1.6999 1.2873 1.3751 215.8902 0.5229 0.6209 0.4868 0.6074 0.0223 1.0999 1.0553 0.7777 0.8497 0.8801 1.4109 1.2107 1.2559 1.1131 1.2482 1.3664 1.2675 1.3491 1.5068 1.2675 3.3114 5.5176 4.0353 9.7121 7.2904 3.3114 3.5343 2.2142 215.8902 3.0589 215.8902 4.4980 3.9755 3.5343 215.8902 4.7185 1.1131 1.8739 215.8902 4.3783 9.5089 215.8902 1.9439 2.3291 2.3990 2.2142 1.2793 215.8902 215.8902 215.8902 215.8902 11.0955 2.2699 2.2699 2.2361 2.0927 3.6419 2.2305 2.2250 3.1849 2.1414 2.5803 2.3539 2.1119 2.3539 1.9279 2.5184 2.1265 2.3924 2.1515 2.1119 2.4190 2.7366 2.4463 2.2034 2.6046 2.1515 2.0693 1.8443 2.2361 1.9044 2.1719 1.9439 2.6296 2.0023 1.7348 2.0693 2.2361 2.1823 2.1464 2.4325 2.7951 1.9279 2.3291 2.2088 2.1216 2.3666 1.9480 2.5035 2.5335 2.0927 2.0110 2.1719 2.1616 1.9603 1.9895 1.8814 2.3539 215.8902 2.2931 2.7752 3.4173 1.8443 2.5566 3.0459 2.1823 2.7951 2.4325 2.0023 1.8928 2.0285 11.0955 2.1719 1.7284 2.3230 1.8890 2.4122 2.3539 1.8590 2.4257 1.9769 2.1616 22.3532 215.8902 2.6727 215.8902 26.9827 2.3050 4.1970 2.2642 2.9830 2.7272 2.8361 2.3794 2.9830 2.9354 215.8902 5.4496 20.4165 1.7156 2.0464 2.0601 1.8157 23.0509 2.1216 2.0197 2.3050 2.1616 1.9521 2.3170 2.1167 2.1315 1.9359 1.9685 2.0023 2.3170 2.3050 2.1928 2.3291 2.1119 2.3730 2.2814 2.3050 2.4190 2.3291 2.1364
48 2.0197 1.7284 2.7461 2.6381 2.3050 2.5488 2.2699 2.4745 2.2142 2.5488 2.9708 2.6639 2.1515 2.7366 215.8902 3.1412 2.4889 2.0786 2.3109 2.6466 2.5488 1.8701 1.8228 2.2472 1.7445 1.8739 2.2250 2.1414 1.9685 1.9121 1.8299 2.0023 1.9769 1.7880 1.7544 2.3539 1.9685 2.4603 2.1265 2.0464 1.6784 2.4190 2.2142 2.4257 2.4190 1.7948 2.2250 0.7415 0.0000 0.5569 0.4520 0.5194 0.4185 0.5569 0.5753 0.5753 0.6751 0.6751 0.5389 0.6751 0.6132 0.4407 1.3534 1.4063 1.2368 1.2597 1.7380 1.4600 1.4673 1.3322 1.3115 215.8902 0.5533 0.6112 0.5533 0.6960 0.7415 0.9980 0.9636 0.6751 0.8447 0.9142 1.2033 1.2406 1.0098 1.0368 1.2406 1.1097 1.3074 1.4339 1.2218 1.0710 2.7366 2.9238 8.5927 215.8902 215.8902 5.5876 215.8902 2.1119 3.1849 2.3050 215.8902 6.4153 2.5184 215.8902 215.8902 215.8902 0.9692 1.8590 215.8902 215.8902 2.9952 215.8902 2.0285 2.2034 2.2642 2.1515 1.1032 215.8902 2.8361 215.8902 215.8902 4.0353 215.8902 2.3794 2.1565 2.0067 2.8361 2.1022 2.6046 2.1464 2.2361 2.1771 2.0241 2.0647 2.8154 2.3291 2.1515 2.5035 2.1464 2.2931 2.2873 3.0722 1.7284 2.8573 2.3666 2.5964 1.8966 2.3170 2.3666 2.4889 2.0067 1.4770 1.7677 1.8890 1.9853 1.7880 1.7284 2.3170 1.8739 1.9685 2.4745 2.9708 2.8790 2.2699 2.8361 2.0067 2.2931 1.9938 2.0927 2.4325 2.2034 2.0509 2.0927 1.5561 1.9769 2.2034 2.0693 2.2528 3.8107 215.8902 2.2034 1.9685 1.6544 1.7610 2.3414 1.9044 2.4603 2.3170 2.1928 2.2305 1.7577 2.8154 2.2699 1.8776 2.3414 2.3477 2.8466 2.4325 2.2142 2.2250 1.6724 2.0285 215.8902 3.7114 2.0833 2.4463 215.8902 10.3668 215.8902 1.7220 1.9439 2.9238 2.7951 2.2585 2.6552 3.0722 215.8902 215.8902 2.4816 2.2250 1.6574 1.8443 1.9853 5.8891 2.3414 1.8590 2.2361 2.1616 2.3859 2.0601 2.3230 2.3291 2.1515 2.1515 1.9769 2.4190 2.2873 2.2196 2.1928 1.9439 1.7643 2.3602 2.4056 2.1515 2.4325 2.1928
49 2.0693 1.6253 2.7366 2.4056 2.4325 2.8790 2.7752 2.3666 2.6381 4.6269 2.8361 2.5488 2.3794 2.3170 3.2306 2.2034 2.8573 2.6639 3.1555 2.5335 3.0459 2.2472 2.3602 2.5488 1.9769 2.2814 2.4603 2.4603 2.0555 2.2250 2.4190 2.0555 2.0927 2.5644 1.9769 2.1119 2.1216 2.2472 1.7316 1.9603 1.8157 2.5644 2.3170 2.0647 1.9853 1.6724 1.8966 0.8801 0.5569 0.0000 0.4520 0.4232 0.5021 0.5997 0.5940 0.6151 0.5090 0.5282 0.6367 0.5827 0.6855 0.5515 1.6426 1.5299 1.3534 1.4293 1.6907 1.6845 1.5273 1.5642 1.5588 215.8902 0.7066 0.7527 0.8397 0.8826 0.8801 1.1536 1.1997 0.7640 1.0678 1.0187 1.3884 1.4481 1.2218 1.3239 1.4481 1.4481 1.8228 1.5429 1.5535 1.1297 2.7087 2.5803 215.8902 8.7634 215.8902 215.8902 215.8902 2.5803 2.9124 6.8249 215.8902 215.8902 11.0955 2.3924 215.8902 215.8902 2.2142 1.7544 215.8902 215.8902 215.8902 215.8902 1.9561 2.4463 2.5035 2.3291 0.9636 215.8902 12.8142 215.8902 215.8902 2.7557 215.8902 2.2814 2.2250 1.8852 3.0722 2.3230 2.0693 2.5335 2.1414 2.2990 1.9044 1.8443 2.3794 2.4889 1.7093 2.0601 2.2361 2.5035 2.3414 2.7752 1.5588 2.8790 2.3539 2.3230 2.0023 2.4533 1.9769 2.2034 1.8443 1.7610 2.5035 2.0241 1.7031 2.1414 2.0285 2.8790 2.0927 2.8361 2.5411 2.6727 2.3539 2.5566 2.9952 2.3291 2.7654 2.1364 2.3539 2.3924 1.9769 2.0509 2.5964 1.9200 1.8017 2.0023 2.0647 2.1216 21.0371 215.8902 2.3050 2.2034 1.6082 2.1616 2.4056 1.9769 2.9124 2.0067 2.1719 1.9319 1.9439 3.0722 2.6816 1.7348 2.6296 2.2990 2.5488 1.9853 2.4745 2.2472 1.8553 1.7220 2.6296 4.8651 2.4056 9.3127 7.0501 3.6878 13.8269 1.9239 2.7557 2.5964 2.6381 2.2585 2.4889 2.6552 215.8902 6.9357 2.2873 1.9644 1.8516 2.1616 1.9521 2.3990 2.1515 2.0023 2.2585 2.3050 2.6212 2.0110 1.8017 1.9853 2.6046 2.4889 2.0693 2.3291 2.3050 2.2528 2.2931 2.1928 2.1022 2.5644 2.5488 2.1464 2.1719 215.8902
50 2.4190 1.6368 215.8902 2.5411 2.2250 2.4190 2.7557 2.8790 2.0023 2.7752 2.3291 2.1928 2.6816 2.5335 3.5762 2.7752 2.4603 2.6816 2.8361 2.9011 2.8154 2.6727 1.5914 2.3291 1.9121 2.0197 2.2142 2.4122 2.3170 2.0739 2.2142 2.2034 2.3539 1.9561 2.2472 2.4533 1.8966 2.2472 1.5998 2.3794 1.8739 2.4325 2.4190 1.7744 2.2196 1.9200 2.2250 0.7893 0.4520 0.4520 0.0000 0.3274 0.4684 0.5940 0.5389 0.6547 0.5389 0.5569 0.5021 0.6960 0.6547 0.4407 1.6253 1.5170 1.3197 1.3751 1.6253 1.4109 1.3239 1.2913 1.4918 215.8902 0.6751 0.5533 0.6527 0.7415 0.7893 0.9922 1.0430 0.7174 0.7393 0.8373 1.3906 1.3707 1.0522 1.1502 1.2107 1.3751 1.4918 1.4154 1.3197 0.9721 215.8902 215.8902 215.8902 215.8902 215.8902 3.0992 12.5008 1.9811 4.3783 215.8902 215.8902 215.8902 215.8902 215.8902 215.8902 215.8902 0.9182 1.8966 215.8902 215.8902 215.8902 215.8902 1.4316 2.2142 2.2699 2.3414 1.1746 215.8902 215.8902 215.8902 215.8902 215.8902 215.8902 2.5488 2.1119 1.8480 2.5803 1.9727 2.5566 2.1616 2.6996 2.2472 2.0927 2.2472 2.1823 2.4190 2.7179 2.0786 2.1771 2.3924 2.0739 1.9853 2.7179 2.4889 2.5723 2.9952 2.2361 2.2361 2.2142 2.2814 2.3990 1.9359 1.9082 2.0927 1.7744 2.4603 2.0555 2.7752 2.2034 2.6381 2.7366 3.5140 3.0202 2.9952 2.6296 2.4889 2.2931 2.2585 2.2931 2.5488 2.7461 2.1616 2.5644 2.1265 1.8890 2.3170 2.0419 2.3924 4.4571 215.8902 3.1999 2.0880 1.7948 2.6212 3.2306 1.9603 2.8790 2.3730 2.9238 2.3291 2.3794 7.0501 2.3924 2.0110 3.0202 2.1464 2.4745 3.0459 1.9279 2.5184 1.9853 2.0786 215.8902 3.3114 3.3809 215.8902 46.4222 4.3032 215.8902 2.1719 3.1849 3.3989 2.5723 2.7951 3.7114 2.5488 215.8902 215.8902 215.8902 2.0601 1.8852 2.2699 2.2699 215.8902 2.0601 1.9853 2.1022 2.2250 2.2931 2.1464 2.2814 2.1616 2.1515 2.8361 2.0464 2.4603 2.3170 2.6466 2.2931 2.2931 2.1875 2.5803 2.4056 2.4463 2.4122 215.8902
51 2.4190 1.9319 3.5762 2.4394 2.1928 2.4745 5.4496 2.3794 2.2585 215.8902 2.8154 5.2569 2.7366 2.7851 8.1141 2.5184 3.1555 2.3414 3.1701 2.5488 2.3924 2.4745 2.2472 2.6296 1.7880 1.9439 1.9685 2.5259 1.9769 1.7811 2.0464 2.3050 2.0110 1.9769 1.9121 1.8890 2.0464 2.3414 1.7316 1.7478 1.5429 2.2196 2.1216 1.6138 2.3109 1.7284 1.9769 0.8275 0.5194 0.4232 0.3274 0.0000 0.4851 0.6347 0.5389 0.7174 0.5827 0.5827 0.5229 0.6426 0.6248 0.5013 1.5859 1.5043 1.2368 1.3664 1.7220 1.4624 1.5429 1.3406 1.4968 215.8902 0.7305 0.6209 0.6209 0.6834 0.8275 1.0009 1.0773 0.7305 0.8801 0.9303 1.3281 1.5429 1.1164 1.2368 1.3281 1.3281 1.5429 1.4063 1.5535 1.1641 215.8902 215.8902 215.8902 3.2463 8.7634 215.8902 215.8902 2.1928 5.5176 215.8902 215.8902 215.8902 215.8902 3.6419 7.4165 215.8902 1.9239 1.8590 215.8902 215.8902 215.8902 215.8902 1.4993 2.4673 2.5035 2.2931 1.0647 215.8902 215.8902 215.8902 215.8902 2.0153 2.2990 2.8466 2.2250 2.1771 2.6996 2.0023 2.1565 2.0285 2.3230 2.4603 1.9359 2.2088 2.3924 2.6381 1.9439 2.1719 2.3924 2.8790 2.9238 2.9470 2.3924 2.5488 2.2250 2.9354 2.0975 2.5566 1.8966 1.7811 2.0464 1.6253 1.9399 1.8017 1.9439 2.4463 1.7610 2.6639 2.1265 2.5488 2.6996 2.8361 2.5109 2.7366 2.8681 2.5184 2.9011 2.0555 2.5723 2.7366 2.1823 2.0927 2.5964 1.9200 1.9603 2.0927 1.9399 2.2196 3.4550 215.8902 2.9124 2.3539 1.5615 2.1515 2.7557 1.8928 2.5644 2.0374 2.2250 2.5184 1.8890 2.9830 2.5184 1.9359 2.6129 2.2196 2.0285 2.3414 2.2142 2.2416 1.8814 1.8664 215.8902 5.2569 2.2250 6.6136 10.1407 19.8196 215.8902 2.6639 2.7366 2.3291 2.2250 2.3990 2.9011 2.3666 215.8902 215.8902 1.9644 2.2142 1.8017 2.2699 2.0285 2.3291 1.9938 1.8928 2.3291 2.3666 2.3170 2.1515 2.3353 2.5488 2.2873 2.2642 2.0647 2.6466 2.1022 2.3794 2.1928 2.0464 1.9521 2.4463 2.2699 2.1719 2.2142 215.8902
52 2.0153 1.5273 2.3109 2.4394 2.6296 2.5964 2.3539 2.8573 2.3794 2.5644 2.6046 2.5184 1.9239 2.5883 3.0459 2.3602 2.6296 2.1981 2.6816 2.4816 2.7951 2.4325 1.8890 2.4889 1.8590 1.8228 1.9938 1.9853 1.7880 1.7413 1.7744 2.2585 2.1315 1.6724 1.6845 1.9685 2.1414 2.1616 1.8299 2.1022 1.5273 2.1515 2.0555 1.5970 2.1515 1.7413 2.1616 0.6628 0.4185 0.5021 0.4684 0.4851 0.0000 0.6347 0.5940 0.5940 0.6035 0.6035 0.5753 0.7066 0.7527 0.5056 1.5777 1.7062 1.2482 1.4673 1.4363 1.6937 1.6138 1.3664 1.5273 215.8902 0.6426 0.7777 0.6209 0.7305 0.6628 0.9608 0.9721 0.6855 0.8724 0.9303 1.4200 1.2993 1.0039 1.1889 1.2482 1.3156 1.2597 1.4246 1.3620 1.0553 3.2463 8.5927 2.9124 215.8902 215.8902 10.1407 215.8902 2.3170 215.8902 4.3783 11.3565 215.8902 215.8902 215.8902 215.8902 5.0798 2.9830 1.9399 215.8902 215.8902 215.8902 215.8902 1.5914 2.1022 2.1875 2.2416 1.0805 215.8902 30.7403 215.8902 215.8902 215.8902 3.7114 3.0459 2.2361 1.8299 2.8790 2.1167 2.1119 2.7654 2.1719 2.0555 2.0023 2.1022 2.7557 2.2814 2.0197 2.2814 2.2814 2.7951 2.5488 2.6466 2.4257 2.8573 2.2814 2.8361 1.8017 1.8371 2.2305 2.5964 2.0110 1.5273 1.5914 1.8928 2.3291 2.1823 1.8852 2.8790 2.3990 2.2416 2.2699 2.8361 2.6996 2.9124 2.7654 3.2784 2.4257 2.7272 2.3539 2.3990 3.0202 2.0330 2.0110 1.7544 1.7413 1.8299 1.8087 2.0975 29.7440 215.8902 2.4325 1.9279 1.6663 1.9121 2.5644 1.9980 2.9830 1.8739 2.1928 2.4325 2.1315 2.1565 2.6816 1.9121 2.0285 2.0419 1.9853 2.1719 2.2416 2.1667 1.6845 2.3414 5.7339 2.9124 2.0555 11.0955 2.4463 8.1141 9.9226 1.5914 2.8573 2.5035 2.5644 2.1928 2.4190 2.5566 10.8438 2.6212 1.9200 2.0464 1.5998 1.9853 1.6968 4.1632 2.2142 1.9938 2.4889 2.2585 2.1981 2.1167 2.3170 1.7252 2.2756 2.0023 1.8814 2.1616 2.1315 1.9359 1.9685 2.0647 1.9769 2.0601 2.1315 2.0786 2.2585 215.8902
53 2.2142 1.7710 3.9755 2.4190 2.9470 3.3809 2.7752 2.6296 2.3291 2.9124 2.5964 2.8790 2.4673 2.2873 2.6639 2.7951 2.3539 2.5644 2.4325 2.4962 3.3114 2.6381 2.6129 2.4463 2.5335 2.4673 2.2699 2.3414 2.5803 2.4190 2.5035 1.9895 2.3050 2.4056 2.2034 3.1270 2.0786 2.4603 2.6816 2.0739 2.2931 3.0856 2.5488 2.0241 2.2814 1.9359 2.1515 0.7777 0.5569 0.5997 0.5940 0.6347 0.6347 0.0000 0.4851 0.5004 0.4248 0.4248 0.2497 0.4919 0.9249 0.5753 1.4270 1.3973 1.5273 1.3364 1.8299 1.4770 1.4246 1.4200 1.4968 215.8902 0.7066 0.7066 0.6628 0.8299 0.8011 1.0773 1.3074 0.7066 1.0773 1.0491 1.4576 1.4063 1.1997 1.2070 1.4868 1.2444 1.3556 1.4918 1.4673 1.0039 3.0202 2.6639 2.9238 215.8902 215.8902 215.8902 215.8902 2.9952 215.8902 215.8902 3.4743 215.8902 215.8902 215.8902 215.8902 215.8902 2.3414 2.5035 215.8902 215.8902 215.8902 215.8902 1.9727 2.0110 2.0110 2.1719 1.0277 215.8902 4.8150 215.8902 215.8902 215.8902 215.8902 2.3924 2.2873 2.2142 5.0798 2.3794 2.2088 2.2990 2.3414 2.1515 2.3666 2.0927 2.2814 2.2472 1.8443 2.0197 2.2814 2.5035 2.7366 3.0992 2.8154 2.4394 2.5184 2.4056 2.4603 2.5411 2.1216 2.2196 2.1119 2.0241 2.1565 1.8966 2.0197 2.9952 2.1464 2.2814 2.0023 2.4325 2.2361 2.6727 2.2931 2.4745 2.3794 2.2585 3.0856 2.0927 2.7087 2.1216 2.3539 2.2990 2.5259 1.9853 1.6845 1.7093 1.9279 2.0927 5.1962 4.9166 1.9853 2.1022 1.6167 1.8590 2.2472 2.0110 2.7951 2.5803 3.0992 2.0285 1.8299 3.8633 2.2472 1.7284 2.2088 2.0067 2.9011 2.7366 2.2305 2.2088 1.7478 2.0927 215.8902 215.8902 2.4056 4.1970 11.9077 215.8902 215.8902 2.1565 3.1270 2.3414 2.1070 2.6727 2.3414 2.2756 215.8902 215.8902 5.8891 2.1616 1.6784 2.4190 2.6996 5.6597 2.6212 2.3291 2.2416 2.2142 2.8681 2.5644 2.3602 2.7851 2.2814 2.8790 2.1515 2.6996 2.4056 2.5035 2.6996 2.4122 2.1315 2.5335 2.9238 2.2142 2.4056 7.8210
54 2.6996 1.9239 2.6906 2.5803 2.7366 2.5335 2.2814 2.7951 2.2585 2.9708 2.8154 2.9124 2.5566 2.8573 2.6996 2.8154 3.3456 2.5488 3.3284 3.4550 2.8154 2.4745 2.0419 2.9952 2.2305 2.2814 2.3291 2.2142 2.3794 1.8299 2.4190 2.2814 2.2585 2.0464 1.9769 2.5803 2.1119 2.1515 1.9769 2.0739 1.9439 2.5803 2.5644 1.6485 2.1515 2.0555 2.6381 0.7527 0.5753 0.5940 0.5389 0.5389 0.5940 0.4851 0.0000 0.5389 0.4248 0.4248 0.4185 0.3922 0.7066 0.5515 1.6724 1.3013 1.1399 1.3751 1.7478 1.3928 1.3620 1.3034 1.3197 215.8902 0.7305 0.7066 0.6855 0.6628 0.7527 1.0217 0.9579 0.6209 0.9062 0.8250 1.4246 1.2833 1.0039 1.2107 1.3839 1.3839 1.3620 1.4433 1.4018 1.0837 3.8633 2.4463 215.8902 215.8902 215.8902 5.5176 17.1580 2.2142 5.2569 26.9827 21.0371 215.8902 15.3667 215.8902 215.8902 3.9183 1.0726 1.8776 215.8902 215.8902 215.8902 215.8902 2.0555 2.1464 2.4056 2.3539 0.9980 215.8902 8.5927 215.8902 15.7893 2.3414 6.0539 2.6296 2.0833 2.3109 5.3835 2.4056 2.3353 2.3050 2.2196 1.9853 2.1719 2.1719 2.2361 1.8852 2.2814 2.0285 2.1515 2.6996 3.2306 3.6878 3.3284 2.4325 2.4122 3.1849 2.5335 2.6996 2.1414 2.4603 1.9685 1.7643 2.0023 1.9603 1.8739 2.2305 1.8299 2.4325 2.1414 2.0555 2.1515 2.0975 2.1981 2.2990 2.4463 2.5488 2.7366 2.0110 2.7366 2.2699 2.5184 2.5488 2.8466 1.7348 1.9279 2.2142 1.6784 2.1515 215.8902 2.4190 2.2034 2.0285 1.7948 1.9439 2.4394 2.2142 2.8790 2.8790 2.7557 2.3230 1.8228 4.0978 2.6046 1.7093 2.1464 2.3353 3.6878 2.5488 2.0927 1.9399 2.1119 2.0927 4.1632 215.8902 3.0722 109.7235 4.3403 11.0955 3.4940 1.8890 2.9011 2.5259 2.7366 2.3414 2.2472 2.8257 215.8902 215.8902 2.4325 1.9200 2.2472 2.0285 2.3050 4.4980 2.4889 2.0197 2.1515 2.3602 2.5488 2.1464 2.3230 2.4056 2.7557 2.4745 2.0975 2.5883 2.3291 2.5803 2.2472 2.2814 2.1364 2.7179 2.2699 2.4889 2.0509 215.8902
55 1.9853 1.8590 2.2931 2.0464 2.6296 2.5335 2.7654 3.0202 2.2585 3.0856 2.9589 1.9769 2.3050 2.6129 4.9695 2.2931 2.6296 2.8466 3.0722 2.5335 2.9470 2.2034 1.9279 2.7461 2.0555 1.9439 2.7179 2.1464 1.9811 1.9399 2.2142 2.0023 2.2142 2.2142 1.9769 1.8443 2.2931 2.0739 1.4770 1.8664 1.9359 2.1515 2.1414 1.7643 2.2472 1.7880 2.1515 0.8522 0.5753 0.6151 0.6547 0.7174 0.5940 0.5004 0.5389 0.0000 0.5282 0.5090 0.5004 0.5827 0.7987 0.5515 1.7811 1.4386 1.3795 1.3406 1.6968 1.4624 1.4819 1.4433 1.5351 215.8902 0.7527 0.8011 0.6628 0.7305 0.8275 1.1961 1.1164 0.6426 1.0157 0.8775 1.3115 1.2913 1.1746 1.2482 1.4200 1.2993 1.4386 1.3973 1.4386 1.1641 3.1849 215.8902 215.8902 3.0202 215.8902 3.2151 215.8902 2.7752 4.9695 215.8902 215.8902 215.8902 12.1988 215.8902 215.8902 7.6817 1.0024 2.2250 215.8902 215.8902 215.8902 215.8902 2.4745 2.3859 2.6046 2.1464 1.2255 215.8902 13.4767 215.8902 4.4980 15.7893 2.6046 2.3050 2.0555 2.0833 2.3602 1.8052 2.2814 2.1616 2.2250 2.1070 1.7610 2.1216 2.4603 2.3666 2.0927 2.2814 2.0555 2.3050 2.7654 4.1632 2.6996 2.5566 2.3109 2.6212 2.4816 2.1515 2.2814 2.3050 1.7948 1.7062 2.0374 2.1823 2.0833 2.3539 2.3666 2.9011 2.2931 2.1928 2.2699 1.9769 2.1515 2.7366 2.7851 2.3414 2.5723 2.1315 2.3109 2.3109 2.3924 2.2931 2.6996 1.7348 1.6426 1.7610 2.0374 2.3170 2.3794 215.8902 2.4889 1.8017 1.8087 2.0647 2.6552 1.8443 2.3794 2.3109 2.3170 2.1022 2.2034 1.8814 2.1022 1.6907 2.3414 2.7951 2.1928 2.2814 2.4889 2.2416 1.9279 2.0464 215.8902 215.8902 1.9044 215.8902 2.5411 23.7765 215.8902 2.1167 2.4745 2.6816 2.7366 2.0927 2.1823 2.6296 215.8902 215.8902 2.2305 2.3230 2.1981 1.8443 2.2699 215.8902 2.2585 1.9938 2.0786 2.3291 2.1616 2.2305 2.2361 2.1167 2.3666 2.6552 2.2034 2.3666 2.2142 2.9830 2.3602 2.2699 2.2814 2.3170 2.5184 2.1875 2.4463 215.8902
56 2.7951 1.5018 3.6646 2.9238 3.2784 2.5723 6.5129 2.3924 2.4325 215.8902 3.1270 5.2569 215.8902 2.0555 3.3284 5.4496 215.8902 215.8902 3.4940 2.7179 3.8633 2.0110 1.5068 2.6296 2.2472 2.1981 2.2142 2.1565 2.0647 1.9769 2.1216 2.7179 2.2250 2.5488 2.2142 2.2250 1.9082 1.8966 3.1270 2.0786 1.8087 2.2585 2.2642 1.5588 2.0927 2.0833 2.1875 0.7527 0.6751 0.5090 0.5389 0.5827 0.6035 0.4248 0.4248 0.5282 0.0000 0.0315 0.3922 0.4569 0.8106 0.5282 1.4624 1.5018 1.3197 1.5170 1.5170 1.5750 1.4624 1.3620 1.4200 215.8902 0.7305 0.7527 0.7527 0.7305 0.7527 1.1197 0.9524 0.7174 0.9893 1.0187 1.4063 1.2368 1.2993 1.1399 1.3322 1.4339 1.3074 1.3664 1.2330 1.0157 215.8902 215.8902 215.8902 215.8902 215.8902 215.8902 215.8902 2.5803 4.0978 215.8902 215.8902 215.8902 5.9702 215.8902 215.8902 6.3208 2.3730 2.3414 215.8902 215.8902 215.8902 215.8902 1.9853 2.2142 2.3050 2.4257 1.0522 215.8902 5.0798 215.8902 215.8902 2.4463 215.8902 2.6129 2.2361 2.3414 2.1616 2.2416 2.5109 2.9470 2.6996 2.1265 2.2931 2.4122 2.6639 2.3794 2.3230 2.1464 2.4056 2.9238 2.2814 2.8154 1.8017 2.4889 2.4056 2.6381 2.6296 2.4122 2.3924 2.9470 2.9354 1.7778 2.0067 2.0067 2.1022 2.7557 1.9399 2.5803 2.4325 2.9011 2.5964 2.5883 2.4745 2.3602 2.2528 2.3602 2.3291 2.5259 2.3291 2.1616 2.0374 2.7366 2.5488 2.2088 1.8664 2.1464 2.0739 2.1981 21.0371 2.0110 2.1119 1.8299 1.7948 2.1414 2.2142 1.8017 2.7951 2.1667 2.9238 2.1719 1.7348 2.5644 2.6046 2.2142 2.2088 2.1616 2.3990 2.6296 2.5964 3.0076 2.1616 1.9439 3.4173 32.8565 2.8361 4.0353 4.4172 5.3835 3.4173 2.3050 2.6816 2.3794 2.6129 2.4745 3.2784 2.6381 6.9357 3.3114 4.3783 2.2814 1.9769 2.8466 2.5335 215.8902 2.3291 2.0110 2.1981 2.2990 2.2931 2.0374 2.0509 2.4533 2.7179 2.4325 1.9769 2.5803 2.4190 2.4190 2.8790 2.5803 2.3730 2.6996 2.5184 2.2699 2.0555 215.8902
57 2.4533 1.5018 3.3456 3.2151 3.4940 2.6906 2.7557 2.3539 2.4325 1.9044 3.2151 2.5184 215.8902 1.9603 4.5399 2.2034 3.6878 215.8902 3.6878 2.5883 3.8633 2.3859 1.7744 3.1412 2.0464 2.0693 2.2642 2.1565 2.2472 1.9121 1.9685 2.6906 2.2250 2.3539 2.2142 2.3170 2.0601 2.0464 1.8590 1.6426 1.8087 2.3539 2.3666 1.7744 2.1823 2.1216 2.1823 0.7777 0.6751 0.5282 0.5569 0.5827 0.6035 0.4248 0.4248 0.5090 0.0315 0.0000 0.3922 0.4569 0.8106 0.5282 1.4624 1.5018 1.3197 1.5170 1.4386 1.6253 1.4624 1.3620 1.4200 215.8902 0.7527 0.7527 0.7527 0.7305 0.7777 1.1214 0.9524 0.7174 0.9636 1.0187 1.4063 1.2368 1.2993 1.1746 1.3239 1.4339 1.3074 1.3664 1.2330 1.0460 215.8902 215.8902 215.8902 6.6136 215.8902 2.6996 215.8902 2.5803 13.8269 10.1407 215.8902 215.8902 6.4153 215.8902 215.8902 7.4165 2.2034 2.2472 215.8902 215.8902 215.8902 215.8902 1.8192 2.0197 2.1515 2.4533 1.0742 215.8902 4.8651 215.8902 215.8902 2.4463 215.8902 2.6129 2.2361 2.5723 2.1616 2.4603 2.5803 2.9589 2.8052 2.1667 2.2931 2.4122 2.6639 2.3794 2.3230 2.2305 2.5335 2.9830 2.4962 2.7752 1.8017 2.4962 2.5335 2.8466 2.5035 2.5259 2.6046 2.7557 2.3170 1.7643 2.0509 2.1119 2.0647 2.9708 2.0241 2.6381 1.9644 2.9011 2.5964 2.4745 2.2305 2.3602 2.0975 2.6816 2.3539 2.4889 2.5411 2.1616 2.1771 2.4122 2.7179 2.2088 1.8480 2.0023 2.0110 2.1981 21.0371 2.1616 2.3414 2.1414 1.7948 2.1414 2.2142 1.8017 2.7951 2.2699 2.7179 2.2034 1.7348 2.7179 2.6046 2.3414 2.1616 2.0555 2.5411 2.4745 2.3050 2.6996 2.1515 1.9439 3.4173 9.7121 2.8052 4.0353 4.4172 10.6010 3.4173 2.3730 2.5259 2.2756 2.6996 2.5411 3.3456 2.6816 2.8790 9.3127 3.5343 2.0927 2.0647 2.8790 2.5335 215.8902 2.3414 2.0464 2.2250 2.3924 2.4889 2.3353 2.1823 2.6129 2.7951 2.6466 1.9769 2.9708 2.5644 2.4190 2.4056 2.6466 2.1167 2.6381 2.5184 2.4463 2.6727 215.8902
58 2.2142 1.8590 3.2151 2.4463 2.5964 2.4745 2.9589 2.4463 2.3666 2.1265 2.7951 2.4056 2.6381 3.1270 2.9124 2.6639 2.8573 2.9238 2.5488 3.1412 2.7087 2.4325 2.4603 3.3114 2.0601 2.1414 1.8443 2.2034 2.4190 2.5803 2.6129 2.1515 2.2585 2.1265 2.0285 2.3794 2.0464 2.3539 1.9895 2.0647 2.0880 2.3230 2.0464 1.7744 2.3170 1.8087 2.4603 0.7305 0.5389 0.6367 0.5021 0.5229 0.5753 0.2497 0.4185 0.5004 0.3922 0.3922 0.0000 0.5460 0.7987 0.5282 1.5273 1.4063 1.2953 1.3281 1.5859 1.6544 1.6426 1.3054 1.4018 215.8902 0.6628 0.6016 0.6426 0.7305 0.7305 0.9468 1.0600 0.6855 1.0068 0.9579 1.3928 1.3197 1.1433 1.2070 1.4481 1.3177 1.3707 1.4624 1.3491 1.0187 3.4173 2.5035 10.6010 215.8902 215.8902 43.2522 215.8902 2.4056 215.8902 215.8902 215.8902 215.8902 215.8902 215.8902 215.8902 215.8902 1.2793 2.1515 215.8902 215.8902 215.8902 215.8902 2.5566 2.1022 2.1616 2.2361 0.9622 215.8902 215.8902 215.8902 215.8902 215.8902 215.8902 2.2699 2.1565 1.8966 5.5176 2.0739 2.1565 2.2034 2.0975 2.0975 2.0833 2.0927 2.2416 1.9279 2.1667 2.1119 2.4889 2.0927 2.2756 2.9354 2.4673 2.5035 2.2873 2.4745 2.9124 2.7951 2.2142 2.0285 1.9399 1.7744 1.9044 2.0110 2.0197 3.1130 2.2305 2.5566 2.3414 2.3170 1.9769 2.4603 2.1216 2.4962 2.1771 2.6129 2.7366 2.2931 2.7366 2.0693 2.1464 2.6552 2.1119 1.6138 1.7093 1.9727 2.1216 2.4962 3.1701 4.1632 1.8263 2.1216 1.6485 2.0739 2.2142 1.8443 2.7951 2.4325 2.5964 2.3990 1.6876 2.6727 1.8299 1.8814 2.2472 2.0419 2.7272 2.7654 2.1119 2.2142 1.6426 2.0197 215.8902 20.4165 2.3666 215.8902 215.8902 3.0459 22.3532 2.6129 2.4745 2.0464 2.1119 2.8361 2.3924 2.0464 215.8902 215.8902 7.5469 2.4533 1.7284 2.4190 2.7272 215.8902 2.4394 2.2250 2.2931 2.2196 2.6816 2.3539 2.2990 2.6727 2.2990 2.7951 2.4463 2.4962 2.5488 2.4056 2.5335 2.4056 2.1265 2.4394 2.4056 2.3859 2.5803 215.8902
59 1.8590 2.1315 6.5129 2.7951 3.3456 2.7179 2.4463 2.6466 2.4056 2.4889 3.1999 2.7654 2.7461 2.7179 3.3456 3.1701 2.5488 2.9354 3.1412 2.9238 2.7951 2.4603 2.1022 3.8633 2.1515 2.6639 2.4190 2.4056 2.6296 2.3170 2.6996 2.5184 2.2585 2.4190 2.2250 2.2250 2.2931 2.4603 1.8814 2.3050 1.8664 2.8790 3.1999 1.8890 2.3291 2.1414 2.4190 0.8011 0.6751 0.5827 0.6960 0.6426 0.7066 0.4919 0.3922 0.5827 0.4569 0.4569 0.5460 0.0000 0.7640 0.5997 1.6663 1.4918 1.4528 1.5170 1.6845 1.4018 1.5429 1.4339 1.4109 215.8902 0.7305 0.6855 0.7066 0.6834 0.8011 1.2070 1.1399 0.8011 0.9951 1.0187 1.4968 1.3817 1.1365 1.2636 1.6663 1.3491 1.4721 1.5273 1.4968 1.3074 3.0992 2.4325 26.9827 8.1141 215.8902 1.8335 16.6842 3.2463 2.4463 32.8565 215.8902 215.8902 29.7440 12.5008 215.8902 3.1270 1.2070 1.7544 215.8902 215.8902 215.8902 215.8902 2.7951 2.2528 2.3050 2.3924 1.3973 215.8902 2.1515 215.8902 215.8902 215.8902 215.8902 2.1315 2.3414 1.9685 2.8573 2.4673 2.1167 2.6129 2.6816 2.3794 2.3050 2.1216 2.6906 1.9938 2.1364 2.0023 2.0927 2.9238 3.3631 2.8681 2.9470 2.5644 2.1928 2.3730 2.1515 2.2196 2.2196 2.3414 2.4816 2.0023 2.4603 2.3477 2.0197 2.6639 2.3414 2.8466 2.2250 2.5411 2.2873 2.2873 2.3602 2.8466 2.4673 2.1216 2.3414 2.4463 2.2088 2.1216 2.3794 2.3539 2.2931 1.9439 2.3794 2.3353 1.7610 2.2585 215.8902 1.7744 2.2361 2.3170 1.6663 1.9279 2.6129 2.2088 3.0992 2.5259 2.9830 2.1875 1.7880 2.5964 2.3230 2.2699 2.3170 2.5411 2.6816 2.5488 2.0110 2.0647 2.1119 2.3353 13.8269 7.6817 2.2472 215.8902 2.0833 5.9702 2.5335 2.3291 1.9279 3.1270 3.0992 2.5035 3.4743 2.9589 2.0464 2.1616 2.6727 2.2814 2.0110 1.7880 2.5335 2.5335 2.2931 2.1216 2.3050 2.4122 2.4533 1.8371 1.9644 2.1315 2.3794 2.5883 2.0285 2.3666 2.6639 2.6906 2.7179 2.4962 2.2814 2.5184 2.5803 2.4190 2.6129 215.8902
60 3.5977 1.7948 7.2904 2.7557 2.2873 2.5109 1.7413 2.6212 2.4056 2.7461 2.4325 2.4257 2.6466 2.8681 4.8150 1.9161 1.8017 2.2990 2.7179 2.3859 2.9708 2.2642 1.7610 2.0555 2.0647 2.2931 1.8814 2.2305 2.0647 2.2472 2.0197 2.6296 2.0374 1.9685 1.9644 2.0285 2.1364 2.1414 1.7316 2.3050 1.9811 2.4533 1.9685 1.5750 2.2305 1.9603 1.9938 0.9468 0.6132 0.6855 0.6547 0.6248 0.7527 0.9249 0.7066 0.7987 0.8106 0.8106 0.7987 0.7640 0.0000 0.6527 1.2913 1.3322 1.0039 1.2754 1.4770 1.3599 1.3751 1.2330 1.2754 215.8902 0.8130 0.7893 0.7415 0.8422 0.9195 1.1097 1.1746 0.8011 0.8202 0.8373 1.2559 1.4457 0.8597 1.2255 1.0983 1.1997 1.3534 1.2993 1.3281 0.9835 4.4571 9.9226 3.4173 215.8902 215.8902 2.3924 2.2585 2.1928 2.3050 2.8573 6.3208 215.8902 2.5644 215.8902 215.8902 215.8902 2.5259 1.8701 215.8902 6.4153 2.4603 215.8902 1.5887 2.4122 2.9238 2.0786 0.9182 215.8902 2.9708 215.8902 215.8902 11.9077 4.3783 2.1414 1.9439 1.9685 2.6816 2.1565 2.2642 1.8890 2.0110 2.3414 1.8664 1.9121 2.2472 1.8890 1.9399 1.9279 2.5803 2.7557 2.5644 2.1070 1.3620 2.4745 2.4056 2.2873 2.0023 1.8590 2.2990 2.2756 2.0880 2.2528 1.9161 2.0153 1.8890 2.0464 1.7284 2.5803 2.1875 2.1875 2.1875 2.0833 2.3477 2.3414 2.4122 2.5488 1.9980 2.1823 1.9980 2.0739 2.6381 2.3291 1.8627 1.6724 2.0647 2.3414 1.6876 1.8516 215.8902 215.8902 1.8299 2.5488 1.6784 2.6639 2.1875 2.1315 2.7366 2.1771 2.4190 2.0786 2.0285 2.5035 2.0927 2.2034 2.1667 1.7677 2.2250 2.1464 2.1616 2.2814 1.8814 2.1667 8.1141 2.7557 2.5184 2.1515 2.8900 4.3783 2.8900 2.1667 2.1167 2.1070 2.1515 2.5184 2.5411 2.4325 4.6269 5.8891 2.4533 2.1464 1.8017 1.8087 2.0023 2.5566 2.1119 2.0739 2.2142 2.2990 2.2931 2.1823 2.1070 2.4463 2.4603 2.1119 2.0197 2.0374 1.9603 2.2472 1.8590 2.3414 2.3414 2.3109 1.7880 2.0374 2.1515 215.8902
61 2.1414 1.9279 8.5927 1.8335 1.8017 2.5644 4.3783 2.9470 1.3973 215.8902 1.9121 2.2990 2.5488 3.4550 3.4173 1.9938 2.2416 3.1849 3.5343 1.8928 2.0023 1.6815 1.8516 1.7511 2.1315 2.3050 2.0927 2.5964 1.8157 2.7557 2.2814 3.8633 2.3990 1.8157 1.9521 2.1616 2.2585 2.8573 1.6544 1.9769 2.3794 2.2142 1.9769 1.7478 2.6212 2.7179 2.6129 0.8547 0.4407 0.5515 0.4407 0.5013 0.5056 0.5753 0.5515 0.5515 0.5282 0.5282 0.5282 0.5997 0.6527 0.0000 1.4968 1.4868 1.2218 1.4433 1.3239 1.6195 1.5018 1.2597 1.5351 215.8902 0.7327 0.8226 0.6981 0.7999 0.8226 1.1502 1.2520 0.8226 0.9496 1.0616 1.3973 1.3620 1.0039 1.3620 1.2181 1.1468 1.3385 1.0616 1.2754 1.1297 215.8902 215.8902 215.8902 215.8902 215.8902 3.1555 215.8902 2.1216 5.3193 215.8902 215.8902 215.8902 215.8902 215.8902 8.4277 215.8902 1.1247 1.7093 215.8902 215.8902 215.8902 215.8902 2.3230 2.6466 2.4394 2.1616 1.1889 215.8902 215.8902 215.8902 215.8902 215.8902 215.8902 2.5644 2.3291 2.0927 7.8210 2.3924 2.0110 2.7752 2.5644 2.0464 2.1167 2.1119 2.2931 2.3539 2.1616 2.1515 2.2814 2.7752 3.2463 2.9952 1.6368 2.2931 2.7951 1.6426 2.6727 2.5035 2.2034 1.8739 1.9279 1.8814 1.4410 1.8157 2.2305 2.4190 2.2585 2.1515 2.0739 1.9853 2.0464 2.0241 2.3414 2.7179 2.9470 2.6552 2.6129 2.5035 2.3109 2.3050 2.2361 2.3291 1.9938 2.0330 2.2990 2.5411 1.7031 2.0023 215.8902 7.5469 2.4889 1.7677 1.8017 2.1315 1.9200 2.5644 3.1412 1.8516 2.4463 1.8228 1.8017 215.8902 2.1616 2.2196 2.3539 2.5964 2.2931 2.3170 2.1315 1.9044 1.8017 1.9359 215.8902 12.5008 2.3924 215.8902 215.8902 5.9702 215.8902 2.4325 2.2034 2.4889 2.6639 2.0739 2.6639 2.6639 215.8902 215.8902 2.3050 2.2931 1.9359 2.0464 2.1823 215.8902 2.4190 2.0197 1.9853 2.0555 2.1464 2.1070 2.2756 2.1616 1.9044 2.4962 1.7348 2.1719 2.2250 2.2088 2.5644 2.4962 2.2756 2.1216 1.9521 2.3291 2.8361 215.8902
62 3.0589 3.0722 2.3794 2.6906 2.5644 2.6552 2.8573 2.6296 2.3539 3.3114 2.7366 2.7752 2.6212 3.1555 4.2315 3.1999 3.1130 3.4173 3.5140 2.9830 2.7951 2.8573 2.5259 3.1130 2.4463 2.9011 2.6466 2.4962 3.2784 2.4394 2.7179 2.2361 2.7179 2.4816 2.5259 2.6639 2.5883 3.3114 3.3809 4.0051 2.6212 2.7851 2.7366 3.6878 2.8466 2.9011 2.9952 1.4868 1.3534 1.6426 1.6253 1.5859 1.5777 1.4270 1.6724 1.7811 1.4624 1.4624 1.5273 1.6663 1.2913 1.4968 0.0000 1.0902 1.0584 1.2754 1.2833 1.3239 1.3074 1.2675 1.0742 215.8902 1.2578 1.3620 1.5588 1.3973 1.5429 1.7511 1.7220 1.3156 1.4624 1.0009 1.1925 1.0742 1.1433 1.1606 1.0616 1.1365 1.0399 1.0742 1.2199 0.9951 2.1719 2.1616 2.4122 2.3414 1.9005 2.6906 2.5566 2.2034 1.8701 2.3230 1.6604 2.6552 2.3924 2.1414 2.3291 2.0110 215.8902 2.3924 2.3050 2.2931 2.1515 215.8902 2.1022 1.9895 1.9769 2.1719 215.8902 215.8902 2.2873 215.8902 2.5644 2.8573 2.4190 2.3230 2.0693 2.1565 2.3170 2.0927 2.0374 2.4056 2.1565 2.1414 215.8902 2.4190 2.2990 215.8902 1.7252 1.9359 2.0927 2.5964 2.3602 2.6816 2.7179 2.5566 2.3414 2.6996 2.5184 2.8052 2.7272 2.8154 2.4257 2.8573 2.7951 3.4360 2.8790 3.0459 2.9589 2.8257 2.8361 2.6996 2.5259 3.1270 2.6212 2.6906 2.7851 3.2784 2.7951 3.0202 2.7654 2.5723 3.0722 3.4550 2.9124 2.7557 2.2528 2.1119 2.1119 2.3924 1.8739 1.7811 1.4697 1.7811 1.6544 2.0833 2.0509 2.5035 1.5273 3.0076 2.5035 2.5644 1.7156 2.0153 3.9755 2.1414 1.6604 2.2142 2.3170 2.0927 2.2814 2.1771 2.1981 2.2873 2.2814 1.9727 2.6906 2.4056 2.3794 2.5335 2.5803 2.8573 2.5335 2.1981 2.3990 1.9359 2.1823 2.4190 2.8900 2.3730 2.4122 2.2814 2.0241 2.1823 1.9938 2.8257 3.6419 3.1555 2.7557 3.3631 2.6727 3.2463 2.8154 3.5977 3.8367 1.8371 3.9466 3.5343 1.9644 2.3859 1.7413 2.2814 2.0197 1.5119 2.0786 2.4816 2.2585 2.0833
63 2.8257 2.6816 3.1999 3.2151 2.4325 2.7557 2.5803 2.4463 2.5335 2.9952 2.6639 2.6996 2.9238 2.9124 2.4962 2.6906 3.1270 2.4257 3.1701 3.6419 2.7654 2.5411 2.7557 2.6381 2.5184 3.1555 2.5184 2.2873 2.6381 2.7461 2.7179 2.8361 2.7752 2.4745 2.7179 2.6906 2.6296 2.4533 2.8900 3.3456 2.3414 2.5488 2.3230 3.2622 2.5883 2.3990 2.6129 1.3491 1.4063 1.5299 1.5170 1.5043 1.7062 1.3973 1.3013 1.4386 1.5018 1.5018 1.4063 1.4918 1.3322 1.4868 1.0902 0.0000 1.0553 0.8673 0.8422 1.0522 0.7893 0.8275 0.6035 215.8902 1.3239 1.3751 1.3839 1.3239 1.2793 1.7744 1.6195 1.1889 1.6224 0.9951 0.9608 0.9249 1.1230 0.9835 0.8852 0.8058 0.9195 0.8801 0.8673 0.8422 2.8790 2.1719 2.4745 2.4745 2.2931 2.3924 2.1667 2.8681 2.3414 2.3794 1.6485 2.2990 2.4603 2.0647 2.2472 2.2034 215.8902 2.9470 2.1719 2.3794 2.2250 215.8902 2.3230 2.5488 3.0856 2.3666 215.8902 215.8902 2.6212 215.8902 2.2756 2.3924 3.2151 2.1823 2.7461 2.0833 1.9685 2.5184 2.1119 2.4673 2.0739 2.0739 2.1928 2.0241 2.2142 1.7643 2.6212 2.6996 1.9769 2.7179 2.8257 2.4463 2.9470 2.5723 2.7851 2.6129 2.6212 2.7179 2.9011 2.9952 3.2948 3.5762 3.1701 3.1130 2.9952 3.1701 2.4962 2.8052 2.7366 2.9830 2.9238 2.8681 2.9470 2.7272 2.8466 3.6196 2.8573 3.0459 3.0330 2.1981 3.2784 3.4550 2.6046 2.9952 2.4122 2.2585 2.0647 2.1167 1.6485 215.8902 1.8928 2.0927 2.0241 1.8890 2.0927 2.9830 1.9769 2.9238 2.1667 2.0927 1.9319 1.9439 2.4889 1.8228 1.7948 2.4889 2.2416 2.4257 2.1070 2.6906 2.1464 1.9561 2.5335 1.8407 2.7366 2.6816 2.0241 2.0419 2.1928 2.2361 2.7366 2.5803 2.6816 2.2873 2.5035 2.5883 2.7087 1.9161 2.5184 2.1823 1.9980 2.9238 1.8407 2.7179 3.2784 3.5977 2.2642 3.4173 1.9200 3.7114 2.2585 3.6646 4.4172 2.2142 3.7114 3.8905 2.1070 2.4325 2.1928 2.1823 2.8466 2.5566 2.2585 2.7951 2.2088 2.0464
64 3.3809 3.2622 2.2585 2.9830 2.3291 2.4889 2.8790 2.5803 2.5335 2.5109 2.7087 2.6552 2.6296 2.9238 2.7557 2.6552 2.9238 3.0202 3.8633 3.6196 2.7752 2.5723 2.4394 2.4962 2.4257 2.3666 2.5184 2.2642 2.4816 2.4533 2.3477 2.7366 2.3414 2.2361 2.6906 2.4394 2.5335 2.3539 3.0722 3.2948 2.4889 2.6466 2.3666 2.8900 2.5883 2.4056 2.4122 1.4528 1.2368 1.3534 1.3197 1.2368 1.2482 1.5273 1.1399 1.3795 1.3197 1.3197 1.2953 1.4528 1.0039 1.2218 1.0584 1.0553 0.0000 1.0999 0.9303 1.3177 1.1131 1.0338 0.9692 215.8902 1.2793 1.4528 1.3322 1.2793 1.4018 1.8443 1.6937 1.1746 1.6026 0.8878 1.0277 0.9664 1.0694 0.8749 0.7708 0.8698 0.9692 0.8178 1.0742 0.7594 2.9708 2.0555 2.3477 2.8361 2.1823 2.0833 2.0285 2.2699 1.6784 3.0330 2.0110 1.9769 2.3924 2.1771 2.1216 2.1515 215.8902 2.3539 2.0739 2.3050 2.2472 215.8902 2.2756 2.0110 2.6296 2.1022 215.8902 215.8902 2.9470 215.8902 2.0739 2.5964 2.0153 2.4745 2.1216 1.9727 2.7951 2.3539 2.5109 2.2034 2.4745 2.0833 2.3730 2.0110 3.0330 215.8902 2.2142 1.9685 2.2142 2.8257 2.4394 2.7654 2.6296 2.3924 2.4962 2.4533 2.5109 3.3809 2.3794 2.5723 2.5335 2.1565 2.4603 2.2305 2.7752 2.8154 2.3924 2.9354 2.0927 2.6552 2.5184 2.3539 2.7179 2.8257 2.8052 2.8361 2.7851 2.4257 2.9124 2.5803 2.7654 3.0459 2.2642 2.2472 2.9470 3.4360 1.9279 3.0992 1.8814 2.3924 2.0374 2.0786 2.0647 2.4056 2.5184 2.7179 1.9082 3.5762 2.5184 2.5259 1.9480 1.9399 4.0353 2.6466 2.0285 2.7179 2.8790 3.4743 2.0464 2.4962 2.3539 2.4603 2.3050 1.7577 2.8154 2.6816 1.9685 2.2034 2.1464 2.7087 2.3794 1.8776 1.7577 2.4745 2.1875 1.7156 2.2472 2.1022 1.7811 2.9470 2.5411 2.6639 2.4190 2.3291 3.0992 4.1632 2.2814 3.3809 2.1875 2.8257 2.5184 3.5762 3.2784 2.5883 3.4550 3.5551 2.2142 2.3859 2.3859 3.0330 2.2931 2.2472 2.1119 2.3730 1.7188 2.2142
65 2.6296 2.8052 2.2361 2.6381 2.2142 2.9124 2.9589 2.8361 2.4056 3.2151 2.7179 3.4940 3.7600 3.0330 2.5964 3.0589 3.1270 3.3284 3.1130 3.5551 3.2151 2.2931 2.4962 2.7752 2.7752 3.2948 2.7179 2.0374 2.4745 2.7272 2.6046 2.8900 2.7752 3.0076 2.9952 2.5964 2.4463 2.6906 2.8361 3.2948 2.3924 2.7951 2.9708 2.5259 2.5335 2.6296 2.5335 1.3751 1.2597 1.4293 1.3751 1.3664 1.4673 1.3364 1.3751 1.3406 1.5170 1.5170 1.3281 1.5170 1.2754 1.4433 1.2754 0.8673 1.0999 0.0000 0.9864 1.1571 0.8775 0.9222 0.7917 215.8902 1.3751 1.2107 1.2482 1.3406 1.3322 1.7445 1.6724 1.2107 1.5482 0.8724 0.8983 0.9806 1.0647 1.1097 0.8852 0.9062 1.1853 1.0068 0.9749 0.9551 2.7179 2.4889 2.5803 2.2088 2.3794 3.5762 14.9598 2.1667 3.1701 3.3114 1.2292 2.2142 2.3170 1.9853 2.2931 2.4533 215.8902 1.9853 2.7179 2.7851 1.5273 215.8902 1.8228 1.8966 2.0197 1.5914 215.8902 215.8902 1.6968 215.8902 1.9359 2.3859 3.3284 1.7744 1.9561 2.0419 2.2196 1.7062 4.0662 2.0927 2.1875 1.9727 1.9121 9.3127 2.5259 5.7339 1.7577 2.1070 2.1464 2.9011 2.6816 2.5883 2.7752 2.6639 2.4745 2.5803 2.6129 2.5259 2.6466 3.0202 3.1270 3.0202 3.1849 3.0722 2.9952 2.8361 2.5803 2.7272 2.5488 2.8154 2.8790 2.8790 2.6816 2.7654 2.9354 2.9238 2.7752 2.7951 3.1270 2.8052 3.6646 3.2622 2.4603 2.0739 2.4603 2.5883 2.0555 2.5964 1.6026 215.8902 1.8516 1.9895 1.8890 1.6310 1.8928 2.6466 2.6046 2.4325 2.2814 2.2142 1.8371 1.9644 3.7600 2.0693 1.7413 2.5964 2.6552 2.6296 1.9161 2.7272 4.3783 215.8902 215.8902 1.7880 2.8681 2.4394 1.7744 1.9121 2.1364 2.5803 1.9938 2.4325 2.4889 2.0464 2.1719 2.2361 2.5488 1.9938 2.3050 1.9811 2.0285 1.4968 1.7348 2.3414 3.3456 3.5551 2.3730 2.3666 2.2088 2.5723 2.6639 3.7114 3.3114 1.8739 2.7951 2.7461 2.1315 1.9005 1.8966 1.9121 2.1771 1.7744 2.2416 1.9239 1.7188 2.4889
66 2.8361 2.6212 2.0739 3.3989 2.4745 2.5335 2.4962 2.4889 2.4056 2.2873 2.5411 2.5644 2.9011 2.6381 2.8361 2.4816 2.4673 2.3859 3.1999 3.1849 2.9708 2.5803 2.2196 2.9011 2.4257 2.6466 3.0589 2.3730 2.5184 2.6727 2.3414 3.5762 2.5411 2.6639 2.9952 2.7654 2.6906 2.6296 3.0856 3.1270 2.5883 2.8681 3.5762 2.6046 2.8790 2.8681 2.7179 1.6937 1.7380 1.6907 1.6253 1.7220 1.4363 1.8299 1.7478 1.6968 1.5170 1.4386 1.5859 1.6845 1.4770 1.3239 1.2833 0.8422 0.9303 0.9864 0.0000 1.1817 0.9331 0.8547 0.8275 215.8902 1.5642 1.2444 1.3074 1.5119 1.5914 1.8928 1.8516 1.6544 1.7284 1.2033 1.0934 1.0522 1.1889 1.0584 0.9209 0.8647 1.0277 0.8826 0.9062 0.9115 3.6196 2.5035 2.7752 2.3602 2.2699 2.0110 2.2814 2.4889 2.0110 2.6296 1.6845 2.0786 2.2585 2.0833 1.8739 2.1565 215.8902 2.6816 2.0927 2.1515 2.3794 215.8902 1.9359 1.9279 1.6784 1.9319 215.8902 215.8902 2.9830 215.8902 2.3539 2.3666 2.2416 2.2931 2.0927 1.9938 2.3291 2.1315 2.3924 2.3924 2.4190 2.5644 2.1515 2.0833 2.5964 2.0285 1.8335 2.5964 2.3539 2.6296 2.9952 2.5723 2.8466 2.8154 2.3050 2.9830 3.4173 3.2463 2.5803 2.6906 2.6996 2.5335 2.8790 3.3809 2.9124 3.6646 3.0202 3.0459 3.2463 2.7654 2.8361 2.6296 2.9589 3.1555 3.0202 3.3114 3.0992 3.1412 3.3284 3.1849 3.2463 2.6639 2.4673 2.0285 2.3050 2.2699 2.1719 2.7366 1.9727 2.2250 2.3170 2.6466 2.1119 1.5119 1.9121 2.8361 2.1928 2.7752 3.9183 2.4463 2.0833 2.0647 2.6816 2.1315 1.9359 2.9124 2.4673 2.5964 2.2699 3.0202 4.5399 3.2306 2.0647 1.6426 2.9238 2.5883 2.1667 1.7744 1.9439 2.5488 2.7087 2.7461 2.6552 2.3924 1.6195 2.6727 2.7366 2.3291 2.4889 2.9238 6.2291 3.0202 2.4463 2.4603 3.3284 4.7185 2.1565 4.4571 2.1364 3.7600 3.0330 4.6269 3.7851 1.8157 3.4940 5.5176 1.7811 2.1928 1.9319 2.1022 2.1515 1.9938 1.9769 2.0110 2.1414 2.6212
67 3.4940 2.6996 3.0202 2.9470 2.1771 2.3666 2.8466 2.6639 2.3924 3.0330 2.4463 2.9589 2.8466 2.4394 2.6296 2.9708 2.6727 2.7087 3.2784 3.9183 2.4816 2.1565 2.7461 2.4745 2.6466 3.1555 2.5803 2.8052 2.5964 2.4257 2.6996 2.3477 2.6552 2.2034 2.7752 2.7461 3.0856 3.0856 2.7752 2.8900 2.8790 2.4745 2.9011 2.7951 2.9708 2.6639 2.7557 1.9895 1.4600 1.6845 1.4109 1.4624 1.6937 1.4770 1.3928 1.4624 1.5750 1.6253 1.6544 1.4018 1.3599 1.6195 1.3239 1.0522 1.3177 1.1571 1.1817 0.0000 1.1764 1.1979 1.0999 215.8902 1.8407 1.7125 1.6784 1.5170 1.9895 1.9727 1.7156 1.4968 1.6968 1.2754 1.2520 1.3281 1.4018 1.2520 1.2482 1.2070 1.2675 1.2144 1.2636 1.3281 3.7851 2.9952 2.5644 2.5411 2.2585 3.1849 3.2784 2.3414 1.9439 2.9354 1.6110 2.1719 2.3353 2.1771 2.2699 2.6466 215.8902 3.5551 3.4173 2.1616 2.4325 215.8902 2.8361 2.4056 2.2250 2.3170 215.8902 215.8902 2.2756 215.8902 2.3414 2.2305 3.4360 2.1464 2.2034 2.1070 2.2142 2.1875 2.0833 2.2585 2.8466 2.1771 2.3602 2.0833 2.4745 2.2088 2.6466 2.3230 2.0647 2.6816 2.2814 3.1849 2.3477 2.3859 3.2948 3.0202 3.0459 3.0202 3.0722 2.7179 2.8790 2.5964 2.9011 3.0330 2.9708 2.7366 2.8573 2.9470 2.6639 2.8790 3.1849 2.9952 2.5488 2.9952 2.6639 3.2463 3.1412 2.8900 2.9354 2.6129 2.7752 3.4940 2.6381 1.8590 2.1216 2.0927 1.6999 2.0285 2.4325 215.8902 1.5508 1.9279 2.0464 1.4386 2.1216 2.4056 1.9603 2.8154 1.8627 2.5803 2.0023 1.8966 2.3291 1.8664 1.6195 2.6996 2.0927 2.3170 1.8443 2.9238 1.8052 1.8739 2.4463 2.5644 2.6296 2.2361 2.6816 2.6816 3.0992 2.9830 2.0833 2.2361 2.3170 2.3539 1.9121 2.3291 2.5335 2.3666 2.1216 3.1270 1.8122 3.1701 2.0067 3.1555 3.2463 5.8891 2.3794 3.8107 2.6129 3.3809 3.1270 3.3809 3.0330 2.1315 3.8633 4.3032 2.0110 2.4745 2.4745 2.9470 2.2699 2.3414 2.7179 2.5035 1.9685 2.2034
68 2.6552 3.0856 2.7752 3.1270 2.1464 2.1022 2.9238 2.1928 2.4257 2.8573 2.5644 2.4962 2.9589 2.5964 2.8573 2.4673 2.6996 3.0856 2.7087 3.0076 2.4325 2.6466 3.4743 2.6129 2.9238 3.3114 2.8052 2.4257 2.8361 2.6816 2.7752 2.8361 2.6296 2.4056 2.9011 2.4257 2.8681 2.9354 2.8681 3.0076 2.5411 2.7272 3.6196 2.9238 2.7179 2.9470 2.5723 1.6999 1.4673 1.5273 1.3239 1.5429 1.6138 1.4246 1.3620 1.4819 1.4624 1.4624 1.6426 1.5429 1.3751 1.5018 1.3074 0.7893 1.1131 0.8775 0.9331 1.1764 0.0000 0.8447 0.8762 215.8902 1.5696 1.2520 1.4386 1.4624 1.6907 1.7544 1.5068 1.4918 1.5750 0.8058 1.1164 1.0902 1.2793 1.1331 1.0308 1.0522 1.1131 1.1502 0.9128 1.0157 3.5762 3.2151 2.2756 3.0992 2.9124 2.4603 2.5644 2.4190 1.6663 4.3032 1.8664 3.1555 3.0992 1.6968 2.0555 2.1719 215.8902 2.8681 2.6129 2.9708 2.0241 215.8902 2.0601 2.5964 2.0330 1.8664 215.8902 215.8902 2.4394 215.8902 1.7093 2.6296 2.3109 2.1464 2.1667 1.7677 2.3050 1.8928 1.9044 2.0833 2.1515 2.0509 1.8516 1.9521 2.1565 2.2699 2.3859 2.3109 1.9769 2.8790 2.6129 2.6639 2.6296 2.6296 2.5723 2.4673 3.0202 2.9708 2.9952 2.7557 2.6816 2.5803 2.4673 3.1849 2.6816 3.1701 3.0992 3.1849 2.7366 2.5723 2.6639 2.6212 2.9011 2.6212 2.7272 2.8790 2.7366 2.9011 2.6046 3.3114 3.1849 3.3809 2.4463 2.2196 1.9359 1.9938 1.7220 2.5035 1.9359 5.5176 1.9727 2.1414 1.9439 2.1928 2.0927 2.6639 1.8516 2.4533 2.0067 2.2585 1.8776 1.8966 2.1616 1.8553 2.1616 2.7951 2.3230 1.8966 2.8466 2.2585 3.4360 2.4889 2.6816 2.0023 2.6816 2.1216 2.3170 1.8890 2.2250 2.5109 3.2784 2.8052 2.3414 2.5964 2.8790 2.4962 2.0197 1.6663 2.1464 3.0330 2.0285 2.8573 2.1616 3.3631 3.5551 4.0978 2.3050 3.7114 2.7851 3.7355 2.8257 3.4743 3.7851 2.6996 3.7355 4.2669 2.0927 1.6663 1.8443 2.7272 2.0197 2.0110 2.2142 2.2361 1.9938 2.1119
69 2.4889 3.6419 2.5411 2.9124 2.3730 2.4745 2.9011 2.1315 2.3794 3.3284 2.4463 2.6906 3.0992 3.3809 2.9708 2.8790 2.7179 2.5488 3.0202 3.0856 2.9830 3.0459 2.9589 3.0992 2.7179 2.4190 2.5184 2.3353 2.1875 2.4394 3.3809 2.7654 2.4122 2.1565 2.5803 2.3794 2.6466 2.8257 3.3114 3.1555 2.5488 2.5488 2.8154 2.8790 3.0722 2.7087 2.7654 1.2873 1.3322 1.5642 1.2913 1.3406 1.3664 1.4200 1.3034 1.4433 1.3620 1.3620 1.3054 1.4339 1.2330 1.2597 1.2675 0.8275 1.0338 0.9222 0.8547 1.1979 0.8447 0.0000 0.9276 215.8902 1.4246 1.3239 1.3156 1.3115 1.2873 1.6426 1.5351 1.1641 1.4339 0.8749 1.1468 1.0308 1.1032 1.0247 0.9168 0.9195 1.0399 1.0553 0.6074 0.8801 2.9011 2.3924 2.2250 2.9354 2.1719 2.2528 2.8154 2.4816 2.1719 2.6996 1.8122 1.9980 2.5335 2.2088 2.1119 1.8664 215.8902 2.3539 2.3924 2.5035 2.0419 4.7185 2.2472 2.2699 2.3730 2.0197 215.8902 215.8902 2.7557 215.8902 2.3170 2.7179 2.8154 2.4122 2.0693 2.0153 2.5644 1.9938 1.7093 2.1364 1.8122 1.8017 1.6604 1.8335 2.8681 215.8902 1.9938 2.1119 1.7544 2.6381 2.4603 2.6816 2.7461 2.4463 2.4190 2.2472 2.5109 2.9011 2.5964 3.1270 2.8361 2.4673 2.9011 2.9708 2.8900 3.7114 2.8681 3.0722 2.9011 2.5488 2.5566 2.6639 2.7951 2.6639 2.6296 2.7179 2.7179 2.9708 2.5803 2.5883 2.7951 2.9708 2.4190 2.3109 3.0589 2.8154 1.9279 2.7752 1.8966 215.8902 1.7880 2.1928 1.9521 1.8371 1.8701 2.9589 2.2088 2.5335 2.3539 2.0739 1.7478 1.8739 2.2528 2.1315 2.1216 2.3990 2.7179 3.0330 1.7744 3.3284 4.0051 2.6639 1.7478 1.5273 3.1270 2.1719 1.4819 1.7677 1.8664 2.4325 2.5335 2.3414 2.3924 2.1667 1.9161 2.0509 2.2528 1.5642 1.9200 2.3109 2.0739 2.5964 2.2642 2.6552 3.1849 3.2784 2.4463 4.1301 2.4190 2.5723 2.6129 3.3989 3.7355 1.9239 3.1270 3.5551 2.3602 2.0833 2.1315 1.8087 1.6224 1.6544 2.2990 1.9279 1.5119 2.0927
70 2.6466 2.9124 2.6129 2.6906 2.4533 2.6906 2.7752 2.2990 2.3414 3.1999 2.7951 2.9011 2.7366 2.2642 2.3539 2.6727 2.5644 3.3989 2.9830 2.8900 2.7951 2.6046 2.4816 2.6906 2.5566 2.7654 2.6466 2.3170 2.4603 2.5335 2.4889 2.9708 2.5803 2.3050 2.8154 2.3477 2.6996 2.4533 3.2463 3.1412 2.7272 2.5335 2.5964 2.3291 2.8257 2.6296 2.5803 1.3751 1.3115 1.5588 1.4918 1.4968 1.5273 1.4968 1.3197 1.5351 1.4200 1.4200 1.4018 1.4109 1.2754 1.5351 1.0742 0.6035 0.9692 0.7917 0.8275 1.0999 0.8762 0.9276 0.0000 215.8902 1.3928 1.3839 1.4200 1.2973 1.4386 1.6663 1.3642 1.3406 1.4819 0.9035 0.9692 0.9496 1.1817 1.0491 0.8673 0.8622 1.0430 0.8647 0.9115 0.8597 3.3114 3.3114 2.8257 2.2873 2.4463 3.2151 2.8900 1.9727 2.4056 2.7179 1.7845 2.6816 3.8107 2.1515 1.8553 1.8890 215.8902 2.1823 2.8790 1.9603 2.2250 215.8902 2.1823 1.8371 1.8480 2.1464 215.8902 215.8902 2.5035 1.7316 2.6466 2.3050 2.8573 1.9895 1.9399 1.8443 2.0110 1.9044 2.0197 1.8263 1.5914 1.8443 1.7284 1.6968 2.6906 215.8902 1.8157 2.0975 2.0509 2.7752 2.9354 2.4603 2.9830 2.4889 2.6639 2.2756 2.3050 2.4325 2.6906 2.4190 2.8052 2.3730 3.0076 2.7557 2.9354 3.1555 2.5109 2.7951 2.5335 3.0076 2.9470 2.5109 2.9952 2.9124 2.9708 2.6296 2.8154 2.7366 2.6296 2.5723 2.7752 2.7272 2.0555 2.3170 2.6996 2.5488 1.8664 2.3170 1.8966 215.8902 1.8443 2.3477 1.9561 1.6663 1.8739 2.3924 2.1719 4.5399 3.4550 2.1070 1.7188 2.0330 2.6129 2.2142 2.0739 2.2361 2.6046 2.9708 2.0374 2.6639 3.5140 1.4576 2.8573 2.1364 2.7461 2.0880 2.0739 2.4190 2.2585 2.3109 2.4056 1.8157 1.8739 2.0647 1.7643 1.8739 2.4603 2.2528 2.3730 2.1414 1.8664 2.9124 1.9359 3.3456 3.3114 3.6196 1.8157 3.3631 2.0023 3.1412 2.8466 3.4940 3.7600 1.9200 3.6646 4.2669 3.4173 1.7778 1.9200 6.3208 1.9521 1.9521 2.1928 2.0197 1.4481 2.2361
71 215.8902 215.8902 215.8902 215.8902 215.8902 215.8902 215.8902 215.8902 215.8902 215.8902 215.8902 215.8902 215.8902 215.8902 215.8902 215.8902 215.8902 215.8902 215.8902 215.8902 215.8902 215.8902 215.8902 215.8902 215.8902 215.8902 215.8902 215.8902 215.8902 215.8902 215.8902 215.8902 215.8902 215.8902 215.8902 215.8902 215.8902 215.8902 215.8902 215.8902 215.8902 215.8902 215.8902 215.8902 215.8902 215.8902 215.8902 215.8902 215.8902 215.8902 215.8902 215.8902 215.8902 215.8902 215.8902 215.8902 215.8902 215.8902 215.8902 215.8902 215.8902 215.8902 215.8902 215.8902 215.8902 215.8902 215.8902 215.8902 215.8902 215.8902 215.8902 0.0000 215.8902 215.8902 215.8902 215.8902 215.8902 0.9182 215.8902 215.8902 1.3218 215.8902 215.8902 215.8902 215.8902 215.8902 215.8902 215.8902 215.8902 215.8902 215.8902 215.8902 215.8902 215.8902 215.8902 215.8902 215.8902 215.8902 215.8902 215.8902 215.8902 215.8902 215.8902 215.8902 215.8902 215.8902 215.8902 215.8902 215.8902 215.8902 215.8902 215.8902 215.8902 215.8902 215.8902 215.8902 215.8902 215.8902 215.8902 215.8902 215.8902 215.8902 215.8902 215.8902 215.8902 215.8902 215.8902 215.8902 215.8902 215.8902 215.8902 215.8902 215.8902 215.8902 215.8902 215.8902 215.8902 215.8902 215.8902 215.8902 215.8902 215.8902 215.8902 215.8902 215.8902 215.8902 215.8902 215.8902 215.8902 215.8902 215.8902 215.8902 215.8902 215.8902 215.8902 215.8902 215.8902 215.8902 215.8902 215.8902 215.8902 215.8902 215.8902 215.8902 215.8902 215.8902 215.8902 215.8902 215.8902 215.8902 215.8902 215.8902 215.8902 215.8902 215.8902 215.8902 215.8902 215.8902 215.8902 215.8902 215.8902 215.8902 215.8902 215.8902 215.8902 215.8902 215.8902 215.8902 215.8902 215.8902 215.8902 215.8902 215.8902 215.8902 215.8902 215.8902 215.8902 215.8902 215.8902 215.8902 215.8902 215.8902 215.8902 215.8902 215.8902 215.8902 215.8902 215.8902 215.8902 215.8902 215.8902 215.8902 215.8902 215.8902 215.8902 215.8902 215.8902 215.8902 215.8902 215.8902 215.8902 215.8902 215.8902 215.8902 215.8902 215.8902 215.8902 215.8902 215.8902 215.8902 215.8902 215.8902 215.8902 215.8902 215.8902 215.8902 215.8902 215.8902 215.8902 215.8902 215.8902 215.8902 215.8902 215.8902 215.8902 215.8902 215.8902 215.8902
72 1.8590 1.8590 2.4816 2.4056 2.1216 2.9354 2.0023 2.1928 2.4745 2.6381 2.5964 2.2034 2.9238 2.9011 2.2756 2.9354 2.5723 2.6381 3.0202 3.2463 2.6996 2.5335 2.5644 2.3666 1.9082 2.3924 2.0786 2.5964 2.5035 2.0464 2.1823 2.7951 2.0739 1.8299 2.1216 2.1928 2.1119 1.8890 2.7654 2.9952 1.8664 2.1216 2.6996 2.0739 2.1119 2.1216 2.2699 0.5229 0.5533 0.7066 0.6751 0.7305 0.6426 0.7066 0.7305 0.7527 0.7305 0.7527 0.6628 0.7305 0.8130 0.7327 1.2578 1.3239 1.2793 1.3751 1.5642 1.8407 1.5696 1.4246 1.3928 215.8902 0.0000 0.5624 0.3549 0.5389 0.5425 1.0460 1.2559 0.7066 0.9303 0.8801 1.4109 1.2218 1.1502 1.1131 1.2873 1.1097 1.3839 1.3620 1.3839 1.2144 8.7634 3.9183 3.9183 17.1580 215.8902 3.1701 3.5343 2.4463 2.7654 5.3193 2.7179 215.8902 3.4940 215.8902 215.8902 3.7114 1.4223 2.0110 7.4165 3.5343 215.8902 215.8902 2.3291 2.2814 2.1414 2.2814 1.3406 215.8902 2.5964 215.8902 2.6996 5.1372 7.8210 2.4122 1.7677 1.8966 2.7087 2.2931 1.9561 2.1616 1.7811 1.7677 2.0023 2.1119 2.3666 2.4889 2.1823 1.9439 1.8739 2.3291 2.4463 2.3050 2.8361 2.6466 2.5184 2.3859 2.9830 2.2585 2.5964 2.4603 2.4745 1.7948 2.2931 2.3602 2.1719 1.8407 2.1119 3.3809 1.9239 2.3990 2.4745 2.6906 3.0856 2.4962 3.0330 2.6996 2.1515 2.1823 2.3291 2.2142 2.1719 2.0285 2.0110 1.7348 2.0110 2.0601 2.0464 2.2472 15.7893 3.7355 1.8966 2.0023 1.7284 1.9161 2.3924 1.9044 3.0856 2.3050 2.4325 2.0197 1.9121 4.2669 2.5964 2.0023 1.8852 1.7220 2.5184 2.4889 2.2034 2.4463 1.7544 1.9279 215.8902 3.5343 2.6639 2.6129 3.2151 12.5008 215.8902 2.0374 2.0739 2.1719 2.1414 2.2472 1.9399 2.1414 12.1988 3.0202 3.1130 1.9044 1.6138 1.8739 2.0739 4.0353 2.4889 1.8553 2.3794 2.2472 2.3291 2.4463 2.1616 2.2142 2.0464 2.5259 2.0647 2.6466 2.2756 2.2361 2.3477 2.1167 2.4122 2.0464 2.2142 2.2305 2.2642 215.8902
73 3.4173 2.7272 215.8902 2.6816 2.9238 2.3666 2.9011 2.6296 2.4745 2.6816 2.5644 2.5644 2.7179 2.4325 3.1412 2.9470 2.6129 2.6639 3.1270 2.6816 2.6816 1.9938 2.3794 2.5184 1.7610 1.6368 1.7156 2.3414 2.2472 2.1216 2.0197 2.2472 1.8017 1.8017 1.8890 2.3924 1.8739 2.0285 3.1270 3.1130 1.8739 2.5644 2.5644 2.4463 2.3170 1.7744 2.0975 0.6209 0.6112 0.7527 0.5533 0.6209 0.7777 0.7066 0.7066 0.8011 0.7527 0.7527 0.6016 0.6855 0.7893 0.8226 1.3620 1.3751 1.4528 1.2107 1.2444 1.7125 1.2520 1.3239 1.3839 215.8902 0.5624 0.0000 0.5425 0.6506 0.6426 1.1399 1.2559 0.8522 0.9035 0.7777 1.3620 1.2368 1.0039 0.9835 1.2482 1.1746 1.3973 1.3449 1.2368 1.2144 215.8902 4.1301 215.8902 215.8902 215.8902 12.5008 215.8902 2.3050 215.8902 4.4571 215.8902 215.8902 215.8902 215.8902 215.8902 215.8902 1.8052 2.1823 215.8902 215.8902 215.8902 215.8902 2.1364 2.6639 2.3924 2.0975 1.2793 215.8902 215.8902 215.8902 215.8902 3.8633 215.8902 2.3666 1.8087 1.7156 215.8902 1.7252 1.8627 1.7610 2.0110 1.8335 1.8157 1.9521 2.3990 1.8157 2.8154 1.8087 1.7880 2.2034 2.2196 2.2931 2.6129 2.0023 2.2873 2.5335 2.0739 2.0023 2.3353 2.3414 2.2642 1.8590 2.1771 2.2034 1.8087 1.9853 2.0285 3.0459 2.4463 2.0110 2.3794 2.5644 2.1515 2.6296 2.6212 2.2142 2.4257 2.5644 2.2585 3.4173 2.3291 2.1515 2.1414 1.8017 1.6426 2.2034 1.8966 1.9359 5.5176 215.8902 2.0833 2.2585 1.6253 1.9521 2.3170 1.9769 2.0833 1.9200 2.4463 1.8299 1.7348 4.0353 2.3794 2.0110 2.1719 1.8739 2.1928 1.9521 1.9161 2.0739 1.9359 1.8516 3.9466 3.6419 2.3291 215.8902 51.6899 7.9651 3.4173 2.6816 2.4745 2.0927 1.8890 2.5184 2.1515 2.2472 215.8902 215.8902 3.1555 2.2361 1.6724 2.0555 1.9769 5.0239 2.3539 1.8299 2.1364 2.1616 2.3291 2.1022 2.2088 2.2142 2.3924 2.3414 2.5411 2.3170 2.4325 2.3794 2.3539 2.4056 2.4190 2.4394 2.1515 2.3170 2.4056 215.8902
74 1.9895 2.2305 6.2291 2.4056 2.5566 2.2931 1.9200 2.5335 2.0197 215.8902 2.4056 1.7610 2.7366 2.9238 2.5259 2.7951 2.4463 215.8902 2.9708 2.9011 2.4394 2.6466 1.5832 2.4463 1.8407 2.2814 2.2034 2.1515 2.0023 1.7744 2.2814 2.5035 2.1515 1.5642 2.0285 2.0023 1.9521 2.1119 1.7511 1.8516 1.7610 3.3456 2.7752 1.8739 2.0927 1.9769 2.5184 0.4868 0.5533 0.8397 0.6527 0.6209 0.6209 0.6628 0.6855 0.6628 0.7527 0.7527 0.6426 0.7066 0.7415 0.6981 1.5588 1.3839 1.3322 1.2482 1.3074 1.6784 1.4386 1.3156 1.4200 215.8902 0.3549 0.5425 0.0000 0.3036 0.4701 1.0999 1.1264 0.7415 0.8324 0.8275 1.2833 1.2162 1.1365 0.9249 1.3034 1.3449 1.4246 1.1925 1.4246 1.1214 4.6269 4.5399 5.2569 18.6931 215.8902 5.9702 215.8902 2.2034 4.0353 2.3477 3.0992 2.9708 3.1849 215.8902 215.8902 215.8902 1.2070 1.8017 215.8902 3.2306 215.8902 215.8902 1.5299 2.2642 2.3050 2.2699 0.5959 215.8902 215.8902 215.8902 215.8902 215.8902 215.8902 2.1823 1.8443 2.0067 9.5089 2.1022 2.1771 2.2528 1.9603 1.9603 2.0374 1.8814 2.2931 2.4816 2.1823 1.8335 1.9439 2.0330 2.0330 2.2814 2.5803 2.0197 1.8890 2.0067 2.4122 1.9727 2.2472 2.3539 2.3730 1.9082 2.1414 2.1719 2.0927 1.8516 2.0739 2.8681 1.9044 2.2931 1.9644 2.5035 2.4190 2.7654 2.5803 3.5762 2.3794 2.1719 2.1823 2.6996 2.8154 2.0509 2.1414 1.6054 1.8017 1.7413 2.0464 2.5335 15.3667 2.3170 2.2361 2.7179 1.7811 2.4603 2.6212 1.9853 2.6212 1.9359 2.2699 2.1119 2.1119 1.8852 2.1414 1.6544 1.9121 1.7778 2.2034 2.2361 1.9121 2.2250 1.6724 2.0975 5.9702 5.2569 2.2699 215.8902 9.7121 5.0239 215.8902 2.0330 2.2585 2.2814 2.4463 2.4056 3.1555 2.3539 215.8902 215.8902 2.9589 1.6968 1.7348 1.8228 1.7610 4.0051 2.3990 2.0153 2.0833 2.1616 2.2250 2.0975 1.9319 2.2142 1.9005 2.0374 2.1981 2.4190 1.9727 1.9319 1.8890 2.2472 2.1928 2.0464 2.0197 2.1364 2.0601 9.5089
75 2.1315 1.7744 2.4533 2.3924 2.6129 2.2699 2.3109 2.8466 2.3050 3.4550 2.3924 2.5803 2.0241 2.9470 215.8902 2.9238 2.6996 5.2569 2.1216 2.8790 2.3050 2.5259 1.7610 3.2151 2.0285 2.6639 2.3666 2.1823 2.0110 1.8890 2.1515 2.2250 1.9359 2.1022 2.1119 2.0464 1.8087 1.8228 1.3751 2.5488 2.0927 3.0330 2.1515 1.7880 2.2814 1.8966 2.6129 0.6074 0.6960 0.8826 0.7415 0.6834 0.7305 0.8299 0.6628 0.7305 0.7305 0.7305 0.7305 0.6834 0.8422 0.7999 1.3973 1.3239 1.2793 1.3406 1.5119 1.5170 1.4624 1.3115 1.2973 215.8902 0.5389 0.6506 0.3036 0.0000 0.6074 1.0966 1.2406 0.8299 1.0098 0.9893 1.3839 1.3115 1.1365 1.1230 1.2255 1.3491 1.5777 1.3928 1.4293 1.3322 3.0589 2.9952 2.8361 3.5762 215.8902 3.0589 2.6816 2.0739 2.4889 2.2305 3.3114 8.4277 3.7114 3.6196 3.0992 215.8902 1.7156 1.6693 2.5411 215.8902 215.8902 215.8902 1.2033 2.3050 2.1515 2.3477 0.8226 215.8902 6.4153 215.8902 215.8902 215.8902 2.7179 2.0153 2.3414 1.8443 215.8902 2.0509 2.0110 1.8852 2.4325 1.7948 2.0023 2.1216 2.6816 2.4745 2.1515 2.1719 1.8590 3.1555 2.2305 2.6046 2.8790 2.1515 2.0833 2.4962 2.2814 2.1464 2.1265 2.2250 2.1119 1.7478 2.1616 2.0067 2.0927 2.1216 2.1022 2.6552 2.1771 2.2528 2.3170 2.3050 1.9279 2.6727 2.5335 2.0419 2.0975 2.1315 2.3291 2.1364 2.5035 2.0693 2.6816 1.7610 1.6968 1.6968 1.8157 2.3414 215.8902 215.8902 2.3539 2.8154 1.8966 2.4056 2.8790 2.0197 2.6552 2.4056 2.1719 2.4816 2.1823 215.8902 2.3414 1.6426 1.9279 1.9853 2.5883 2.3990 1.8516 1.9895 1.8480 1.8814 215.8902 5.1962 1.9121 8.9402 4.1301 215.8902 5.6597 2.1719 2.4533 2.5411 2.6816 2.6639 2.3794 2.6296 215.8902 215.8902 2.2931 1.9603 1.9685 1.8814 2.1414 215.8902 2.4463 2.1515 2.0464 2.1265 2.1414 1.5887 2.2361 2.2305 1.8814 2.2814 1.9853 2.5644 2.1616 2.0693 2.1414 2.4889 2.4673 2.0419 2.0023 2.0330 2.6906 2.9238
76 2.2814 2.1928 3.9466 2.3170 2.2034 2.2814 3.0992 2.4190 2.5964 1.9769 2.2756 1.5750 2.7366 2.4603 3.5343 3.5140 2.8573 2.1265 2.7557 2.6639 3.2948 2.1070 2.6296 2.3794 1.8890 1.8739 1.8890 2.0374 2.2699 1.6604 2.0927 2.1315 2.0739 1.7744 1.8299 1.9359 1.7031 1.8228 2.1414 2.7752 1.5832 2.1216 2.0464 2.1414 1.6485 1.7880 2.2814 0.0223 0.7415 0.8801 0.7893 0.8275 0.6628 0.8011 0.7527 0.8275 0.7527 0.7777 0.7305 0.8011 0.9195 0.8226 1.5429 1.2793 1.4018 1.3322 1.5914 1.9895 1.6907 1.2873 1.4386 215.8902 0.5425 0.6426 0.4701 0.6074 0.0000 1.1746 1.0647 0.7777 0.8497 0.9062 1.4576 1.2218 1.2754 1.1131 1.2873 1.4109 1.2597 1.3884 1.4293 1.1997 4.0353 2.3414 11.0955 7.0501 2.5566 3.4743 2.4889 2.0197 215.8902 3.0459 5.5876 9.5089 4.0978 3.4940 215.8902 4.4571 2.1464 1.9044 2.6129 11.3565 2.3477 215.8902 1.8776 2.5035 2.4056 2.2142 1.0600 215.8902 215.8902 215.8902 215.8902 215.8902 2.4463 2.7557 2.5964 2.2142 6.1401 2.1216 2.1719 2.8573 2.2034 2.3859 2.1515 2.0786 2.6816 2.3050 2.5184 2.2990 2.2034 2.0693 2.0241 2.3859 3.2463 2.6816 2.0285 2.2699 1.9895 2.1364 2.0833 2.3414 1.8627 1.9279 1.8228 2.4325 2.0023 1.7348 1.9769 2.2361 2.1928 2.1464 2.3539 2.5411 2.0067 2.3602 2.2990 1.9685 2.3666 2.3477 2.0833 2.6906 2.0833 2.0880 2.3859 2.3291 1.8516 2.0023 1.9121 2.1667 215.8902 2.2756 2.4745 2.4745 1.8443 2.4889 2.4122 2.0374 2.5644 2.1928 1.8443 2.5259 2.0285 4.7185 2.3730 1.9044 2.3291 1.7710 2.5184 2.2361 2.0555 1.7610 1.9359 1.9603 215.8902 3.1270 2.9470 215.8902 215.8902 2.1719 5.8103 2.2528 2.6466 2.8573 2.9238 2.2416 2.9830 2.6466 215.8902 5.6597 14.1905 1.7811 1.9121 2.2873 1.8966 215.8902 2.5335 2.1022 2.1616 2.2416 2.0509 2.6046 2.6996 2.1315 2.0419 2.0739 2.1022 2.4745 2.3050 2.1216 2.5488 1.8553 2.3730 2.1928 2.3050 2.1875 2.3414 2.3990
77 2.9470 3.6419 2.5883 3.1412 2.9708 3.0459 3.1701 2.4673 2.5488 2.8573 2.8900 2.8573 2.9124 3.0722 3.3456 2.7557 2.9124 2.8790 3.5343 2.9238 2.9124 3.0856 2.4816 2.5488 2.4394 2.5411 2.4056 2.1216 2.0197 2.4463 2.2361 2.5411 1.9685 2.1565 2.3666 2.8257 2.5411 2.3924 2.8257 3.0856 2.4463 2.9952 2.9470 2.6129 2.4463 2.6129 2.1823 1.0999 0.9980 1.1536 0.9922 1.0009 0.9608 1.0773 1.0217 1.1961 1.1197 1.1214 0.9468 1.2070 1.1097 1.1502 1.7511 1.7744 1.8443 1.7445 1.8928 1.9727 1.7544 1.6426 1.6663 0.9182 1.0460 1.1399 1.0999 1.0966 1.1746 0.0000 0.9142 0.8597 0.9806 0.8983 1.7544 1.7880 1.7348 1.7316 1.7348 1.7348 1.7744 1.6426 1.8852 1.6485 2.0374 3.3989 2.4603 2.2142 4.7185 3.7600 2.6816 1.8890 2.5109 3.6878 2.2585 3.2463 2.3539 2.9011 4.0978 2.4889 215.8902 2.2699 3.1555 2.9011 2.3414 215.8902 1.7511 2.1216 2.0880 1.8299 215.8902 215.8902 2.5184 215.8902 1.9439 4.4980 1.7093 2.0464 2.2416 1.8299 2.3666 2.3730 2.3050 2.0555 2.3730 1.9005 1.9319 1.8052 2.4673 2.7951 2.2699 1.8814 1.9853 2.8154 3.9183 2.9952 2.6381 3.1849 2.6466 3.2306 2.9589 2.5964 2.1464 2.7087 2.5723 2.5411 2.3230 2.5411 2.6639 3.5140 2.5035 2.6466 2.6816 2.5259 2.5184 2.7087 2.6639 2.7654 2.8573 2.6906 2.6639 2.5723 2.8790 2.4673 2.5644 3.0459 2.1315 2.3170 2.0555 2.4463 2.2990 2.4816 2.6639 10.8438 2.5035 1.8443 2.5883 2.4889 1.9853 3.3114 3.0459 3.0992 2.8573 2.9238 2.1981 2.5335 2.7272 2.6996 1.9279 3.5762 4.0051 2.5803 3.2948 3.2784 1.8664 1.5273 3.3114 2.9708 2.7557 2.7272 3.2463 3.0722 2.3050 3.6196 3.6646 2.2416 2.2034 1.9359 2.3170 2.3050 3.0202 3.0076 2.2814 2.2873 1.8516 3.1555 2.2642 2.2250 2.2699 2.1616 1.9399 2.2585 1.9359 3.4360 2.5335 3.6646 3.7600 1.9359 2.1771 3.3114 2.4603 2.1119 2.2088 2.4190 2.0464 2.1667 2.1022 2.0975 2.0464 3.8633
78 2.7557 2.6906 4.7185 2.5803 2.6816 2.6466 4.0978 2.3230 2.6129 3.2463 3.2463 2.7752 3.4360 2.7851 3.8905 2.7752 2.8052 3.2948 3.4743 3.2306 3.2622 3.3456 2.9470 3.1849 2.1928 1.9279 2.1216 2.2873 2.3924 2.0975 2.0647 2.1981 2.1364 2.1515 2.3794 1.9603 2.0464 2.4056 3.0202 3.0076 2.0153 2.0647 2.4889 2.2931 2.3414 2.4745 2.1167 1.0553 0.9636 1.1997 1.0430 1.0773 0.9721 1.3074 0.9579 1.1164 0.9524 0.9524 1.0600 1.1399 1.1746 1.2520 1.7220 1.6195 1.6937 1.6724 1.8516 1.7156 1.5068 1.5351 1.3642 215.8902 1.2559 1.2559 1.1264 1.2406 1.0647 0.9142 0.0000 0.8250 0.7504 0.7066 1.4868 1.5299 1.5170 1.5170 1.6138 1.6604 1.5859 1.6693 1.5859 1.4457 2.8573 2.1364 3.3989 3.2948 3.8107 2.9830 4.4571 2.2814 215.8902 2.7951 215.8902 2.7557 7.8210 2.8257 1.8299 2.9830 1.8664 2.3924 1.5696 215.8902 1.7610 215.8902 1.9769 2.8257 3.0076 2.4533 1.4481 215.8902 3.6419 215.8902 215.8902 215.8902 215.8902 2.3414 2.7951 2.6906 2.6996 2.1119 3.1701 3.0202 2.1414 2.5184 2.4056 2.2931 2.8154 2.1515 2.5035 2.4122 2.3414 2.2472 2.7557 2.2361 2.4325 2.5644 2.3230 2.8790 2.6129 2.5644 2.5411 2.7179 2.4257 2.8154 2.9708 2.7557 2.8790 3.4550 2.7851 2.5644 2.6996 2.5964 2.8154 2.7272 3.0202 3.0076 2.8154 2.8052 3.0330 2.5035 3.2784 2.9708 2.5035 2.9124 2.7272 1.8966 1.9895 2.0241 2.1667 2.6996 2.1928 3.8633 1.8299 2.0285 2.1315 2.1565 1.9044 2.7179 3.6646 2.3170 2.4056 2.7951 2.0786 1.9853 2.7752 1.8407 2.3414 2.8257 2.1265 3.1270 2.2990 2.9708 1.8966 2.6996 2.4056 2.1119 3.0722 2.2585 3.7114 4.7185 2.9708 3.0202 3.9183 2.3924 2.4745 1.8299 2.6296 2.6639 2.1565 3.0202 2.3050 2.4056 2.2814 3.1999 1.8966 2.7752 2.2642 2.2416 2.3170 2.7366 2.5964 3.2463 3.1412 3.2151 2.9708 2.5411 2.4673 3.5343 2.6296 2.5184 2.8790 3.2622 2.6816 2.3230 2.7951 2.6212 2.6129 2.6996
79 2.6639 1.6724 1.9853 2.2699 2.2142 1.9399 2.5964 2.2142 2.4889 2.2990 2.3170 2.5184 2.5803 2.7366 2.8573 2.9708 2.5644 2.6816 3.1412 2.3230 2.5259 2.3539 1.7125 2.4962 2.1719 2.1515 2.2034 2.3794 2.1719 1.9439 2.0927 1.9439 2.3291 1.9439 2.0833 2.0023 2.1119 2.0833 2.1414 2.2585 2.1119 2.3291 2.4190 2.0464 2.0285 1.9439 2.6639 0.7777 0.6751 0.7640 0.7174 0.7305 0.6855 0.7066 0.6209 0.6426 0.7174 0.7174 0.6855 0.8011 0.8011 0.8226 1.3156 1.1889 1.1746 1.2107 1.6544 1.4968 1.4918 1.1641 1.3406 215.8902 0.7066 0.8522 0.7415 0.8299 0.7777 0.8597 0.8250 0.0000 0.7305 0.6751 1.2873 1.2162 1.0308 1.0710 1.1399 1.2714 1.3074 1.3322 1.1997 0.9195 9.1232 3.5343 8.2682 2.7654 215.8902 3.1412 215.8902 1.8590 3.0459 3.9755 4.4571 215.8902 4.0353 215.8902 215.8902 215.8902 1.2070 1.9644 215.8902 215.8902 2.9011 215.8902 2.4394 1.9359 1.8890 2.0833 0.9721 215.8902 16.6842 215.8902 215.8902 14.9598 215.8902 1.8590 1.7220 2.1216 2.5883 2.0197 2.4122 2.2142 2.1515 2.0464 1.8407 1.6663 2.0833 1.9359 1.8228 1.7062 2.1823 2.1719 1.9769 2.4889 2.5723 2.0975 2.2361 2.3170 2.3730 2.0509 1.6224 1.9121 1.8443 1.5068 1.9480 1.7380 1.7284 1.9769 1.6754 2.2034 1.9319 1.6784 1.8664 2.0880 1.7948 1.7710 1.7710 2.1216 2.1875 1.7511 2.2990 1.9439 1.6907 1.7156 1.8928 2.0374 2.7654 2.2472 2.0739 2.1216 215.8902 2.5488 2.1315 2.5184 1.7220 2.6816 2.8573 2.0067 3.4940 2.9952 2.1414 2.0647 2.0647 4.5399 2.2361 2.1315 2.4190 2.4190 2.3050 2.7951 2.1265 2.2756 2.0023 2.1771 215.8902 3.1555 2.2250 2.7752 4.9166 3.9183 37.6351 1.7348 2.5109 2.2034 2.2416 2.0927 2.1216 2.2088 215.8902 2.5644 2.6816 2.0153 1.9200 2.5259 2.0647 2.2305 2.0197 2.0647 1.9603 1.9044 2.2472 2.1823 2.1022 2.1515 2.0739 2.0023 2.0833 2.0374 1.9603 2.0374 1.8890 2.1414 1.8052 2.0464 2.2472 2.0739 2.0927 215.8902
80 2.4603 3.2151 2.7179 2.5184 2.5803 2.6996 3.2306 2.4325 2.6552 2.5335 2.4257 3.2306 2.9589 3.4360 3.0722 2.9589 2.9124 2.8361 2.7366 3.3631 2.9589 2.9952 2.5035 2.5566 2.1823 2.1981 2.4889 2.2142 2.2196 2.1414 2.3477 2.5035 2.4257 2.0197 2.4325 2.3539 2.2990 2.4603 2.7752 2.9124 2.1070 2.2931 2.5259 2.9011 2.4603 2.5335 2.9708 0.8497 0.8447 1.0678 0.7393 0.8801 0.8724 1.0773 0.9062 1.0157 0.9893 0.9636 1.0068 0.9951 0.8202 0.9496 1.4624 1.6224 1.6026 1.5482 1.7284 1.6968 1.5750 1.4339 1.4819 1.3218 0.9303 0.9035 0.8324 1.0098 0.8497 0.9806 0.7504 0.7305 0.0000 0.5679 1.7948 1.4721 1.5043 1.6724 1.5535 1.5588 1.5914 1.6604 1.4918 1.5832 215.8902 2.4056 2.2585 1.7478 2.8790 2.0374 1.8701 2.3666 215.8902 1.9853 1.6724 3.0076 1.9561 1.9359 3.4173 2.4889 2.6906 1.8407 2.8361 2.2142 2.2472 215.8902 1.8739 2.0509 2.2305 2.2305 215.8902 215.8902 1.7413 215.8902 2.0241 215.8902 1.9082 2.5035 1.8890 2.2472 1.7348 1.9200 2.2873 2.5411 2.3050 1.9044 1.8087 1.9200 1.8017 2.8466 1.8443 1.8052 2.2250 2.5644 3.1701 2.3353 2.7752 2.5803 2.3794 2.5964 2.6466 2.2472 2.5803 3.0459 2.5803 2.5109 2.9589 2.6727 2.5566 2.6639 2.6552 2.5644 2.9952 2.6296 2.9830 3.1270 2.6212 2.9124 2.7557 2.8790 2.9830 2.6212 2.8154 2.6129 2.8052 2.8154 2.4673 1.9279 2.4603 1.9685 2.0153 2.9708 2.5259 215.8902 1.9853 2.1216 1.8228 2.3990 2.5335 3.0589 2.1771 2.4889 2.3990 2.4889 1.8087 1.8739 2.7179 2.2034 2.6296 3.1555 1.8516 3.3989 2.2088 2.4603 1.8553 2.6212 5.1372 2.0601 3.0459 2.3170 2.3414 2.9238 2.1719 2.3666 2.6906 2.2196 2.3291 1.8407 2.5035 2.3730 2.4889 2.3050 2.3539 2.1315 1.7610 2.7179 1.9980 1.9279 2.3050 2.2699 2.0555 2.4056 1.9603 3.1130 2.1719 3.1701 2.8900 1.9279 1.9980 3.0992 2.2034 2.5488 2.0833 1.9644 2.3230 2.0330 2.0285 2.3794 2.3050 1.1746
81 1.6724 2.2585 3.0722 2.4056 2.2361 2.2142 1.7948 2.5184 2.2034 1.6195 2.1070 1.5403 2.2305 2.6296 215.8902 1.7348 1.4246 2.2250 2.9708 2.3924 1.8852 1.5859 2.1928 2.6816 1.5273 1.9439 2.0555 2.1119 1.7478 2.2361 1.8739 2.0555 2.0927 1.9685 2.0419 2.0927 1.7031 1.8299 1.6724 1.9811 1.7413 1.9521 1.9685 1.8017 1.7880 1.6845 1.9121 0.8801 0.9142 1.0187 0.8373 0.9303 0.9303 1.0491 0.8250 0.8775 1.0187 1.0187 0.9579 1.0187 0.8373 1.0616 1.0009 0.9951 0.8878 0.8724 1.2033 1.2754 0.8058 0.8749 0.9035 215.8902 0.8801 0.7777 0.8275 0.9893 0.9062 0.8983 0.7066 0.6751 0.5679 0.0000 1.0083 1.0217 0.7685 0.8397 0.8385 0.9222 1.0098 0.9636 0.8299 0.7415 3.9183 2.4463 3.5343 3.7114 215.8902 8.1141 4.3032 2.5883 1.9561 2.4603 215.8902 215.8902 3.7114 6.4153 215.8902 215.8902 2.3990 1.8299 215.8902 9.3127 2.1216 215.8902 1.6054 2.1364 2.6296 1.9644 1.1297 215.8902 5.7339 215.8902 215.8902 7.0501 2.5488 1.9727 1.8966 1.6485 2.3859 1.7677 2.2931 2.2931 1.9439 2.0880 1.7284 1.7677 1.8739 1.9044 1.8087 1.7031 1.9279 2.6381 2.2585 1.7914 1.7478 1.9853 2.1928 1.8627 1.9644 1.6544 1.9200 2.3539 2.5566 1.6368 1.9521 2.2196 2.2088 2.1928 1.9399 2.4056 1.7478 2.6296 2.2034 2.5335 2.4056 2.2416 2.8154 2.3170 2.1981 2.0197 2.3109 3.0459 2.0927 2.1315 2.3414 2.1823 1.7744 1.5859 1.7544 1.8371 3.9183 2.1515 2.1981 2.5566 1.7811 2.1823 2.5964 1.6907 2.1414 2.0927 2.1719 1.8627 1.7348 2.6996 2.0464 1.5429 2.0927 1.6368 1.9811 2.1719 2.1119 2.2305 2.2142 2.0464 7.0501 4.8150 2.6466 4.5829 4.0662 9.3127 36.3673 1.8590 2.2088 2.2250 2.3794 2.8573 1.9161 2.1719 215.8902 5.5876 5.1372 2.2814 2.1616 2.5723 2.1719 3.2463 2.3924 2.7557 2.2034 2.0374 2.3291 2.3050 2.2814 2.3170 2.2699 2.0067 2.0555 2.3859 2.0023 2.1216 2.1414 2.3666 2.3730 2.0833 2.3109 2.2472 2.3291 215.8902
82 2.5723 2.4257 1.7284 2.8466 2.0647 2.6639 2.6996 2.3539 2.2585 2.7179 2.5109 2.5964 4.0353 3.2622 2.8052 2.3109 3.5977 2.7752 2.6816 2.9238 2.9708 2.5644 2.6639 2.6212 2.6816 2.9952 2.4533 2.2472 2.6639 2.5259 2.6639 2.7366 2.6046 2.5644 2.5644 2.4394 3.1701 2.1823 3.1412 3.1412 2.7557 2.6296 2.7951 2.9124 2.7654 2.8900 2.7272 1.4109 1.2033 1.3884 1.3906 1.3281 1.4200 1.4576 1.4246 1.3115 1.4063 1.4063 1.3928 1.4968 1.2559 1.3973 1.1925 0.9608 1.0277 0.8983 1.0934 1.2520 1.1164 1.1468 0.9692 215.8902 1.4109 1.3620 1.2833 1.3839 1.4576 1.7544 1.4868 1.2873 1.7948 1.0083 0.0000 1.0918 1.0368 1.0292 0.9551 0.9622 1.0966 0.9864 1.1230 0.9168 3.4173 2.6129 2.7654 2.6129 2.1515 4.3783 3.4940 3.2463 2.1823 2.7461 1.8157 2.3050 4.2315 2.1616 2.0023 1.9685 215.8902 3.2784 2.9470 2.1315 2.3924 215.8902 2.1928 2.0509 2.4889 2.3666 215.8902 215.8902 2.3666 215.8902 2.5335 2.0197 2.9354 2.1565 2.0601 1.8228 2.2756 2.2034 215.8902 2.2814 2.1070 1.9319 1.9359 3.7114 2.3859 5.1962 1.8814 2.2873 2.1119 2.5644 2.6996 2.5335 2.4816 2.5335 2.7654 2.3794 2.5488 2.4533 2.6129 2.6212 2.3291 2.9708 3.4550 2.9470 2.6296 3.2784 2.5259 2.4190 2.5184 2.4745 2.8573 3.0856 2.7951 3.3456 2.9830 3.0459 2.8900 2.8154 2.5184 2.7851 2.3666 2.8573 2.2814 2.2416 2.3291 2.3794 1.9811 2.3050 1.6485 3.5343 1.6604 3.0459 2.2699 1.9980 1.9121 2.8052 2.2699 2.7179 2.8154 2.4673 1.5588 1.8928 2.7851 2.0833 1.7710 2.8573 2.5644 2.8900 2.0330 2.5644 4.3783 1.5642 2.6816 2.2142 2.7951 3.2463 2.6727 1.8553 2.6296 2.6466 2.9011 2.2034 2.4889 1.9895 2.1070 2.0374 2.5883 1.9811 1.8052 2.9708 2.4816 2.8154 2.0023 3.7114 3.6196 3.2151 4.0051 3.4550 2.1823 3.0459 4.3403 3.3114 3.8107 2.0110 3.3809 3.8905 2.4816 1.9811 1.9359 3.5762 1.9895 2.2756 2.0739 1.8590 1.9895 2.1414
83 2.8466 2.9470 2.1414 3.3114 2.0330 2.5109 2.9238 2.7557 2.4745 3.4940 2.2142 2.4889 3.0202 2.8154 2.8361 3.3456 2.5964 3.3456 3.2151 3.4743 2.5883 2.9952 4.4980 2.7087 2.3050 2.4056 2.3230 2.2931 2.7179 2.3353 2.5883 2.3477 2.3730 2.2642 2.2361 3.0856 2.3230 2.7557 2.8052 3.0330 2.3230 2.5803 2.5644 2.6212 2.2931 2.8361 3.0589 1.2107 1.2406 1.4481 1.3707 1.5429 1.2993 1.4063 1.2833 1.2913 1.2368 1.2368 1.3197 1.3817 1.4457 1.3620 1.0742 0.9249 0.9664 0.9806 1.0522 1.3281 1.0902 1.0308 0.9496 215.8902 1.2218 1.2368 1.2162 1.3115 1.2218 1.7880 1.5299 1.2162 1.4721 1.0217 1.0918 0.0000 1.1399 0.9496 0.9142 0.9088 0.9893 1.0553 1.0039 0.8970 2.7366 2.3170 2.8790 1.9200 2.1216 2.3170 2.7179 2.4056 2.1364 2.8900 1.8157 2.2585 2.6296 2.0739 2.1216 2.3050 215.8902 2.2990 2.7557 2.6296 2.4603 215.8902 2.1928 1.9279 1.6604 2.4056 215.8902 215.8902 2.9589 215.8902 2.0374 2.3170 2.8466 2.8573 2.3730 2.3414 2.3990 1.8701 2.5644 2.3859 2.2361 2.2699 2.3602 2.3539 2.2196 1.9895 1.9603 2.0023 2.2699 2.5964 2.6129 2.4056 3.0459 2.7179 2.5723 2.9589 2.6296 2.9238 3.4743 3.3809 2.5488 3.2784 3.2463 2.7366 3.0992 3.5343 3.0330 2.6466 2.6466 2.5411 2.9952 3.2306 2.8681 2.9011 2.9952 3.0330 2.9470 2.9952 3.1849 3.0459 3.0722 3.1555 2.8573 2.5964 2.5184 2.1216 1.7577 2.6552 2.3924 3.7355 2.1667 2.3414 1.7677 2.0023 2.2472 3.0076 1.9727 3.7114 3.0856 2.3291 2.0023 2.1875 3.0202 2.1616 1.9603 2.3414 2.4325 3.0722 2.5803 2.6129 4.7185 2.4325 2.2250 2.6906 3.2784 2.1515 2.6129 1.9005 2.6996 2.2931 2.8466 2.9589 3.5977 2.0241 1.8299 3.5977 2.5566 2.0023 2.0067 1.9895 2.0509 2.7752 1.7744 3.0722 3.5762 3.7600 2.2756 3.5762 2.0509 3.9466 4.3783 3.4940 3.0459 2.2250 3.2463 3.4173 2.3230 2.2931 1.9521 2.9470 2.0241 1.7413 2.1616 1.9279 2.0601 2.4816
84 2.4463 3.0589 2.6129 2.7179 1.9521 2.6381 3.1555 2.1616 2.2472 2.5883 2.3666 2.6996 2.8790 3.0722 2.3414 2.7752 2.9238 2.7366 2.8361 2.6129 2.9238 2.6816 2.9238 3.1999 2.5335 2.1719 2.3666 2.0110 2.5109 2.2250 2.3602 3.0459 2.5335 2.2250 2.3353 2.5184 2.2699 2.5644 3.2784 3.0330 2.4603 2.2472 2.5184 2.9952 2.6046 2.7087 2.5335 1.2559 1.0098 1.2218 1.0522 1.1164 1.0039 1.1997 1.0039 1.1746 1.2993 1.2993 1.1433 1.1365 0.8597 1.0039 1.1433 1.1230 1.0694 1.0647 1.1889 1.4018 1.2793 1.1032 1.1817 215.8902 1.1502 1.0039 1.1365 1.1365 1.2754 1.7348 1.5170 1.0308 1.5043 0.7685 1.0368 1.1399 0.0000 1.0187 1.0966 1.0934 1.1502 1.0430 1.0678 0.9276 2.2250 1.9359 1.9727 2.0330 2.1315 1.9359 1.8664 2.3924 2.3794 2.5109 1.8590 2.1022 2.1119 2.1719 2.3170 2.2305 215.8902 2.5964 1.9603 1.9521 2.2472 215.8902 2.6727 2.4056 3.0202 2.1022 215.8902 215.8902 1.9603 215.8902 1.9561 2.1928 2.3602 2.1928 2.5035 2.3170 2.1823 2.1928 2.5335 2.0509 2.5488 2.4056 2.1515 2.2699 2.4325 2.1981 2.5184 1.8228 2.3291 2.5184 2.6639 2.2528 2.2196 2.1265 2.1070 2.3666 2.2990 1.9769 2.6129 2.7752 2.4962 2.5964 2.8573 2.3109 2.6466 3.0589 2.3924 2.4122 2.4816 2.7366 2.6129 3.1412 2.9124 3.1701 2.9830 2.5488 2.5488 2.3414 2.5184 2.6639 2.8466 3.1555 2.4325 1.7220 2.1167 2.9354 1.7125 2.9952 2.2814 2.4463 1.7811 2.2472 1.6663 2.1981 2.0285 2.5644 2.8361 3.1270 2.2142 2.5803 2.0739 1.8299 2.6212 2.2528 1.7677 2.6996 2.5109 3.0589 1.7643 2.4745 1.8739 2.1719 2.3050 1.9769 2.2034 2.0739 1.4018 1.9359 2.2034 2.5644 2.3666 2.0693 2.0330 1.9521 2.2873 1.9200 1.9044 1.7778 1.9399 2.5644 1.8443 2.3794 2.0739 1.9439 2.9830 3.3809 2.2196 2.8790 2.0023 2.6639 2.2416 2.5411 3.6196 2.0555 2.7179 2.7951 2.0285 2.0927 2.0927 2.5335 2.2873 2.1022 2.0023 1.8966 1.7845 2.2814
85 3.4173 2.8257 2.3050 2.4533 2.3230 2.5335 3.0202 2.4816 2.2361 3.1555 2.3924 2.8790 3.1555 3.7600 3.4940 3.2948 3.1555 3.0202 3.4550 3.1999 2.9708 2.6129 2.3353 2.5723 2.4816 2.4257 2.4463 2.4394 2.9952 2.5488 2.5411 2.3602 2.4463 2.4325 2.4745 2.6212 2.7851 2.7461 2.8466 3.3456 2.2699 2.6296 2.7272 2.8154 2.3794 2.6996 2.6816 1.1131 1.0368 1.3239 1.1502 1.2368 1.1889 1.2070 1.2107 1.2482 1.1399 1.1746 1.2070 1.2636 1.2255 1.3620 1.1606 0.9835 0.8749 1.1097 1.0584 1.2520 1.1331 1.0247 1.0491 215.8902 1.1131 0.9835 0.9249 1.1230 1.1131 1.7316 1.5170 1.0710 1.6724 0.8397 1.0292 0.9496 1.0187 0.0000 0.8324 0.8724 1.1468 0.9524 1.0353 0.4327 2.6129 2.0110 1.9644 2.2034 2.0739 2.3414 2.0555 2.3794 1.2793 2.0833 1.3491 2.1667 2.3924 1.8443 1.7220 2.0241 215.8902 2.8361 2.7557 2.1616 2.1119 215.8902 1.9399 2.3794 2.1981 2.4889 215.8902 215.8902 2.6212 215.8902 2.3050 2.3291 2.6466 2.7752 2.4463 2.0739 1.9561 2.3602 1.6485 2.2034 2.3291 2.3291 1.9319 2.3924 2.1823 2.1667 2.5566 2.2931 2.2931 2.4190 2.3666 2.4673 2.9589 2.8361 2.3602 2.5259 2.8154 2.8052 2.2142 2.7461 2.7557 2.9238 3.2151 2.6727 2.7366 2.7851 2.5964 3.1270 2.4889 2.8681 3.1849 3.2463 2.5723 2.9952 2.9952 3.2463 2.4463 2.5644 2.7752 2.9238 3.1555 2.9354 2.5335 1.9685 1.9769 2.0601 1.9769 1.8776 1.6368 2.0464 1.5859 1.8157 1.8263 1.6485 1.6937 2.5803 2.1515 2.4394 2.5184 2.2196 1.8157 1.6310 2.0927 2.0927 1.7380 2.2088 2.2699 2.6552 2.8900 2.3924 2.4533 2.2142 1.9853 1.8966 2.7087 1.8664 1.5403 1.7983 1.8299 2.3414 2.9238 3.1412 2.7557 1.8890 2.6212 2.6296 1.9200 1.3322 1.8157 2.0786 2.4463 2.7557 1.9480 2.4603 2.9470 3.4173 2.4889 3.8905 1.7811 2.9830 2.3414 3.2784 3.0722 1.9121 2.9011 3.2784 1.9938 1.7744 2.0833 2.1928 2.0330 2.1119 1.8966 1.8890 2.2088 2.4394
86 2.9011 2.9011 2.1167 2.9589 2.5803 2.3170 3.0076 2.6296 2.6296 2.7951 2.6046 2.7366 3.0992 3.3989 5.2569 3.4743 3.6196 3.1270 3.7114 3.4173 3.1849 2.3924 2.3414 2.5883 2.5644 2.4463 2.5883 2.4889 2.5411 2.3924 2.6296 2.9011 2.5335 2.4325 2.6296 2.5644 2.5184 2.3924 3.2463 3.0992 2.6296 3.0202 2.6816 3.3456 2.9238 2.5335 2.3924 1.2482 1.2406 1.4481 1.2107 1.3281 1.2482 1.4868 1.3839 1.4200 1.3322 1.3239 1.4481 1.6663 1.0983 1.2181 1.0616 0.8852 0.7708 0.8852 0.9209 1.2482 1.0308 0.9168 0.8673 215.8902 1.2873 1.2482 1.3034 1.2255 1.2873 1.7348 1.6138 1.1399 1.5535 0.8385 0.9551 0.9142 1.0966 0.8324 0.0000 0.3801 0.8749 0.5335 0.9980 0.8130 2.9238 2.1719 2.2305 2.2585 2.5035 2.5035 2.8361 2.1070 1.9603 3.5762 2.3414 2.4190 2.9589 1.8739 2.3924 2.6996 215.8902 2.3291 3.0992 2.8154 2.4889 215.8902 1.9399 2.4056 2.5411 2.5723 215.8902 215.8902 2.1216 215.8902 1.9895 3.2948 1.9727 2.0110 1.9439 1.7845 1.9769 1.8590 2.0739 2.0975 1.8443 2.1119 1.5914 1.4410 2.3170 1.6999 2.0110 1.9121 2.0927 2.3539 2.5184 2.7851 2.7951 2.8154 2.6816 2.3666 2.4394 2.9470 2.9470 3.0202 2.7654 2.6046 2.8361 2.7461 3.4940 2.7366 2.9011 3.1999 2.7557 3.0076 2.8790 2.8790 2.9470 3.1999 3.4743 2.7951 2.6296 2.9708 2.6296 3.3114 3.0202 3.1412 2.6046 2.1414 2.4122 2.8154 1.8335 2.9011 1.9319 215.8902 1.9603 2.3050 1.9769 2.1070 2.1119 2.5644 1.7914 2.5488 2.3109 2.5803 1.9279 1.9161 2.6046 2.5035 2.2305 2.9470 2.6552 2.8790 2.2585 2.5335 2.5644 2.2472 2.2585 2.5109 2.6639 2.7557 1.8017 2.5335 2.2699 2.6046 2.6296 2.8573 2.2585 2.1119 1.9685 2.0833 2.5411 2.2814 2.0739 2.0464 2.3230 2.4257 1.9359 3.2784 3.4743 4.4571 2.0374 2.2699 1.8966 2.8900 2.7951 3.9755 3.5343 2.1216 3.4940 4.4172 1.9769 2.1928 1.9439 2.0023 2.1719 1.9239 2.1119 1.9200 1.6253 2.0509
87 2.8361 3.3114 2.4745 2.6816 2.6816 2.4889 3.5551 2.7179 2.6466 3.1270 2.9952 2.9470 3.1849 3.0459 2.9589 2.8466 2.8257 3.1849 3.0076 3.3989 3.1999 2.4463 2.3050 2.6639 2.6639 2.5335 2.5035 2.6996 2.4394 2.6381 2.7087 3.0856 2.6046 2.1928 2.4603 2.4325 3.4360 2.4673 3.0589 3.3114 2.7752 2.7461 2.8257 3.2463 2.8900 2.5335 2.5964 1.3664 1.1097 1.4481 1.3751 1.3281 1.3156 1.2444 1.3839 1.2993 1.4339 1.4339 1.3177 1.3491 1.1997 1.1468 1.1365 0.8058 0.8698 0.9062 0.8647 1.2070 1.0522 0.9195 0.8622 215.8902 1.1097 1.1746 1.3449 1.3491 1.4109 1.7348 1.6604 1.2714 1.5588 0.9222 0.9622 0.9088 1.0934 0.8724 0.3801 0.0000 0.8852 0.4851 0.9749 0.8275 3.9755 2.6296 2.1119 2.5335 2.3291 3.8107 3.5762 2.5335 1.8017 2.8790 2.1414 2.1565 3.0992 2.0739 2.3109 2.0555 215.8902 2.0285 2.9952 2.0197 3.2784 215.8902 2.5803 2.6816 1.9200 2.4190 215.8902 215.8902 2.4889 215.8902 2.5488 2.1022 2.3291 1.8516 2.2528 2.0330 2.1022 2.0555 1.9769 2.1315 2.0927 1.9938 1.9769 1.9279 215.8902 3.5343 1.9980 2.0555 1.9082 2.8573 2.4056 2.7951 3.1270 2.8681 2.4816 2.4889 2.7654 2.5644 2.8573 3.1849 3.0202 3.0589 2.6906 2.8573 3.1270 2.9124 2.6552 3.2784 2.8573 2.8361 2.7272 2.7851 2.8257 2.9238 2.8466 2.7752 3.3114 3.0459 2.9708 2.7366 2.9011 3.0992 2.5883 1.9644 2.6212 2.5803 1.7948 2.8573 2.0975 2.3414 1.7677 1.9727 1.7811 2.0786 2.0241 2.6296 2.1515 2.5184 2.5644 2.5488 1.8371 1.5588 2.2585 2.1119 2.3414 2.2642 2.7557 2.5644 2.1119 2.5964 2.0601 2.7654 2.6129 2.1167 2.7851 2.4325 1.8590 1.9853 2.8361 2.3539 2.9952 2.5184 2.6212 2.2990 2.4394 2.7087 2.0647 2.3230 2.0153 2.7087 2.4533 2.6552 2.3990 3.3114 3.5551 3.8633 2.0739 4.0978 1.9439 3.1701 2.0374 4.0978 3.5140 2.3924 3.2463 3.6196 1.9980 2.1216 1.9439 1.9399 2.3477 2.1265 1.9644 1.8263 1.5777 2.4463
88 3.1270 2.9589 2.3602 2.6296 2.1167 2.5184 2.4745 2.5335 2.5411 2.9124 2.4122 2.4673 3.1849 2.8257 2.7752 2.9124 2.6816 2.7654 2.7557 3.4550 2.7366 2.8361 2.6129 2.6996 2.6552 2.6466 2.5184 2.6381 2.8052 2.5723 2.9589 2.7087 3.1701 2.7752 2.7654 2.6296 2.6552 2.8154 3.5343 3.3284 3.1130 3.0856 3.7355 2.6906 2.7752 2.8052 2.8154 1.2675 1.3074 1.8228 1.4918 1.5429 1.2597 1.3556 1.3620 1.4386 1.3074 1.3074 1.3707 1.4721 1.3534 1.3385 1.0399 0.9195 0.9692 1.1853 1.0277 1.2675 1.1131 1.0399 1.0430 215.8902 1.3839 1.3973 1.4246 1.5777 1.2597 1.7744 1.5859 1.3074 1.5914 1.0098 1.0966 0.9893 1.1502 1.1468 0.8749 0.8852 0.0000 0.9115 1.0187 1.0773 2.4056 2.5964 2.0330 2.5411 2.2814 2.6296 3.2151 1.9603 2.2931 2.8154 2.1928 2.8154 2.4889 2.7951 2.4463 1.9685 215.8902 2.2528 3.0722 2.1616 3.0722 215.8902 2.1167 215.8902 2.2196 2.2814 215.8902 215.8902 2.9830 215.8902 2.7951 7.8210 2.5335 2.8790 2.3539 2.0975 2.3666 2.2585 2.0975 2.8257 2.8361 2.3924 1.7845 2.1414 2.2305 4.1970 2.4257 2.0197 2.3170 3.2463 2.9238 2.7366 3.1412 2.6639 3.4173 3.1999 2.8361 2.8900 2.9708 3.0076 2.9708 2.5488 2.8681 3.3284 2.9708 3.2151 3.0722 3.0330 3.0202 3.1999 3.0722 3.2306 4.2315 3.4550 3.9183 3.2151 3.1130 2.7951 3.1555 2.7557 2.8466 3.4550 2.9708 2.0927 2.1667 2.2472 2.1928 2.3794 1.8516 3.7355 2.3990 2.1928 2.2034 2.0285 2.0241 4.2669 2.0110 1.9121 1.9200 2.3666 2.2305 2.1315 2.6046 2.0023 2.1414 2.5035 2.3859 2.9011 2.1022 2.6996 5.5176 2.0647 1.8890 2.5803 2.8466 2.6046 2.2642 3.2784 1.9399 2.9830 2.3539 3.2948 3.2463 2.4673 2.2699 2.9952 2.3924 2.2416 2.3794 3.0992 1.8407 2.6296 2.5803 2.5803 3.4940 4.6269 3.9755 4.2315 2.2088 3.8367 3.0856 3.8633 3.6196 2.0647 4.1632 3.2784 2.3924 2.0330 215.8902 2.0374 2.1464 2.0880 2.0647 2.2990 1.8664 3.0722
89 2.5964 3.2151 1.9769 3.1849 2.5488 2.8154 2.9470 2.5644 2.3859 3.0202 2.9011 3.0076 2.9238 2.5109 3.3114 2.6727 3.0330 3.0992 3.3809 3.1412 2.7087 3.0202 2.5411 2.6906 2.6727 2.6906 2.4190 2.3990 2.5035 2.3109 2.5803 3.2306 2.5883 2.4745 2.8790 2.3666 2.8466 2.4056 2.6816 3.0856 2.1364 2.8361 2.7951 3.1555 2.7461 2.5184 2.2699 1.3491 1.4339 1.5429 1.4154 1.4063 1.4246 1.4918 1.4433 1.3973 1.3664 1.3664 1.4624 1.5273 1.2993 1.0616 1.0742 0.8801 0.8178 1.0068 0.8826 1.2144 1.1502 1.0553 0.8647 215.8902 1.3620 1.3449 1.1925 1.3928 1.3884 1.6426 1.6693 1.3322 1.6604 0.9636 0.9864 1.0553 1.0430 0.9524 0.5335 0.4851 0.9115 0.0000 1.0584 0.8878 3.1849 3.3809 2.2528 2.4394 2.1981 4.0353 2.8361 2.2931 1.9200 3.3114 1.8299 2.5109 2.6816 2.2756 2.4257 2.3230 215.8902 1.7610 3.1849 2.1719 2.4325 215.8902 1.5615 2.3291 1.8852 1.5273 215.8902 215.8902 2.0023 215.8902 2.0880 2.3414 2.4325 1.8664 2.0927 1.8017 1.8516 1.8516 2.2585 1.9769 1.9853 2.0739 1.8299 1.5273 2.3794 1.6663 1.7284 1.9200 1.9319 2.7179 2.6552 2.9011 2.7951 2.6639 2.5259 2.5035 2.5803 2.6466 2.6906 3.1555 3.3631 2.8900 3.0992 2.6296 3.1130 3.2463 2.6046 3.3284 2.9470 3.4550 3.1270 2.7366 2.9708 3.9183 3.1412 2.5883 3.0202 2.6639 2.8681 3.3631 3.2784 3.0992 2.4257 1.9121 2.6816 2.5964 2.0786 2.6466 2.0023 1.9521 1.3156 2.2931 1.9895 1.8852 1.8335 2.5184 2.0786 2.1719 2.1070 2.4603 1.7880 1.7811 2.5883 2.0927 2.0197 2.4889 2.6381 2.5035 1.6815 2.6906 2.0023 2.3050 2.5035 2.2361 3.1130 2.4962 1.8017 1.9685 2.1022 2.4603 2.8361 1.9121 1.9359 1.5914 2.2250 1.7983 2.4889 2.2361 2.1719 1.8553 1.7220 3.1270 1.5273 3.2784 3.7114 5.3835 2.2034 3.3631 1.9521 3.4173 3.4360 3.8107 4.2315 1.9521 3.9755 3.7600 1.9938 2.0464 1.9439 2.4056 2.2814 1.9521 2.0330 2.0880 1.8228 2.1981
90 2.6129 2.8573 2.3170 2.7179 2.2250 2.4745 2.6816 2.3730 2.3050 2.9952 2.2642 2.5411 2.8052 2.6129 2.7179 2.3730 2.6816 2.9952 2.7366 2.9011 2.7087 2.7851 2.3859 2.3924 2.3477 2.5259 2.7366 2.3666 2.5184 2.5335 3.0722 2.4745 2.3990 2.2585 2.8573 2.5803 2.7557 2.6639 3.1555 3.1999 2.5259 2.8466 2.8681 2.8466 3.3456 2.8790 3.0202 1.5068 1.2218 1.5535 1.3197 1.5535 1.3620 1.4673 1.4018 1.4386 1.2330 1.2330 1.3491 1.4968 1.3281 1.2754 1.2199 0.8673 1.0742 0.9749 0.9062 1.2636 0.9128 0.6074 0.9115 215.8902 1.3839 1.2368 1.4246 1.4293 1.4293 1.8852 1.5859 1.1997 1.4918 0.8299 1.1230 1.0039 1.0678 1.0353 0.9980 0.9749 1.0187 1.0584 0.0000 0.8930 3.0202 1.9279 2.4889 2.5184 1.9200 2.4603 2.7654 2.2814 1.5804 2.6906 1.5696 2.4603 2.2361 1.7478 2.1719 1.6026 215.8902 2.2142 2.1616 2.3924 2.3291 215.8902 2.0285 2.0110 2.0601 2.2361 215.8902 1.5119 2.1216 215.8902 2.6639 2.0927 2.2642 2.1823 2.2931 1.8263 2.5964 2.6816 1.8157 2.3666 2.3291 1.8122 2.2814 2.1928 2.4533 1.9895 1.8228 2.2873 2.0241 2.5035 2.4056 2.6552 2.8154 2.8790 2.6129 2.6906 3.0459 2.6906 2.9238 2.7752 2.7951 2.7654 2.7951 2.9238 3.3631 2.8790 2.5335 2.4962 2.7461 2.7179 2.9470 2.6552 3.0589 2.8257 3.1701 2.6466 2.6466 2.9238 2.7366 2.9011 2.6296 3.0856 2.5964 2.0110 2.4056 2.5964 1.6397 2.5259 1.8299 4.0353 1.7983 2.1216 2.0555 1.9239 1.7413 2.6466 3.1849 2.3109 2.3859 2.2416 1.6281 2.2699 2.3539 2.4962 2.0197 2.5803 2.8573 3.1999 2.1119 2.4745 1.7380 2.6381 1.8516 1.5273 2.6381 1.5750 1.3973 2.0110 1.8966 2.5184 2.1414 2.7366 2.4325 2.0975 2.0509 2.1565 1.8299 2.2585 1.7284 2.0464 1.6663 2.6129 2.2814 2.7951 3.8905 4.7185 2.3666 3.4360 1.6253 3.6196 2.4394 4.0353 3.9466 1.9439 3.3114 3.5140 1.8627 2.3794 1.9279 1.8087 2.2034 2.0786 1.8299 2.1315 1.8553 1.8590
91 2.7366 3.2948 2.6552 2.6129 2.1875 2.3539 3.1999 2.3050 2.4190 2.8361 2.5488 3.0856 3.0589 3.6646 5.0239 3.0722 3.2306 2.9238 3.0992 2.8790 2.6466 2.5335 2.8052 3.4550 2.2196 2.3414 2.4889 2.3414 2.8361 2.4394 2.4745 2.7087 2.7179 2.3794 2.6727 2.4394 2.6816 2.6212 2.9952 2.9354 2.5644 2.7951 2.4394 3.1701 2.4745 2.6906 2.5803 1.2675 1.0710 1.1297 0.9721 1.1641 1.0553 1.0039 1.0837 1.1641 1.0157 1.0460 1.0187 1.3074 0.9835 1.1297 0.9951 0.8422 0.7594 0.9551 0.9115 1.3281 1.0157 0.8801 0.8597 215.8902 1.2144 1.2144 1.1214 1.3322 1.1997 1.6485 1.4457 0.9195 1.5832 0.7415 0.9168 0.8970 0.9276 0.4327 0.8130 0.8275 1.0773 0.8878 0.8930 0.0000 2.7557 2.0197 1.7348 2.6296 2.1719 2.2034 2.5411 2.3602 1.4481 2.4745 1.2913 2.5488 2.2585 1.9359 1.8890 1.8122 215.8902 2.5184 2.4889 1.9439 1.8890 215.8902 1.5018 1.9521 2.1771 2.1119 215.8902 215.8902 2.1823 2.3859 1.9853 2.1515 1.9121 2.1616 2.2585 1.6485 2.3730 2.1667 2.3924 2.2416 1.9279 2.0509 1.7188 1.7643 2.8154 1.6968 1.9853 2.0739 2.1022 2.2699 2.5644 2.2585 2.5803 2.4325 2.3170 2.5184 2.6296 2.4673 2.3794 2.5035 2.9354 2.2642 3.0459 2.6816 2.7461 3.4173 3.0202 3.1999 2.4056 2.7851 2.6129 2.7951 2.9011 2.8681 2.7654 2.8681 2.6906 2.6296 2.9011 2.8257 2.7557 2.9952 2.5723 2.0739 1.7125 2.3924 1.6515 2.5644 2.2585 1.9359 1.7125 2.1667 1.8228 1.7284 1.9399 2.4533 2.2416 2.1928 2.7557 2.4889 1.9895 1.9603 2.8790 1.9853 1.8852 2.3859 3.3114 3.3809 2.0374 2.5566 1.9853 1.7577 1.9359 1.9279 2.4816 1.5859 1.3773 1.7413 1.4246 2.5035 2.2585 2.2814 2.1515 1.8335 2.0555 2.1315 1.7031 1.6426 1.8890 2.1315 2.1667 2.5964 1.5170 2.4889 3.1849 2.9708 2.1875 3.0202 1.7811 2.8900 1.9769 3.3989 3.4173 1.8814 3.0202 3.2463 1.7577 1.9439 1.7478 2.0197 1.8664 1.8228 2.0330 1.8228 2.1928 2.1823
92 2.4745 2.4190 2.3990 2.2873 1.9811 2.2814 2.3291 2.1216 2.0601 2.3477 2.4257 2.5803 2.6381 2.5488 2.6816 2.7179 2.3109 2.4889 215.8902 2.5259 2.6727 2.7557 2.4673 3.4940 1.7845 2.1928 1.7811 2.1119 2.5488 2.1414 1.9359 2.6996 2.1928 2.1515 2.1119 2.0647 2.4394 2.0833 1.9480 2.3230 2.1414 2.0023 2.0197 1.9938 2.3990 2.5488 2.8790 3.3114 2.7366 2.7087 215.8902 215.8902 3.2463 3.0202 3.8633 3.1849 215.8902 215.8902 3.4173 3.0992 4.4571 215.8902 2.1719 2.8790 2.9708 2.7179 3.6196 3.7851 3.5762 2.9011 3.3114 215.8902 8.7634 215.8902 4.6269 3.0589 4.0353 2.0374 2.8573 9.1232 215.8902 3.9183 3.4173 2.7366 2.2250 2.6129 2.9238 3.9755 2.4056 3.1849 3.0202 2.7557 0.0000 1.2330 1.0217 1.1925 1.1230 1.0157 1.0039 4.8651 1.3751 1.0869 0.7109 1.3707 1.4316 1.4339 1.4993 1.2793 215.8902 2.6296 1.1997 1.4223 0.8522 2.0739 215.8902 53.5945 215.8902 2.1928 215.8902 2.1616 1.7413 2.4463 1.7511 2.0241 1.9439 2.5964 215.8902 215.8902 1.9239 2.1119 7.6817 2.4463 2.5803 4.5399 215.8902 215.8902 3.1555 215.8902 215.8902 2.1875 2.5566 1.9853 2.5109 2.2034 2.4463 1.6604 2.2472 2.1928 2.2142 2.2472 1.8966 1.8776 2.1616 1.7811 1.8017 1.6968 2.0023 2.2585 1.7348 1.7478 1.6815 2.0927 2.0023 2.0197 1.8087 1.9439 1.7220 2.0464 1.4721 1.8228 1.9319 2.9708 2.2361 1.9521 1.6937 8.2682 11.6271 215.8902 5.1372 3.7851 2.6296 5.1372 4.4172 4.3403 3.0202 12.1988 215.8902 1.3751 4.0978 215.8902 2.8790 1.9359 6.7176 1.9161 9.7121 3.1270 3.5762 215.8902 215.8902 14.5679 215.8902 2.5883 7.6817 215.8902 2.2361 1.9603 2.3050 2.7557 2.8573 1.9603 2.6046 1.8157 3.4550 215.8902 215.8902 6.1401 12.5008 215.8902 2.9011 2.0739 2.8466 8.1141 4.8150 3.6196 215.8902 1.4721 1.3218 1.6253 4.2315 1.6138 2.8573 1.5750 1.8087 1.1623 1.2597 6.8249 1.4018 1.3884 215.8902 4.4571 215.8902 4.0051 2.1981 2.6996 4.9166 2.3990 2.5488 1.5535
93 2.3050 2.4603 2.5109 2.4056 1.9279 2.0509 2.4962 1.7811 2.2699 2.4056 1.6604 2.5803 2.3924 2.2990 2.8573 2.4816 2.5488 2.7179 2.5335 3.2784 4.4980 2.4325 1.8516 2.3414 1.5696 1.8739 1.6253 1.5642 2.2931 1.9685 1.5750 1.6426 1.8443 1.6604 1.4481 1.9521 1.5351 1.5170 1.3795 1.5221 1.7948 1.6485 1.5914 1.5696 1.6426 1.8087 3.2463 5.5176 2.9238 2.5803 215.8902 215.8902 8.5927 2.6639 2.4463 215.8902 215.8902 215.8902 2.5035 2.4325 9.9226 215.8902 2.1616 2.1719 2.0555 2.4889 2.5035 2.9952 3.2151 2.3924 3.3114 215.8902 3.9183 4.1301 4.5399 2.9952 2.3414 3.3989 2.1364 3.5343 2.4056 2.4463 2.6129 2.3170 1.9359 2.0110 2.1719 2.6296 2.5964 3.3809 1.9279 2.0197 1.2330 0.0000 0.7572 1.2873 1.1164 1.3197 1.0837 2.7752 1.2311 1.2675 0.8472 1.1961 1.2597 1.0217 1.0232 1.0789 215.8902 3.2622 1.4018 1.0522 1.1097 1.3013 2.5335 7.6817 2.8361 2.2034 215.8902 215.8902 1.7544 2.1823 1.7348 1.7348 1.6195 3.9755 14.1905 4.7661 1.5043 2.7557 2.6816 10.6010 4.9166 12.8142 5.2569 215.8902 2.2416 215.8902 2.6816 215.8902 215.8902 1.7880 1.7413 2.0464 1.6754 1.5914 1.5696 1.8590 1.5273 2.1216 1.8087 1.6604 1.6224 1.8664 1.9161 1.3973 2.0464 1.4018 1.2993 1.6724 1.7811 1.8017 1.7478 1.9359 1.9769 1.9769 2.2250 1.9359 1.8087 1.7413 1.7478 1.9359 1.5482 1.5914 1.3773 4.3783 3.5343 3.1555 3.9466 4.7185 1.6054 2.3477 2.7557 2.7752 215.8902 2.7087 3.0856 2.0739 2.1364 14.1905 5.6597 2.1515 3.9183 2.1616 3.5762 3.4940 2.4463 2.8361 3.6646 3.1999 2.6996 2.1823 3.1412 2.5644 1.8516 1.7744 2.7366 2.0927 2.3477 2.1414 2.2814 2.0464 215.8902 2.6296 5.1962 2.9708 7.5469 2.2585 2.2034 2.5411 2.0464 2.5259 2.7951 215.8902 3.2784 1.3707 1.4968 1.4293 215.8902 1.6485 2.9238 1.5696 1.8157 1.4576 1.4968 2.9238 1.8443 1.4433 215.8902 215.8902 215.8902 215.8902 215.8902 3.2784 215.8902 215.8902 2.1823 1.2368
94 2.4122 3.0076 1.9895 1.8553 1.8852 2.2142 2.2990 1.8017 1.9200 2.3291 1.7778 2.3109 2.4603 2.3602 3.1701 2.2990 1.9938 2.8052 215.8902 2.7951 2.5488 2.3050 2.7557 2.3291 1.7610 1.8590 1.8627 1.9561 2.3291 2.0927 1.7380 1.8087 1.8852 1.8157 2.1315 1.8443 2.1119 2.1070 1.7677 1.9005 2.1928 2.1216 1.8814 1.5804 2.1771 1.9239 2.5335 4.0353 8.5927 215.8902 215.8902 215.8902 2.9124 2.9238 215.8902 215.8902 215.8902 215.8902 10.6010 26.9827 3.4173 215.8902 2.4122 2.4745 2.3477 2.5803 2.7752 2.5644 2.2756 2.2250 2.8257 215.8902 3.9183 215.8902 5.2569 2.8361 11.0955 2.4603 3.3989 8.2682 2.2585 3.5343 2.7654 2.8790 1.9727 1.9644 2.2305 2.1119 2.0330 2.2528 2.4889 1.7348 1.0217 0.7572 0.0000 1.1502 1.0934 1.0142 0.9062 7.6817 1.1331 1.1147 0.6016 1.2953 1.2144 1.1032 1.1979 1.0616 215.8902 2.9354 1.0098 0.7662 0.7594 0.9195 215.8902 4.6269 215.8902 2.5566 1.1097 2.5644 1.5351 2.0833 1.5455 1.6968 1.4200 2.7179 215.8902 6.6136 1.7220 2.1823 215.8902 2.1364 2.0023 215.8902 215.8902 2.4056 2.5723 6.1401 2.3794 7.6817 2.5109 1.9082 1.8739 1.9121 2.1216 1.7811 1.6784 1.7710 1.5561 1.8739 1.7478 2.1515 1.6999 2.0153 2.1719 1.6110 1.6195 1.7445 1.5887 1.6663 1.8739 1.7610 1.6253 2.0833 2.1565 2.0509 1.9853 1.9603 1.6724 1.8776 1.7156 1.7811 1.6368 1.6485 1.7914 3.1270 2.7951 2.7557 215.8902 6.8249 1.6754 5.0798 3.3114 3.4940 2.8257 16.2283 3.2948 3.5977 5.7339 2.2990 3.7355 2.9238 215.8902 2.2142 3.0330 2.5644 3.6646 5.6597 3.3809 3.0992 5.7339 3.0589 215.8902 215.8902 1.8928 1.7413 1.9727 2.1364 2.2873 1.9853 1.9980 1.7914 2.4962 215.8902 215.8902 2.6639 4.8651 215.8902 2.1771 2.2416 1.9319 5.5176 6.8249 7.5469 5.5876 1.1997 1.2578 1.3707 215.8902 1.3406 215.8902 1.4481 1.5429 1.1433 1.2482 215.8902 1.4018 1.4154 5.7339 2.8900 215.8902 215.8902 215.8902 215.8902 215.8902 215.8902 215.8902 1.3817
95 2.6466 2.6639 2.3414 2.3353 2.0374 2.5883 2.4745 2.0419 5.0239 4.1970 2.1216 2.9708 2.5883 215.8902 4.3032 3.2463 2.9011 4.3783 3.4940 2.8361 2.7654 3.7600 2.5566 2.8790 2.0110 2.1119 2.3730 2.0419 2.9589 2.1119 2.3666 2.0374 2.3794 2.0285 2.0023 2.1823 2.6996 2.3859 2.1464 2.2642 2.5035 2.0555 2.0285 2.1070 2.5644 2.4463 3.0076 9.7121 215.8902 8.7634 215.8902 3.2463 215.8902 215.8902 215.8902 3.0202 215.8902 6.6136 215.8902 8.1141 215.8902 215.8902 2.3414 2.4745 2.8361 2.2088 2.3602 2.5411 3.0992 2.9354 2.2873 215.8902 17.1580 215.8902 18.6931 3.5762 7.0501 2.2142 3.2948 2.7654 1.7478 3.7114 2.6129 1.9200 2.0330 2.2034 2.2585 2.5335 2.5411 2.4394 2.5184 2.6296 1.1925 1.2873 1.1502 0.0000 1.2144 1.1131 1.4109 2.6212 1.3364 1.4528 0.8154 1.1997 1.6310 1.2873 1.3034 1.4918 215.8902 16.2283 1.6724 1.1197 1.0368 1.7948 6.8249 11.3565 2.0927 3.9183 215.8902 1.7093 1.9685 2.6296 1.8890 2.2034 2.0110 215.8902 215.8902 215.8902 2.1565 1.8480 215.8902 215.8902 215.8902 215.8902 215.8902 215.8902 215.8902 215.8902 215.8902 4.2669 215.8902 2.5644 1.9769 2.0464 2.1928 1.7316 1.5170 1.5777 1.6968 2.1216 2.1823 2.0153 1.9399 2.2472 2.1265 2.1616 1.9853 2.1216 2.0023 2.1167 2.0110 1.6195 2.0927 2.4463 1.9603 2.3170 2.3291 2.3666 1.7811 2.0023 1.9082 3.3809 2.0023 1.9200 2.2250 3.4550 2.5411 215.8902 215.8902 3.3284 2.2472 215.8902 2.6381 5.6597 3.0992 215.8902 8.4277 3.4550 215.8902 215.8902 215.8902 2.2699 215.8902 2.0285 10.1407 215.8902 7.1683 2.0330 215.8902 2.5488 215.8902 1.7880 215.8902 215.8902 2.3477 2.0739 2.1875 2.2699 2.5335 1.6845 2.1981 1.8407 10.8438 215.8902 6.5129 215.8902 215.8902 7.4165 2.5411 2.4816 2.5411 215.8902 4.9166 3.3114 215.8902 1.8590 1.7031 1.7948 2.3230 1.7677 2.4190 1.7744 1.8087 1.6784 1.6426 2.4533 1.6845 1.7610 2.3291 215.8902 10.6010 2.0833 3.8107 4.7661 5.1372 7.6817 3.2622 1.6784
96 2.4463 2.3170 2.4603 2.4745 1.7348 2.2034 2.1216 1.9044 2.0374 2.9589 2.1070 2.3353 2.7366 3.3114 2.6816 2.6129 1.7188 2.3050 215.8902 2.5488 2.7179 2.4889 2.4394 2.6552 1.7610 2.3666 1.9727 1.9853 2.4056 2.3794 2.0241 2.2361 2.0374 2.2034 2.0374 2.5964 2.0739 2.1823 2.0241 2.1616 2.2250 1.9895 2.0374 2.2034 2.2931 2.0786 2.7557 7.2904 215.8902 215.8902 215.8902 8.7634 215.8902 215.8902 215.8902 215.8902 215.8902 215.8902 215.8902 215.8902 215.8902 215.8902 1.9005 2.2931 2.1823 2.3794 2.2699 2.2585 2.9124 2.1719 2.4463 215.8902 215.8902 215.8902 215.8902 215.8902 2.5566 4.7185 3.8107 215.8902 2.8790 215.8902 2.1515 2.1216 2.1315 2.0739 2.5035 2.3291 2.2814 2.1981 1.9200 2.1719 1.1230 1.1164 1.0934 1.2144 0.0000 1.2520 1.2520 2.7179 0.9864 1.3795 0.6307 0.6855 1.6724 0.6587 0.6669 0.7437 215.8902 215.8902 1.2833 0.6347 0.7572 0.5624 2.1719 2.9952 215.8902 7.5469 215.8902 1.4673 1.5859 2.0786 1.5777 1.5859 1.6138 2.8681 215.8902 5.7339 2.0975 2.1119 215.8902 2.7654 3.7114 215.8902 215.8902 2.7366 2.5411 11.9077 4.7185 215.8902 6.5129 2.5803 2.2931 2.5184 2.5184 2.2088 2.1414 2.1928 2.3414 2.7272 1.8052 1.9200 1.7093 2.1928 1.9359 1.8966 2.1875 2.3794 1.6968 1.8017 1.7880 2.0833 1.9644 2.0419 2.1315 2.0197 2.0153 1.5970 1.5068 1.7413 1.8263 4.0051 2.0739 1.7914 1.6724 215.8902 2.7179 2.6816 215.8902 10.3668 1.3156 215.8902 3.7600 215.8902 2.6996 215.8902 20.4165 215.8902 2.6906 2.4673 2.7366 215.8902 5.7339 1.9121 2.5035 2.9708 4.4980 2.8154 3.5977 2.3794 2.2585 2.0241 2.3291 4.5829 2.7179 1.4819 2.6466 2.3050 2.4325 2.0555 2.4463 1.9521 2.4533 215.8902 6.4153 3.2151 4.9166 3.0856 2.6046 1.8664 2.7951 3.5762 2.7557 2.4745 3.9755 1.6138 1.3642 1.4600 2.6466 1.7348 3.2948 1.6907 2.1616 1.3115 1.5119 9.9226 1.4154 1.4386 1.8443 215.8902 5.3835 4.6269 3.9466 3.6878 215.8902 5.3835 3.6878 1.5196
97 2.3050 2.1464 3.3631 2.2142 1.6633 1.9121 3.0202 1.4721 2.3050 1.7744 1.7220 2.3291 2.1616 2.1719 2.4745 2.2196 2.1265 2.2250 2.4745 3.0459 2.3414 2.1414 2.5335 3.4940 1.4528 1.2833 1.3301 1.3074 2.0330 1.2913 1.5018 1.6224 1.8590 1.4154 1.5887 1.6876 2.0833 1.5696 1.5170 1.5018 1.4918 1.7880 1.4673 1.5832 2.2585 1.3729 1.8664 3.3114 5.5876 215.8902 3.0992 215.8902 10.1407 215.8902 5.5176 3.2151 215.8902 2.6996 43.2522 1.8335 2.3924 3.1555 2.6906 2.3924 2.0833 3.5762 2.0110 3.1849 2.4603 2.2528 3.2151 215.8902 3.1701 12.5008 5.9702 3.0589 3.4743 3.7600 2.9830 3.1412 2.0374 8.1141 4.3783 2.3170 1.9359 2.3414 2.5035 3.8107 2.6296 4.0353 2.4603 2.2034 1.0157 1.3197 1.0142 1.1131 1.2520 0.0000 0.5353 2.7752 1.1623 0.5160 0.8547 1.2793 0.5940 1.2144 1.2199 1.2255 215.8902 6.7176 0.8422 1.1746 1.1164 1.2406 2.5803 6.6136 215.8902 2.2472 215.8902 215.8902 1.5696 1.4721 1.5273 1.7156 1.7093 1.9439 4.0051 2.2528 1.3115 2.1119 215.8902 2.6129 2.0110 2.0739 1.8263 2.1364 2.0601 215.8902 2.1515 2.2642 2.1265 1.6026 1.9853 1.9685 1.7610 2.0464 1.5429 1.7880 1.6138 2.0739 2.0110 1.9439 2.0555 1.7544 2.3170 1.3950 1.7811 1.7093 1.5221 1.6253 1.4624 2.0927 1.6253 1.7478 2.0927 2.0285 1.8966 1.9279 1.5588 1.5170 1.5588 2.5964 1.9439 1.7478 1.2734 3.4360 3.8633 2.8790 215.8902 16.6842 2.3859 2.0330 2.9470 3.3631 3.0722 3.1701 2.6906 20.4165 2.4325 2.6816 3.1701 2.0927 3.8905 1.6784 14.5679 3.6646 3.4940 215.8902 3.2948 2.3859 3.2151 1.5144 26.1330 215.8902 1.5914 1.3577 1.6082 1.5998 2.0647 1.6310 1.7914 1.8299 215.8902 8.4277 7.4165 2.8052 3.3456 3.0589 1.9685 1.9769 1.6110 12.8142 10.6010 215.8902 9.3127 1.4154 1.3115 1.4018 4.9166 1.5018 3.6646 1.5914 1.9603 1.2070 1.3239 2.8900 1.3729 1.4624 2.1167 2.5035 215.8902 215.8902 2.4603 2.4889 2.4603 2.4889 2.8573 1.3534
98 2.3859 2.2990 2.9238 2.2088 2.0601 1.9685 2.0833 1.8228 2.3414 1.9359 2.0330 2.2472 2.0647 2.4745 2.7654 2.2873 2.2305 2.3924 6.0539 2.5035 2.1216 3.3989 2.3924 3.1849 1.3322 1.2754 1.3664 1.5068 2.0464 1.4109 1.5804 1.5970 1.8890 1.4505 1.9359 2.0110 2.0023 1.7156 1.5068 1.4109 1.9853 1.8228 1.8087 1.7284 1.9279 1.4918 2.2250 3.5343 215.8902 215.8902 12.5008 215.8902 215.8902 215.8902 17.1580 215.8902 215.8902 215.8902 215.8902 16.6842 2.2585 215.8902 2.5566 2.1667 2.0285 14.9598 2.2814 3.2784 2.5644 2.8154 2.8900 215.8902 3.5343 215.8902 215.8902 2.6816 2.4889 2.6816 4.4571 215.8902 1.8701 4.3032 3.4940 2.7179 1.8664 2.0555 2.8361 3.5762 3.2151 2.8361 2.7654 2.5411 1.0039 1.0837 0.9062 1.4109 1.2520 0.5353 0.0000 3.3456 1.5299 0.4834 0.7662 1.1997 0.5734 1.2773 1.2199 1.1979 215.8902 2.2756 0.8547 1.2144 1.0247 2.2034 5.3193 215.8902 215.8902 3.2151 215.8902 215.8902 1.5914 1.8966 1.5429 1.7348 1.5068 2.6639 215.8902 3.8633 1.4386 3.0722 215.8902 2.7366 2.7654 2.4745 3.0722 2.8154 2.6996 215.8902 2.5644 15.7893 2.4745 1.7031 1.9853 1.8157 2.0833 1.7845 1.8087 1.5970 1.7348 1.8928 1.8443 1.9603 2.4745 1.6253 2.0110 1.2162 1.6724 1.4844 1.4943 1.6485 1.4246 1.8966 1.6663 1.8516 1.7744 1.9603 1.8966 1.8701 1.6784 1.3795 1.6310 1.6082 2.1315 1.7845 1.4819 3.1849 3.9755 4.6269 215.8902 5.5876 1.3322 9.3127 2.9708 2.5566 2.6046 5.2569 2.9952 215.8902 4.7661 215.8902 3.1555 2.6639 3.5343 1.9521 28.7867 3.0459 3.2622 215.8902 2.3414 5.0798 215.8902 3.1270 21.0371 2.0739 1.5068 1.5170 2.3666 1.8443 1.9895 2.1981 2.0023 1.8443 2.4889 215.8902 215.8902 2.1464 4.5829 5.6597 2.0374 2.0464 1.4528 215.8902 6.9357 1.6082 215.8902 1.2482 1.0039 1.5482 215.8902 1.4918 215.8902 1.4433 1.7348 1.2482 1.4109 5.3835 1.4293 1.4109 11.3565 215.8902 215.8902 215.8902 2.5964 215.8902 2.2585 215.8902 215.8902 1.1853
99 2.7087 2.4190 3.4940 2.0693 2.7557 2.6996 1.9561 3.1270 2.2196 2.6381 2.5035 2.3050 2.0739 2.0023 2.8681 2.3170 2.6816 2.8052 2.2472 2.5184 2.1464 2.1315 1.9644 2.5109 1.7811 2.0023 2.3170 2.0241 2.1928 1.8299 2.0023 1.6544 1.8443 1.9853 1.7610 2.2250 1.9200 2.0023 1.7284 1.6368 2.0647 1.8087 2.4325 1.6368 2.0110 2.0197 2.4325 2.2142 2.1119 2.5803 1.9811 2.1928 2.3170 2.9952 2.2142 2.7752 2.5803 2.5803 2.4056 3.2463 2.1928 2.1216 2.2034 2.8681 2.2699 2.1667 2.4889 2.3414 2.4190 2.4816 1.9727 215.8902 2.4463 2.3050 2.2034 2.0739 2.0197 1.8890 2.2814 1.8590 2.3666 2.5883 3.2463 2.4056 2.3924 2.3794 2.1070 2.5335 1.9603 2.2931 2.2814 2.3602 4.8651 2.7752 7.6817 2.6212 2.7179 2.7752 3.3456 0.0000 215.8902 3.3114 215.8902 15.7893 2.3170 3.0330 9.9226 215.8902 0.4902 0.7617 3.1555 2.5964 9.5089 215.8902 1.9121 1.7948 1.8192 1.9938 1.0009 215.8902 215.8902 7.4165 2.1265 215.8902 215.8902 1.5170 1.4721 1.4819 9.5089 1.5068 1.4844 1.4109 1.3795 1.5068 1.4673 1.4246 1.5696 1.4624 1.4576 1.4576 1.5068 2.6129 3.4550 1.9853 2.6727 3.7114 1.7413 2.2142 2.0197 2.5411 1.2993 1.6968 1.5170 1.4918 1.4339 1.5804 1.7413 1.7156 1.4819 1.4673 1.7316 2.1616 1.7284 2.1414 1.8890 1.7544 1.8739 1.6515 1.7544 1.8814 1.7093 1.8228 1.3795 1.3973 1.7811 2.7851 2.5335 2.7752 2.5184 3.5762 2.5259 215.8902 2.7752 4.3032 2.6296 2.7557 2.5964 2.3170 2.9238 2.6129 2.8257 2.9238 2.9354 215.8902 4.2315 3.1849 3.5343 2.5964 2.6639 2.4745 2.1216 2.1616 1.8966 2.7087 215.8902 4.3783 2.8154 11.0955 3.3809 2.2873 215.8902 1.8299 2.6466 13.8269 26.9827 2.1216 2.6129 26.9827 3.6196 215.8902 215.8902 2.5964 1.8017 2.7179 2.3414 5.4496 1.1536 1.3322 1.6663 1.6968 1.4624 1.7093 1.6968 1.5914 1.4063 1.4063 1.7478 1.7478 1.3795 1.5804 1.6310 1.6310 1.4410 1.6026 1.5859 1.5068 1.6456 9.9226
100 2.7557 3.0856 2.4394 4.2315 2.1414 2.6212 2.5803 2.3414 2.9830 2.5335 2.2142 2.4889 3.2463 2.4745 2.5259 2.7752 2.1216 2.6129 215.8902 2.5335 2.2361 2.7851 2.8154 215.8902 1.7744 2.0374 2.4325 1.7413 2.3859 1.7348 2.6381 1.9161 2.1022 2.0927 1.7125 2.1928 1.9439 2.3666 2.1119 2.1022 1.8590 1.8627 1.8087 1.8087 2.1616 2.0739 2.7461 215.8902 3.1849 2.9124 4.3783 5.5176 215.8902 215.8902 5.2569 4.9695 4.0978 13.8269 215.8902 2.4463 2.3050 5.3193 1.8701 2.3414 1.6784 3.1701 2.0110 1.9439 1.6663 2.1719 2.4056 215.8902 2.7654 215.8902 4.0353 2.4889 215.8902 2.5109 215.8902 3.0459 215.8902 1.9561 2.1823 2.1364 2.3794 1.2793 1.9603 1.8017 2.2931 1.9200 1.5804 1.4481 1.3751 1.2311 1.1331 1.3364 0.9864 1.1623 1.5299 215.8902 0.0000 1.5068 0.6278 1.0068 1.4819 1.0277 0.9579 1.0584 215.8902 2.3602 1.2255 0.7685 0.9168 0.9636 215.8902 215.8902 215.8902 215.8902 215.8902 1.6663 1.8299 2.4257 1.5351 1.8443 1.8157 215.8902 215.8902 215.8902 2.1414 6.8249 215.8902 6.6136 215.8902 215.8902 215.8902 5.0798 4.8150 215.8902 215.8902 215.8902 215.8902 2.3170 2.5803 2.6816 2.0739 2.4190 2.1719 2.0927 2.6296 2.6906 1.9359 2.0927 1.4893 2.4603 2.3924 1.5119 2.0023 2.7951 1.6907 1.8017 1.5094 1.6368 1.7744 2.0509 2.5411 1.9480 1.9603 1.6693 1.2953 1.9121 1.7031 215.8902 2.3170 1.7880 1.8776 215.8902 6.2291 215.8902 215.8902 215.8902 2.4962 17.6501 215.8902 5.6597 215.8902 215.8902 215.8902 215.8902 215.8902 215.8902 215.8902 215.8902 215.8902 215.8902 215.8902 215.8902 215.8902 215.8902 215.8902 215.8902 215.8902 215.8902 215.8902 215.8902 3.3284 3.4360 215.8902 6.1401 2.5335 1.6026 4.4980 215.8902 6.0539 215.8902 215.8902 215.8902 215.8902 215.8902 2.9708 4.1970 215.8902 4.7185 3.7600 3.0202 215.8902 1.5068 1.3364 1.1997 215.8902 1.4673 215.8902 1.3861 1.8299 1.2993 1.4018 215.8902 1.2125 1.4576 215.8902 215.8902 215.8902 215.8902 215.8902 215.8902 215.8902 215.8902 215.8902 1.3599
101 2.4190 2.2873 3.1130 2.7752 2.0647 1.8157 2.2814 1.7220 1.9399 2.4056 1.5970 1.9521 2.4745 2.4889 2.7179 2.3794 2.6381 1.8371 2.4257 2.4463 2.9238 2.9238 3.5762 2.7179 1.3861 1.4481 1.7125 1.4819 2.0739 1.2636 1.5299 1.6082 1.7478 1.4844 1.4154 1.7744 1.7284 1.8087 1.6724 1.3577 1.6724 1.5615 1.5750 1.6138 2.0555 1.5273 2.0285 3.0589 2.3050 6.8249 215.8902 215.8902 4.3783 215.8902 26.9827 215.8902 215.8902 10.1407 215.8902 32.8565 2.8573 215.8902 2.3230 2.3794 3.0330 3.3114 2.6296 2.9354 4.3032 2.6996 2.7179 215.8902 5.3193 4.4571 2.3477 2.2305 3.0459 3.6878 2.7951 3.9755 1.9853 2.4603 2.7461 2.8900 2.5109 2.0833 3.5762 2.8790 2.8154 3.3114 2.6906 2.4745 1.0869 1.2675 1.1147 1.4528 1.3795 0.5160 0.4834 3.3114 1.5068 0.0000 0.8360 1.4868 0.5762 1.3281 1.2636 1.1961 215.8902 2.6212 0.8547 1.3322 1.0710 1.7610 2.4745 215.8902 7.1683 3.7114 215.8902 215.8902 1.6026 2.0509 1.6907 1.6368 1.7156 3.0589 4.5829 2.5488 1.4673 3.2948 4.0051 2.5803 2.4745 5.0798 2.9011 2.2528 2.8154 215.8902 9.3127 20.4165 2.8681 1.9359 1.8739 2.0330 1.9727 2.0241 2.0023 1.7744 1.8371 1.9938 2.0464 2.0374 1.6754 1.6310 2.4190 1.5119 1.9938 1.6845 1.4968 1.5482 1.5615 1.9121 1.8928 2.0110 2.0419 1.9044 1.8443 1.6754 1.5377 1.3534 1.6110 1.8664 2.1414 1.7677 1.5970 5.6597 10.1407 2.0880 215.8902 2.6552 1.9769 4.0353 2.8681 3.4550 2.6296 5.2569 4.9166 2.5035 8.5927 3.4173 3.5762 4.3032 4.6269 2.5964 215.8902 3.5762 5.3835 4.5829 2.9952 2.7752 215.8902 2.4889 215.8902 215.8902 2.0330 1.6138 2.2361 1.9603 2.3794 2.1414 2.0197 2.4122 215.8902 215.8902 215.8902 4.8150 215.8902 215.8902 2.4056 2.2305 2.3924 215.8902 8.4277 1.7348 215.8902 1.3470 1.2181 1.2236 6.3208 1.5750 3.0202 1.5377 2.0927 1.2597 1.2330 2.3230 1.4177 1.4293 3.1270 2.7851 6.2291 2.2416 3.4550 2.9952 3.0330 2.5883 2.5964 1.2953
102 215.8902 2.1022 2.3414 2.3291 1.5942 1.6815 2.1928 1.6026 1.8776 1.7880 1.7125 1.7677 1.9853 2.0374 2.1616 2.0110 2.0374 1.7880 1.8590 2.1464 1.8443 3.7355 215.8902 1.9603 1.3074 1.5170 1.5696 1.3884 1.4109 1.6281 1.3995 1.5998 1.6724 1.4918 1.2463 2.0241 1.5119 1.6845 1.3884 1.5273 1.7156 1.5482 1.3301 1.4109 1.7284 1.8966 215.8902 215.8902 215.8902 215.8902 215.8902 215.8902 11.3565 3.4743 21.0371 215.8902 215.8902 215.8902 215.8902 215.8902 6.3208 215.8902 1.6604 1.6485 2.0110 1.2292 1.6845 1.6110 1.8664 1.8122 1.7845 215.8902 2.7179 215.8902 3.0992 3.3114 5.5876 2.2585 215.8902 4.4571 1.6724 215.8902 1.8157 1.8157 1.8590 1.3491 2.3414 2.1414 2.1928 1.8299 1.5696 1.2913 0.7109 0.8472 0.6016 0.8154 0.6307 0.8547 0.7662 215.8902 0.6278 0.8360 0.0000 0.6720 0.7327 0.4751 0.5753 0.5496 215.8902 215.8902 0.8957 0.6016 0.0151 0.7174 215.8902 215.8902 215.8902 6.6136 215.8902 215.8902 1.4624 215.8902 1.2833 1.2953 1.0647 215.8902 215.8902 215.8902 1.1365 1.8157 215.8902 2.8052 215.8902 3.2306 215.8902 215.8902 4.1301 215.8902 215.8902 215.8902 2.2034 1.4246 1.6968 2.1022 1.8157 1.6310 1.7348 1.4293 1.9359 2.5803 1.1468 1.5144 1.6968 1.4386 1.8966 0.8324 1.4918 1.4109 0.9496 1.1264 1.0902 1.3281 1.4154 2.2305 215.8902 1.7031 1.5642 1.0460 1.2107 1.1746 1.2107 1.4481 1.4063 1.2578 1.2292 215.8902 215.8902 215.8902 5.0239 215.8902 1.8516 3.0722 215.8902 3.0202 3.1130 6.6136 215.8902 1.8890 215.8902 215.8902 215.8902 2.0330 8.2682 1.6999 215.8902 2.2814 1.9161 1.5273 8.4277 3.9755 2.3109 1.7478 215.8902 215.8902 1.2993 1.5482 1.8516 1.3156 1.5119 1.5094 1.5068 2.0647 215.8902 215.8902 215.8902 215.8902 215.8902 215.8902 1.9769 1.7577 1.4457 215.8902 6.0539 215.8902 215.8902 1.0323 0.9222 1.0726 215.8902 0.9331 21.0371 1.1468 1.1065 0.8348 0.9579 215.8902 1.0157 1.0522 46.4222 13.4767 215.8902 46.4222 215.8902 215.8902 215.8902 215.8902 215.8902 0.7261
103 2.8790 2.2034 2.8052 2.5723 2.1315 2.4463 2.0975 2.1565 2.2034 2.3794 2.8790 2.6466 2.7557 2.0927 2.7851 2.5566 2.0197 2.9708 215.8902 2.4325 2.0647 2.1315 2.6129 2.4533 2.3859 2.1565 2.1414 2.2756 2.2756 2.2034 2.0509 1.9853 2.4603 2.0153 2.0555 2.4533 2.7851 2.4673 2.0880 1.9399 2.2931 1.9727 2.2361 2.2088 2.7752 2.1022 2.5964 4.4980 6.4153 215.8902 215.8902 215.8902 215.8902 215.8902 215.8902 215.8902 215.8902 215.8902 215.8902 215.8902 215.8902 215.8902 2.6552 2.2990 1.9769 2.2142 2.0786 2.1719 3.1555 1.9980 2.6816 215.8902 215.8902 215.8902 2.9708 8.4277 9.5089 3.2463 2.7557 215.8902 3.0076 215.8902 2.3050 2.2585 2.1022 2.1667 2.4190 2.1565 2.8154 2.5109 2.4603 2.5488 1.3707 1.1961 1.2953 1.1997 0.6855 1.2793 1.1997 15.7893 1.0068 1.4868 0.6720 0.0000 1.5723 0.8034 0.7617 0.9922 215.8902 215.8902 1.2993 0.6834 0.8202 0.6112 4.0353 2.3794 215.8902 2.1414 215.8902 5.4496 1.9359 2.3859 1.7948 1.9644 1.8814 3.0459 215.8902 215.8902 2.3859 5.9702 215.8902 3.9183 2.9238 215.8902 215.8902 215.8902 2.4603 215.8902 215.8902 215.8902 215.8902 2.3414 2.0975 2.4889 2.4745 2.0647 2.3414 2.2585 1.8890 2.6381 2.1216 2.3230 1.7544 2.8681 2.5803 1.7544 2.4394 2.4056 1.8122 1.9603 1.6368 2.2931 1.7610 2.0419 2.2472 1.9279 1.8966 1.6515 1.2597 1.9685 1.6110 1.8739 2.1216 1.7220 1.8739 215.8902 2.2472 2.1771 215.8902 3.8633 1.5750 4.1301 2.6639 2.5488 3.0202 3.4173 2.3539 3.3456 2.1119 2.0419 2.8790 5.0798 2.5723 1.7643 2.3924 2.6129 2.5335 215.8902 7.9651 2.1414 2.5488 1.9121 2.5259 215.8902 2.5184 1.7778 2.1875 2.2528 2.1928 2.0647 2.5723 2.0739 2.8466 4.7185 4.8651 7.2904 2.1515 5.5876 2.9952 1.8299 2.8361 3.7114 215.8902 2.0110 215.8902 1.6485 1.3861 1.3364 2.5184 1.4968 215.8902 1.4673 2.1119 1.3449 1.4481 3.4173 1.3239 1.7610 2.2931 215.8902 215.8902 3.8633 215.8902 215.8902 215.8902 215.8902 215.8902 1.7413
104 2.1119 2.5803 2.5883 2.0241 2.2528 2.0023 2.2642 2.2699 1.8701 2.2699 2.3794 2.4533 2.5488 1.7778 3.6419 2.8466 1.9082 2.6466 11.6271 2.7366 2.7951 2.4816 2.7179 2.6816 1.6845 2.0330 2.1719 1.9439 2.0023 1.6604 1.8017 1.9769 1.9685 2.0197 1.9644 1.8480 2.0786 1.7348 2.3477 2.0464 2.0067 2.1771 2.1070 1.9561 2.5184 1.8263 2.5644 3.9755 2.5184 11.0955 215.8902 215.8902 215.8902 215.8902 15.3667 12.1988 5.9702 6.4153 215.8902 29.7440 2.5644 215.8902 2.3924 2.4603 2.3924 2.3170 2.2585 2.3353 3.0992 2.5335 3.8107 215.8902 3.4940 215.8902 3.1849 3.7114 4.0978 2.3539 7.8210 4.0353 1.9561 3.7114 4.2315 2.6296 2.1119 2.3924 2.9589 3.0992 2.4889 2.6816 2.2361 2.2585 1.4316 1.2597 1.2144 1.6310 1.6724 0.5940 0.5734 2.3170 1.4819 0.5762 0.7327 1.5723 0.0000 1.4433 1.5247 1.4177 215.8902 2.7851 0.5177 1.2813 0.9009 1.6138 8.5927 12.5008 1.8443 5.7339 215.8902 2.6296 1.6907 2.0023 1.5914 2.1928 1.7380 2.2088 215.8902 2.6381 1.9239 2.6129 215.8902 2.2931 1.8966 1.9603 3.5551 215.8902 1.9685 215.8902 4.0978 5.3193 2.1216 2.0833 2.0464 1.9685 1.6310 1.8664 2.0464 1.9044 1.7511 1.9439 2.0555 2.2528 1.9811 2.0880 2.4122 1.7880 1.6968 2.0786 1.6281 1.8157 1.6876 1.8739 1.9005 2.1414 2.0374 1.6397 1.5170 2.0023 1.6026 1.7880 1.6368 1.5804 2.1719 1.7031 1.7316 2.4463 2.6296 215.8902 215.8902 215.8902 1.6397 5.6597 3.2622 3.0856 3.4173 7.1683 7.8210 215.8902 215.8902 215.8902 6.7176 215.8902 4.0978 2.0786 215.8902 2.3170 2.8790 215.8902 215.8902 215.8902 215.8902 215.8902 215.8902 215.8902 1.7252 1.5750 2.2472 2.1667 2.1022 1.7610 1.9811 2.1216 3.1270 215.8902 215.8902 215.8902 6.9357 215.8902 2.4603 1.9399 2.3477 2.6906 7.0501 1.6253 215.8902 1.4481 1.3534 1.2993 3.6878 1.4063 2.3414 1.4918 1.8017 1.3973 1.2559 3.6878 1.4339 1.6026 2.4190 2.4603 3.8633 215.8902 2.7654 2.4190 2.2305 2.2472 215.8902 1.4339
105 2.3414 2.5035 2.2990 3.0722 2.0693 2.1216 2.1928 2.0509 2.1216 2.8790 2.5335 2.7179 2.1464 1.7778 2.7461 2.6129 1.9727 3.2622 215.8902 2.4603 2.5184 2.0555 2.6129 2.3050 1.9399 1.9853 2.2585 1.7478 2.3291 2.3050 1.9521 2.5335 2.3666 2.0833 2.1414 2.5035 2.2472 2.4745 2.2034 2.1719 2.1565 2.4962 2.5488 1.9853 2.3924 2.0464 2.3477 3.5343 215.8902 2.3924 215.8902 3.6419 215.8902 215.8902 215.8902 215.8902 215.8902 215.8902 215.8902 12.5008 215.8902 215.8902 2.1414 2.0647 2.1771 1.9853 2.0833 2.1771 1.6968 2.2088 2.1515 215.8902 215.8902 215.8902 215.8902 3.6196 3.4940 2.9011 2.8257 215.8902 1.9359 6.4153 2.1616 2.0739 2.1719 1.8443 1.8739 2.0739 2.7951 2.2756 1.7478 1.9359 1.4339 1.0217 1.1032 1.2873 0.6587 1.2144 1.2773 3.0330 1.0277 1.3281 0.4751 0.8034 1.4433 0.0000 0.3922 0.6386 215.8902 3.3456 1.2444 0.5021 0.6367 0.3105 3.6419 215.8902 4.9695 6.0539 215.8902 8.5927 1.5535 2.2088 1.4154 1.7413 1.6693 2.8790 215.8902 5.7339 2.1315 2.3539 7.9651 215.8902 2.6296 215.8902 14.9598 215.8902 2.0197 4.7185 215.8902 215.8902 4.7185 2.5109 2.2814 2.3291 1.9279 2.0833 2.0419 1.8966 2.2250 2.8361 1.9439 2.1771 1.8739 2.1414 2.1515 1.8590 1.9521 2.2585 1.8966 2.0330 1.8052 2.6296 2.2250 2.1167 2.2873 2.3666 2.1265 1.9279 1.4063 2.0880 1.7880 2.3230 1.9853 1.5455 1.8087 215.8902 2.5109 2.6212 215.8902 215.8902 1.5482 2.1565 3.1701 2.8573 2.3477 215.8902 4.3783 215.8902 2.4325 2.2585 2.5109 2.0509 215.8902 1.9082 215.8902 2.7461 2.7557 7.9651 3.7851 2.4463 2.6296 1.8776 2.5964 4.4172 2.1216 1.6937 2.3109 2.3353 2.1070 1.5914 2.4056 2.1414 2.5488 4.5829 215.8902 215.8902 3.1270 5.1962 3.4550 2.1364 2.2250 10.6010 215.8902 3.9755 15.3667 1.5914 1.4293 1.2292 3.0722 1.8228 6.5129 1.4433 1.8814 1.3115 1.2559 3.2306 1.4918 1.5482 9.3127 215.8902 5.4496 3.8633 215.8902 5.4496 215.8902 215.8902 6.0539 1.5119
106 2.2472 2.4889 2.5184 2.3924 2.0285 1.9853 2.3859 2.3924 4.0353 2.6906 2.4889 3.1555 2.5883 1.9938 3.0722 2.6552 1.8966 2.6816 4.1632 2.3230 2.5259 2.1928 2.8790 2.9011 1.8928 2.1022 1.9853 1.9044 2.3109 2.0023 1.8087 1.9980 2.4190 1.8157 1.8966 2.6906 2.2361 2.1719 2.0285 2.0110 1.9239 2.5035 2.2814 1.7811 2.0285 1.9121 3.1849 215.8902 215.8902 215.8902 215.8902 7.4165 215.8902 215.8902 215.8902 215.8902 215.8902 215.8902 215.8902 215.8902 215.8902 8.4277 2.3291 2.2472 2.1216 2.2931 1.8739 2.2699 2.0555 2.1119 1.8553 215.8902 215.8902 215.8902 215.8902 3.0992 215.8902 4.0978 1.8299 215.8902 3.4173 215.8902 2.0023 2.1216 2.3170 1.7220 2.3924 2.3109 2.4463 2.4257 2.1719 1.8890 1.4993 1.0232 1.1979 1.3034 0.6669 1.2199 1.2199 9.9226 0.9579 1.2636 0.5753 0.7617 1.5247 0.3922 0.0000 0.6608 215.8902 215.8902 1.2833 0.4885 0.7003 0.2967 215.8902 5.1372 215.8902 215.8902 215.8902 1.7284 1.5970 1.9279 1.4576 1.5723 1.7677 2.5644 215.8902 215.8902 1.9769 215.8902 215.8902 3.9183 2.6466 215.8902 29.7440 215.8902 2.3539 11.9077 7.8210 215.8902 3.0589 2.2361 1.9359 2.2585 2.0464 2.0833 2.0197 2.1414 1.9044 2.5964 2.0833 1.9439 1.8516 2.1364 2.3924 1.8590 2.0509 2.2699 1.7677 1.7677 1.6633 2.0833 1.8299 2.0464 1.9603 2.1167 2.0023 1.8701 1.4246 1.8263 1.6604 1.8516 1.6663 1.4673 1.7544 215.8902 1.8299 2.3291 215.8902 6.5129 1.3156 3.0459 2.8573 2.4463 2.5488 215.8902 4.1632 215.8902 2.2305 2.0464 2.1719 2.2528 6.7176 1.7643 2.8361 2.7951 2.9011 215.8902 7.4165 1.9480 2.6296 2.3859 2.2642 215.8902 2.6996 1.4293 2.2931 2.1464 2.2250 1.4063 2.2814 1.6426 7.2904 215.8902 215.8902 9.9226 5.6597 215.8902 2.3477 1.9727 2.3539 23.0509 4.9166 2.0241 13.1393 1.6026 1.3973 1.3177 2.8361 1.6604 215.8902 1.4868 1.9685 1.3449 1.2597 20.4165 1.3884 1.5482 215.8902 215.8902 215.8902 7.5469 215.8902 215.8902 215.8902 215.8902 215.8902 1.6426
107 2.6129 2.6381 3.0459 2.5259 1.9938 2.3666 2.6816 2.0555 4.3032 2.6996 2.2361 2.1771 2.7179 1.8335 2.8900 2.6129 1.9938 2.4122 215.8902 2.6381 2.3924 2.8154 2.6129 2.8466 2.3050 2.3666 2.2034 1.9319 2.1464 1.9811 2.2814 2.1616 2.1265 2.3414 2.2472 3.0202 2.3353 2.4463 1.9603 2.2990 2.1875 2.2642 2.3794 2.1167 2.7752 2.6996 3.4173 4.7185 215.8902 215.8902 215.8902 215.8902 5.0798 215.8902 3.9183 7.6817 6.3208 7.4165 215.8902 3.1270 215.8902 215.8902 2.0110 2.2034 2.1515 2.4533 2.1565 2.6466 2.1719 1.8664 1.8890 215.8902 3.7114 215.8902 215.8902 215.8902 4.4571 2.4889 2.9830 215.8902 2.4889 215.8902 1.9685 2.3050 2.2305 2.0241 2.6996 2.0555 1.9685 2.3230 1.6026 1.8122 1.2793 1.0789 1.0616 1.4918 0.7437 1.2255 1.1979 215.8902 1.0584 1.1961 0.5496 0.9922 1.4177 0.6386 0.6608 0.0000 215.8902 8.1141 1.1433 0.7174 0.7088 0.4701 5.1372 6.3208 215.8902 8.9402 215.8902 2.1515 1.4918 2.0197 1.4697 1.8814 1.8516 2.3230 9.5089 7.2904 1.8263 2.5184 215.8902 2.8466 2.3794 3.6196 6.5129 215.8902 3.5762 2.5723 215.8902 215.8902 3.1270 2.6727 2.6466 2.4962 2.1875 1.9044 2.2472 2.2142 5.9702 2.1364 1.7948 2.2873 2.3109 2.4463 2.4394 1.9853 2.0647 2.5803 2.0285 1.9853 2.1414 2.2361 2.0647 1.7880 2.1823 2.0241 2.3050 1.8852 1.7544 1.7880 1.9439 215.8902 2.0786 1.7284 1.9769 215.8902 2.2814 215.8902 215.8902 9.1232 1.2520 215.8902 15.3667 215.8902 2.5964 19.8196 215.8902 2.0786 2.9354 2.6046 2.6296 2.4889 215.8902 2.0601 2.5488 2.4056 4.0978 8.5927 20.4165 2.2142 4.4571 2.9708 2.1565 215.8902 2.3291 1.6604 2.2416 2.3050 2.3230 1.8263 2.2034 2.0374 2.9238 215.8902 215.8902 5.5876 3.3114 215.8902 2.7461 2.1414 2.4889 8.2682 2.5488 2.1515 215.8902 1.6663 1.4528 1.5068 2.3794 1.6310 215.8902 1.6515 1.9480 1.2754 1.3751 215.8902 1.5642 1.5273 215.8902 215.8902 215.8902 4.3403 215.8902 215.8902 215.8902 215.8902 17.6501 1.5482
108 215.8902 215.8902 215.8902 1.1032 215.8902 215.8902 215.8902 215.8902 1.0647 215.8902 215.8902 215.8902 215.8902 215.8902 215.8902 215.8902 215.8902 4.9695 215.8902 215.8902 215.8902 1.1180 215.8902 1.7880 1.3577 2.8681 1.5273 1.4063 215.8902 1.6138 1.4063 215.8902 1.3577 215.8902 215.8902 1.6663 1.3577 1.2330 2.4889 215.8902 215.8902 2.5411 215.8902 1.9644 215.8902 215.8902 1.5273 1.1131 0.9692 2.2142 0.9182 1.9239 2.9830 2.3414 1.0726 1.0024 2.3730 2.2034 1.2793 1.2070 2.5259 1.1247 215.8902 215.8902 215.8902 215.8902 215.8902 215.8902 215.8902 215.8902 215.8902 215.8902 1.4223 1.8052 1.2070 1.7156 2.1464 215.8902 1.8664 1.2070 2.6906 2.3990 215.8902 215.8902 215.8902 215.8902 215.8902 215.8902 215.8902 215.8902 215.8902 215.8902 215.8902 215.8902 215.8902 215.8902 215.8902 215.8902 215.8902 0.4902 215.8902 215.8902 215.8902 215.8902 215.8902 215.8902 215.8902 215.8902 0.0000 0.4138 215.8902 215.8902 215.8902 215.8902 1.0098 1.1746 1.2330 1.3751 0.9806 215.8902 215.8902 215.8902 215.8902 215.8902 215.8902 1.0934 1.2330 1.1746 215.8902 0.9922 1.1746 1.2330 0.9524 1.1468 1.0999 1.0368 1.3884 1.2636 1.0678 1.2636 1.1468 215.8902 215.8902 215.8902 215.8902 1.7744 2.4889 215.8902 1.3795 3.3989 0.9524 1.4721 1.1468 0.9806 0.9922 0.9835 1.0934 1.4386 1.0678 1.0950 1.2033 1.7031 1.3491 215.8902 1.1979 1.3491 1.5247 1.3322 1.4868 1.2311 215.8902 1.7348 0.9524 0.9636 1.0742 1.3218 1.6368 2.0739 1.2107 215.8902 215.8902 215.8902 2.2814 215.8902 4.3403 215.8902 3.7600 215.8902 3.2622 1.5642 1.4993 215.8902 1.4200 215.8902 2.5803 1.7031 215.8902 215.8902 1.8017 3.7600 4.5399 215.8902 1.5642 215.8902 215.8902 215.8902 215.8902 215.8902 215.8902 4.0353 215.8902 1.1433 215.8902 215.8902 215.8902 215.8902 215.8902 215.8902 215.8902 215.8902 215.8902 15.3667 1.8852 215.8902 4.7185 215.8902 1.0742 2.0647 1.2559 0.8597 0.9524 0.9249 0.9922 0.9922 0.9636 1.0934 0.7460 1.1468 1.1746 1.0934 1.1746 1.2636 0.8878 1.1746 0.9249 1.0934 1.0217 215.8902
109 2.4257 2.2472 23.0509 1.7610 2.6381 2.3414 2.1823 2.0419 2.3924 2.9011 3.0459 2.0197 2.1216 2.0555 2.6466 2.1875 1.8299 2.3924 2.1719 2.1119 2.0555 2.0975 2.3539 2.2873 1.8443 2.5803 1.6968 2.0285 1.6907 2.1414 2.0285 1.9439 2.0833 2.2931 2.1414 2.1167 2.5411 1.8480 1.8516 1.8814 1.8739 2.1823 2.1823 1.4481 2.8573 2.1216 2.2250 1.8739 1.8590 1.7544 1.8966 1.8590 1.9399 2.5035 1.8776 2.2250 2.3414 2.2472 2.1515 1.7544 1.8701 1.7093 2.3924 2.9470 2.3539 1.9853 2.6816 3.5551 2.8681 2.3539 2.1823 215.8902 2.0110 2.1823 1.8017 1.6693 1.9044 2.2699 2.3924 1.9644 1.8407 1.8299 3.2784 2.2990 2.5964 2.8361 2.3291 2.0285 2.2528 1.7610 2.2142 2.5184 2.6296 3.2622 2.9354 16.2283 215.8902 6.7176 2.2756 0.7617 2.3602 2.6212 215.8902 215.8902 2.7851 3.3456 215.8902 8.1141 0.4138 0.0000 5.3835 18.6931 2.9011 215.8902 2.0023 1.8228 1.8443 2.0555 1.0742 215.8902 2.9708 4.0353 2.9830 9.3127 3.6196 1.6724 1.6724 1.5429 12.1988 1.5642 1.3322 1.7156 1.4200 1.2501 1.5221 1.5696 1.6368 1.5273 1.6138 1.6253 1.2833 2.3170 2.5964 2.3170 2.2250 2.5964 2.0285 1.9603 1.9769 2.0555 1.3156 1.4893 1.5273 1.3839 1.3034 1.8299 1.2793 2.0464 1.8664 1.8407 1.5377 1.7948 1.8087 1.6784 1.4770 1.9082 1.7643 1.7348 1.7677 1.7445 1.8299 1.8263 1.4109 1.3534 1.6426 2.4673 2.4463 2.3170 2.1414 2.5488 3.9755 215.8902 2.4603 2.2361 2.2416 3.1999 1.8627 3.2784 2.4816 2.7366 2.4257 2.8154 2.9238 2.3666 2.3353 2.4394 2.1414 2.4056 2.6816 2.4745 2.8573 3.0076 2.5035 6.7176 1.3449 3.0722 3.2306 2.9952 3.6646 2.8361 14.9598 1.9082 2.1167 3.3114 3.1849 2.4889 2.9470 3.3114 215.8902 215.8902 215.8902 2.5488 2.3794 2.7366 2.2528 2.6906 1.2873 1.5429 1.7880 1.7093 1.8087 1.6604 1.8966 1.6026 1.7544 1.8590 1.6515 2.0739 1.9359 1.7880 1.7478 1.8739 1.7544 1.8087 1.7413 1.7031 1.8739 4.3403
110 2.0555 2.8573 2.6639 2.6466 2.0464 2.0197 2.1928 1.8192 1.9521 2.8790 2.4745 2.4745 2.4603 1.8852 2.6381 2.4394 1.9319 2.4889 2.9470 3.3114 2.4325 2.4603 2.4745 3.1701 1.4293 1.8739 1.6604 1.5429 1.7031 1.9044 1.7677 2.0023 1.8228 1.7610 1.7220 1.9811 2.1414 1.9082 1.8890 1.9685 1.8087 1.8890 1.8087 1.9121 1.9121 1.7677 2.7951 215.8902 215.8902 215.8902 215.8902 215.8902 215.8902 215.8902 215.8902 215.8902 215.8902 215.8902 215.8902 215.8902 215.8902 215.8902 2.3050 2.1719 2.0739 2.7179 2.0927 3.4173 2.6129 2.3924 2.8790 215.8902 7.4165 215.8902 215.8902 2.5411 2.6129 3.1555 1.5696 215.8902 2.8361 215.8902 2.9470 2.7557 1.9603 2.7557 3.0992 2.9952 3.0722 3.1849 2.1616 2.4889 1.1997 1.4018 1.0098 1.6724 1.2833 0.8422 0.8547 3.1555 1.2255 0.8547 0.8957 1.2993 0.5177 1.2444 1.2833 1.1433 215.8902 5.3835 0.0000 1.3364 1.0869 1.2144 2.6996 215.8902 215.8902 3.9755 215.8902 215.8902 1.5942 215.8902 1.3928 1.4433 1.5170 4.3032 215.8902 215.8902 1.6368 215.8902 215.8902 215.8902 2.0241 215.8902 215.8902 215.8902 215.8902 215.8902 215.8902 215.8902 2.7851 1.8087 2.0197 1.6195 1.8443 1.9359 1.8299 1.7348 1.6082 2.0110 1.9521 1.8590 1.9603 1.8966 2.5964 1.2520 1.8087 1.8228 1.3620 1.5273 1.3928 2.4745 1.8739 1.9853 1.5696 2.0374 2.4463 1.6907 1.5696 1.5804 1.5273 2.8361 2.3539 1.9121 1.3115 215.8902 215.8902 215.8902 215.8902 215.8902 1.8299 215.8902 3.1849 215.8902 215.8902 8.2682 3.0202 2.6639 215.8902 215.8902 215.8902 2.2699 215.8902 2.3353 215.8902 215.8902 215.8902 215.8902 215.8902 215.8902 215.8902 215.8902 215.8902 215.8902 1.7544 1.6968 2.5184 1.7445 2.3291 2.2699 2.2472 1.3707 2.7179 7.5469 215.8902 215.8902 22.3532 215.8902 2.3794 2.7951 2.0975 215.8902 215.8902 215.8902 215.8902 1.3664 1.1746 1.5170 215.8902 1.3599 215.8902 1.3729 1.6784 1.3239 1.3534 215.8902 1.5535 1.6663 215.8902 215.8902 215.8902 215.8902 215.8902 215.8902 215.8902 215.8902 215.8902 1.1853
111 2.0464 2.1414 2.8257 2.9470 1.9685 1.7188 2.6296 1.6138 1.8299 2.4673 1.8299 2.3539 2.9952 2.2990 2.6996 2.4257 2.4056 2.6381 1.9727 2.9238 3.0992 2.5035 2.6046 2.6466 1.4770 1.5018 1.8087 1.8017 2.4190 1.8335 1.5859 1.8890 2.1414 1.5669 2.0464 2.0975 2.1119 1.7744 1.4386 1.5970 1.6604 1.6845 2.0786 1.4386 2.2873 1.7031 3.4940 4.3783 215.8902 215.8902 215.8902 215.8902 215.8902 215.8902 215.8902 215.8902 215.8902 215.8902 215.8902 215.8902 6.4153 215.8902 2.2931 2.3794 2.3050 2.7851 2.1515 2.1616 2.9708 2.5035 1.9603 215.8902 3.5343 215.8902 3.2306 215.8902 11.3565 2.9011 215.8902 215.8902 2.2142 9.3127 2.1315 2.6296 1.9521 2.1616 2.8154 2.0197 2.1616 2.1719 2.3924 1.9439 1.4223 1.0522 0.7662 1.1197 0.6347 1.1746 1.2144 2.5964 0.7685 1.3322 0.6016 0.6834 1.2813 0.5021 0.4885 0.7174 215.8902 18.6931 1.3364 0.0000 0.8597 0.5624 4.9166 7.5469 6.0539 5.1962 215.8902 215.8902 1.4770 1.8017 1.5508 1.4386 1.3620 3.4940 215.8902 215.8902 1.7284 2.7951 215.8902 3.3809 2.6212 215.8902 6.7176 7.9651 2.0374 2.6129 5.7339 215.8902 3.2463 2.3170 1.9279 2.1928 1.8814 2.3414 1.8966 2.1216 1.9359 2.0739 2.2034 2.1928 1.7744 1.6082 2.8681 1.5804 2.0374 1.8263 1.3884 1.2292 1.7188 1.8017 1.6663 1.4624 1.5273 2.0110 2.0023 1.6281 1.6544 1.5018 1.7880 2.1823 1.7156 1.7093 1.4721 3.3456 2.2699 3.5762 215.8902 2.8790 2.0110 3.0992 2.7272 2.9470 3.9755 2.3414 3.3631 2.2472 2.7366 3.1412 2.9708 2.2142 2.2931 1.8157 3.0459 3.0992 2.3109 2.3539 18.6931 3.1270 3.1555 1.8890 15.7893 215.8902 1.7478 1.7778 2.1771 2.0833 2.2699 1.6724 2.5335 1.8776 215.8902 7.5469 7.5469 215.8902 13.4767 2.9952 1.9005 2.5803 2.0374 215.8902 7.1683 3.3114 10.6010 1.6253 1.4481 1.5170 215.8902 1.4819 215.8902 1.7544 1.8443 1.5642 1.3707 6.6136 1.5119 1.4433 215.8902 215.8902 215.8902 215.8902 215.8902 215.8902 215.8902 215.8902 215.8902 1.3115
112 2.4962 2.8790 2.7752 1.8890 1.6485 1.8157 2.1719 2.0197 2.1167 2.5184 1.8017 2.3666 2.3859 2.2699 2.9708 2.4325 2.4463 2.1981 2.0647 2.8790 2.1823 2.6639 2.3477 2.7179 1.4624 1.8263 1.9279 1.6195 1.9121 1.8443 1.7544 1.7252 2.0927 1.7478 1.7811 2.1167 2.0509 2.1414 1.7220 1.8017 1.9044 1.8590 1.7252 1.6397 2.4463 2.1315 2.2034 9.5089 2.9952 215.8902 215.8902 215.8902 215.8902 215.8902 215.8902 215.8902 215.8902 215.8902 215.8902 215.8902 2.4603 215.8902 2.1515 2.2250 2.2472 1.5273 2.3794 2.4325 2.0241 2.0419 2.2250 215.8902 215.8902 215.8902 215.8902 215.8902 2.3477 2.3414 1.7610 2.9011 2.2472 2.1216 2.3924 2.4603 2.2472 2.1119 2.4889 3.2784 3.0722 2.4325 2.3291 1.8890 0.8522 1.1097 0.7594 1.0368 0.7572 1.1164 1.0247 9.5089 0.9168 1.0710 0.0151 0.8202 0.9009 0.6367 0.7003 0.7088 215.8902 2.9011 1.0869 0.8597 0.0000 1.1164 5.1962 8.4277 5.8891 2.0110 215.8902 215.8902 1.7220 1.9769 1.4918 1.5273 1.3449 2.5411 7.2904 1.9200 1.5403 5.1962 12.8142 3.1849 2.5184 6.9357 2.5035 9.7121 2.3666 2.9124 5.5876 7.2904 2.8154 1.7880 1.8299 2.4325 1.8017 1.6253 1.8966 1.7610 1.8407 1.8299 1.6485 1.8087 1.9121 1.6724 1.8890 1.4363 2.1823 1.7031 1.3034 1.3534 1.3707 1.3707 1.4386 1.6784 1.9439 2.2472 2.1719 1.5119 1.4481 1.4819 1.4154 1.9895 1.8299 1.5750 1.3620 215.8902 2.4325 2.5803 215.8902 215.8902 1.8664 3.3989 215.8902 8.7634 215.8902 215.8902 215.8902 1.6845 2.3291 12.8142 7.6817 1.9938 215.8902 1.9439 215.8902 2.5184 4.4980 1.8299 215.8902 2.6296 2.2250 1.9521 21.0371 3.3809 1.8087 1.6968 2.1719 2.1022 1.8157 1.7948 1.9521 1.8890 215.8902 12.8142 16.6842 2.7179 215.8902 13.1393 2.4325 2.3291 2.1022 215.8902 2.9830 2.4190 215.8902 1.2444 1.2070 1.2993 215.8902 1.2773 6.1401 1.3599 1.4386 1.0837 1.2636 6.9357 1.3664 1.3054 13.8269 8.1141 215.8902 215.8902 215.8902 215.8902 7.4165 6.6136 215.8902 0.9236
113 215.8902 215.8902 215.8902 4.3403 215.8902 2.4745 215.8902 2.5566 215.8902 215.8902 1.2520 215.8902 215.8902 7.8210 5.0798 215.8902 215.8902 215.8902 215.8902 1.6845 2.1119 215.8902 215.8902 215.8902 1.1399 215.8902 215.8902 1.3620 215.8902 2.0647 215.8902 215.8902 2.4463 215.8902 1.9769 215.8902 1.7478 215.8902 215.8902 4.1301 1.8299 2.6296 2.2142 215.8902 215.8902 1.2873 215.8902 215.8902 215.8902 215.8902 215.8902 215.8902 215.8902 215.8902 215.8902 215.8902 215.8902 215.8902 215.8902 215.8902 215.8902 215.8902 215.8902 215.8902 215.8902 215.8902 215.8902 215.8902 215.8902 4.7185 215.8902 215.8902 215.8902 215.8902 215.8902 215.8902 215.8902 215.8902 215.8902 215.8902 215.8902 215.8902 215.8902 215.8902 215.8902 215.8902 215.8902 215.8902 215.8902 215.8902 215.8902 215.8902 2.0739 1.3013 0.9195 1.7948 0.5624 1.2406 2.2034 215.8902 0.9636 1.7610 0.7174 0.6112 1.6138 0.3105 0.2967 0.4701 215.8902 215.8902 1.2144 0.5624 1.1164 0.0000 215.8902 215.8902 215.8902 215.8902 215.8902 215.8902 1.3620 1.4293 0.8324 1.4177 2.2814 215.8902 215.8902 215.8902 1.6368 215.8902 215.8902 215.8902 215.8902 215.8902 215.8902 215.8902 215.8902 215.8902 215.8902 215.8902 215.8902 215.8902 215.8902 215.8902 215.8902 2.6296 215.8902 215.8902 215.8902 215.8902 215.8902 215.8902 1.4457 215.8902 215.8902 1.2406 2.7557 215.8902 1.5642 0.7174 1.0507 215.8902 215.8902 215.8902 3.6419 215.8902 215.8902 3.3456 1.4968 215.8902 1.2070 215.8902 215.8902 0.8472 1.0934 215.8902 215.8902 215.8902 215.8902 215.8902 215.8902 215.8902 215.8902 215.8902 215.8902 215.8902 215.8902 215.8902 215.8902 215.8902 215.8902 215.8902 215.8902 215.8902 215.8902 215.8902 215.8902 215.8902 215.8902 215.8902 215.8902 215.8902 215.8902 215.8902 215.8902 215.8902 215.8902 215.8902 215.8902 215.8902 215.8902 215.8902 215.8902 215.8902 215.8902 215.8902 215.8902 215.8902 215.8902 215.8902 215.8902 8.5927 2.0197 215.8902 215.8902 1.5273 0.9806 1.5273 215.8902 1.3449 215.8902 1.2033 215.8902 1.0678 1.0368 215.8902 0.8324 1.3620 215.8902 215.8902 215.8902 215.8902 215.8902 215.8902 215.8902 215.8902 215.8902 0.6151
114 2.2142 1.8516 4.1632 2.2528 1.8890 1.8928 1.6693 2.3924 2.2088 2.3170 2.1515 1.9769 1.6310 2.0374 215.8902 2.0374 2.0647 2.1928 2.5803 2.1616 2.1022 1.9005 1.8407 1.9811 2.1414 2.3414 2.0739 1.7610 2.3170 1.4819 2.1771 2.1981 2.1364 2.0786 1.5482 2.1265 2.4190 1.9359 2.4463 2.7654 2.3291 2.4325 2.5488 2.2196 2.5566 2.0555 3.2463 1.9439 2.0285 1.9561 1.4316 1.4993 1.5914 1.9727 2.0555 2.4745 1.9853 1.8192 2.5566 2.7951 1.5887 2.3230 2.1022 2.3230 2.2756 1.8228 1.9359 2.8361 2.0601 2.2472 2.1823 215.8902 2.3291 2.1364 1.5299 1.2033 1.8776 1.7511 1.9769 2.4394 1.8739 1.6054 2.1928 2.1928 2.6727 1.9399 1.9399 2.5803 2.1167 1.5615 2.0285 1.5018 215.8902 2.5335 215.8902 6.8249 2.1719 2.5803 5.3193 1.9121 215.8902 2.4745 215.8902 4.0353 8.5927 3.6419 215.8902 5.1372 1.0098 2.0023 2.6996 4.9166 5.1962 215.8902 0.0000 0.7003 0.6669 0.7371 0.7777 215.8902 8.2682 215.8902 215.8902 215.8902 215.8902 1.5804 1.5535 1.4576 2.5259 1.5273 1.2993 1.4868 1.4200 1.3239 1.3839 1.4576 1.6253 1.4293 1.5068 1.6845 1.3239 1.7845 3.1130 2.1719 2.1823 2.2196 1.9644 1.9727 1.7316 2.3730 1.4968 1.9853 1.7220 1.5170 1.5068 1.8228 1.6724 1.8590 1.6663 2.0110 1.9644 2.1616 1.9769 2.0786 2.0023 2.1216 2.0464 1.6663 2.1167 2.2361 1.9044 1.9161 1.6253 1.7031 1.8664 2.5723 2.4673 3.0992 2.4325 2.3109 2.9238 215.8902 3.3114 3.7600 3.0459 2.1667 3.0722 3.1701 2.2585 2.3602 2.3353 3.1701 2.2472 215.8902 3.1270 2.3291 2.3924 2.6816 2.8361 2.5035 2.8573 1.9853 3.0722 2.4325 2.2814 215.8902 2.2585 215.8902 2.4190 3.6419 7.0501 2.1216 2.2416 2.2699 2.3794 2.6212 4.0353 2.2931 215.8902 215.8902 2.5964 2.7557 2.8573 2.0464 3.1849 215.8902 1.2520 1.5482 1.4200 1.7348 1.7188 1.5832 1.5196 1.5247 1.6784 1.8664 1.5508 1.6310 1.5750 1.7093 1.9319 1.6544 1.4648 1.6515 1.7156 1.6339 1.7880 2.2361
115 2.0464 2.2196 2.3666 2.0739 2.4463 2.0023 2.2142 2.1823 1.8590 2.5644 2.0739 2.2416 1.8928 2.3291 7.2904 2.4190 2.4889 2.3539 1.9853 2.2756 2.3050 2.0110 1.7778 1.9685 1.8087 2.1981 1.6784 1.9121 2.2361 2.2699 1.9044 2.4325 2.0285 1.7880 1.9769 2.0647 1.9727 2.1823 2.5259 3.0992 1.9644 2.2361 2.2931 2.1216 2.7851 1.8590 2.3730 2.3291 2.2034 2.4463 2.2142 2.4673 2.1022 2.0110 2.1464 2.3859 2.2142 2.0197 2.1022 2.2528 2.4122 2.6466 1.9895 2.5488 2.0110 1.8966 1.9279 2.4056 2.5964 2.2699 1.8371 215.8902 2.2814 2.6639 2.2642 2.3050 2.5035 2.1216 2.8257 1.9359 2.0509 2.1364 2.0509 1.9279 2.4056 2.3794 2.4056 2.6816 215.8902 2.3291 2.0110 1.9521 53.5945 7.6817 4.6269 11.3565 2.9952 6.6136 215.8902 1.7948 215.8902 215.8902 215.8902 2.3794 12.5008 215.8902 5.1372 6.3208 1.1746 1.8228 215.8902 7.5469 8.4277 215.8902 0.7003 0.0000 0.3937 0.6170 1.0277 215.8902 215.8902 215.8902 215.8902 215.8902 215.8902 1.4918 1.4339 1.3839 215.8902 1.4270 1.3664 1.4433 1.3839 1.2520 1.2107 1.3534 1.6138 1.8590 1.3751 1.5351 1.2520 2.2250 2.9354 2.3990 2.2990 2.5335 2.3477 2.1981 2.3050 2.2088 1.3685 1.7643 1.7478 1.4481 1.6907 1.6195 1.5535 1.8890 1.3177 1.9603 1.9603 1.9561 1.7093 1.7610 1.8407 1.8087 1.8928 1.7744 2.0786 1.7744 1.9359 1.6456 1.4528 1.5750 1.7093 2.4190 2.9470 3.3456 2.5488 2.5803 2.2990 4.8651 2.9011 2.8790 3.3284 2.8154 3.3456 2.9354 2.2814 2.2034 2.2699 3.0992 2.3477 5.3835 2.8466 2.7851 2.7366 2.8154 2.8361 2.6639 2.1464 2.1565 2.4325 3.3631 7.0501 2.4962 2.1167 215.8902 2.7951 4.4571 7.6817 2.2814 2.9952 3.3809 3.4940 2.3990 2.3602 3.6878 3.1555 2.0786 2.7951 2.1119 2.3666 2.0739 2.4190 2.1414 1.5018 1.6138 1.7511 1.6663 1.7610 1.4552 1.7983 1.6397 1.8966 1.9439 1.6138 1.7478 1.4200 1.5914 1.6604 1.6224 1.4893 1.6138 1.5482 1.5273 1.8590 3.5343
116 2.4056 2.1515 3.2784 2.2142 2.1515 1.8627 2.2642 1.8590 2.2699 2.4962 2.3602 2.2250 1.8890 2.5644 7.5469 2.0647 2.7179 2.2585 2.8154 2.3050 2.1515 1.9005 2.0330 1.7348 1.7948 2.0555 2.0419 2.3539 2.3353 2.1981 2.2250 2.4673 2.1667 2.0693 2.1022 2.2642 2.2196 2.0833 2.6639 3.4940 1.9603 2.2814 2.2990 1.9644 2.6129 2.0285 2.3730 2.3990 2.2642 2.5035 2.2699 2.5035 2.1875 2.0110 2.4056 2.6046 2.3050 2.1515 2.1616 2.3050 2.9238 2.4394 1.9769 3.0856 2.6296 2.0197 1.6784 2.2250 2.0330 2.3730 1.8480 215.8902 2.1414 2.3924 2.3050 2.1515 2.4056 2.0880 3.0076 1.8890 2.2305 2.6296 2.4889 1.6604 3.0202 2.1981 2.5411 1.9200 2.2196 1.8852 2.0601 2.1771 215.8902 2.8361 215.8902 2.0927 215.8902 215.8902 215.8902 1.8192 215.8902 7.1683 215.8902 215.8902 1.8443 4.9695 215.8902 215.8902 1.2330 1.8443 215.8902 6.0539 5.8891 215.8902 0.6669 0.3937 0.0000 0.6327 1.0368 215.8902 215.8902 215.8902 215.8902 215.8902 215.8902 1.3839 1.3074 1.4200 215.8902 1.4481 1.3239 1.4293 1.5018 1.2953 1.3534 1.4624 1.5588 1.3707 1.3239 1.5119 1.2873 2.6727 2.8681 2.1719 2.2088 3.9466 1.6724 2.3666 2.2034 2.4533 1.2444 1.6253 1.7948 1.4063 1.3729 1.6876 1.3884 1.7811 1.5723 2.2250 1.6224 1.6754 1.7445 1.6082 1.6082 1.6999 1.7284 1.5247 1.9279 1.6663 1.8371 1.7220 1.3861 1.5970 1.6845 2.5035 3.1555 3.6646 3.2151 2.7461 2.2756 3.9755 2.8361 2.4257 3.4743 3.1270 2.9470 2.3477 3.3809 3.0992 2.8900 3.3809 2.3414 3.2784 2.7461 2.2756 2.9238 3.0202 3.4940 2.8466 2.5184 3.8107 2.5488 3.8367 2.1414 2.4190 3.0459 14.1905 2.2361 19.8196 215.8902 2.4056 3.5551 3.7114 3.3989 2.8361 2.8154 3.7114 2.5035 2.3924 2.9124 2.3666 2.5644 3.6878 2.7461 1.9239 1.3685 1.5723 1.5750 1.6368 1.7348 1.4200 1.6339 1.4697 2.1719 1.9769 1.6968 1.6724 1.6907 1.7677 1.8017 1.6368 1.4200 1.6082 1.6845 1.6784 1.7348 3.6878
117 2.3414 2.0647 3.2784 1.8122 2.5335 2.5488 2.3730 2.1928 2.2931 2.3170 2.4673 2.1022 2.3539 2.3291 1.9853 2.2305 2.2250 1.6663 2.1515 2.3666 2.0197 2.3050 1.7677 2.2361 2.0975 2.2196 1.6876 1.9769 2.1565 2.2756 2.2416 2.7179 1.9319 2.1414 1.9279 2.4122 2.0509 1.9603 2.2990 2.8257 1.9561 2.8257 2.0739 2.6996 2.3230 1.9044 2.2142 2.2142 2.1515 2.3291 2.3414 2.2931 2.2416 2.1719 2.3539 2.1464 2.4257 2.4533 2.2361 2.3924 2.0786 2.1616 2.1719 2.3666 2.1022 1.5914 1.9319 2.3170 1.8664 2.0197 2.1464 215.8902 2.2814 2.0975 2.2699 2.3477 2.2142 1.8299 2.4533 2.0833 2.2305 1.9644 2.3666 2.4056 2.1022 2.4889 2.5723 2.4190 2.2814 1.5273 2.2361 2.1119 2.1928 2.2034 2.5566 3.9183 7.5469 2.2472 3.2151 1.9938 215.8902 3.7114 6.6136 2.1414 5.7339 6.0539 215.8902 8.9402 1.3751 2.0555 3.9755 5.1962 2.0110 215.8902 0.7371 0.6170 0.6327 0.0000 1.0098 215.8902 2.5644 3.3456 215.8902 3.9466 215.8902 1.2873 1.3115 1.3239 10.1407 1.2813 1.4624 1.3406 1.2675 1.2675 1.1536 1.3136 1.4745 1.3177 1.2993 1.3534 1.2255 2.0067 1.8664 2.2585 1.8299 2.2931 1.8852 1.9439 1.8890 1.8371 1.3861 1.7031 1.8228 1.6876 1.5273 1.7744 1.5119 2.0374 1.5273 1.9521 1.8480 1.9399 1.9044 2.0330 1.8052 2.2142 2.0067 1.5588 2.3414 1.7744 2.0419 1.6876 1.7478 1.7156 1.7093 2.0647 2.3666 2.2931 2.4533 2.5035 3.9183 215.8902 3.1701 2.9238 2.7654 2.7951 2.6212 2.8361 2.0739 2.6296 2.4603 2.4463 2.4889 215.8902 2.4325 2.3291 2.3170 2.5488 2.2585 2.2088 2.7179 2.4463 2.1823 2.7654 2.8154 2.0647 2.5411 215.8902 3.5551 26.9827 9.1232 4.1632 2.6296 2.5411 2.7951 2.6816 2.2756 2.7752 3.8633 2.4056 3.0856 2.7179 2.3050 2.4257 3.3989 2.0241 1.2993 1.4918 1.5221 1.5804 1.6604 1.6397 1.5887 1.7348 2.0601 1.8516 1.7252 1.4943 1.4918 1.6544 1.6907 1.7031 1.5273 1.5119 1.6544 1.6195 1.7156 1.7778
118 215.8902 215.8902 215.8902 1.0247 215.8902 215.8902 215.8902 215.8902 1.3795 215.8902 215.8902 2.4257 215.8902 1.3973 215.8902 1.1746 1.5273 1.2793 1.7156 215.8902 1.4918 1.1297 215.8902 1.4339 1.2444 1.5273 1.0742 1.4918 1.2873 1.1746 1.2873 215.8902 1.1746 215.8902 1.7478 215.8902 1.5696 215.8902 2.4603 215.8902 215.8902 215.8902 6.7176 215.8902 215.8902 1.5273 1.4200 1.2793 1.1032 0.9636 1.1746 1.0647 1.0805 1.0277 0.9980 1.2255 1.0522 1.0742 0.9622 1.3973 0.9182 1.1889 215.8902 215.8902 215.8902 215.8902 215.8902 215.8902 215.8902 215.8902 215.8902 215.8902 1.3406 1.2793 0.5959 0.8226 1.0600 215.8902 1.4481 0.9721 215.8902 1.1297 215.8902 215.8902 215.8902 215.8902 215.8902 215.8902 215.8902 215.8902 215.8902 215.8902 215.8902 215.8902 1.1097 215.8902 215.8902 215.8902 215.8902 1.0009 215.8902 215.8902 215.8902 215.8902 215.8902 215.8902 215.8902 215.8902 0.9806 1.0742 215.8902 215.8902 215.8902 215.8902 0.7777 1.0277 1.0368 1.0098 0.0000 215.8902 215.8902 5.5176 215.8902 215.8902 215.8902 0.8597 1.0584 0.9358 215.8902 0.9062 1.0522 1.0157 0.7174 1.0368 0.9236 0.8597 1.3156 0.9636 0.9806 1.0584 1.0083 215.8902 215.8902 2.8052 1.2520 5.7339 2.9952 1.5273 1.0934 1.3620 1.0805 1.4200 1.1746 0.9636 0.7174 0.8373 0.9636 1.4386 1.0157 1.2444 1.0323 1.4576 1.1746 215.8902 1.0902 1.3620 1.2873 0.9806 0.9821 1.3795 0.9551 1.5832 1.0491 0.9835 0.9995 1.4624 1.3449 1.4918 1.4063 215.8902 215.8902 215.8902 215.8902 215.8902 1.6544 215.8902 215.8902 215.8902 1.6082 1.6082 2.7654 215.8902 215.8902 215.8902 1.6082 1.4819 215.8902 215.8902 3.2948 215.8902 2.9952 215.8902 215.8902 215.8902 215.8902 215.8902 215.8902 215.8902 215.8902 6.7176 215.8902 215.8902 215.8902 1.1164 1.1164 215.8902 1.2181 1.5273 215.8902 215.8902 215.8902 215.8902 1.5273 215.8902 4.3403 215.8902 1.0098 0.8826 0.9062 0.9035 1.0837 1.0647 0.9035 1.1588 0.9195 1.1925 0.8472 1.1588 0.9806 0.9806 0.9806 1.1588 0.8878 0.9636 1.0491 0.8597 1.0647 215.8902
119 215.8902 215.8902 215.8902 215.8902 215.8902 3.2948 215.8902 215.8902 215.8902 215.8902 6.0539 215.8902 215.8902 215.8902 215.8902 215.8902 215.8902 215.8902 215.8902 215.8902 215.8902 215.8902 5.4496 215.8902 215.8902 215.8902 215.8902 215.8902 215.8902 215.8902 215.8902 215.8902 215.8902 1.4721 215.8902 3.4360 215.8902 215.8902 215.8902 215.8902 215.8902 215.8902 215.8902 6.4153 1.9769 215.8902 215.8902 215.8902 215.8902 215.8902 215.8902 215.8902 215.8902 215.8902 215.8902 215.8902 215.8902 215.8902 215.8902 215.8902 215.8902 215.8902 215.8902 215.8902 215.8902 215.8902 215.8902 215.8902 215.8902 215.8902 215.8902 215.8902 215.8902 215.8902 215.8902 215.8902 215.8902 215.8902 215.8902 215.8902 215.8902 215.8902 215.8902 215.8902 215.8902 215.8902 215.8902 215.8902 215.8902 215.8902 1.5119 215.8902 2.1616 215.8902 2.5644 1.7093 1.4673 215.8902 215.8902 215.8902 1.6663 215.8902 215.8902 5.4496 2.6296 8.5927 1.7284 2.1515 215.8902 215.8902 215.8902 215.8902 215.8902 215.8902 215.8902 215.8902 215.8902 215.8902 215.8902 0.0000 215.8902 1.5482 215.8902 215.8902 1.9044 215.8902 215.8902 215.8902 5.4496 215.8902 215.8902 215.8902 215.8902 215.8902 215.8902 215.8902 215.8902 215.8902 215.8902 215.8902 215.8902 215.8902 215.8902 215.8902 215.8902 215.8902 215.8902 215.8902 215.8902 215.8902 215.8902 1.5696 215.8902 2.3414 215.8902 2.6296 215.8902 4.3403 215.8902 1.7062 1.9769 215.8902 215.8902 1.2873 1.8263 215.8902 215.8902 2.2142 215.8902 215.8902 1.9769 215.8902 215.8902 215.8902 215.8902 215.8902 215.8902 215.8902 215.8902 215.8902 215.8902 215.8902 215.8902 215.8902 215.8902 215.8902 215.8902 215.8902 215.8902 215.8902 215.8902 215.8902 215.8902 215.8902 215.8902 215.8902 215.8902 215.8902 215.8902 215.8902 215.8902 215.8902 215.8902 215.8902 215.8902 215.8902 215.8902 215.8902 215.8902 215.8902 3.8633 215.8902 215.8902 215.8902 215.8902 215.8902 215.8902 215.8902 215.8902 215.8902 215.8902 215.8902 215.8902 215.8902 215.8902 1.6633 1.5273 215.8902 215.8902 215.8902 215.8902 215.8902 215.8902 215.8902 215.8902 215.8902 215.8902 1.9279 215.8902 215.8902 215.8902 215.8902 215.8902 215.8902 215.8902 215.8902 215.8902 1.7478
120 2.6996 2.8154 3.9466 2.6816 1.9685 1.9121 2.3666 2.4325 2.1616 3.4940 2.2585 2.4190 3.6196 2.8052 3.0722 2.9470 3.0330 2.4745 215.8902 3.7114 2.6816 2.6212 2.6996 2.6727 1.7610 1.9521 1.7544 1.4339 1.7744 1.7744 1.5068 1.9399 1.6845 1.6253 1.4770 1.9399 1.7677 1.6968 1.4386 1.4819 1.4528 1.7610 1.6485 1.3664 1.6110 1.4721 2.0833 215.8902 2.8361 12.8142 215.8902 215.8902 30.7403 4.8150 8.5927 13.4767 5.0798 4.8651 215.8902 2.1515 2.9708 215.8902 2.2873 2.6212 2.9470 1.6968 2.9830 2.2756 2.4394 2.7557 2.5035 215.8902 2.5964 215.8902 215.8902 6.4153 215.8902 2.5184 3.6419 16.6842 1.7413 5.7339 2.3666 2.9589 1.9603 2.6212 2.1216 2.4889 2.9830 2.0023 2.1216 2.1823 1.7413 1.7544 1.5351 1.9685 1.5859 1.5696 1.5914 215.8902 1.8299 1.6026 1.4624 1.9359 1.6907 1.5535 1.5970 1.4918 215.8902 2.9708 1.5942 1.4770 1.7220 1.3620 8.2682 215.8902 215.8902 2.5644 215.8902 215.8902 0.0000 0.8082 0.4801 0.5177 1.0837 2.9470 9.7121 215.8902 1.5068 2.7179 215.8902 3.0992 215.8902 215.8902 215.8902 2.5964 14.1905 215.8902 215.8902 3.2948 2.4533 2.0374 1.7677 1.9279 1.8192 1.7948 2.1515 1.6663 2.0153 2.0739 1.4844 1.7610 1.2933 1.7413 2.0833 1.6397 1.5859 1.6167 1.5429 1.3534 1.5615 1.9200 1.5144 1.5832 1.5914 1.5535 1.5325 1.6784 1.5482 1.4223 1.6544 1.5482 1.5535 1.6515 1.7445 2.1719 2.4190 2.7179 6.7176 215.8902 1.9200 2.3109 2.6816 3.1849 215.8902 2.3291 2.3794 4.1301 5.9702 2.6296 2.3794 4.9695 2.5335 2.0067 2.1875 3.1555 3.2306 2.4122 2.2472 2.4190 215.8902 215.8902 7.2904 4.7661 1.9727 1.5804 1.9811 2.2196 3.0589 1.6604 2.6296 2.0739 4.1632 215.8902 215.8902 215.8902 215.8902 5.5876 1.9005 2.0927 2.3353 215.8902 2.4603 2.2472 215.8902 1.5615 1.4624 1.5068 215.8902 1.9200 3.4173 1.9121 2.0647 1.6082 1.7948 6.1401 1.7031 1.7610 215.8902 215.8902 215.8902 215.8902 11.3565 215.8902 215.8902 215.8902 215.8902 1.6845
121 3.3989 2.1315 2.0927 5.0798 1.6724 2.2873 215.8902 2.6727 5.7339 2.7461 2.5644 2.7951 5.6597 215.8902 2.2814 2.5883 6.2291 2.8573 215.8902 215.8902 11.3565 215.8902 4.0353 215.8902 3.6646 2.2873 2.9952 2.4394 2.5644 2.4463 2.4056 18.1616 2.2472 2.6129 2.5109 3.1130 3.0330 2.4463 2.2472 2.2361 3.1555 2.4673 4.6269 2.2472 3.6196 2.4190 2.8466 215.8902 215.8902 215.8902 215.8902 215.8902 215.8902 215.8902 215.8902 215.8902 215.8902 215.8902 215.8902 215.8902 215.8902 215.8902 215.8902 215.8902 215.8902 215.8902 215.8902 215.8902 215.8902 215.8902 1.7316 215.8902 215.8902 215.8902 215.8902 215.8902 215.8902 215.8902 215.8902 215.8902 215.8902 215.8902 215.8902 215.8902 215.8902 215.8902 215.8902 215.8902 215.8902 215.8902 215.8902 2.3859 2.4463 2.1823 2.0833 2.6296 2.0786 1.4721 1.8966 7.4165 2.4257 2.0509 215.8902 2.3859 2.0023 2.2088 1.9279 2.0197 215.8902 4.0353 215.8902 1.8017 1.9769 1.4293 215.8902 215.8902 215.8902 3.3456 5.5176 1.5482 0.8082 0.0000 0.8878 1.0157 2.1823 215.8902 215.8902 215.8902 1.8443 215.8902 215.8902 215.8902 215.8902 215.8902 215.8902 215.8902 215.8902 215.8902 215.8902 215.8902 215.8902 215.8902 215.8902 5.5876 215.8902 2.7366 215.8902 215.8902 215.8902 215.8902 215.8902 2.2699 215.8902 2.3924 215.8902 2.3794 3.7851 3.0856 2.2250 2.5184 2.3170 215.8902 215.8902 2.9238 3.3284 215.8902 215.8902 2.4603 1.7744 2.1515 2.6996 215.8902 215.8902 215.8902 2.3539 215.8902 215.8902 215.8902 6.9357 215.8902 215.8902 215.8902 215.8902 215.8902 215.8902 215.8902 215.8902 215.8902 215.8902 215.8902 215.8902 215.8902 215.8902 215.8902 215.8902 215.8902 215.8902 215.8902 215.8902 215.8902 215.8902 215.8902 215.8902 215.8902 215.8902 215.8902 4.7185 4.5829 215.8902 215.8902 215.8902 215.8902 215.8902 215.8902 215.8902 215.8902 215.8902 215.8902 215.8902 215.8902 3.9466 215.8902 215.8902 5.9702 215.8902 1.9480 1.9980 1.8664 4.0353 1.5119 215.8902 1.4481 215.8902 1.9044 1.6724 215.8902 1.9853 2.5803 215.8902 5.1372 5.5876 215.8902 12.1988 215.8902 215.8902 215.8902 215.8902 2.3602
122 1.4721 2.9354 2.7179 2.0153 1.4410 1.7914 2.3353 1.8664 1.8371 2.5035 1.8516 2.3666 2.2814 2.2585 4.7185 2.4745 2.4816 2.0693 215.8902 2.4122 2.0374 2.0975 2.6212 2.2250 1.4433 1.7478 1.4697 1.2913 1.7413 1.5942 1.5696 1.5273 1.6693 1.4624 1.4600 1.7511 1.4433 1.4552 1.3664 1.4132 1.4316 1.6138 1.5170 1.3751 1.5723 1.2617 1.9359 215.8902 215.8902 215.8902 215.8902 215.8902 215.8902 215.8902 15.7893 4.4980 215.8902 215.8902 215.8902 215.8902 215.8902 215.8902 2.5644 2.2756 2.0739 1.9359 2.3539 2.3414 1.7093 2.3170 2.6466 215.8902 2.6996 215.8902 215.8902 215.8902 215.8902 1.9439 215.8902 215.8902 2.0241 215.8902 2.5335 2.0374 1.9561 2.3050 1.9895 2.5488 2.7951 2.0880 2.6639 1.9853 1.7511 1.7348 1.5455 1.8890 1.5777 1.5273 1.5429 2.1265 1.5351 1.6907 1.2833 1.7948 1.5914 1.4154 1.4576 1.4697 215.8902 2.9830 1.3928 1.5508 1.4918 0.8324 215.8902 215.8902 215.8902 215.8902 215.8902 215.8902 0.4801 0.8878 0.0000 0.4343 0.9608 215.8902 215.8902 215.8902 1.3449 215.8902 215.8902 215.8902 215.8902 215.8902 215.8902 2.5566 215.8902 215.8902 215.8902 215.8902 215.8902 1.6845 1.7610 1.8443 1.9399 2.1928 1.9603 2.1315 1.6253 2.9011 1.3599 1.5970 1.3884 1.6426 1.5970 1.1502 1.5018 1.3928 1.1997 1.3449 1.3577 1.6310 1.4086 1.5247 1.8553 1.6368 1.4576 1.6633 1.5429 1.3197 1.6339 1.4018 1.4316 1.5170 1.5043 215.8902 2.3990 2.4463 215.8902 215.8902 1.6281 2.5723 2.6996 2.9238 2.1216 2.8573 2.7179 215.8902 4.3403 2.3291 2.2990 2.1364 2.8466 2.3291 4.6269 2.2814 3.6646 215.8902 1.9399 2.0833 215.8902 215.8902 215.8902 4.4172 1.5221 1.6195 1.8590 2.1022 2.5259 1.8516 2.3109 2.0285 215.8902 215.8902 215.8902 215.8902 215.8902 215.8902 2.1565 215.8902 2.7752 8.9402 5.1962 3.7851 215.8902 1.4177 1.2559 1.4893 215.8902 1.5299 215.8902 1.4770 1.8087 1.3620 1.5914 3.0202 1.5482 1.3795 215.8902 215.8902 215.8902 215.8902 215.8902 215.8902 215.8902 215.8902 215.8902 1.4246
123 2.6296 4.1632 3.0992 2.3539 1.6368 1.9603 2.1928 1.9161 2.0464 2.6381 2.1928 2.0739 2.8790 215.8902 2.4257 215.8902 9.7121 2.6552 215.8902 2.7752 2.4257 2.3050 3.3989 215.8902 1.5299 1.7948 1.5777 1.6138 1.5970 1.7093 1.8299 1.5723 1.6784 1.5119 1.5696 1.6485 1.6054 1.6426 1.6195 1.8480 1.7983 1.5804 1.8192 1.6426 1.9044 1.6397 2.2756 11.0955 4.0353 2.7557 215.8902 2.0153 215.8902 215.8902 2.3414 15.7893 2.4463 2.4463 215.8902 215.8902 11.9077 215.8902 2.8573 2.3924 2.5964 2.3859 2.3666 2.2305 2.6296 2.7179 2.3050 215.8902 5.1372 3.8633 215.8902 215.8902 215.8902 4.4980 215.8902 14.9598 215.8902 7.0501 2.0197 2.3170 2.1928 2.3291 3.2948 2.1022 7.8210 2.3414 2.0927 2.1515 2.0241 1.7348 1.6968 2.2034 1.5859 1.7156 1.7348 215.8902 1.8443 1.6368 1.2953 1.9644 2.1928 1.7413 1.5723 1.8814 215.8902 9.3127 1.4433 1.4386 1.5273 1.4177 215.8902 215.8902 215.8902 3.9466 215.8902 215.8902 0.5177 1.0157 0.4343 0.0000 1.2033 215.8902 215.8902 215.8902 1.9980 215.8902 215.8902 5.9702 3.9183 4.3032 215.8902 2.9830 5.8891 215.8902 215.8902 215.8902 12.8142 2.3794 1.9359 1.7610 2.1928 2.1364 1.6784 2.1565 1.9439 2.6212 1.6907 2.1414 1.3839 2.1119 2.0555 1.7744 1.9561 1.5859 1.6368 1.9603 1.8739 1.6253 1.4293 2.1719 2.1515 1.6026 1.7744 1.7413 1.7284 1.5068 1.9811 215.8902 1.5804 1.5642 1.8228 215.8902 1.9938 2.0464 2.0647 215.8902 1.4433 5.3835 6.4153 6.2291 215.8902 215.8902 215.8902 215.8902 215.8902 215.8902 5.0239 215.8902 215.8902 215.8902 215.8902 2.3924 3.3989 215.8902 215.8902 215.8902 215.8902 215.8902 215.8902 215.8902 215.8902 1.3620 215.8902 215.8902 215.8902 1.6082 215.8902 2.1667 3.4550 215.8902 215.8902 215.8902 215.8902 215.8902 215.8902 215.8902 215.8902 215.8902 215.8902 215.8902 215.8902 1.5588 1.6310 1.5696 3.1130 1.6485 215.8902 1.5429 2.2250 1.4528 1.5144 215.8902 1.5119 1.9938 215.8902 2.7179 215.8902 215.8902 215.8902 215.8902 215.8902 215.8902 215.8902 1.8017
124 2.9011 9.7121 3.3456 2.4889 2.0285 2.3050 3.6196 2.1216 2.1515 2.8154 2.4603 2.6996 2.4190 2.7752 2.8790 3.0722 2.7951 2.9952 215.8902 2.3414 3.5140 3.0459 2.5488 2.3414 1.6515 1.4819 1.7544 1.5696 1.9811 2.1216 1.8664 1.8443 1.8664 1.6907 1.7744 1.9853 1.9121 1.9853 1.7220 1.8228 2.0464 1.7914 1.7610 1.8590 1.9521 1.8516 2.2250 2.2699 215.8902 215.8902 215.8902 2.2990 3.7114 215.8902 6.0539 2.6046 215.8902 215.8902 215.8902 215.8902 4.3783 215.8902 2.4190 3.2151 2.0153 3.3284 2.2416 3.4360 2.3109 2.8154 2.8573 215.8902 7.8210 215.8902 215.8902 2.7179 2.4463 1.7093 215.8902 215.8902 1.9082 2.5488 2.9354 2.8466 2.3602 2.6466 1.9727 2.3291 2.5335 2.4325 2.2642 1.9121 1.9439 1.6195 1.4200 2.0110 1.6138 1.7093 1.5068 215.8902 1.8157 1.7156 1.0647 1.8814 1.7380 1.6693 1.7677 1.8516 215.8902 3.6196 1.5170 1.3620 1.3449 2.2814 215.8902 215.8902 215.8902 215.8902 215.8902 1.9044 1.0837 2.1823 0.9608 1.2033 0.0000 215.8902 215.8902 215.8902 1.6693 6.3208 215.8902 215.8902 215.8902 215.8902 215.8902 215.8902 215.8902 215.8902 215.8902 215.8902 215.8902 2.8257 2.2034 2.2873 1.8017 2.1216 2.0927 1.5859 1.7811 2.0374 1.6485 1.6426 1.4200 1.7156 1.5750 1.6663 1.5642 1.8443 1.8017 1.6544 1.5170 1.4063 1.4293 1.6426 2.0285 1.5018 1.6138 1.9853 1.3364 1.8966 1.7577 1.9161 1.3034 1.4363 1.7677 215.8902 3.2151 2.2250 215.8902 2.8361 2.2305 9.5089 8.2682 2.6381 215.8902 215.8902 215.8902 215.8902 215.8902 215.8902 2.0927 3.4550 9.9226 3.5762 215.8902 21.0371 3.1555 215.8902 215.8902 215.8902 215.8902 215.8902 16.6842 215.8902 2.2756 2.1414 215.8902 2.1216 2.9124 2.1616 2.4962 215.8902 4.2669 3.0722 3.2622 13.4767 215.8902 2.8257 2.6639 2.9238 2.5566 43.2522 215.8902 215.8902 215.8902 1.3839 1.1997 1.5170 215.8902 1.9044 215.8902 1.6815 1.7478 1.3197 1.7811 215.8902 1.6485 1.7031 215.8902 215.8902 215.8902 215.8902 215.8902 215.8902 215.8902 215.8902 215.8902 1.5221
125 2.7654 2.4463 2.8900 2.5566 2.6296 2.3230 2.5566 2.6296 2.5488 3.0992 3.0722 2.8257 2.0555 2.6639 215.8902 2.1823 2.4962 2.3794 2.4889 2.5184 2.5803 1.9895 1.7544 2.6727 2.7366 2.6129 2.1928 1.8966 1.5777 2.3230 2.5803 2.7951 2.4962 1.9853 3.8367 2.2472 2.6046 1.9521 2.2990 2.0464 2.0739 2.6212 2.2088 2.0601 3.0992 2.1515 2.0975 2.2699 2.3794 2.2814 2.5488 2.8466 3.0459 2.3924 2.6296 2.3050 2.6129 2.6129 2.2699 2.1315 2.1414 2.5644 2.3230 2.1823 2.4745 1.7744 2.2931 2.1464 2.1464 2.4122 1.9895 215.8902 2.4122 2.3666 2.1823 2.0153 2.7557 2.0464 2.3414 1.8590 2.5035 1.9727 2.1565 2.8573 2.1928 2.7752 2.0110 1.8516 2.8790 1.8664 2.1823 2.1616 2.5964 3.9755 2.7179 215.8902 2.8681 1.9439 2.6639 1.5170 215.8902 3.0589 215.8902 3.0459 2.2088 2.8790 2.5644 2.3230 1.0934 1.6724 4.3032 3.4940 2.5411 215.8902 1.5804 1.4918 1.3839 1.2873 0.8597 215.8902 2.9470 215.8902 215.8902 215.8902 215.8902 0.0000 0.8597 0.4488 2.3477 0.7685 0.6112 0.7800 0.4618 0.7800 0.5038 0.4327 1.0187 0.4496 0.7283 0.8226 0.7393 2.2250 2.8573 2.1167 2.1265 2.5259 1.3115 1.9521 1.9521 1.9200 1.2218 1.4270 1.7511 1.4528 1.2793 1.4154 1.4819 1.9044 1.4918 1.9439 1.7156 1.5696 1.6026 1.4624 1.4673 1.6082 1.7093 1.3177 1.6544 1.9279 1.6544 1.6368 1.2893 1.3973 1.9521 1.9769 2.5964 2.4673 2.2361 2.1719 3.8633 3.5551 2.5184 2.0555 2.3539 3.7114 2.3414 2.5488 3.5551 2.1216 2.7366 1.9769 2.5184 13.4767 2.6129 3.0459 2.0647 2.6639 2.5335 2.5411 2.4190 2.4745 2.3414 3.3989 215.8902 1.9769 2.4056 215.8902 215.8902 3.1270 2.0023 2.3170 2.3414 3.4550 4.3032 3.0330 3.1849 4.1632 215.8902 215.8902 1.6845 2.2756 2.4745 1.9439 2.3794 2.0023 1.1365 1.4246 1.3751 1.4993 1.4968 1.4968 1.5119 1.4993 1.8590 1.4968 1.6724 1.4576 1.6368 1.4673 1.4721 1.6784 1.5914 1.4721 1.4819 1.4819 1.6907 1.9279
126 2.5411 2.2931 1.7744 2.3230 2.3666 2.4962 2.3414 2.4190 2.1167 2.4257 2.8790 1.8966 1.9980 2.0739 215.8902 2.2931 2.5259 2.0197 2.6906 2.1823 2.3353 2.5723 2.1119 2.2528 1.8017 2.1167 1.7811 1.5970 1.7880 1.8017 2.1364 1.9005 1.7983 2.0110 1.8627 1.9895 1.8664 1.8890 1.6253 1.7880 2.0833 1.7643 2.0374 1.7511 1.8814 1.7948 2.0833 2.2361 2.1565 2.2250 2.1119 2.2250 2.2361 2.2873 2.0833 2.0555 2.2361 2.2361 2.1565 2.3414 1.9439 2.3291 2.0693 2.7461 2.1216 1.9561 2.0927 2.2034 2.1667 2.0693 1.9399 215.8902 1.7677 1.8087 1.8443 2.3414 2.5964 2.2416 2.7951 1.7220 1.8890 1.8966 2.0601 2.3730 2.5035 2.4463 1.9439 2.2528 2.3539 2.0927 2.2931 2.2585 215.8902 14.1905 215.8902 215.8902 215.8902 4.0051 215.8902 1.4721 215.8902 4.5829 215.8902 215.8902 215.8902 215.8902 215.8902 9.5089 1.2330 1.6724 215.8902 215.8902 7.2904 215.8902 1.5535 1.4339 1.3074 1.3115 1.0584 215.8902 9.7121 215.8902 215.8902 215.8902 215.8902 0.8597 0.0000 0.6347 215.8902 0.5407 0.6793 0.5734 0.6367 0.4868 0.5442 0.6446 0.8673 0.5959 0.5827 0.4767 0.4919 2.2250 2.0153 2.6466 1.8299 2.0464 1.5942 1.8443 2.3539 1.9980 1.3664 1.4481 1.5068 1.5696 1.4819 1.4410 1.3156 1.4624 1.2144 1.7577 1.5119 1.4697 1.5750 1.5455 1.3928 1.6544 1.5696 1.5696 1.8299 1.6026 1.7914 2.0975 1.1961 1.6815 1.3795 2.1315 2.9708 2.5035 2.4325 2.2142 3.6878 2.4325 1.9769 2.3170 2.2472 2.3794 1.7348 1.7948 2.9952 2.8573 3.1701 2.2585 1.8814 215.8902 2.7087 2.2305 2.2814 2.0197 2.7851 2.6466 2.2756 2.0110 2.0285 2.2699 215.8902 215.8902 2.6727 215.8902 215.8902 2.9011 215.8902 2.0739 2.3050 2.7179 2.7461 2.7461 2.4673 2.6381 215.8902 215.8902 215.8902 2.7951 1.8776 2.4325 2.6466 4.8150 1.0247 1.4246 1.5588 1.4868 1.7348 1.6604 1.5196 1.6026 1.4481 1.5804 1.5196 1.4109 1.6968 1.5535 1.5535 1.8890 1.5482 1.7880 1.7220 1.7220 1.7156 215.8902
127 2.5488 2.3050 2.7557 3.1130 2.3924 1.9980 2.1265 2.6296 2.4056 2.2931 2.4257 1.9161 2.1265 2.3990 215.8902 215.8902 2.1616 2.5644 2.0419 1.9044 2.4673 2.5803 1.8017 2.4122 2.0693 2.1565 1.9200 2.1565 1.6604 1.8052 2.0067 2.0509 2.0285 1.8087 2.0023 2.0647 2.6296 1.6845 1.8852 1.5750 1.9399 1.9439 2.1364 1.9200 2.2699 1.8776 1.7880 2.0927 2.0067 1.8852 1.8480 2.1771 1.8299 2.2142 2.3109 2.0833 2.3414 2.5723 1.8966 1.9685 1.9685 2.0927 2.1565 2.0833 1.9727 2.0419 1.9938 2.1070 1.7677 2.0153 1.8443 215.8902 1.8966 1.7156 2.0067 1.8443 2.2142 1.8299 2.6906 2.1216 2.2472 1.6485 1.8228 2.3414 2.3170 2.0739 1.7845 2.0330 2.0975 1.8017 1.8263 1.6485 215.8902 4.7661 6.6136 215.8902 5.7339 2.2528 3.8633 1.4819 215.8902 2.5488 215.8902 215.8902 2.6381 5.7339 215.8902 7.2904 1.1746 1.5429 215.8902 215.8902 1.9200 215.8902 1.4576 1.3839 1.4200 1.3239 0.9358 215.8902 215.8902 215.8902 215.8902 215.8902 215.8902 0.4488 0.6347 0.0000 2.0786 0.6288 0.3801 0.7371 0.4138 0.6406 0.3303 0.3175 0.8082 0.3831 0.6628 0.6446 0.6209 2.5035 2.8790 2.3794 1.4528 2.0975 1.5455 1.9200 2.1119 1.6907 1.2368 1.4433 1.6604 1.3449 1.1433 1.3197 1.4246 1.3751 1.2695 1.7880 1.6026 1.5750 1.4868 1.4721 1.5273 1.7544 1.7948 1.5068 1.6426 1.6253 1.5068 1.3707 1.1536 1.6815 1.6485 2.3794 2.4190 2.6046 2.1216 2.2699 2.6996 2.5964 2.4056 2.9011 2.3414 2.6996 2.3990 2.4889 2.5723 1.9044 2.2142 2.2250 1.9521 3.7851 2.2931 2.3414 2.8361 3.2463 2.1771 2.7951 2.2250 1.7811 2.2931 2.3924 215.8902 1.9044 2.4122 215.8902 215.8902 2.8573 1.9895 1.9603 1.7348 2.9011 2.9011 3.5343 2.4257 2.8790 215.8902 215.8902 6.2291 2.2931 2.0285 1.8192 2.1616 5.0798 0.9468 1.2144 1.3751 1.4918 1.3707 1.3364 1.6138 1.3534 1.6026 1.4293 1.6663 1.3751 1.5998 1.5642 1.6968 1.6968 1.6026 1.7093 1.4918 1.5804 1.6368 215.8902
128 2.4673 2.4533 2.7851 1.8407 2.1414 2.0285 2.5964 2.2142 2.7366 2.2250 2.1515 2.6129 2.1414 2.0464 2.3291 2.4962 1.7880 2.1515 215.8902 2.3602 2.5411 1.7348 2.9952 2.3170 2.0285 2.2416 2.1022 2.3666 2.1823 2.2472 2.0739 2.2472 1.9895 2.1667 2.1616 2.0197 2.1464 2.2585 2.1414 1.9399 2.2142 1.9853 1.8966 1.9279 2.1216 1.9685 2.6466 3.6419 2.8361 3.0722 2.5803 2.6996 2.8790 5.0798 5.3835 2.3602 2.1616 2.1616 5.5176 2.8573 2.6816 7.8210 2.3170 1.9685 2.7951 2.2196 2.3291 2.2142 2.3050 2.5644 2.0110 215.8902 2.7087 215.8902 9.5089 215.8902 6.1401 2.3666 2.6996 2.5883 1.7348 2.3859 2.2756 2.3990 2.1823 1.9561 1.9769 2.1022 2.3666 1.8516 2.5964 2.3730 1.9239 1.5043 1.7220 2.1565 2.0975 1.3115 1.4386 9.5089 2.1414 1.4673 1.1365 2.3859 1.9239 2.1315 1.9769 1.8263 215.8902 12.1988 1.6368 1.7284 1.5403 1.6368 2.5259 215.8902 215.8902 10.1407 215.8902 5.4496 1.5068 1.8443 1.3449 1.9980 1.6693 2.3477 215.8902 2.0786 0.0000 2.2034 3.8633 2.3170 2.3990 5.7339 2.3170 2.8257 2.3990 7.6817 2.4673 4.1970 3.5343 2.2472 2.6212 2.3414 1.9727 1.7544 2.1565 2.6996 1.8299 2.1823 1.8590 2.1119 2.3414 2.0241 2.2873 2.1414 1.7156 2.0241 1.8852 1.9082 1.9161 1.7948 1.7643 2.1414 2.5335 1.9005 1.8553 1.9685 2.0110 2.0975 2.4603 215.8902 2.2250 2.1022 1.7511 2.1928 215.8902 5.3835 8.4277 7.2904 1.4528 215.8902 215.8902 215.8902 215.8902 215.8902 215.8902 2.3602 215.8902 215.8902 2.3170 2.0833 215.8902 1.8928 215.8902 2.0419 4.9695 215.8902 1.4552 215.8902 4.1301 1.9005 215.8902 29.7440 2.6816 1.5535 2.4122 2.3666 2.3924 1.7220 2.1875 1.7031 2.9238 215.8902 5.1962 215.8902 215.8902 12.1988 2.2472 2.3539 2.2814 215.8902 6.6136 2.2142 215.8902 2.3414 1.8122 1.8299 3.1849 1.8052 215.8902 1.6515 1.8516 1.5588 1.6253 2.7179 1.8443 2.2142 215.8902 6.0539 215.8902 215.8902 215.8902 5.7339 5.1962 215.8902 215.8902 2.0927
129 2.0067 2.0419 5.6597 2.3666 3.0202 2.1414 2.0555 2.6046 1.8852 2.0023 2.2250 2.0975 1.9359 2.1414 5.1372 2.0509 2.0464 2.5109 2.5488 2.0975 2.4394 1.6110 1.6082 1.8516 2.3859 2.0833 1.8590 1.6724 1.6574 2.1771 2.1565 2.2756 1.8814 1.6574 2.3291 2.1928 1.9439 1.9853 1.6195 1.6195 1.8228 1.8739 2.1515 1.6082 2.1823 1.7845 2.3230 2.2305 2.1022 2.3230 1.9727 2.0023 2.1167 2.3794 2.4056 1.8052 2.2416 2.4603 2.0739 2.4673 2.1565 2.3924 2.0927 2.5184 2.3539 1.7062 2.1315 2.1875 1.8928 1.9938 1.9044 215.8902 2.2931 1.7252 2.1022 2.0509 2.1216 2.3730 2.1119 2.0197 1.9200 1.7677 2.2034 1.8701 2.1928 2.3602 1.8590 2.0555 2.2585 1.8516 2.6816 2.1667 2.1119 2.7557 2.1823 1.8480 2.1119 2.1119 3.0722 1.5068 6.8249 3.2948 1.8157 5.9702 2.6129 2.3539 215.8902 2.5184 0.9922 1.5642 215.8902 2.7951 5.1962 215.8902 1.5273 1.4270 1.4481 1.2813 0.9062 215.8902 2.7179 215.8902 215.8902 215.8902 6.3208 0.7685 0.5407 0.6288 2.2034 0.0000 0.7594 0.4902 0.7482 0.5660 0.6406 0.6710 0.9551 0.6074 0.4717 0.5425 0.5515 2.4673 2.5259 2.1719 2.0374 1.9727 1.1997 1.5859 1.7413 2.0601 1.3534 1.4200 1.5068 1.4552 1.3707 1.5535 1.2714 1.5068 1.4293 1.6515 1.3685 1.5535 1.4721 1.5429 1.4721 1.5914 1.5170 1.4410 1.8627 1.6426 1.6845 1.6138 1.3449 1.5429 1.7220 2.0647 2.2250 1.9938 2.3291 2.2416 2.3050 2.1823 2.5335 2.9354 2.2756 3.0856 2.0067 1.8443 2.3050 2.1515 2.3924 2.1216 1.9121 3.1849 2.2034 1.8928 2.2756 2.0110 2.5883 3.6196 2.1667 2.2814 2.7654 3.0459 215.8902 5.0239 2.1464 1.9769 4.3032 2.1719 4.7185 2.2088 2.4463 2.1515 2.4394 2.7654 2.3730 2.4603 215.8902 215.8902 6.8249 2.4603 2.6129 3.1412 2.6381 2.0023 0.8957 1.3491 1.2773 1.2714 1.3773 1.4721 1.3884 1.4624 1.4918 1.3685 1.3861 1.3884 1.4528 1.4968 1.5068 1.6310 1.3322 1.7284 1.5377 1.5247 1.4868 4.4571
130 2.9124 2.5803 7.1683 2.8154 2.2416 2.5184 1.9938 2.6727 2.7461 2.6639 1.9603 1.9980 1.8852 2.1414 215.8902 2.4394 2.4325 2.1315 2.2034 2.6046 2.3414 2.7179 1.8017 2.4122 1.8664 2.9589 1.9439 2.2034 1.7478 2.6296 2.1928 2.3230 2.2034 1.8335 1.9938 1.9561 2.3291 1.8228 2.0693 1.5273 1.8627 1.9521 1.8443 1.9279 2.2142 1.8966 1.9319 2.2250 2.6046 2.0693 2.5566 2.1565 2.1119 2.2088 2.3353 2.2814 2.5109 2.5803 2.1565 2.1167 2.2642 2.0110 2.0374 2.1119 2.5109 4.0662 2.3924 2.0833 1.9044 1.7093 2.0197 215.8902 1.9561 1.8627 2.1771 2.0110 2.1719 2.3050 3.1701 2.4122 2.2873 2.2931 215.8902 2.5644 2.5335 1.6485 2.0739 1.9769 2.0975 2.2585 1.8157 2.3924 7.6817 2.6816 215.8902 215.8902 215.8902 215.8902 215.8902 1.4844 215.8902 4.0051 215.8902 215.8902 215.8902 7.9651 215.8902 215.8902 1.1746 1.3322 215.8902 215.8902 12.8142 215.8902 1.2993 1.3664 1.3239 1.4624 1.0522 215.8902 215.8902 215.8902 215.8902 215.8902 215.8902 0.6112 0.6793 0.3801 3.8633 0.7594 0.0000 0.7174 0.4536 0.6209 0.4091 0.4091 0.6981 0.4651 0.7393 0.7393 0.6209 2.7557 3.5343 2.9238 1.5859 2.2873 1.8739 1.9727 2.5488 1.9811 1.1746 1.2953 1.4154 1.3534 1.2444 1.0902 1.3707 1.2953 1.1817 1.5535 1.5351 1.3928 1.3707 1.3322 1.3620 1.5535 1.5777 1.5094 1.5273 1.3177 1.4246 1.3034 1.2833 1.4943 1.4018 2.0374 2.2416 2.5566 2.3990 1.9200 2.9011 2.3794 2.0285 2.2034 2.2142 2.4463 1.7677 2.2472 2.2814 2.0374 1.9521 2.3050 2.0374 215.8902 2.1265 1.9044 2.3477 2.3990 2.1022 2.1315 2.3477 2.3291 2.5566 2.5644 215.8902 4.7185 2.3794 215.8902 215.8902 4.4571 215.8902 2.0241 2.1616 5.0239 4.1970 2.7179 2.7654 4.3032 215.8902 215.8902 2.0647 2.2814 2.5109 2.0197 2.7951 215.8902 1.0128 1.3973 1.4918 1.6310 1.6426 1.4293 1.6907 1.4576 1.5429 1.7880 1.6968 1.5429 1.8017 1.6663 1.7348 1.6907 1.5068 1.5970 1.6310 1.6426 1.8739 215.8902
131 2.6296 2.4603 5.8103 2.3353 2.9011 2.4325 2.4190 2.8790 2.5488 2.5035 2.5803 2.4257 2.5335 2.5035 12.1988 2.1565 2.6996 2.4325 2.2699 1.7348 2.6296 2.3291 1.8017 2.0693 2.1616 2.2931 1.9685 2.1616 1.8371 2.2931 2.1719 2.5184 1.9044 1.7677 2.2814 2.2250 2.1364 1.7880 1.7478 1.6515 2.0153 1.8371 1.8122 1.8890 2.2196 1.9769 2.3109 3.1849 2.1464 2.5335 2.1616 2.0285 2.7654 2.2990 2.3050 2.1616 2.9470 2.9589 2.2034 2.6129 1.8890 2.7752 2.4056 2.4673 2.2034 2.0927 2.3924 2.2585 2.0833 2.1364 1.8263 215.8902 2.1616 1.7610 2.2528 1.8852 2.8573 2.0555 3.0202 2.2142 2.5411 2.2931 2.2814 2.3859 2.0509 2.2034 2.0975 2.1315 2.8257 1.9769 2.3666 2.2416 2.4463 10.6010 2.1364 215.8902 2.7654 2.6129 2.7366 1.4109 6.6136 2.5803 2.8052 3.9183 2.2931 215.8902 3.9183 2.8466 1.2330 1.7156 215.8902 3.3809 3.1849 215.8902 1.4868 1.4433 1.4293 1.3406 1.0157 215.8902 3.0992 215.8902 215.8902 5.9702 215.8902 0.7800 0.5734 0.7371 2.3170 0.4902 0.7174 0.0000 0.6845 0.6170 0.6793 0.7088 1.0491 0.7045 0.5940 0.5921 0.6016 2.2088 3.1849 2.1414 1.7511 2.0927 1.2714 1.7478 1.8739 2.0241 1.4339 1.5642 1.6026 1.6663 1.3322 1.5043 1.3449 1.6368 1.1835 1.4770 1.4844 1.7062 1.5642 1.5914 1.5273 1.9439 1.8928 1.5273 1.8516 1.7744 1.7880 1.7220 1.4624 1.5535 1.5942 2.1667 2.6129 2.4889 2.4122 2.3539 3.8633 215.8902 2.2472 2.5335 2.3794 3.1849 1.9279 2.3539 2.9470 3.0722 2.5488 2.2756 1.9200 3.3456 3.1270 2.3230 2.5184 2.4816 2.5488 2.8361 2.2814 1.9685 2.0927 2.2528 215.8902 9.1232 2.5883 215.8902 215.8902 3.1555 215.8902 2.3414 2.2472 2.2250 2.0601 3.0722 1.9121 2.2142 215.8902 215.8902 215.8902 2.3291 2.0197 2.0833 2.2585 2.1364 1.2144 1.3795 1.3906 1.4721 1.6195 1.3707 1.5804 1.5914 1.6604 1.6604 1.5535 1.5018 1.4918 1.5018 1.6026 1.5970 1.5482 1.5482 1.5804 1.6224 1.5561 215.8902
132 2.5488 2.0739 5.8103 2.6046 2.6727 2.5035 2.2472 2.7461 1.5750 2.6212 2.6046 2.4889 2.2528 2.3230 215.8902 2.3924 2.7557 2.4325 2.6816 2.1928 2.8466 2.1464 1.8299 2.4745 1.7880 2.9011 1.9769 1.9121 1.6724 1.9439 2.0975 1.9044 1.7348 1.8157 2.0927 2.3353 2.3291 1.7948 1.4673 1.3928 1.8516 2.2416 1.9359 1.7316 2.0023 2.0110 1.8299 2.1414 2.2361 2.1414 2.6996 2.3230 2.1719 2.3414 2.2196 2.2250 2.6996 2.8052 2.0975 2.6816 2.0110 2.5644 2.1565 2.0739 2.4745 2.1875 2.4190 2.8466 2.1515 1.8122 1.5914 215.8902 1.7811 2.0110 1.9603 2.4325 2.2034 2.3730 2.1414 2.1515 2.3050 1.9439 2.1070 2.2361 2.5488 2.3291 1.8443 2.0927 2.8361 1.9853 2.3291 1.9279 2.5803 4.9166 2.0023 215.8902 3.7114 2.0110 2.7654 1.3795 215.8902 2.4745 215.8902 2.9238 1.8966 2.6296 2.6466 2.3794 0.9524 1.4200 2.0241 2.6212 2.5184 215.8902 1.4200 1.3839 1.5018 1.2675 0.7174 215.8902 215.8902 215.8902 215.8902 3.9183 215.8902 0.4618 0.6367 0.4138 2.3990 0.7482 0.4536 0.6845 0.0000 0.6288 0.3175 0.3105 0.7685 0.4201 0.6506 0.6557 0.6426 1.9082 2.5964 1.9980 1.5859 2.0023 1.2482 1.8701 1.8516 1.8664 1.2236 1.4063 1.6253 1.3707 1.3218 1.2813 1.4433 1.4968 1.0009 1.5299 1.8052 1.5221 1.5750 1.3973 1.3664 1.5914 1.6368 1.4918 1.5588 1.5429 1.5429 1.6310 1.1961 1.3950 1.4481 1.8087 2.1875 2.4394 2.6046 2.4190 3.2948 3.3114 2.1823 2.4056 2.0739 2.0647 1.8590 1.8590 3.2948 1.9319 2.3414 2.2088 2.0555 215.8902 2.6212 2.2699 2.2034 2.6129 2.5259 2.4962 2.0464 1.9359 3.2463 3.2151 3.5140 2.3794 2.0833 4.8150 215.8902 215.8902 7.5469 1.9603 1.8890 2.8573 3.0459 2.6296 3.4360 2.6996 215.8902 1.5094 215.8902 3.5343 2.8790 1.9279 3.0202 2.1565 1.0430 1.2993 1.5221 1.4721 1.4868 1.4794 1.5482 1.6253 1.5377 1.4968 1.3491 1.5804 1.4339 1.5068 1.3491 1.6167 1.3281 1.5119 1.6253 1.4339 1.5914 215.8902
133 2.4122 2.2873 3.0330 2.2416 2.3730 2.0975 2.2472 2.3050 2.1667 2.5883 2.2990 1.9480 2.1119 2.3291 215.8902 2.2585 2.4394 2.3414 2.1315 2.3230 2.4325 1.9853 1.4993 1.8228 1.7811 2.5035 1.5942 1.6845 1.7156 1.9439 1.9603 2.1216 1.7610 1.7156 1.7031 1.9359 1.8017 1.9399 1.5723 1.6724 1.8017 2.1515 2.0555 1.5325 1.8299 1.8701 1.9359 2.5803 2.1771 2.2990 2.2472 2.4603 2.0555 2.1515 1.9853 2.1070 2.1265 2.1667 2.0975 2.3794 2.3414 2.0464 2.1414 2.0739 2.0833 1.9727 2.5644 2.1771 2.0509 1.8017 1.8443 215.8902 1.7677 1.8335 1.9603 1.7948 2.3859 1.9005 2.5184 2.0464 1.9044 2.0880 1.9319 2.2699 2.4056 2.3291 2.1119 1.9938 2.3924 2.0739 1.8122 2.0509 4.5399 12.8142 215.8902 215.8902 215.8902 2.0739 2.4745 1.5068 215.8902 5.0798 3.2306 215.8902 1.9603 215.8902 215.8902 3.6196 1.1468 1.2501 215.8902 215.8902 6.9357 215.8902 1.3239 1.2520 1.2953 1.2675 1.0368 215.8902 215.8902 215.8902 215.8902 4.3032 215.8902 0.7800 0.4868 0.6406 5.7339 0.5660 0.6209 0.6170 0.6288 0.0000 0.5460 0.5809 0.9358 0.6547 0.5921 0.5921 0.0101 2.0555 2.1464 2.4533 2.1515 2.3794 1.5832 1.8739 2.0833 1.7413 1.2181 1.3884 1.5750 1.2520 1.3115 1.5043 1.3729 1.3239 1.3385 1.9161 1.6544 1.3995 1.5777 1.6663 1.4293 1.7031 1.6544 1.6082 1.5588 1.5859 1.5221 1.4968 1.2181 1.4293 1.3491 2.3539 2.5035 2.0975 2.9011 2.3859 2.9011 215.8902 2.4533 2.1364 2.5964 2.8900 2.4257 2.3353 2.5184 2.1464 2.2699 2.5184 1.9279 2.6296 2.3924 2.0197 2.4533 2.1464 2.9952 2.9952 2.3539 1.9279 2.0647 2.3353 215.8902 215.8902 2.4325 215.8902 1.4063 2.5035 215.8902 2.2034 1.9439 2.2642 2.7179 3.2151 1.9161 2.6381 215.8902 215.8902 215.8902 2.5803 2.2814 2.9708 2.3794 2.1515 1.1097 1.3664 1.4293 1.4918 1.4528 1.4223 1.6138 1.6368 1.5588 1.4433 1.3707 1.6026 1.7156 1.4576 1.5068 1.8017 1.5696 1.6138 1.5377 1.5377 1.7610 215.8902
134 2.5644 2.1414 5.9702 2.5184 2.6129 2.4745 2.6129 2.5723 2.3291 2.4122 2.4816 1.9044 1.9200 2.4190 215.8902 2.5411 2.8573 2.9708 2.4190 2.2305 2.7272 1.7511 1.8852 2.6296 1.8590 2.6639 1.6544 1.7284 1.8017 1.6195 1.7778 1.9082 1.7710 1.7284 1.8263 1.9480 2.3539 1.6456 1.7093 1.6054 1.7778 1.9895 1.9121 1.6485 2.0197 2.0285 1.7031 2.3539 2.0241 1.9044 2.0927 1.9359 2.0023 2.3666 2.1719 1.7610 2.2931 2.2931 2.0833 2.3050 1.8664 2.1167 215.8902 2.1928 2.3730 1.9121 2.1515 2.3602 1.8516 1.6604 1.7284 215.8902 2.0023 1.8157 2.0374 2.0023 2.1515 1.9319 2.4056 1.8407 1.8087 1.7284 1.9359 2.3602 2.1515 1.9319 1.5914 1.9769 1.7845 1.8299 2.2814 1.7188 215.8902 5.2569 215.8902 215.8902 215.8902 1.8263 3.0722 1.4673 215.8902 2.9011 215.8902 215.8902 3.5551 14.9598 29.7440 6.5129 1.0999 1.5221 215.8902 6.7176 2.5035 215.8902 1.3839 1.2107 1.3534 1.1536 0.9236 215.8902 215.8902 215.8902 215.8902 215.8902 215.8902 0.5038 0.5442 0.3303 2.3170 0.6406 0.4091 0.6793 0.3175 0.5460 0.0000 0.1624 0.6466 0.3133 0.6608 0.6151 0.5533 1.8852 2.5803 2.2416 2.5035 2.2585 1.9121 1.8157 1.9399 1.7284 1.1853 1.4576 1.6907 1.3928 1.1097 1.1907 1.4552 1.5018 1.1502 1.6026 1.5170 1.5351 1.4177 1.3928 1.3239 1.5429 1.5170 1.5588 1.7643 1.5970 1.6544 1.5696 1.3664 1.5068 1.4697 2.5335 2.8361 2.9238 3.2784 2.1981 2.6996 3.0992 2.5035 2.7179 2.0374 2.7951 2.2250 2.4745 2.9589 2.0647 2.7851 2.3291 2.5035 6.7176 2.4056 2.3414 2.5723 2.7366 2.9011 2.8361 2.6296 1.9439 3.0202 2.2250 215.8902 215.8902 2.2814 215.8902 215.8902 4.7185 7.8210 1.9121 2.1875 3.7355 4.9166 3.1270 2.3170 4.3032 4.4980 215.8902 4.0978 2.3050 2.8257 1.7948 2.4463 9.3127 1.0128 1.2675 1.3156 1.3095 1.5273 1.3074 1.3095 1.5299 1.6195 1.4109 1.4293 1.4109 1.3491 1.4721 1.4293 1.5914 1.3839 1.5588 1.5750 1.4339 1.5914 215.8902
135 2.2361 2.0601 2.3924 2.6129 2.2361 2.2034 2.3859 2.6296 2.4463 2.5803 2.2814 2.3477 2.1616 2.2585 6.6136 2.6552 2.6129 2.7087 2.5723 2.2528 3.2784 2.6296 1.7880 2.5803 2.1565 2.8573 1.8122 1.6845 1.7544 1.9980 1.9938 2.0067 2.0197 1.6999 2.6727 1.9853 2.3539 1.4624 3.4173 1.4673 1.7348 2.0927 1.6907 215.8902 2.2196 1.8192 1.8017 2.1119 2.0647 1.8443 2.2472 2.2088 2.1022 2.0927 2.1719 2.1216 2.4122 2.4122 2.0927 2.1216 1.9121 2.1119 2.4190 2.0241 2.0110 9.3127 2.0833 2.0833 1.9521 1.8335 1.6968 215.8902 2.1119 1.9521 1.8814 2.1216 2.0786 1.8052 2.2931 1.6663 1.9200 1.7677 3.7114 2.3539 2.2699 2.3924 1.4410 1.9279 2.1414 1.5273 2.1928 1.7643 215.8902 215.8902 2.4056 215.8902 2.7366 2.1364 2.8154 1.4246 5.0798 2.2528 215.8902 215.8902 215.8902 215.8902 215.8902 215.8902 1.0368 1.5696 215.8902 7.9651 9.7121 215.8902 1.4576 1.3534 1.4624 1.3136 0.8597 215.8902 2.5964 215.8902 2.5566 2.9830 215.8902 0.4327 0.6446 0.3175 2.8257 0.6710 0.4091 0.7088 0.3105 0.5809 0.1624 0.0000 0.7482 0.3476 0.6327 0.6845 0.5809 2.2361 2.3859 2.0285 1.7252 2.0601 1.5403 1.6815 1.8590 1.7031 1.2656 1.4246 1.7914 1.4624 1.1468 1.2482 1.4918 1.4246 1.1889 1.7284 1.4770 1.6397 1.5221 1.4339 1.4819 1.4918 1.6845 1.4893 1.5998 1.4200 1.5068 1.6138 1.3406 1.4109 1.4063 2.2814 2.9470 2.2814 3.0722 2.7087 3.1412 3.4550 2.6639 2.7752 2.2142 3.0202 2.5184 2.0555 2.8681 1.9853 2.6046 2.2034 2.5335 215.8902 2.3794 2.0833 2.5035 2.5964 2.4603 2.2585 2.2034 2.1119 2.6296 2.7752 215.8902 2.0419 2.7179 215.8902 215.8902 215.8902 2.8573 2.4190 2.2642 3.0589 2.9589 3.1412 2.3859 2.9589 2.1464 215.8902 2.3414 3.1999 2.3924 2.1565 2.2814 2.3230 0.9035 1.2425 1.4246 1.3364 1.4433 1.3034 1.4063 1.4844 1.5914 1.4576 1.4528 1.3973 1.4528 1.4673 1.4246 1.6195 1.4339 1.4339 1.4968 1.4063 1.5588 4.4980
136 2.5883 2.3414 4.2669 2.7951 2.8052 2.2142 2.6212 3.0202 2.4257 3.4550 2.1265 2.4673 2.6639 2.2034 7.9651 2.5184 2.2931 2.4056 2.1119 2.0110 2.4603 2.7752 2.4889 2.3539 2.1875 2.7179 2.6212 2.3924 2.3109 2.7654 2.4190 2.5109 2.5335 2.2814 1.9685 2.6296 2.4325 2.1875 2.3794 2.1928 2.4463 2.1119 2.3477 2.4533 2.3291 2.7752 2.2585 2.3539 2.8154 2.3794 2.1823 2.3924 2.7557 2.2814 2.2361 2.4603 2.6639 2.6639 2.2416 2.6906 2.2472 2.2931 2.2990 2.2142 3.0330 2.5259 2.5964 2.4745 2.1565 2.8681 2.6906 215.8902 2.3666 2.3990 2.2931 2.6816 2.6816 2.4673 2.8154 2.0833 1.8017 1.8739 2.3859 2.2196 2.4325 2.1823 2.3170 215.8902 2.2305 2.3794 2.4533 2.8154 3.1555 2.2416 2.5723 215.8902 2.5411 2.0601 2.6996 1.5696 4.8150 2.8154 4.1301 2.4603 1.9685 2.0197 2.3539 3.5762 1.3884 1.6368 215.8902 2.0374 2.3666 215.8902 1.6253 1.6138 1.5588 1.4745 1.3156 215.8902 14.1905 215.8902 215.8902 5.8891 215.8902 1.0187 0.8673 0.8082 2.3990 0.9551 0.6981 1.0491 0.7685 0.9358 0.6466 0.7482 0.0000 0.6918 0.8775 0.8397 0.9608 2.1022 2.8257 2.2034 2.5488 2.0739 1.9769 2.2814 2.8790 2.0647 1.5535 2.1315 1.7710 1.8890 1.6195 1.4481 1.8299 1.4339 1.5887 1.9239 2.0241 2.0023 1.8157 1.8157 1.7284 1.8443 1.7577 1.8017 2.2088 2.1119 2.2088 1.7744 1.7610 2.0285 1.6724 1.8890 2.3477 2.2088 2.5566 2.4533 2.7951 3.2463 2.4463 2.3230 2.2034 2.9952 2.3050 2.2142 2.2088 1.8739 2.0555 2.5109 2.7272 5.8891 2.0197 2.3353 2.6727 2.8154 1.8928 2.3477 2.6552 2.0285 1.9853 2.7366 215.8902 215.8902 2.6046 215.8902 215.8902 2.6639 215.8902 1.9044 2.0833 2.7951 2.5411 2.6816 3.1701 2.9470 4.7185 4.9166 215.8902 2.2088 2.0647 2.1070 2.3924 9.3127 1.4018 1.6368 1.7220 1.6339 1.9521 1.7156 1.8299 1.8814 1.7284 1.8814 1.9727 1.7677 1.6138 1.8664 1.8443 1.7811 1.6426 1.8443 2.1823 1.9603 2.0880 4.4980
137 1.7156 1.5970 215.8902 2.4889 1.9319 1.8966 1.9769 2.0975 1.7880 2.1823 2.1667 2.3924 2.1928 2.4325 215.8902 2.2196 2.0285 1.9439 2.4394 2.4122 2.8790 1.6082 1.8664 3.6196 2.0927 2.1981 1.8814 1.6195 1.5043 1.7914 1.9727 2.1823 1.8739 1.9769 2.1022 1.9359 1.8228 1.7252 215.8902 1.8087 1.5887 2.1119 1.9980 1.7577 2.1119 1.8263 1.7062 1.9279 2.3291 2.4889 2.4190 2.6381 2.2814 2.2472 1.8852 2.3666 2.3794 2.3794 1.9279 1.9938 1.8890 2.3539 215.8902 1.7643 215.8902 5.7339 2.0285 2.2088 2.2699 215.8902 215.8902 215.8902 2.4889 1.8157 2.4816 2.4745 2.3050 2.7951 2.1515 1.9359 2.8466 1.9044 5.1962 1.9895 2.1981 2.1667 1.6999 3.5343 4.1970 1.6663 1.9895 1.6968 215.8902 215.8902 6.1401 215.8902 11.9077 215.8902 215.8902 1.4624 215.8902 215.8902 215.8902 215.8902 215.8902 4.7185 11.9077 2.5723 1.2636 1.5273 215.8902 2.6129 2.9124 215.8902 1.4293 1.8590 1.3707 1.3177 0.9636 215.8902 215.8902 215.8902 215.8902 215.8902 215.8902 0.4496 0.5959 0.3831 7.6817 0.6074 0.4651 0.7045 0.4201 0.6547 0.3133 0.3476 0.6918 0.0000 0.6608 0.7174 0.6547 2.2142 215.8902 2.0739 1.7156 2.5803 1.2993 1.4770 1.6082 1.7348 1.4154 1.4063 1.6082 1.3795 1.3449 1.3156 1.4481 1.4528 1.2773 1.9005 1.7031 1.5351 1.6339 1.3795 1.5043 1.6253 1.8052 1.4673 1.6485 1.6999 1.6310 1.5221 1.3707 1.3839 1.5804 2.2142 2.2814 2.7087 2.6996 1.8017 3.0202 215.8902 1.8776 215.8902 2.0555 1.8966 1.9439 215.8902 3.0992 2.8361 2.5109 215.8902 1.9121 35.1496 2.5803 2.1515 1.9685 215.8902 2.9708 2.9124 2.1070 1.7914 2.0509 3.6196 215.8902 215.8902 2.3666 215.8902 7.6817 2.5803 215.8902 1.5588 2.0241 2.6129 3.9183 2.3539 2.9708 4.4980 3.1412 215.8902 9.9226 3.1555 2.1315 2.1667 2.7179 215.8902 1.1817 1.5170 1.5535 1.6195 1.5804 1.7478 1.6195 1.8157 1.7983 1.6845 1.8553 1.6968 1.8590 1.7880 1.8263 1.8814 1.6663 1.8299 1.8228 1.7478 1.8739 215.8902
138 1.9811 2.1414 215.8902 2.2814 2.4325 2.1823 2.4190 2.2196 1.4154 2.7557 2.1823 1.8157 2.0419 2.2472 215.8902 1.9769 2.0110 2.1719 1.8516 2.2472 2.0647 2.1515 2.0285 2.1823 1.9603 2.1771 2.0067 1.5043 1.4893 1.8814 2.0555 2.3050 1.9521 2.1364 2.2990 2.0023 1.9685 1.9603 1.6310 1.4794 1.4697 1.8228 2.0330 1.6195 2.0023 1.8228 1.9811 2.5184 2.1515 1.7093 2.7179 1.9439 2.0197 1.8443 2.2814 2.0927 2.3230 2.3230 2.1667 2.1364 1.9399 2.1616 1.7252 2.6212 2.2142 1.7577 1.8335 2.6466 2.3859 1.9938 1.8157 215.8902 2.1823 2.8154 2.1823 2.1515 2.5184 2.2699 2.5035 1.8228 1.8443 1.8087 1.8814 1.9603 2.5184 2.5566 2.0110 1.9980 2.4257 1.7284 1.8228 1.9853 215.8902 2.6816 2.3794 215.8902 4.7185 2.1515 2.5644 1.4576 215.8902 9.3127 215.8902 215.8902 4.0978 215.8902 7.8210 215.8902 1.0678 1.6138 215.8902 5.7339 5.5876 215.8902 1.5068 1.3751 1.3239 1.2993 0.9806 215.8902 215.8902 215.8902 215.8902 215.8902 215.8902 0.7283 0.5827 0.6628 2.4673 0.4717 0.7393 0.5940 0.6506 0.5921 0.6608 0.6327 0.8775 0.6608 0.0000 0.4602 0.5827 2.4745 2.6552 2.0153 1.8443 2.4056 1.4721 1.6281 1.8590 1.6082 1.2520 1.4200 1.5750 1.4293 1.3884 1.4993 1.3534 1.7610 1.2520 1.8443 1.5750 1.5170 1.7284 1.6026 1.4246 1.6485 1.6026 1.4721 1.7031 1.4386 1.6368 1.5914 1.2181 1.4943 1.5642 2.1515 2.5803 4.2315 2.2814 2.6466 2.2034 3.6646 2.2931 2.4889 2.3050 3.2306 2.4816 2.5644 3.0202 2.1216 2.2990 2.5644 2.1515 2.4325 2.2142 2.3109 2.5335 2.5964 2.3230 2.5184 2.1515 2.4962 2.6639 2.9708 215.8902 215.8902 2.1667 215.8902 215.8902 215.8902 215.8902 2.1667 1.9279 2.7179 2.5488 2.9470 2.2699 2.5035 215.8902 215.8902 215.8902 2.4603 2.5184 2.5488 2.7752 4.0978 1.0584 1.2482 1.3364 1.3795 1.4624 1.6253 1.4918 1.7125 1.6253 1.3884 1.3577 1.4819 1.5018 1.4968 1.4624 1.6907 1.3795 1.5482 1.6485 1.4918 1.6054 9.7121
139 2.5803 2.1022 215.8902 2.6466 2.1167 2.0509 2.5035 2.8154 1.7983 2.3170 2.5411 1.9603 2.4745 2.5184 215.8902 2.4325 2.4889 2.4122 2.2642 1.9685 2.4603 2.4673 1.9521 1.9938 1.7677 2.1119 1.9044 1.7380 1.8553 2.0374 1.9200 2.1875 1.7744 1.9521 1.8776 2.2305 2.1719 1.9521 2.0110 2.0110 1.6633 1.8407 2.4673 1.7677 2.0023 1.8627 2.0285 2.1265 2.5035 2.0601 2.0786 2.1719 2.2814 2.0197 2.0285 2.2814 2.1464 2.2305 2.1119 2.0023 1.9279 2.1515 1.9359 2.6996 1.9685 2.1070 2.5964 2.3230 2.3109 2.1119 2.0975 215.8902 1.9439 1.8087 1.8335 2.1719 2.2990 1.8814 2.4122 1.7062 1.8052 1.7031 2.2873 2.0023 1.8228 2.2931 1.9121 2.0555 2.0197 1.9200 2.2873 2.0739 2.1875 215.8902 7.6817 4.2669 215.8902 2.2642 15.7893 1.4576 215.8902 20.4165 215.8902 215.8902 5.3193 215.8902 215.8902 215.8902 1.2636 1.6253 215.8902 215.8902 7.2904 215.8902 1.6845 1.5351 1.5119 1.3534 1.0584 215.8902 3.2948 215.8902 215.8902 215.8902 215.8902 0.8226 0.4767 0.6446 4.1970 0.5425 0.7393 0.5921 0.6557 0.5921 0.6151 0.6845 0.8397 0.7174 0.4602 0.0000 0.5846 2.1981 2.3602 2.5488 2.1022 2.1167 1.8407 1.7983 1.9439 2.0927 1.3385 1.5642 1.5914 1.6026 1.6026 1.4968 1.4868 1.5535 1.3556 1.7710 1.6026 1.7031 1.7744 1.5642 1.4770 1.7744 1.6485 1.5535 1.8739 1.8664 1.8087 1.7284 1.4339 1.7610 1.6485 2.1022 2.5488 2.2142 2.1414 3.6196 2.2142 16.6842 2.7366 2.9708 2.5723 2.9238 2.4463 2.6996 3.1999 2.3050 2.8573 2.3539 2.2361 2.3230 2.1823 2.1216 3.0202 2.7851 3.0202 2.8361 2.0927 2.3050 2.3924 2.1823 215.8902 215.8902 2.2416 215.8902 215.8902 215.8902 215.8902 1.9005 1.9521 2.0927 2.6996 2.5964 2.3990 2.5259 215.8902 215.8902 215.8902 3.0202 1.9769 1.9239 3.4550 215.8902 1.0368 1.3707 1.3491 1.3406 1.4819 1.4528 1.5043 1.6784 1.5482 1.4200 1.4018 1.4433 1.5273 1.5998 1.5642 1.9200 1.6968 1.6138 1.6397 1.4200 1.6310 215.8902
140 2.3794 2.2088 87.0355 2.2699 2.4889 1.9769 2.3794 2.4603 2.3291 2.7179 2.2416 2.4190 2.3539 2.4463 215.8902 2.2528 2.2250 2.5109 2.8361 2.1823 2.6296 2.0330 1.4363 1.8814 2.0285 2.5035 1.6253 1.8157 1.7220 2.0197 2.0786 2.0693 1.8192 1.6968 1.8157 1.9938 1.8017 1.8739 1.6485 1.7610 1.7811 2.2361 2.1719 1.6907 1.9044 1.8814 2.2585 2.3924 2.1464 2.2361 2.1771 2.3924 2.2814 2.2814 2.1515 2.0555 2.4056 2.5335 2.4889 2.0927 2.5803 2.2814 2.0927 1.9769 2.2142 2.1464 2.3539 2.0647 1.9769 1.7544 2.0509 215.8902 1.8739 1.7880 1.9439 1.8590 2.2034 1.9853 2.3414 2.1823 2.2250 1.9279 2.1119 2.2699 2.3291 2.2931 2.0927 1.9082 2.3170 1.9319 2.0241 2.1022 2.5566 215.8902 2.5109 215.8902 6.5129 2.1265 2.4745 1.5068 215.8902 2.8681 2.2034 215.8902 2.1216 4.7185 3.0589 3.1270 1.1468 1.2833 2.7851 3.2463 2.8154 215.8902 1.3239 1.2520 1.2873 1.2255 1.0083 215.8902 2.4533 215.8902 215.8902 12.8142 215.8902 0.7393 0.4919 0.6209 3.5343 0.5515 0.6209 0.6016 0.6426 0.0101 0.5533 0.5809 0.9608 0.6547 0.5827 0.5846 0.0000 2.0110 2.2250 2.2873 1.9895 2.2873 1.8590 1.8890 1.9769 1.7577 1.2070 1.3406 1.5535 1.3620 1.2993 1.4968 1.3577 1.3620 1.3239 1.9439 1.6368 1.4109 1.5914 1.6368 1.4528 1.6907 1.6907 1.4868 1.5429 1.5859 1.5325 1.5170 1.2406 1.4528 1.4018 2.3414 2.6129 2.3291 2.9011 2.2585 4.1632 2.8790 2.3414 2.0374 2.2142 2.7752 1.8739 2.2250 2.5964 2.2196 2.3170 2.1719 2.3050 3.7355 2.1119 2.1616 2.1464 2.0833 2.5883 2.6996 2.5335 1.8890 2.2472 2.4325 3.4173 2.3109 2.2528 1.9769 1.9082 3.3456 215.8902 1.8852 2.3990 2.7851 3.1849 2.8573 2.0197 2.5184 215.8902 6.5129 215.8902 2.6639 2.1515 2.7654 2.5184 2.1022 1.1131 1.3491 1.3707 1.4819 1.4109 1.4018 1.6426 1.6253 1.5119 1.4018 1.4246 1.5482 1.7610 1.4968 1.5535 1.8017 1.5914 1.6368 1.5068 1.4339 1.6907 215.8902
141 2.9952 2.7557 2.9589 2.5488 3.1849 2.7179 3.2622 2.5488 2.5035 3.3284 2.8790 3.4940 2.8790 3.7600 2.7179 3.2463 2.9011 3.4550 3.3809 3.3114 3.0202 2.7654 2.7557 2.8257 2.6296 2.5644 2.6996 2.5184 2.7179 2.9470 2.5488 2.3990 2.9238 2.6212 2.3859 2.5803 3.4940 2.9708 3.0589 3.3631 2.5335 2.6727 2.8257 2.9354 3.3284 2.8790 3.0459 2.1515 2.2931 2.5035 2.3924 2.8790 2.7951 2.5035 2.6996 2.3050 2.9238 2.9830 2.0927 2.9238 2.7557 2.7752 2.5964 2.7179 2.8257 2.9011 2.6296 2.6816 2.8790 2.6381 2.7752 215.8902 2.3291 2.2034 2.0330 3.1555 2.0693 2.8154 2.2472 2.1719 2.5644 2.6381 2.5644 2.5964 2.5184 2.4190 2.3539 2.8573 3.2463 2.7179 2.5035 2.2699 1.9853 1.7880 1.9082 2.5644 2.5803 1.6026 1.7031 2.6129 2.3170 1.9359 1.4246 2.3414 2.0833 2.5109 2.2361 2.6727 215.8902 2.3170 1.8087 2.3170 1.7880 215.8902 1.7845 2.2250 2.6727 2.0067 215.8902 215.8902 2.0374 215.8902 1.6845 2.3794 2.8257 2.2250 2.2250 2.5035 2.2472 2.4673 2.7557 2.2088 1.9082 2.0555 1.8852 2.2361 2.1022 2.2142 2.4745 2.1981 2.0110 0.0000 0.6793 1.5018 1.2913 1.2993 1.2754 1.5561 1.5273 1.3620 2.4889 2.4889 2.8154 2.6727 2.8681 2.6639 2.7272 2.8361 2.6381 2.4673 2.6046 2.8466 2.7461 3.1555 2.6296 2.6816 2.9470 2.5488 3.0992 2.7654 3.0330 3.1849 2.7461 2.9708 2.3414 2.5184 2.3730 2.9830 3.0992 2.4745 2.1616 4.1970 2.1616 2.1119 2.5964 1.5221 1.5273 3.5762 3.1412 4.1632 4.0353 2.4603 2.0693 2.1315 3.4173 2.6552 1.7811 2.7087 2.9589 3.3809 1.5914 2.5566 2.2528 1.9044 2.1515 2.2088 2.7654 2.8257 2.0693 2.2699 2.5259 2.4673 2.7366 2.3414 2.0833 2.7654 2.2931 1.8443 2.1981 2.2699 2.2472 2.2931 2.4056 3.8367 2.4962 1.8371 2.6296 2.7366 2.4962 2.1565 2.4190 3.8107 2.7366 3.5343 3.4360 2.6466 2.6129 3.4550 2.3109 2.0739 3.2784 1.8516 2.9238 2.6552 2.4745 2.3353 2.5184 2.0330
142 2.9708 2.6552 2.7654 2.7087 3.1999 2.4463 3.0202 2.5883 2.9470 2.9708 2.7366 3.3809 3.0459 3.3456 2.5803 3.4940 2.8573 3.4550 2.9952 2.8361 3.5551 2.6727 3.4940 2.8681 2.6996 2.7752 2.3990 2.3170 2.9354 2.8790 2.5411 2.3539 2.6552 2.5035 2.6639 2.7752 2.5184 3.0459 3.0992 3.0722 2.5883 2.5109 2.6466 2.9708 2.7461 2.5803 2.9830 2.1119 2.2873 2.3414 2.0739 2.9238 2.5488 2.7366 3.2306 2.7654 2.2814 2.4962 2.2756 3.3631 2.5644 3.2463 2.3602 2.8257 2.4394 2.6816 2.9952 2.2814 2.6129 2.4603 2.9354 215.8902 2.4463 2.2196 2.0330 2.2305 2.0241 3.9183 2.7557 1.9769 3.1701 2.2585 2.6996 2.6129 2.6639 2.3666 2.5184 2.4056 2.9238 2.6552 2.4056 2.5644 2.5109 1.7413 1.8739 1.9769 2.2931 1.9853 1.9853 3.4550 2.5803 1.8739 1.6968 2.0975 2.0464 2.2814 1.9359 2.6466 215.8902 2.5964 2.0197 1.9279 1.8299 215.8902 3.1130 2.9354 2.8681 1.8664 215.8902 215.8902 1.7677 215.8902 1.7610 1.9359 2.2034 2.8573 2.0153 2.8790 2.6212 2.5259 3.5343 3.1849 2.5964 2.1464 2.5803 2.3859 2.8257 215.8902 2.6552 2.3602 2.2250 0.6793 0.0000 1.5170 1.3156 1.2597 1.4968 1.6368 1.5804 1.3281 2.2699 2.4745 2.7461 2.6639 2.5883 2.6816 2.4257 2.4056 2.5035 2.6296 2.8257 2.6129 2.5883 2.8154 2.9708 2.6816 2.6639 3.0992 2.6816 2.3990 2.6996 3.4550 2.9470 2.5883 2.4745 2.1928 2.4745 2.3477 2.2034 2.9011 2.4122 215.8902 2.2873 1.7284 2.2088 1.6195 1.4018 2.6996 2.1667 2.1119 2.3990 2.4889 2.7557 1.9603 3.0722 2.3170 2.1414 2.7272 2.5184 2.3170 2.1315 2.9470 2.0153 2.2250 2.2585 2.5035 2.9011 2.2585 2.8361 3.6196 2.4603 2.6129 2.6996 2.4257 2.5335 2.7752 2.5883 2.3414 2.0285 2.0555 2.9708 2.3414 2.7851 3.4940 2.3353 1.9279 4.3032 3.7355 2.2699 3.7114 2.4257 3.4173 3.2463 3.8905 2.9952 2.5259 4.4172 3.4173 2.5566 2.7179 2.8573 3.4173 2.5488 2.9238 3.1412 3.2784 2.6639 1.6368
143 2.7272 2.8052 2.5335 2.3794 2.4056 2.6129 2.9952 2.2472 2.5184 2.9238 2.5411 3.4743 3.6419 3.8107 4.5399 3.6196 3.6646 3.0856 3.1999 3.1130 3.2948 2.7851 2.6816 2.9354 2.4190 2.3859 2.5644 2.2250 2.4745 2.6212 2.2756 2.3602 2.3859 2.8573 2.0330 2.8257 2.3666 2.7087 3.1555 3.3114 2.7179 2.5883 2.7461 2.9354 2.8790 3.1849 2.8573 2.4190 3.0722 2.7752 1.9853 2.9470 2.6466 3.0992 3.6878 4.1632 2.8154 2.7752 2.9354 2.8681 2.1070 2.9952 2.6816 2.4463 2.7654 2.5883 2.5723 3.1849 2.6639 2.6816 2.4603 215.8902 2.3050 2.2931 2.2814 2.6046 2.3859 2.9952 2.2361 2.4889 2.3353 1.7914 2.5335 2.4056 2.2528 2.4673 2.7851 2.7951 2.7366 2.9011 2.6552 2.2585 2.2034 2.0464 1.9121 2.0464 2.5184 1.9685 1.8157 1.9853 2.6816 2.0330 2.1022 2.4889 1.9685 2.3291 2.2585 2.4962 215.8902 2.3170 1.6195 2.1928 2.4325 215.8902 2.1719 2.3990 2.1719 2.2585 2.8052 215.8902 1.9279 5.5876 1.8443 1.7610 2.2873 2.1167 2.6466 2.3794 2.3414 2.1719 2.9238 2.1414 1.9980 2.4533 2.2416 2.0285 2.2034 2.0739 2.0153 2.5488 2.2873 1.5018 1.5170 0.0000 1.2330 1.7413 1.0678 1.2993 1.2793 1.1281 2.9952 3.0459 2.6552 2.5964 2.7752 3.0992 2.7654 2.6129 3.0202 3.2306 2.6296 3.3114 2.9589 2.7752 3.0992 3.0722 3.1849 3.5343 3.4550 3.2151 3.0992 3.2948 2.6046 2.7557 3.7114 2.4745 2.2642 2.3730 1.9685 2.6639 2.2361 215.8902 1.3884 1.2292 2.5803 1.4745 1.4745 2.4325 2.0464 3.0202 2.6046 2.2305 2.6906 2.2472 1.7914 2.0509 1.6253 2.7366 2.0110 1.7156 1.2292 2.7461 1.7188 1.8299 2.2990 1.7413 3.6196 2.0509 2.6381 1.9439 2.3539 2.8361 2.2142 2.6046 1.9685 2.2642 2.2196 2.2814 2.5803 2.6816 2.0110 2.5109 1.6693 3.4940 2.4394 2.3414 2.5964 3.1555 2.3924 2.4463 2.8466 2.5644 2.9952 3.8107 2.5803 2.1981 2.5644 4.3032 2.8466 2.1823 2.5335 1.8299 2.8154 1.9769 2.6296 2.0739 2.3050 1.9200
144 2.8154 3.0076 2.3666 2.6381 2.1315 2.4190 3.3284 2.2990 2.4190 2.9830 2.5644 2.6129 3.1849 3.0459 3.2948 2.7951 2.6639 2.9952 3.1701 3.1270 3.5140 2.7366 2.5566 3.0330 2.5803 2.4325 2.2196 1.9727 2.2990 2.3859 2.1464 2.8790 2.4463 2.2990 2.3414 2.3666 2.6466 2.6129 2.8573 3.0459 2.2250 2.4190 2.4394 2.7752 3.0202 2.5723 2.4603 2.7366 1.7284 1.5588 2.7179 2.3924 2.4257 2.8154 3.3284 2.6996 1.8017 1.8017 2.4673 2.9470 1.3620 1.6368 2.7179 2.9470 2.6296 2.7752 2.8466 2.3477 2.6296 2.7461 2.9830 215.8902 2.8361 2.6129 2.5803 2.8790 3.2463 2.6381 2.4325 2.5723 2.7752 1.7478 2.4816 3.0459 2.2196 2.9589 2.7951 3.1270 3.1412 2.7951 2.8154 2.5803 2.4463 1.6754 2.1216 2.1928 2.5184 1.7610 2.0833 2.6727 2.0739 1.9727 1.8157 2.4745 1.6310 1.9279 2.0464 2.1875 215.8902 2.2250 1.8443 1.8814 1.8017 215.8902 2.1823 2.2990 2.2088 1.8299 1.2520 215.8902 1.8192 215.8902 1.9399 2.1928 1.8017 2.1265 1.8299 1.4528 1.9727 2.0374 1.5859 1.7511 1.5859 2.1515 2.5035 1.7252 2.5488 1.7156 1.8443 2.1022 1.9895 1.2913 1.3156 1.2330 0.0000 1.3795 1.3729 1.3751 1.3577 1.2520 2.3924 2.6129 2.7654 2.4463 2.4603 3.0330 2.5035 2.7557 2.6296 2.9011 2.5335 2.9238 2.7752 3.1849 2.9354 3.0856 2.8790 3.2463 2.5644 2.6296 2.6129 2.9470 2.7654 2.4394 2.6129 2.5259 2.1022 3.0722 1.5299 2.6381 2.9238 3.5762 1.7677 2.6129 2.6381 2.1928 2.2305 2.6466 1.7156 1.6845 2.6296 2.7951 2.3666 2.5109 2.4190 2.0110 1.6082 2.7951 2.1928 1.6845 1.7983 2.4122 1.4770 3.1270 1.9082 2.2361 2.6212 2.3990 2.5184 2.0110 2.3353 2.7951 2.4603 2.7752 2.7366 2.3170 2.3170 2.6816 1.8516 2.1315 2.1022 3.1555 1.5018 2.9830 2.2642 2.2034 2.3539 2.3666 1.7744 3.9755 2.6296 2.8052 2.8573 3.5977 3.2948 1.9319 2.4325 3.3989 2.3414 2.4603 2.1823 2.7752 2.4056 2.1119 1.8157 1.7284 1.8966 2.1119
145 2.9952 2.7557 2.1823 2.5259 2.4122 2.6129 2.7851 2.5259 2.5803 3.1412 2.9124 2.9952 2.9354 3.1412 3.0459 3.0076 2.9589 3.4360 3.3284 3.0589 2.8361 2.7851 2.5184 3.0992 2.5035 2.7179 2.4889 2.1464 2.5964 2.5184 2.4745 2.9830 2.8681 2.4962 2.5488 2.5566 2.9589 2.6466 2.6996 3.0459 2.3291 2.4122 2.5411 4.1301 2.6727 2.3794 2.8900 2.4463 2.8573 2.8790 2.4889 2.5488 2.8573 2.4394 2.4325 2.5566 2.4889 2.4962 2.5035 2.5644 2.4745 2.2931 2.5566 2.5723 2.3924 2.6639 2.8154 2.3859 2.6296 2.4463 2.4889 215.8902 2.6466 2.0023 2.0197 2.1515 2.6816 3.1849 2.5644 2.0975 2.5803 1.9853 2.5335 2.7179 2.1265 2.8361 2.8154 2.8681 2.6639 2.6639 2.8790 2.4325 1.6604 1.5914 1.7811 1.7316 2.2088 2.0464 1.7845 3.7114 2.4190 2.0241 1.6310 2.0647 1.8664 2.0833 2.0833 1.9044 1.7744 2.5964 1.9359 2.3414 1.6253 2.6296 2.2196 2.5335 3.9466 2.2931 5.7339 215.8902 1.7948 2.7366 2.1928 2.1364 2.1216 2.5259 2.0464 2.0975 1.7544 1.9727 2.2873 2.0927 2.0023 2.3794 2.2585 2.0601 2.0739 2.5803 2.4056 2.1167 2.2873 1.2993 1.2597 1.7413 1.3795 0.0000 1.6426 1.6310 1.5221 1.5482 2.8154 2.5723 2.9011 3.0992 2.6996 2.5644 2.7752 2.2814 2.3539 2.7557 2.5964 2.6212 2.6996 3.3456 2.9708 3.1130 2.8052 2.5566 2.7461 2.5184 2.8573 2.9830 3.0076 2.4190 2.4745 2.4190 2.2196 2.0739 2.4463 3.0459 2.5566 3.6646 2.8681 2.6046 2.4190 2.0464 1.8739 3.4550 1.7478 2.3353 2.2034 3.3284 2.0555 2.0023 2.6816 1.9239 2.2814 3.0459 2.2034 2.1719 1.9521 2.2699 2.7951 2.0975 1.9121 1.8590 2.6381 2.2814 2.4463 1.8299 2.1771 2.7654 2.5488 2.6996 2.3291 2.3924 2.3170 2.4190 1.8407 2.3170 1.9811 2.2034 2.6727 2.6639 2.0509 1.8443 2.4122 2.7951 2.3794 2.7752 3.4173 2.7461 3.4550 2.4816 2.5803 3.1555 2.6296 3.0589 2.6212 2.4962 2.5184 2.6816 2.9354 2.5488 2.5109 2.2196 2.7557 1.6574
146 2.4257 2.5723 2.3666 2.1875 2.2814 2.4056 2.9124 2.2642 2.2528 2.6816 2.1875 2.5335 2.5411 2.5184 3.0202 2.4325 2.6381 2.8154 2.7951 2.6906 2.7557 2.5644 2.2814 2.8466 2.0880 2.1875 2.1414 2.1022 2.2931 2.1667 1.9769 2.0555 2.2585 2.0419 1.9082 2.2250 2.0067 2.3990 2.2990 2.5566 1.8480 2.1616 2.2528 2.7272 2.1928 2.1616 2.2990 2.2034 2.3666 2.3539 2.5723 2.2250 2.2814 2.5184 2.4122 2.3109 2.4056 2.5335 2.2873 2.1928 2.4056 2.7951 2.3414 2.7851 2.4962 2.4745 2.3050 3.2948 2.5723 2.4190 2.6639 215.8902 2.5184 2.2873 1.8890 2.0833 2.0285 2.6466 2.3230 2.2361 2.3794 2.1928 2.7654 2.5723 2.1070 2.3602 2.6816 2.4816 3.4173 2.5259 2.6129 2.3170 2.2472 1.5696 1.6784 1.5170 2.1414 1.5429 1.8087 1.7413 2.1719 2.0023 1.7348 2.3414 2.0464 2.0419 2.0197 2.2472 2.4889 2.0285 1.8299 1.8966 1.8966 215.8902 1.9644 2.3477 1.6724 1.8852 2.9952 215.8902 2.1515 215.8902 1.9603 1.6784 2.0927 1.3115 1.5942 1.5455 2.1565 1.1997 1.8739 1.2714 1.2482 1.5832 1.9121 1.5403 1.9769 1.2993 1.4721 1.8407 1.8590 1.2754 1.4968 1.0678 1.3729 1.6426 0.0000 1.3751 1.2873 1.2714 2.3539 2.3990 2.4463 2.2873 2.4962 2.3414 2.2756 2.5803 2.8257 2.6381 2.4122 3.0992 2.7951 3.0722 3.0722 3.1849 2.5964 2.6466 2.6816 2.7557 3.1701 3.0459 2.6046 2.7951 2.4325 2.4745 2.0374 2.4463 1.8443 2.5566 1.7610 215.8902 2.7557 2.2585 1.9895 1.9279 1.4770 2.2990 2.0110 2.4816 2.6639 2.7179 1.5859 3.9755 2.3050 2.7851 2.3730 2.6296 2.0330 2.5411 1.3197 2.5035 2.2756 1.7845 2.0927 2.1364 2.5335 2.0464 3.1849 1.9439 2.3539 3.2306 2.4603 2.1667 2.0464 1.9319 2.0927 1.8664 2.0464 2.5184 2.2585 2.5335 2.0975 3.2622 2.4745 2.5335 3.0722 2.9124 1.8852 2.8790 2.3109 3.5551 2.8052 3.6646 3.0722 2.0601 3.1701 3.7114 1.5859 1.8299 2.2034 2.2142 2.4463 2.0786 1.6544 1.5588 1.2559 1.6999
147 3.1130 3.0330 3.1270 3.5343 2.5259 2.8900 3.7114 2.4603 2.5259 2.7851 2.6466 2.7752 3.4940 3.0856 4.8150 2.9238 3.0459 3.2784 3.2463 3.2306 3.5551 2.9124 2.8466 3.0202 2.4190 2.3109 2.4745 2.2873 2.2416 2.1364 2.3170 2.5109 2.5964 2.4889 2.6129 2.4816 2.7851 2.3859 2.4745 2.6639 2.2873 2.5184 2.7951 2.5335 3.1701 2.4190 2.2472 2.6046 2.5964 2.3230 2.9952 2.9354 2.8361 2.4056 3.1849 2.6212 2.6381 2.8466 2.4745 2.3730 2.2873 1.6426 2.6996 2.6129 2.4533 2.5803 2.9830 3.0202 2.4673 2.2472 2.2756 215.8902 2.3859 2.5335 2.0067 2.4962 2.2699 3.2306 2.8790 2.3170 2.5964 1.8627 2.3794 2.9589 2.3666 2.5259 2.3666 2.4889 3.1999 2.5035 2.6906 2.5184 2.1928 1.8590 1.7710 1.5777 2.1928 1.7880 1.5970 2.2142 2.0927 1.7744 1.4293 2.2585 1.9044 1.8966 2.1414 2.2142 215.8902 1.9603 1.7348 2.1216 1.7610 215.8902 1.9727 2.1981 2.3666 1.9439 1.5273 215.8902 1.6663 215.8902 2.1315 2.1565 1.5859 1.9521 1.8443 1.9200 2.6996 1.5859 1.9727 1.7478 1.8701 1.8739 1.8157 1.6815 2.2814 1.4770 1.6281 1.7983 1.8890 1.5561 1.6368 1.2993 1.3751 1.6310 1.3751 0.0000 1.1331 1.1230 2.6996 2.7087 2.7366 2.5411 2.7654 2.4745 2.6639 2.7951 2.4122 3.0722 2.8900 2.5723 2.6816 2.5883 2.4962 2.5259 2.6996 3.3809 2.8257 2.7179 2.9470 2.7951 3.0459 2.7087 2.5964 1.7316 2.1216 2.3230 1.3322 1.9239 2.0464 8.5927 2.1216 1.8017 2.2250 1.4721 1.4721 2.4745 1.5914 2.5184 2.5411 2.6816 2.2642 3.2463 2.3170 2.2642 1.9044 2.4056 2.2873 2.0110 1.2330 2.6466 1.6907 1.2993 2.4122 2.3924 2.9708 2.5488 2.1414 2.4603 2.5644 2.9708 2.3794 2.1771 2.2814 2.3050 2.8681 1.8664 1.9769 3.4173 2.5035 2.4889 1.8776 3.1270 2.1070 2.5335 2.7366 3.0076 2.0153 2.2585 2.3050 2.4962 2.2990 3.3456 3.1555 2.5035 3.7355 2.8154 2.3353 2.1364 2.2814 2.8790 2.2142 2.1875 1.9603 2.0880 2.1928 215.8902
148 2.6212 3.0589 2.3666 2.5109 2.4533 2.6296 2.5184 2.4190 2.4533 3.2306 2.4603 2.9830 2.7752 2.8361 2.8790 2.7179 2.6639 2.8257 3.2948 2.9589 2.9708 2.8154 2.8257 3.0459 2.3602 2.6639 2.5335 2.1364 2.8900 2.7366 2.4325 2.2034 2.6129 2.5644 2.6129 2.5335 2.6727 2.5184 2.4325 2.8790 2.2931 2.6129 2.4463 2.9011 3.2622 2.5566 3.1999 2.1515 1.8966 2.0023 2.2361 2.0975 1.8017 2.4603 2.5335 2.4816 2.6296 2.5035 2.9124 2.1515 2.0023 2.6727 2.5184 2.6212 2.5109 2.6129 3.4173 3.0459 3.0202 2.5109 2.3050 215.8902 2.9830 2.0739 2.4122 2.2814 1.9895 2.9589 2.6129 2.3730 2.6466 1.9644 2.5488 2.6296 2.2990 2.8154 2.4394 2.7654 2.8361 2.5803 3.0459 2.6296 2.2142 1.5273 1.5561 1.6968 2.3414 1.6138 1.7348 2.0197 2.6296 1.8371 1.9359 1.8890 1.7511 2.2250 1.9044 5.9702 1.3795 1.9769 1.6082 1.9359 1.8407 215.8902 1.7316 2.3050 2.2034 1.8890 1.0934 215.8902 2.0153 215.8902 1.6253 1.9439 1.7811 1.9521 2.3539 2.1119 1.8299 1.7413 2.5488 1.8739 1.8516 2.0833 1.9399 1.8590 2.8790 1.6082 1.8590 1.9439 1.9769 1.5273 1.5804 1.2793 1.3577 1.5221 1.2873 1.1331 0.0000 0.9496 2.7087 2.6129 2.6639 2.6466 2.6639 2.5883 2.6296 3.0459 2.6129 2.7557 2.9011 2.3924 2.3414 2.5964 2.5184 2.5109 2.4463 2.9470 2.8466 2.8361 2.8900 3.2151 2.4463 2.6727 3.0202 2.2699 2.7461 2.0647 1.9082 2.0555 2.5644 4.8150 2.2699 2.3170 2.1119 2.5723 1.9200 2.2990 2.5335 2.5488 2.6816 2.4257 2.3291 2.3602 2.6727 2.2250 2.3990 2.6466 2.5035 2.1928 2.6212 2.3602 2.4463 3.5343 2.0285 2.2699 3.5551 4.7661 2.1414 2.0285 2.4190 2.5964 2.3050 2.6639 2.3666 2.1364 2.2642 2.3109 1.9685 2.8154 2.1719 2.6639 2.3539 3.7114 2.2416 2.2034 1.9521 3.1412 1.8739 2.1022 2.2416 2.7366 2.5184 3.6646 3.0076 2.1928 2.1771 2.1616 2.1515 1.6544 2.3170 2.1315 2.3924 2.5184 2.0241 1.7778 2.2088 2.2585
149 2.6996 2.6639 3.4940 2.4056 2.7557 2.5411 3.2784 2.1616 2.7461 2.9470 2.0975 3.1412 2.7752 3.1555 2.9830 2.8790 2.7461 3.1270 2.6296 3.2784 3.6196 2.6296 2.7366 2.7951 2.3291 2.6296 2.4190 1.9480 2.7951 2.1928 2.5488 2.1022 2.5184 2.6129 2.2250 2.3990 2.5488 2.3050 2.7654 3.0722 2.7272 2.5488 2.6046 2.9354 3.4550 2.5964 2.3477 2.0693 2.3170 2.4533 2.2361 2.5566 1.8371 2.5411 2.6996 2.1515 2.4122 2.5259 2.7951 2.2196 1.8590 2.5035 2.8052 2.7179 3.3809 2.5259 3.2463 3.0202 2.9708 2.9011 2.4325 215.8902 2.2585 2.0023 1.9727 2.1464 2.1364 2.5964 2.5644 2.0509 2.2472 1.6544 2.4533 2.9238 1.9769 2.8052 2.9470 2.5644 2.8900 2.6466 2.6906 2.4673 2.2472 2.1216 1.8739 2.1216 2.7272 2.0739 1.8928 2.5411 2.6906 1.9938 2.5803 2.6381 1.9439 2.8361 2.5964 2.1364 3.3989 2.0555 2.0110 2.0739 1.8299 215.8902 2.3730 2.2088 2.4533 1.8371 1.3620 215.8902 2.0739 215.8902 2.9011 2.6212 2.0374 1.9200 1.9980 1.6907 2.1823 2.0601 1.9811 2.0241 1.8664 1.7413 1.7284 1.7031 2.0647 1.7348 1.6082 2.0927 1.7577 1.3620 1.3281 1.1281 1.2520 1.5482 1.2714 1.1230 0.9496 0.0000 2.5488 2.6816 2.9011 2.6466 2.5109 2.7461 3.1555 2.6816 2.6639 3.1412 3.0076 2.6466 3.0202 3.1555 2.9708 3.0202 2.8361 2.8361 2.8154 2.8154 2.6466 3.3456 2.7461 2.5803 2.5723 2.6466 2.5566 2.9124 1.9938 2.7752 2.5644 13.1393 2.3477 1.9279 2.2034 1.4386 1.4770 2.2990 2.5184 2.3924 2.2931 2.5644 1.7544 2.4325 2.5964 2.3414 2.2034 2.6466 2.7366 2.5803 2.5964 2.3924 2.6129 2.1022 1.6544 1.6845 3.3631 2.3353 1.5482 2.5035 2.4056 2.9470 2.3109 2.7851 3.0992 2.0833 2.6466 2.8361 2.5035 1.8590 1.8890 2.7752 2.2814 3.1270 2.1616 2.1119 2.5411 3.3989 2.1364 2.7366 2.0509 2.8052 3.0722 3.8633 2.5259 2.3730 2.6129 2.5184 2.2416 2.3730 2.4190 3.0076 2.3353 2.5259 2.7851 2.4603 2.6129 1.8017
150 3.2151 3.0202 2.7179 2.7951 2.6816 2.4533 3.1555 2.4190 2.7179 3.8107 2.6046 3.2151 3.4173 3.3631 2.8154 3.2784 3.7851 3.1999 3.3284 2.8154 3.4173 2.4603 2.8573 3.1555 2.2361 2.2142 2.1928 2.1167 2.3924 2.2361 2.4257 2.5803 2.2756 2.0880 2.1315 2.4325 2.3859 2.5411 2.7951 2.9589 2.3794 2.3602 2.3353 2.7366 2.4463 2.4325 2.3602 1.8443 2.3666 1.9769 2.2142 1.8966 2.2305 2.1216 2.1414 2.2814 2.3924 2.6046 2.2142 2.2196 2.2990 2.2034 2.7272 2.9011 2.3794 2.6466 2.5803 3.0722 2.9952 2.5964 2.6906 215.8902 2.5964 2.3353 2.2472 2.1265 2.0833 2.1464 2.5411 1.6224 2.5803 1.9200 2.6129 3.4743 2.6129 2.2142 2.9470 2.8573 2.9708 2.6906 2.9238 2.3794 1.8966 1.8087 1.7478 2.1823 1.8052 2.0110 1.8443 1.2993 1.9359 2.0464 1.1468 2.1216 2.0555 1.9439 2.0833 1.7948 0.9524 1.3156 1.9521 2.2034 1.6485 215.8902 1.4968 1.3685 1.2444 1.3861 1.0805 215.8902 1.4844 215.8902 1.3599 1.6907 1.6485 1.2218 1.3664 1.2368 1.8590 1.3534 1.1746 1.4339 1.2236 1.2181 1.1853 1.2656 1.5535 1.4154 1.2520 1.3385 1.2070 2.4889 2.2699 2.9952 2.3924 2.8154 2.3539 2.6996 2.7087 2.5488 0.0000 0.7964 1.0247 1.0616 0.7482 1.3197 0.8801 1.4246 1.3751 1.3074 1.4339 0.8775 0.9721 0.9168 0.9249 0.9195 0.8983 1.5859 1.4770 1.3577 1.5018 1.1032 0.7549 1.1676 1.5325 1.8664 2.2585 3.4550 2.2361 2.3050 2.1719 5.0798 1.9685 1.9439 1.9359 2.1414 2.1515 2.3050 2.1216 2.1464 2.2305 1.9359 1.6724 215.8902 1.8590 2.2642 1.9044 2.0285 2.5184 2.5035 2.1414 2.8573 2.2034 2.5644 1.6968 1.3239 2.5035 1.8627 2.2472 2.9830 2.2814 2.9708 2.3990 2.0110 2.2585 2.3414 2.1719 2.1823 215.8902 2.1364 1.9359 2.2034 1.7125 2.6639 2.1823 2.0023 2.0927 2.1667 1.4624 2.3924 1.5588 2.1616 2.3666 2.1119 2.3170 1.7811 2.0739 2.1565 1.6253 1.6907 1.6138 1.7445 1.4177 1.6426 1.6026 1.5696 1.7093 1.7093
151 2.5259 3.0202 2.3666 3.0330 2.5803 2.5184 3.0459 2.5644 3.0459 3.0992 2.5184 3.1701 3.7600 3.6196 2.9238 2.9830 3.5140 2.9238 3.3809 3.1270 2.6816 2.4325 2.7752 2.9708 2.2990 2.8154 2.3539 2.4962 2.4962 2.5723 2.3539 2.6996 2.5644 2.4889 2.1216 2.5803 2.6466 2.4962 2.5035 2.6906 2.5883 2.4257 2.3924 2.4257 2.5488 2.5488 2.5644 2.2361 2.4889 2.2034 2.2814 1.7811 2.5964 2.2196 2.4603 2.3050 2.9470 2.7557 2.0285 2.3414 2.2756 1.8739 2.8154 2.9952 2.5723 3.0202 2.6906 2.7179 2.7557 3.1270 2.4190 215.8902 2.4603 2.3414 2.3539 2.2250 2.3414 2.7087 2.7179 1.9121 3.0459 2.3539 2.6212 3.3809 2.7752 2.7461 3.0202 3.1849 3.0076 3.1555 2.7752 2.5035 1.8776 1.6604 2.1515 2.0153 1.9200 1.9439 1.9603 1.6968 2.0927 2.0374 1.5144 2.3230 2.2528 2.1771 1.9439 2.2873 1.4721 1.4893 1.8590 2.1928 1.8087 215.8902 1.9853 1.7643 1.6253 1.7031 1.4200 1.5696 1.7610 2.2699 1.5970 2.1414 1.6426 1.4270 1.4481 1.4433 2.1119 1.4200 1.2953 1.5642 1.4063 1.3884 1.4576 1.4246 2.1315 1.4063 1.4200 1.5642 1.3406 2.4889 2.4745 3.0459 2.6129 2.5723 2.3990 2.7087 2.6129 2.6816 0.7964 0.0000 1.0368 1.1230 0.9358 1.5325 1.0460 1.4819 1.5325 1.4293 1.4433 0.8957 0.9579 1.0538 1.0742 1.0616 0.9835 1.5429 1.4177 1.4528 1.5750 1.0886 0.8597 1.0902 1.4339 2.7851 2.6296 3.2151 2.2814 2.9238 215.8902 215.8902 2.4463 2.3353 2.7752 2.8790 2.6212 3.0459 1.9200 2.6996 2.5883 2.3666 2.0419 215.8902 1.8776 3.5551 2.2416 2.6046 2.8573 2.4603 2.0927 2.3109 2.2472 2.3990 2.3050 2.4463 2.6552 2.0880 2.3230 2.1364 2.6466 3.2622 2.1414 2.0927 1.9521 2.4257 2.1928 1.9769 2.4962 2.3794 3.4940 2.9952 2.2931 1.6574 2.7366 2.3414 2.2642 2.5488 1.8739 2.5964 1.9319 2.5644 2.6639 2.2585 2.5803 1.8228 2.6046 2.3230 2.2142 2.6296 2.0555 2.4190 1.9853 2.0285 1.9769 2.0023 1.8590 1.7125
152 2.9124 3.2463 2.3602 2.9011 2.6046 2.5035 3.2784 2.6466 2.5184 2.9589 2.6466 2.7654 2.9354 3.4940 5.1962 3.1999 3.3284 2.9470 3.2784 3.0459 3.3989 3.2784 3.0330 2.9124 2.1414 2.1022 2.2196 2.1315 2.2250 2.1771 2.1667 2.1928 2.1616 2.0927 2.0023 2.1667 2.3170 2.2814 2.4533 2.4190 2.3539 2.1464 2.2361 2.4190 2.6906 2.2361 2.2472 1.9044 2.0067 1.8443 2.3990 2.0464 2.0110 2.1119 1.9685 1.7948 2.9354 2.3170 1.9399 2.4816 2.0880 1.9279 2.4257 3.2948 2.5335 3.1270 2.6996 2.8790 2.6816 2.8361 2.8052 215.8902 2.4745 2.2642 2.3730 2.1119 1.8627 2.5723 2.4257 1.8443 2.5803 2.5566 2.3291 2.5488 2.4962 2.7557 2.7654 3.0202 2.9708 3.3631 2.7951 2.9354 2.1616 1.6224 1.6999 1.9399 1.7093 2.0555 2.4745 1.5170 1.4893 1.6754 1.6968 1.7544 1.9811 1.8739 1.8516 2.3109 1.1468 1.5273 1.9603 1.7744 1.9121 1.4457 1.7220 1.7478 1.7948 1.8228 1.1746 215.8902 1.2933 215.8902 1.3884 1.3839 1.4200 1.7511 1.5068 1.6604 2.3414 1.5068 1.4154 1.6026 1.6253 1.5750 1.6907 1.7914 1.7710 1.6082 1.5750 1.5914 1.5535 2.8154 2.7461 2.6552 2.7654 2.9011 2.4463 2.7366 2.6639 2.9011 1.0247 1.0368 0.0000 1.1817 1.1433 1.5429 1.0384 1.5221 1.5642 1.4918 1.4505 1.1554 1.2070 1.1961 1.2406 1.1399 1.1536 1.6310 1.4868 1.5377 1.5221 1.2406 0.8983 1.0460 1.4968 1.8664 2.1364 2.1119 1.8739 2.9952 1.6515 215.8902 2.2990 1.7948 2.1771 2.5184 1.9644 2.4190 2.1414 1.9980 2.0975 3.5140 2.4962 1.8776 2.1616 1.7478 2.4122 2.8573 1.9480 1.8776 2.5109 2.2472 1.8192 2.5184 5.3193 2.0330 2.1216 215.8902 7.8210 2.2585 215.8902 3.3989 2.8790 2.0975 2.0975 2.5259 2.0833 2.0975 215.8902 2.9708 215.8902 2.2528 1.9200 2.6129 2.0464 1.5696 2.2416 2.2585 1.5804 2.4816 1.7031 2.4889 2.7461 2.2931 2.2873 2.2472 2.2699 2.4745 1.8228 1.9439 1.8407 1.9938 1.8664 1.8157 1.6224 1.8890 2.1928 1.3928
153 2.7557 2.6639 2.2642 2.5488 2.5964 2.7366 3.0202 2.5109 2.4056 2.6552 2.6816 2.7654 2.6727 2.4533 2.5335 2.6727 2.6466 2.5184 2.9830 2.4463 3.3809 2.6639 2.5883 2.7951 2.1771 2.1216 2.1315 2.2990 2.2585 2.2585 2.1216 2.5335 2.0833 2.2034 2.2472 2.3666 2.3794 2.4673 2.6381 2.5964 2.1875 2.2250 2.3050 2.5566 2.5644 2.1981 2.1928 2.1719 1.4770 1.7610 1.9359 1.6253 1.5273 2.0241 1.7643 1.7062 1.7778 1.7643 1.7744 2.0023 2.2528 1.8814 2.8573 3.5762 2.1565 3.0202 2.5335 2.5964 2.5803 2.4673 2.3730 215.8902 1.7948 1.8590 1.9082 1.7478 1.9279 2.5411 2.8154 1.5068 2.5109 1.6368 2.9708 3.2784 2.5964 2.9238 2.6046 3.0589 2.5488 2.8900 2.7654 2.2642 1.7811 1.8664 2.0153 2.2472 2.1928 1.7544 1.6253 1.4918 2.4603 1.6310 1.4386 2.8681 2.0880 2.1414 2.1364 2.4463 0.9806 1.3839 1.8966 1.6082 1.6724 215.8902 1.5170 1.4481 1.4063 1.6876 0.9636 2.3414 1.7413 2.3924 1.6426 2.1119 1.7156 1.4528 1.5696 1.3449 2.0241 1.4552 1.3534 1.6663 1.3707 1.2520 1.3928 1.4624 1.8890 1.3795 1.4293 1.6026 1.3620 2.6727 2.6639 2.5964 2.4463 3.0992 2.2873 2.5411 2.6466 2.6466 1.0616 1.1230 1.1817 0.0000 1.0902 1.4293 1.1711 1.7744 1.5119 1.6604 1.7478 1.1853 1.2292 1.3449 1.3664 1.3301 1.3013 1.5588 1.5535 1.6604 1.6937 1.4246 1.0262 1.0821 1.5170 2.5035 1.8739 2.2361 2.0110 3.7600 1.8299 215.8902 3.1412 2.2873 3.4173 2.5803 2.2196 2.4325 2.5035 2.1823 2.1616 2.2142 2.2990 215.8902 1.9044 2.3109 16.2283 2.4056 2.4190 2.4325 1.9938 2.1981 2.1315 2.6816 2.5184 2.1771 3.0856 1.9359 2.3666 1.7156 2.5109 3.1270 2.3924 3.4940 3.3809 2.5035 2.7366 3.3809 2.2873 2.3990 2.6816 3.2948 2.5335 1.8122 3.1849 2.1823 2.3353 2.2088 1.6485 2.4190 1.9044 2.2250 2.4463 2.1928 2.5883 1.6693 2.1070 2.1823 1.5196 1.4433 1.5914 1.7677 1.6574 1.6138 1.7031 1.5561 1.6784 1.7880
154 2.6129 3.0589 2.6816 2.7272 2.4889 2.6639 3.2151 2.4190 2.6046 3.2784 2.5184 3.1130 3.0202 3.2151 3.6878 2.7461 2.9952 2.6466 2.9011 2.7851 3.0330 2.6639 2.6046 2.8790 2.2196 2.1771 2.0601 2.0786 2.2642 2.0739 2.2034 2.6381 2.3353 2.1265 2.4190 2.2034 2.4533 2.4325 2.7461 2.5411 2.2305 2.3924 2.2585 3.1270 2.3230 2.3924 2.1719 1.9439 1.7677 2.5035 1.9082 1.9399 1.5914 2.1565 2.0023 2.0374 2.0067 2.0509 1.9044 2.4603 1.9161 1.4410 2.7951 3.1701 2.4603 3.1849 2.8790 2.9011 2.4673 2.9011 3.0076 215.8902 2.2931 2.1771 2.1414 2.1616 1.8228 2.3230 2.9708 1.9480 2.9589 1.9521 3.4550 3.2463 2.8573 3.2151 2.8361 2.6906 2.8681 3.0992 2.7951 3.0459 1.8017 1.9161 2.1719 2.1265 1.9359 2.3170 2.0110 1.4339 2.3924 2.4190 1.8966 2.5803 2.4122 2.1515 2.3924 2.4394 0.9922 1.3034 2.5964 2.8681 1.8890 215.8902 1.5068 1.6907 1.3729 1.5273 0.7174 215.8902 2.0833 215.8902 1.5970 2.0555 1.5750 1.2793 1.4819 1.1433 2.2873 1.3707 1.2444 1.3322 1.3218 1.3115 1.1097 1.1468 1.6195 1.3449 1.3884 1.6026 1.2993 2.8681 2.5883 2.7752 2.4603 2.6996 2.4962 2.7654 2.6639 2.5109 0.7482 0.9358 1.1433 1.0902 0.0000 1.4968 1.0805 1.7156 1.5535 1.6339 1.5914 1.0522 1.0308 1.0999 1.0368 1.1032 1.0338 1.3928 1.4386 1.6138 1.4868 1.2033 0.9864 1.2754 1.5535 1.9685 2.0786 2.8052 2.5964 3.1849 2.3050 7.9651 2.3924 2.1119 2.6727 3.2784 2.9470 2.5184 2.9238 2.5335 2.1414 2.2250 2.5035 1.8299 1.6815 2.4816 3.0992 2.7366 2.7366 2.1981 3.2151 2.7272 2.2472 1.8157 2.9011 2.0833 3.1270 2.3353 215.8902 4.2669 3.0856 3.8633 2.3539 2.6381 2.8900 2.7366 3.0589 3.1555 215.8902 1.9644 215.8902 2.4463 2.2585 2.1119 2.2361 2.1515 2.3170 2.4394 1.4528 2.2756 1.6110 2.2699 2.3990 2.2472 2.3050 1.5804 2.2814 2.2142 1.5696 1.4673 1.7220 1.7156 1.4339 1.5914 1.6253 1.4819 1.7252 1.8814
155 3.0856 3.2463 2.7179 2.4325 2.5184 2.5644 2.6129 2.5964 2.5035 2.9952 2.7654 2.9470 3.1270 3.0722 2.7179 3.2463 3.5343 2.9952 3.5343 2.7654 2.7179 2.6129 2.5184 3.3114 2.3414 2.1565 2.1070 2.1167 2.1823 2.0509 1.9044 2.4673 2.2034 2.1981 2.1315 2.2088 2.2034 2.2931 2.5488 2.3477 2.1616 2.1315 2.2814 2.5566 2.5488 2.1216 2.2034 2.6296 1.8890 2.0241 2.0927 1.8017 1.8928 1.8966 1.9603 2.1823 2.0067 2.1119 2.0110 2.3477 2.0153 1.8157 3.4360 3.1130 2.2305 3.0722 3.3809 3.0330 3.1849 2.9708 2.7557 215.8902 2.3602 2.2034 2.1719 2.0067 2.4325 2.5411 2.7557 1.7380 2.6727 2.2196 2.9470 2.7366 2.3109 2.6727 2.7461 2.8573 3.3284 2.6296 2.9238 2.6816 1.6968 1.3973 1.6110 2.1616 1.8966 1.3950 1.2162 1.5804 1.5119 1.5119 0.8324 1.7544 1.7880 1.8590 1.8590 1.9853 0.9835 1.8299 1.2520 1.5804 1.4363 1.2406 1.8228 1.6195 1.6876 1.7744 0.8373 2.6296 1.6397 2.3794 1.1502 1.7744 1.6663 1.4154 1.4410 1.3197 2.1414 1.5535 1.0902 1.5043 1.2813 1.5043 1.1907 1.2482 1.4481 1.3156 1.4993 1.4968 1.4968 2.6639 2.6816 3.0992 3.0330 2.5644 2.3414 2.4745 2.5883 2.7461 1.3197 1.5325 1.5429 1.4293 1.4968 0.0000 1.4844 1.3751 0.4553 0.9496 0.8775 1.6604 1.6544 1.5804 1.7031 1.6907 1.6724 0.9440 0.9009 0.9835 1.0414 1.6426 1.3795 1.4819 0.9035 2.0786 2.1119 2.4257 1.8814 2.0464 2.0374 215.8902 2.3477 1.9938 2.7087 2.0739 2.0693 1.9279 2.2034 2.7851 3.7114 2.9708 1.7156 215.8902 3.5762 1.9644 2.3230 2.3414 2.4603 2.5184 3.8107 3.2151 1.7125 1.8516 2.4394 2.1616 3.0722 2.5184 215.8902 1.9938 7.5469 2.9124 2.5964 2.2361 2.0739 2.7461 2.0739 2.2814 5.8103 2.6906 3.2784 2.1119 2.0693 3.6196 2.4463 1.5750 2.0647 2.0975 1.8553 2.2814 1.9239 2.0833 2.2361 2.0601 2.1414 2.0241 2.0647 2.2088 1.8553 1.7093 1.9044 1.8157 1.6724 1.7316 1.8299 1.8407 1.7220 1.4200
156 2.8573 2.7951 2.1119 2.8052 2.8052 2.5259 3.0992 2.7366 2.8573 2.9238 2.5109 2.8361 2.9124 3.5343 3.1270 3.1999 3.1849 2.9011 3.8367 2.6466 3.9183 2.6639 2.8466 2.7752 2.3050 2.5964 2.1823 2.4190 2.4533 2.8573 2.4673 2.6552 2.5964 2.3291 2.7951 2.5488 2.5803 2.7366 3.3809 3.2463 2.2472 2.4745 2.2642 2.8790 2.6639 2.3050 2.8900 2.0023 1.9853 1.7031 1.7744 1.9439 2.3291 2.0197 1.8739 2.0833 2.1022 2.0647 2.0197 2.0197 1.8890 2.2305 2.8790 2.9952 2.7752 2.9952 2.9124 2.9708 2.6816 2.8900 2.9354 215.8902 2.1719 1.8087 2.0927 2.0927 2.0023 2.6639 2.8790 1.7284 2.5566 2.2088 2.6296 3.0992 2.6466 2.7366 3.4940 3.1270 2.9708 3.1130 3.3631 2.7461 2.0023 2.0464 1.6195 1.9853 2.1875 1.7811 1.6724 1.7413 2.0023 1.9938 1.4918 2.4394 1.6968 1.9521 2.0509 2.0647 1.0934 1.2793 1.8087 2.0374 2.1823 2.7557 1.6724 1.5535 1.3884 1.5119 0.9636 215.8902 1.5859 3.7851 1.5018 1.9561 1.5642 1.4819 1.3156 1.4246 1.7156 1.2714 1.3707 1.3449 1.4433 1.3729 1.4552 1.4918 1.8299 1.4481 1.3534 1.4868 1.3577 2.7272 2.4257 2.7654 2.5035 2.7752 2.2756 2.6639 2.6296 3.1555 0.8801 1.0460 1.0384 1.1711 1.0805 1.4844 0.0000 1.6026 1.4246 1.4770 1.4109 0.9524 0.9922 0.9372 1.0098 0.9608 0.9276 1.4745 1.4154 1.3928 1.4063 1.1485 0.9249 1.1711 1.4063 2.2305 2.5644 3.3989 2.4962 2.8361 2.7654 215.8902 2.7366 2.8361 3.1555 2.4745 2.0975 2.2931 2.6906 3.3114 2.6639 2.4190 2.0067 4.4571 1.9853 2.5259 3.4173 2.2361 2.4463 2.9708 2.1119 2.7179 2.0739 2.2361 2.4056 1.7914 2.7752 2.4603 3.0330 2.3666 2.6046 3.0459 2.2585 2.3050 2.1216 2.8052 2.5883 2.3414 2.2756 2.9708 2.6816 3.0202 2.1616 2.4463 2.4889 1.7677 2.1875 2.1928 1.6082 2.3109 1.5669 2.0647 2.3666 2.0927 2.0555 1.9044 2.2585 2.2814 1.7156 1.6544 1.7156 1.6876 1.4433 1.6195 1.5669 1.6426 1.8890 1.5119
157 3.0992 2.7851 2.5335 2.8361 2.4745 2.5184 2.5803 2.6296 3.5343 3.4173 2.6046 2.7654 2.7752 3.2784 2.7752 3.1130 3.2784 3.3809 3.2784 3.0202 3.0589 3.0459 3.1270 3.2622 2.4056 2.4673 2.3666 2.6552 2.6996 2.5335 2.7087 2.1119 2.8154 2.4190 2.4962 2.7557 2.6296 3.0202 2.8900 2.9952 2.5644 2.4962 2.6466 2.6816 2.3666 2.7557 3.1270 1.7348 1.7880 2.1414 2.4603 2.4463 2.1823 2.9952 2.2305 2.3539 2.7557 2.9708 3.1130 2.6639 2.0464 2.4190 3.0459 3.1701 2.8154 2.8361 3.6646 2.7366 3.1701 3.7114 3.1555 215.8902 1.8407 1.9853 1.8516 2.1216 1.7348 3.5140 3.4550 1.9769 2.6639 2.1928 3.2784 3.5343 3.0589 2.7851 2.7366 2.9124 3.2151 3.2463 2.8790 3.4173 2.2585 1.4018 1.7445 2.1216 2.3794 1.7093 1.4844 1.7156 2.7951 1.6845 1.4109 2.4056 2.0786 2.2585 2.2699 2.5803 1.4386 2.0464 1.8228 1.8263 1.7031 215.8902 1.8590 1.8890 1.7811 2.0374 1.4386 4.3403 1.6167 3.0856 1.3928 1.5859 1.8443 1.9044 1.4624 1.3751 2.0241 1.5068 1.2953 1.6368 1.4968 1.3239 1.5018 1.4246 1.4339 1.4528 1.7610 1.5535 1.3620 2.8361 2.4056 2.6129 2.7557 2.2814 2.5803 2.7951 3.0459 2.6816 1.4246 1.4819 1.5221 1.7744 1.7156 1.3751 1.6026 0.0000 1.3095 1.2933 1.1641 1.6082 1.6138 1.7188 1.8516 1.8776 1.7845 1.2913 1.2330 1.2793 1.3034 1.8263 1.6026 1.6195 1.2873 2.2088 2.1875 2.9952 2.9830 3.5343 1.8480 215.8902 2.2931 2.1265 2.2873 2.5109 2.4603 2.1928 2.8573 2.7557 2.0374 3.1555 2.5964 2.0110 2.9470 2.6212 2.0927 2.3353 2.4889 2.3794 2.0601 2.9124 2.5109 2.6381 2.7272 1.6310 3.3631 2.7179 3.4173 2.1928 2.5964 2.3477 2.5335 3.1270 2.8466 2.0647 2.9470 2.7366 2.3477 2.3859 2.5184 2.2931 1.9161 2.0241 1.9853 2.3291 2.5883 2.8052 1.9938 3.1849 1.9005 2.5964 2.8573 2.2642 2.4533 2.2585 2.8573 2.3794 1.9938 2.5335 2.1928 2.0555 1.9644 2.1719 2.2250 2.2585 2.5184 1.7544
158 3.6196 2.6129 2.6906 2.6816 2.3990 2.5803 2.5803 2.4325 2.3794 2.8790 2.7179 2.9011 3.1270 2.7557 2.7272 2.9470 2.9354 3.0992 3.3114 2.8900 3.6196 2.7951 2.6816 3.9755 2.3170 2.0975 2.2814 2.0833 2.2142 2.1022 1.9685 2.5488 2.2756 2.2814 2.1616 2.0067 2.2642 2.2250 2.4056 2.3924 1.9938 2.0285 2.1719 2.8573 2.4745 2.1928 2.1265 2.0693 1.7284 2.0285 2.0555 1.7610 1.8852 2.1464 1.8299 2.3666 1.9399 2.0241 2.2305 2.3414 1.7284 2.2585 2.9589 2.4962 2.3924 2.5803 3.0202 2.8573 3.0992 2.8681 2.5109 215.8902 2.1119 2.0285 2.0739 2.1022 1.9769 2.5035 2.7851 1.6754 2.6552 1.9399 2.5259 3.0330 2.3924 2.5964 2.9011 2.6552 3.0722 2.6046 2.5335 3.0202 1.7348 1.2993 1.5887 2.0023 1.6968 1.5221 1.4943 1.4819 1.6907 1.4968 0.9496 1.8122 1.6281 1.8966 1.7677 2.0285 1.0678 1.8664 1.3620 1.3884 1.3034 1.5642 1.6663 1.3177 1.5723 1.5273 1.0157 215.8902 1.5429 2.2250 1.1997 1.6368 1.8017 1.4918 1.2144 1.2695 1.8852 1.4293 1.1817 1.1835 1.0009 1.3385 1.1502 1.1889 1.5887 1.2773 1.2520 1.3556 1.3239 2.6381 2.5035 3.0202 2.6296 2.3539 2.8257 2.4122 2.6129 2.6639 1.3751 1.5325 1.5642 1.5119 1.5535 0.4553 1.4246 1.3095 0.0000 0.9372 0.8891 1.6907 1.6693 1.6544 1.6138 1.6968 1.6604 0.9142 0.9022 0.9608 1.0009 1.6604 1.5482 1.5068 0.9249 2.2142 2.2142 3.0856 2.0555 1.9279 2.2088 2.0110 2.3666 2.4889 2.0927 2.1022 2.1022 1.9980 3.0992 2.6046 2.2361 3.3456 2.2699 2.1928 3.1701 2.2990 2.0285 2.4325 2.6639 2.5335 2.3291 2.7087 2.9011 2.3602 2.1515 1.4721 2.6816 2.2699 3.1270 2.0285 2.7951 2.5723 2.5964 2.3109 2.1022 2.8573 2.4056 2.2034 2.0833 3.3284 2.3414 2.5035 2.7366 3.4743 2.1464 1.6845 2.2142 2.0285 1.7811 2.1515 1.7880 2.0241 2.3170 2.0739 2.2990 1.7413 2.0833 2.2088 1.6253 1.6138 1.7544 1.8814 1.6368 1.5669 1.6368 1.7220 2.0153 1.4018
159 2.9708 2.8681 2.5488 2.5964 2.6296 2.3730 3.0992 2.5803 2.8154 2.6906 2.5184 2.6381 3.3114 3.3631 2.7366 2.7366 3.2151 2.9011 3.4940 2.8154 2.9708 2.6129 2.6639 3.0992 2.1070 2.1022 2.0023 2.5259 2.3539 2.3539 2.0693 2.0555 2.3414 2.0927 2.0739 2.5803 2.2361 2.4889 2.3170 2.5644 2.3602 2.1823 2.2528 2.4463 2.2142 2.2472 2.7851 2.2361 2.3170 2.8790 2.7752 2.6639 2.8790 2.2814 2.4325 2.9011 2.5803 2.6381 2.5566 2.8466 2.5803 2.1515 2.8257 2.8052 2.9354 2.7272 3.0459 2.9470 3.1849 3.0722 2.7951 215.8902 3.3809 3.0459 2.8681 2.6552 2.2361 2.6466 2.5644 2.2034 2.5644 2.4056 2.4190 2.6466 2.4122 3.1270 3.1999 3.2784 3.0330 3.3284 2.4962 3.1999 1.7478 1.6724 1.6663 2.1167 1.8017 1.6253 1.6485 1.4673 1.8017 1.5482 1.1264 1.9603 1.8157 2.0330 1.7677 1.9853 1.0950 1.8407 1.5273 1.2292 1.3534 0.7174 2.0110 1.9603 2.2250 1.9521 1.2444 1.7062 1.3534 2.5184 1.3449 1.9603 1.6544 1.9439 1.7577 1.7880 1.9082 1.6515 1.5535 1.4770 1.5299 1.9161 1.6026 1.7284 1.9239 1.9005 1.8443 1.7710 1.9439 2.4673 2.6296 3.2306 2.9011 2.7557 2.6381 3.0722 2.7557 3.1412 1.3074 1.4293 1.4918 1.6604 1.6339 0.9496 1.4770 1.2933 0.9372 0.0000 0.8801 1.4968 1.4481 1.5588 1.4721 1.5669 1.6368 1.0187 1.0869 0.7617 1.2330 1.5859 1.5068 1.5455 1.0460 2.8154 3.1130 2.8052 2.4745 6.5129 2.1719 215.8902 2.5964 2.2250 3.3456 3.5762 3.1849 3.0992 3.1849 3.0589 3.3809 3.3809 1.9603 215.8902 2.9708 3.1412 4.3403 3.4940 4.5399 3.4550 2.7461 3.9466 2.7752 4.7185 2.4673 1.3707 2.8790 2.0833 2.5184 1.5482 2.5411 2.9708 2.5488 2.2416 2.0464 1.9161 2.7557 2.1719 2.2196 2.5109 2.2873 2.5335 2.4122 4.7661 2.3666 1.7811 2.3050 2.1216 1.9239 2.3990 1.8890 2.2088 2.6296 2.0693 2.0601 1.9811 2.2814 2.2416 2.1315 2.2931 2.1216 2.0374 1.7710 1.9359 2.2142 2.1022 2.2642 1.5196
160 2.8681 2.7752 2.8154 2.5644 2.5035 2.7366 2.8466 2.5259 3.1701 3.1555 2.8466 2.6129 2.8154 3.2463 3.4360 2.9238 3.2948 3.1849 3.4360 2.8573 2.7179 3.4940 2.8900 3.0202 2.1364 1.9603 2.0197 2.1414 2.3050 2.1464 2.2990 2.3050 2.1216 1.9561 2.0241 2.5566 2.1070 2.3291 2.3794 2.5803 2.1771 2.2528 2.3924 2.6816 2.2250 2.1315 2.5488 2.1823 1.8739 2.0927 2.2034 2.1265 2.3990 2.0023 2.1414 2.2931 2.4325 1.9644 2.3414 2.2250 2.1875 2.0739 2.8361 2.7366 2.0927 2.5488 3.2463 2.6639 2.7366 2.9011 2.5335 215.8902 1.9239 2.4463 1.9044 2.1771 2.1928 2.6816 2.6996 1.9319 2.9952 1.7478 2.5184 2.6466 2.4816 2.4889 2.7557 2.8573 3.0202 2.9470 2.7461 2.4056 1.6815 1.7811 1.8739 2.0110 1.7880 1.4624 1.4246 1.7316 1.5094 1.5615 1.0902 1.6368 1.6876 1.8052 1.6633 2.1414 1.2033 1.5377 1.3928 1.7188 1.3707 1.0507 1.9644 1.9603 1.6224 1.8480 1.0323 1.9769 1.5615 2.3170 1.3577 1.8739 1.5170 1.7156 1.5119 1.6026 1.9161 1.3685 1.5351 1.4844 1.8052 1.6544 1.5170 1.4770 2.0241 1.7031 1.5750 1.6026 1.6368 2.6046 2.8257 2.6296 2.5335 2.5964 2.4122 2.8900 2.9011 3.0076 1.4339 1.4433 1.4505 1.7478 1.5914 0.8775 1.4109 1.1641 0.8891 0.8801 0.0000 1.6754 1.6397 1.6195 1.6224 1.6485 1.6456 1.0584 1.0128 0.9358 1.1416 1.7744 1.4386 1.5018 0.9303 2.3109 2.4603 1.9005 2.2416 4.0353 1.9082 4.8150 1.9603 2.9952 3.6878 2.1364 2.7461 2.3291 1.8443 2.6296 2.6552 3.3631 2.3170 215.8902 3.2948 2.1216 2.7851 2.8790 1.8966 2.8900 2.3414 3.4550 2.8573 2.8790 2.6996 2.0927 3.2463 3.0589 2.9470 1.5914 2.3666 2.8154 2.8681 2.6129 2.4463 2.1616 2.3666 2.5964 2.6296 2.4325 2.6466 3.3631 2.7752 2.6727 2.1414 1.7031 2.1875 2.3602 1.7093 2.4745 1.9521 2.3666 2.5803 2.1823 2.2250 2.4190 2.3666 2.3477 1.9938 1.8299 2.0739 1.7220 1.5887 1.8516 2.2034 1.8890 2.0555 1.6195
161 3.3456 2.9011 3.6646 3.4550 3.3809 3.3114 2.9952 2.9354 3.2151 2.9830 2.9354 2.9589 3.3809 3.3456 3.2784 2.9708 3.8633 3.1849 4.0978 3.3456 4.1970 2.7366 2.8257 3.9183 2.3414 2.6639 2.1070 2.6639 2.5184 2.5723 2.7951 2.4533 2.5035 2.4889 2.4056 2.4394 3.2784 3.0076 2.6996 2.7951 2.7087 2.9708 2.7752 2.7179 2.6816 2.8257 2.9708 2.1464 1.9685 2.8361 2.6381 2.5488 2.2416 2.4325 2.0555 2.1928 2.9011 2.9011 2.3170 2.5411 2.1875 1.9853 2.6996 2.9830 2.6552 2.8154 2.7654 2.8790 2.5723 2.5488 3.0076 215.8902 2.3990 2.0110 2.2931 2.2528 2.1464 2.5259 2.5964 1.6784 2.6296 2.6296 2.4745 2.5411 2.7366 2.8681 3.0076 2.8361 3.1999 3.4550 2.7179 2.7851 2.0927 1.8017 1.7610 1.6195 2.0833 2.0927 1.8966 2.1616 1.6368 1.9121 1.3281 2.2931 1.8739 2.6296 2.0833 2.2361 1.7031 1.7948 2.4745 1.8017 1.3707 215.8902 2.1616 1.9561 1.6754 1.9399 1.4576 215.8902 1.9200 215.8902 1.6310 1.6253 1.4063 1.5696 1.4697 1.5750 1.7948 1.5535 1.3928 1.7062 1.5221 1.3995 1.5351 1.6397 2.0023 1.5351 1.5170 1.7031 1.4109 2.8466 2.6129 3.3114 2.9238 2.6212 3.0992 2.5723 2.3924 2.6466 0.8775 0.8957 1.1554 1.1853 1.0522 1.6604 0.9524 1.6082 1.6907 1.4968 1.6754 0.0000 0.5827 0.5371 0.5142 0.5716 0.5389 1.6784 1.6138 1.5750 1.6544 0.8130 0.9636 1.1853 1.5970 2.2990 3.6196 2.9708 2.2472 2.1771 2.5803 215.8902 1.8407 2.1928 2.3924 2.4889 2.3050 2.7951 2.5184 2.5335 2.5566 2.4533 2.0374 3.3284 3.5762 3.0722 2.3353 2.6996 2.5644 3.0722 2.7951 3.3456 2.3414 215.8902 1.9121 2.0693 2.7366 4.0353 2.7951 1.6224 2.2585 3.7600 2.9238 2.7366 2.7752 2.9708 2.3170 2.6129 2.3414 2.7272 215.8902 4.2315 2.6129 2.5964 3.5551 2.0197 2.2931 2.4463 1.7220 2.6816 2.0197 2.5964 2.5488 2.2034 2.6466 1.7677 2.3794 2.3291 2.1315 1.8371 1.9769 1.7811 1.9082 1.7156 1.9685 2.0739 2.0374 1.6138
162 3.3114 3.2463 2.3924 3.5343 3.1849 3.9183 2.9708 3.0992 3.1555 2.9952 3.0589 3.0459 4.1632 3.0459 3.5977 2.9238 3.7114 3.7851 3.5977 3.4743 3.9755 3.0722 2.9830 3.3456 2.4673 2.9589 2.3539 2.7366 2.6381 2.3794 2.4603 2.7557 2.3477 2.4056 2.4394 2.5184 3.4743 2.9952 2.7951 3.0722 3.1412 2.8790 3.0459 3.0459 2.9708 2.7179 2.8257 2.4325 2.4745 2.5411 2.7366 2.6996 2.2699 2.2361 2.1515 2.2699 2.5964 2.5964 1.9769 2.2873 2.1875 2.0464 2.5259 2.9238 2.5184 2.8790 2.8361 3.1849 2.6639 2.5566 2.9470 215.8902 2.4745 2.3794 1.9644 2.3170 2.3539 2.5184 2.8154 1.8664 2.9830 2.2034 2.8573 2.9952 2.6129 3.1849 2.8790 2.7272 3.0722 3.1270 2.9470 2.6129 2.0023 1.7478 1.6253 2.0927 1.9644 1.6253 1.6663 1.7284 1.7744 1.8928 1.4154 1.7610 1.9005 2.2250 1.8299 2.0647 1.3491 1.8087 1.8739 1.6663 1.4386 215.8902 1.9769 1.7093 1.7445 1.9044 1.1746 215.8902 1.5144 215.8902 1.4086 1.4293 1.4293 1.6026 1.5750 1.4868 1.7643 1.4721 1.3707 1.5642 1.5750 1.5777 1.4177 1.5221 1.8157 1.6339 1.7284 1.7744 1.5914 2.7461 2.5883 2.9589 2.7752 2.6996 2.7951 2.6816 2.3414 3.0202 0.9721 0.9579 1.2070 1.2292 1.0308 1.6544 0.9922 1.6138 1.6693 1.4481 1.6397 0.5827 0.0000 0.3937 0.5442 0.5212 0.5425 1.7093 1.6138 1.5642 1.5804 0.9049 0.9835 1.2913 1.4109 2.0601 2.5259 2.8257 2.4889 2.5335 2.8573 215.8902 1.8017 2.2361 2.2196 2.3602 2.3602 2.2642 2.9124 2.3477 2.1364 2.9354 1.9980 215.8902 2.4816 2.0833 2.4673 2.7752 2.0509 1.8814 2.3109 2.1364 2.6046 215.8902 2.4603 3.9466 2.4603 4.1970 2.5803 215.8902 2.2472 3.5762 2.6129 2.8257 3.0589 2.5723 2.3730 2.9830 2.0197 2.4257 1.9811 2.4745 2.5644 2.5488 2.5964 2.0023 2.2931 2.4745 1.7478 2.5035 1.7413 2.2642 2.4889 2.1771 2.2196 1.7845 2.2361 2.1414 1.7093 1.6026 1.7093 1.5970 1.6815 1.7478 1.6138 1.7478 2.0647 1.4528
163 3.1270 3.2151 2.7272 3.4550 2.9708 3.0992 2.8361 2.9470 2.8681 3.3631 2.9238 2.7951 2.9238 3.0330 2.6996 2.8361 3.1701 3.0992 2.7179 2.9011 3.1701 3.0992 2.6296 3.0459 2.6296 2.8790 2.2305 2.9708 2.6046 2.6466 2.5184 2.6296 2.4603 2.6212 2.6046 2.4816 3.3456 2.6466 2.6639 3.0202 2.8790 2.5411 2.7179 2.8573 3.1555 2.6816 2.8361 2.7951 2.9708 2.6727 3.5140 2.8361 2.8361 2.6727 2.0975 1.9769 2.5883 2.4745 2.4603 2.2873 2.0833 2.0241 3.1270 2.8681 2.3539 2.8790 2.6296 2.9952 2.6212 2.6639 2.5109 215.8902 2.6906 2.5644 2.5035 2.3050 2.5411 2.7087 2.7272 2.0880 3.1270 2.5335 3.0856 3.2306 3.1412 3.2463 2.8790 2.7851 3.2306 2.7366 2.6552 2.7951 2.0197 1.9359 2.0833 2.4463 2.0419 1.7478 1.8516 2.1414 2.0509 2.0110 2.2305 2.0419 2.1414 2.1167 2.0464 1.7880 215.8902 1.6784 1.9853 1.4624 1.6784 215.8902 2.0786 1.7610 1.6082 2.0330 215.8902 1.2873 1.5832 2.9238 1.5247 2.1719 1.6426 1.4624 1.5455 1.4721 2.1414 1.5429 1.3322 1.5914 1.3973 1.6663 1.3928 1.4339 1.8157 1.3795 1.6026 1.5642 1.6368 3.1555 2.8154 2.7752 3.1849 3.3456 3.0722 2.5883 2.5964 3.1555 0.9168 1.0538 1.1961 1.3449 1.0999 1.5804 0.9372 1.7188 1.6544 1.5588 1.6195 0.5371 0.3937 0.0000 0.5884 0.4801 0.4455 1.6876 1.5221 1.5723 1.6195 0.8385 1.0098 1.2330 1.6138 2.3924 2.7752 2.2873 215.8902 2.4325 215.8902 2.7951 2.3109 2.2088 2.6727 2.6381 2.4056 2.9830 3.3809 2.7087 2.0374 2.8154 2.0110 215.8902 3.0076 2.4463 2.2196 2.6996 2.1823 2.1070 2.7087 2.3170 3.2784 215.8902 2.6046 215.8902 3.6419 2.8790 2.4056 215.8902 2.1216 2.6466 2.3539 6.8249 4.4172 5.5176 2.5723 4.4172 2.8790 2.6296 2.6466 4.3032 3.2784 2.8790 4.9695 2.0647 2.1565 2.4325 1.7220 2.4745 1.8299 2.2472 2.5566 2.2361 2.3859 2.0927 2.2250 2.1216 1.7093 1.5804 1.5068 1.9044 1.7445 1.6426 1.6784 1.9121 2.0647 1.7948
164 3.1270 3.1270 4.4571 2.9470 3.0992 2.9952 2.9238 2.9124 2.9238 3.0722 2.7272 3.0722 2.9124 3.3631 2.8154 2.9470 3.4550 3.0330 2.1515 3.0459 3.5977 3.1130 2.8257 3.1270 2.4190 2.8052 2.4325 2.5723 2.5803 2.5566 2.3291 2.6816 2.6212 2.6466 2.5488 2.6129 2.9354 3.0992 2.9952 3.3284 2.7851 3.0992 2.6639 2.9708 2.6816 2.8466 2.9354 1.9279 2.8790 2.3539 3.0202 2.5109 2.6996 2.2931 2.1981 2.1515 2.4745 2.2305 2.1216 2.3602 2.3477 2.3414 2.6212 2.9470 2.7179 2.6816 2.9589 2.5488 2.9011 2.7951 2.9952 215.8902 3.0856 2.1515 2.4190 1.9279 2.0067 2.6639 3.0202 1.7948 2.6212 2.4056 2.7951 2.8681 2.9124 2.5723 2.9470 2.8257 4.2315 2.9708 3.0589 2.9011 1.8087 1.9769 2.1565 1.9603 2.1315 2.0927 1.7744 1.8890 2.5411 2.0419 215.8902 2.2472 2.0374 2.2873 1.9603 2.1823 1.1979 1.4770 1.5696 1.5273 1.9439 3.6419 2.0023 1.8407 1.6082 1.8052 1.0902 1.8263 1.5914 3.3284 1.8553 2.1515 2.0285 1.4673 1.3928 1.5273 2.5335 1.4721 1.3620 1.5273 1.3664 1.4293 1.3239 1.4819 1.7284 1.5043 1.4246 1.4770 1.4528 2.6296 2.9708 3.0992 2.9354 2.9708 3.0722 2.4962 2.5184 2.9708 0.9249 1.0742 1.2406 1.3664 1.0368 1.7031 1.0098 1.8516 1.6138 1.4721 1.6224 0.5142 0.5442 0.5884 0.0000 0.4987 0.4987 1.8228 1.6253 1.5696 1.7544 0.7743 0.9980 1.2913 1.5914 2.1667 4.3032 2.9708 5.4496 2.6296 215.8902 215.8902 1.9439 215.8902 3.1412 2.3291 2.4816 3.0722 2.5964 1.9811 2.9354 3.0202 2.1928 215.8902 2.5723 2.8257 215.8902 2.5644 2.8573 2.3924 2.6552 2.2250 2.5335 23.7765 2.1119 2.1981 2.6816 2.5335 2.9470 215.8902 2.4745 2.9238 2.9470 2.7272 215.8902 2.4889 3.3631 215.8902 5.5176 2.8361 2.7752 2.7752 2.3353 2.4745 2.4190 2.3539 2.2931 2.5803 1.7577 2.5964 1.8590 2.4056 2.8466 2.3414 2.4745 1.7845 2.5335 2.3859 2.1315 1.9521 1.9685 1.9399 1.8664 1.8052 1.9938 2.0975 2.2034 2.1315
165 3.1849 3.2151 2.8257 3.7355 3.2948 3.1555 3.5343 3.1555 3.0202 3.4550 2.7951 3.4173 3.3456 3.9466 3.5343 2.8361 3.9755 3.2784 2.6552 3.0202 3.9183 2.6381 3.2622 4.0978 2.4533 2.8154 2.1823 2.6639 2.8900 2.4962 2.5184 2.7752 3.0722 2.7557 2.5035 2.5335 2.8257 2.8573 2.9589 3.0992 2.8900 2.8052 2.6296 2.6466 2.5184 2.8790 2.6296 2.3291 2.2699 2.5566 2.9952 2.7366 2.9124 2.4745 2.2990 2.7366 2.3602 2.3602 2.4962 2.8466 2.3414 2.7179 2.6906 2.7272 2.8257 2.7654 3.1555 2.9952 2.6212 2.6639 2.9124 215.8902 2.4962 2.6296 2.7654 2.6727 2.3602 2.7654 3.0076 1.7710 2.9124 2.2416 3.3456 2.9011 3.1701 2.9952 3.1999 2.9238 3.4550 3.9183 2.8257 2.8681 1.9439 1.9769 2.0509 2.3170 2.0197 2.0285 1.9603 1.7544 1.9480 1.9044 1.7031 1.9279 1.6397 2.3666 2.1167 2.0241 1.3491 1.9082 2.0374 2.0110 2.2472 215.8902 2.1216 1.8087 1.6999 2.2142 1.3620 215.8902 1.5535 215.8902 1.6368 1.6026 1.5018 1.6082 1.6544 1.7544 1.9005 1.5914 1.5535 1.9439 1.5914 1.7031 1.5429 1.4918 1.8443 1.6253 1.6485 1.7744 1.6907 2.6816 2.6816 3.0722 3.0856 3.1130 3.1849 2.5259 2.5109 3.0202 0.9195 1.0616 1.1399 1.3301 1.1032 1.6907 0.9608 1.8776 1.6968 1.5669 1.6485 0.5716 0.5212 0.4801 0.4987 0.0000 0.2953 1.8443 1.7156 1.6368 1.7031 0.8324 0.9922 1.2993 1.7220 2.2305 3.8107 2.1464 4.4571 2.4190 2.8154 215.8902 2.1119 1.8087 2.2814 2.8052 2.4190 2.2699 3.2784 2.5411 2.6296 2.7557 2.0285 215.8902 2.4257 2.8257 215.8902 2.7179 2.0285 2.3794 3.0992 4.0662 4.0662 215.8902 1.9279 215.8902 2.8361 1.9480 2.2088 2.3730 2.3539 3.1849 2.5644 2.1315 2.8573 2.4603 3.1999 2.0647 2.3291 2.3170 215.8902 3.0459 3.7851 2.4190 2.9011 2.1616 2.2472 2.6212 1.7744 2.4325 2.1719 2.3730 2.5184 2.3539 2.3666 1.8407 2.4190 2.3666 2.0647 2.2250 1.9082 1.7778 2.0197 2.1216 2.1119 2.1119 2.3539 2.0833
166 3.0459 2.9470 2.8361 3.2784 3.1849 3.2622 3.0202 3.5762 3.2306 3.3114 2.6996 3.1270 3.1849 2.9470 4.5399 2.8466 3.3284 3.3456 3.2463 3.2784 4.1301 3.2306 3.2622 3.5343 2.5964 2.8573 2.1119 2.5335 2.4745 2.4394 2.4745 2.9354 2.7752 2.6639 2.2585 2.4533 3.5140 2.9011 3.1555 3.4940 2.9124 2.6552 2.5566 3.1701 2.6381 2.6212 2.6296 2.2088 2.8361 2.9952 2.6296 2.8681 2.7654 2.3794 2.4463 2.7851 2.2528 2.0975 2.1771 2.4673 2.4122 2.9470 2.7851 2.8466 2.8052 2.9354 3.0202 2.6639 2.7272 2.6296 2.9708 215.8902 3.0330 2.6212 2.5803 2.5335 2.2990 2.8573 2.8154 1.7710 2.7557 2.8154 2.9830 2.9952 2.9830 2.9952 3.4743 2.8466 3.9183 3.1412 3.1701 2.7654 1.7220 2.2250 1.9853 2.3291 2.0153 1.8966 1.8966 1.8739 1.9603 1.8443 1.5642 1.8966 1.5170 2.1265 2.0023 2.3050 1.5247 1.7643 2.4463 2.0023 2.1719 215.8902 2.0464 1.8928 1.7284 2.0067 1.2873 215.8902 1.5325 215.8902 1.4576 1.7744 1.6138 1.7093 1.5696 1.7948 1.8553 1.5170 1.5777 1.8928 1.6368 1.6544 1.5170 1.6845 1.7577 1.8052 1.6026 1.6485 1.6907 2.9470 2.6639 3.1849 2.8790 2.8052 2.5964 2.6996 2.4463 2.8361 0.8983 0.9835 1.1536 1.3013 1.0338 1.6724 0.9276 1.7845 1.6604 1.6368 1.6456 0.5389 0.5425 0.4455 0.4987 0.2953 0.0000 1.7125 1.6485 1.6368 1.7156 0.8447 0.9440 1.2482 1.7413 2.2034 3.5762 2.4533 2.8573 2.9354 215.8902 16.2283 2.5723 2.0693 3.0459 2.8052 2.2196 2.4889 2.3291 2.0927 2.5964 2.7752 2.0786 215.8902 2.2814 2.7557 2.5488 2.8361 2.3794 2.5488 2.7366 3.2784 3.1701 2.7179 2.0285 215.8902 2.5335 2.0067 2.3050 215.8902 2.3414 2.9952 2.6727 2.4533 2.6816 4.0978 2.7557 2.5964 215.8902 2.1119 2.1070 3.1270 3.1130 3.3809 4.0353 1.8052 2.4056 2.4816 1.8590 2.5883 1.9727 2.5184 2.4745 2.4463 2.1928 1.8017 2.4745 2.5335 1.9279 2.1928 2.2472 2.0285 1.8664 2.1070 2.0647 1.9480 2.3414 2.2472
167 2.8573 2.9589 3.4940 2.7461 2.7752 2.8154 2.4325 2.7951 2.7951 2.6996 2.9708 2.5035 2.7951 2.7951 2.5184 3.0076 2.8361 2.6466 2.9708 3.0992 3.6196 2.6129 2.6466 3.5140 2.2034 2.1414 2.1771 2.3230 2.3794 2.2585 2.1515 2.5488 2.2196 2.3414 2.4325 2.4745 2.3539 2.2814 2.6466 2.6906 2.1022 2.2585 2.3414 3.2622 2.8154 2.0285 2.3666 2.1216 2.0067 2.3291 2.4889 2.5184 3.2784 2.2585 2.5488 2.3414 2.3602 2.6816 2.6129 2.1216 2.5488 2.6552 3.2784 3.6196 2.8361 2.9238 3.3114 3.2463 2.8790 2.7179 2.6296 215.8902 2.6996 2.2142 3.5762 2.0419 1.9685 2.6906 2.8052 2.1216 2.8790 2.3170 3.0459 3.0330 2.5488 3.2463 2.7951 2.7752 3.2151 2.5883 2.6466 2.8681 2.0464 1.9359 1.9603 2.3666 1.5970 1.9279 1.8701 1.6515 1.6693 1.6754 1.0460 1.6515 2.0023 1.9279 1.8701 1.8852 1.3322 1.7348 1.6907 1.6281 1.5119 3.3456 1.6663 1.7744 1.5247 1.5588 0.9806 2.2142 1.6784 2.4603 1.6633 1.7413 1.9853 1.3177 1.5696 1.5068 1.9685 1.4410 1.5094 1.5273 1.4918 1.6082 1.5588 1.4893 1.8017 1.4673 1.4721 1.5535 1.4868 2.5488 3.0992 3.5343 3.2463 2.5566 2.6466 3.3809 2.9470 2.8361 1.5859 1.5429 1.6310 1.5588 1.3928 0.9440 1.4745 1.2913 0.9142 1.0187 1.0584 1.6784 1.7093 1.6876 1.8228 1.8443 1.7125 0.0000 0.8106 1.1519 0.9222 1.8192 1.4673 1.6544 1.0616 2.3477 2.6129 2.7851 2.1315 3.0992 1.6515 215.8902 2.1823 8.4277 2.3924 2.6639 2.3050 2.3477 2.5488 2.3291 2.9011 3.0076 2.0601 215.8902 2.8361 3.0589 7.4165 215.8902 2.3291 2.5411 2.6381 3.8107 2.5644 2.6639 2.4745 1.7156 3.2784 2.3109 2.6466 1.8516 2.1616 2.9708 2.6639 3.2463 2.8361 3.3631 2.3539 3.0722 3.1555 5.4496 2.5184 2.2814 2.3794 1.6663 2.2034 1.8087 2.4190 2.4257 1.9121 2.5335 1.7811 2.3990 2.6129 2.2699 2.2142 1.6724 2.3230 2.4533 1.7284 1.8890 1.9769 1.6845 1.7284 1.5196 2.1515 1.6907 2.2585 1.9121
168 2.9011 3.0459 2.9708 3.3114 2.6639 2.8573 3.0992 2.5335 2.6816 3.4743 2.9238 3.7600 3.2784 4.4172 3.6646 2.9238 3.7600 3.1849 3.6646 3.1555 3.1701 3.3284 3.0856 4.1301 2.2931 2.1364 2.1315 2.1022 2.3602 2.3170 2.1981 2.3666 2.4394 2.0374 2.2990 2.3109 2.3990 2.2814 2.5803 2.6129 2.2699 2.1928 2.4889 2.9124 2.5964 2.1515 2.4190 2.3666 2.2931 2.7654 2.2931 2.9011 2.4257 3.0856 2.7366 2.5723 2.3291 2.3539 2.7366 2.3414 1.9980 2.6129 2.7951 2.8573 2.7851 2.7752 3.0992 3.1412 2.7366 2.7179 2.8154 215.8902 2.1515 2.4257 2.3794 2.0975 2.3666 2.6639 3.0330 2.1875 2.9830 2.1981 2.8900 2.9470 2.5488 2.4463 2.6296 3.3114 3.1130 3.0202 2.6466 2.6906 1.4721 1.8087 1.6724 1.7811 1.5068 1.5588 1.6784 1.7544 1.2953 1.5377 1.2107 1.2597 1.6026 1.4063 1.4246 1.7544 1.4868 1.7677 1.5696 1.6544 1.4481 1.4968 2.1167 2.0786 1.9279 2.3414 0.9821 215.8902 1.5482 1.7744 1.5429 1.7284 1.3364 1.6544 1.8299 1.6426 2.0110 1.8627 1.5273 1.8516 1.5588 1.5588 1.7643 1.5998 2.2088 1.6485 1.7031 1.8739 1.5429 3.0992 2.6816 3.4550 2.5644 2.7461 2.6816 2.8257 2.8466 2.8154 1.4770 1.4177 1.4868 1.5535 1.4386 0.9009 1.4154 1.2330 0.9022 1.0869 1.0128 1.6138 1.6138 1.5221 1.6253 1.7156 1.6485 0.8106 0.0000 1.0068 0.1047 1.8299 1.3664 1.5119 0.9222 3.7114 2.4889 3.3989 3.2784 2.3170 1.9561 4.9695 3.0459 4.1632 2.8257 2.6639 2.2699 1.9121 2.4122 2.4325 3.4743 3.5140 2.7179 1.9044 3.5140 3.2463 2.0285 2.1119 2.5644 4.3783 2.8573 2.7752 2.3794 2.5723 2.1616 1.7093 3.3989 215.8902 2.4603 1.6368 4.8651 3.3456 2.3291 3.0459 2.6296 2.7366 2.6296 2.6296 215.8902 2.1119 1.7677 2.4463 2.3794 2.1771 2.3794 1.7220 2.2361 2.3050 1.9121 2.4533 1.8664 2.3170 2.6816 2.1719 2.2250 2.0464 2.2250 2.3666 2.0419 1.7284 2.0023 1.7677 1.9811 1.9121 1.6397 1.8299 2.3170 1.1925
169 2.8790 2.8900 2.4673 2.9708 2.8790 2.8573 3.0589 2.7752 2.6129 3.2463 2.8154 2.7179 2.9238 3.2463 2.8681 2.7179 2.7951 2.5184 3.6878 2.7951 3.5551 2.8154 2.6816 3.1701 2.1464 2.2814 2.1719 2.3050 2.2142 2.2642 2.0647 2.3109 2.3666 2.1414 2.2873 2.3291 2.4394 2.3230 2.5488 2.4394 2.4533 2.3730 2.2361 2.5644 2.3230 2.1823 2.4190 1.9480 1.9938 2.1364 2.2585 2.0555 2.7272 2.0927 2.0110 2.1315 2.5259 2.4889 2.2931 2.4463 2.1823 2.5035 3.0202 3.0459 2.4257 2.7951 3.1412 2.8900 2.9011 2.9708 2.7366 215.8902 2.1823 2.5644 2.1719 2.1315 2.3477 2.5723 2.5035 1.7511 2.6212 2.0197 2.8154 2.9952 2.3414 2.5644 2.9708 3.0459 2.7951 2.6639 2.9238 2.6296 1.8228 1.7413 1.8776 2.0023 1.7413 1.5170 1.3795 1.8814 1.9121 1.3534 1.1746 1.9685 1.7880 2.0880 1.8263 1.7880 1.2311 1.7445 1.5804 1.5018 1.4819 215.8902 2.2361 1.7744 1.6663 1.7744 1.3795 215.8902 1.4223 2.1515 1.3197 1.5068 1.8966 1.9279 1.6026 1.6253 2.0975 1.6426 1.3177 1.7744 1.5429 1.5859 1.5970 1.4200 2.1119 1.6999 1.4386 1.8664 1.5859 2.7654 2.3990 3.2151 2.6296 2.5184 2.7557 2.7179 2.8361 2.8154 1.3577 1.4528 1.5377 1.6604 1.6138 0.9835 1.3928 1.2793 0.9608 0.7617 0.9358 1.5750 1.5642 1.5723 1.5696 1.6368 1.6368 1.1519 1.0068 0.0000 1.0902 1.7093 1.4918 1.5221 0.9303 2.6296 2.5644 3.1270 2.1315 5.1372 2.3924 215.8902 2.3924 3.1555 2.6639 2.4122 2.2814 3.4550 2.7654 2.8573 3.4743 2.7557 2.1265 4.0353 3.3114 3.1270 2.9708 4.0051 2.4325 3.5343 2.1981 3.3989 4.1632 5.8103 2.4745 1.5247 2.8790 2.2756 2.5411 1.8966 2.5335 2.2990 5.6597 3.3456 2.6296 4.4172 3.0202 2.8154 2.4056 1.8299 2.4056 2.6296 3.5762 3.3114 2.4603 1.7284 2.3990 2.3666 1.9200 2.3730 1.7880 2.2142 2.5803 2.3050 2.2142 2.1515 2.2305 2.4056 2.0419 1.8664 2.0555 1.8443 1.8087 1.7744 1.8299 2.0285 2.1167 1.6368
170 2.8361 2.9238 3.3631 3.0992 2.8573 2.8361 2.9470 2.7087 2.5964 3.6419 2.7179 3.3809 2.6212 3.9183 3.3114 2.7951 3.6646 3.4173 3.5762 3.1412 3.2463 3.1130 3.2784 3.4550 2.3924 2.3050 2.2642 2.2642 2.4394 2.3730 2.1823 2.5644 2.4533 2.2250 2.6381 2.3859 2.4190 2.3353 2.6129 2.6906 2.2305 2.1719 2.5184 2.9470 2.5644 2.2361 2.5644 2.5035 2.0927 2.3539 2.2931 2.5723 2.3539 2.7087 2.7366 2.3109 2.3291 2.5411 2.7366 2.2088 1.9980 2.3109 2.7654 3.0330 2.9124 3.1270 3.3284 2.9354 2.6046 2.5803 2.6296 215.8902 2.3291 2.2585 2.1823 2.3291 2.0833 2.8790 3.2784 2.2990 2.8154 2.3109 2.5184 3.1849 2.5184 2.7752 2.6296 2.9708 3.1555 2.8681 2.7366 2.9011 1.9319 1.7478 1.7156 1.9082 1.8263 1.5588 1.6310 1.7093 1.7031 1.6110 1.2107 1.6110 1.6368 1.7880 1.6604 1.9439 215.8902 1.8299 1.5273 1.7880 1.4154 1.2070 1.9044 1.9359 1.8371 2.0419 0.9551 1.9769 1.6544 2.6996 1.6339 1.9811 1.7577 1.6544 1.7914 1.5068 2.4603 1.6845 1.4246 1.7880 1.5429 1.5221 1.6544 1.5068 2.2088 1.6310 1.6368 1.8087 1.5325 3.0330 2.6996 3.0992 2.6129 2.8573 3.1701 2.9470 2.8900 2.6466 1.5018 1.5750 1.5221 1.6937 1.4868 1.0414 1.4063 1.3034 1.0009 1.2330 1.1416 1.6544 1.5804 1.6195 1.7544 1.7031 1.7156 0.9222 0.1047 1.0902 0.0000 1.7380 1.2993 1.4819 1.0584 3.7114 2.6381 4.1970 2.4816 2.4190 1.9938 215.8902 2.5964 3.4550 2.9470 2.2528 2.2931 1.9561 2.9470 2.7951 3.2948 3.8107 2.5411 215.8902 2.9238 3.6196 2.0285 2.3170 2.9952 4.3783 3.4550 2.8361 2.5184 2.0153 2.3924 1.7511 3.1849 215.8902 5.3193 1.6604 2.1414 3.3809 2.8361 2.6296 2.7366 2.8466 3.0459 2.5644 5.0239 1.9769 2.0880 2.3170 2.8790 2.7272 2.3794 1.9685 2.3666 2.2931 2.0285 2.4603 1.8664 2.2361 2.7951 2.2088 2.2305 1.9769 2.2699 2.5803 2.1216 1.7845 1.9279 1.7880 1.8553 1.8627 1.6815 1.8299 2.7272 1.8739
171 3.6196 3.5140 2.9011 3.1270 2.7851 3.1555 2.5964 3.3989 3.1270 2.5035 2.9238 3.0856 2.7461 3.3631 2.5035 3.7600 2.3990 3.6419 2.9830 2.9830 2.5335 3.0202 3.0856 3.0202 2.5411 2.6466 2.4257 2.9354 2.4816 2.5035 2.5803 2.6212 2.6639 2.6906 2.2361 2.5335 3.5343 2.9124 2.7557 2.6466 2.6816 2.8154 3.2784 2.8573 2.6639 2.7951 2.9830 2.5335 2.4325 2.3924 2.5488 2.7366 2.3990 2.1216 2.2699 2.3109 2.1616 2.1616 2.0693 2.1216 2.0739 2.3050 2.5723 2.1981 2.5803 2.8052 3.1849 2.6129 3.3114 2.5883 2.5723 215.8902 2.2142 3.4173 2.6996 2.1364 2.6906 2.4673 2.9708 1.9439 2.6129 3.0459 2.7851 3.0459 2.6639 2.9238 3.3114 2.7366 2.7557 3.3631 2.9011 2.8257 2.9708 1.9359 1.7811 3.3809 4.0051 2.5964 1.6082 1.8228 215.8902 1.8664 1.4481 1.8739 1.5804 2.3230 1.8516 215.8902 1.7348 1.8263 2.8361 2.1823 1.9895 215.8902 1.9161 1.6456 1.7220 1.6876 1.5832 215.8902 1.5482 215.8902 1.4018 215.8902 1.9161 1.6368 2.0975 1.3707 215.8902 1.6138 1.3034 1.7220 1.6310 1.4968 1.5696 1.6138 1.7744 1.5221 1.5914 1.7284 1.5170 3.1849 3.4550 3.2948 2.9470 2.9830 3.0459 2.7951 3.2151 3.3456 1.1032 1.0886 1.2406 1.4246 1.2033 1.6426 1.1485 1.8263 1.6604 1.5859 1.7744 0.8130 0.9049 0.8385 0.7743 0.8324 0.8447 1.8192 1.8299 1.7093 1.7380 0.0000 1.1297 1.3751 1.7544 2.2250 2.4603 2.8681 2.3602 2.9011 215.8902 23.0509 2.1070 3.0856 3.2306 2.7752 2.7654 2.4603 2.8790 2.3109 2.2034 2.3170 2.1315 215.8902 2.3794 2.8361 2.1414 2.0197 2.2814 2.1315 2.6816 2.8052 2.7557 2.0927 2.3291 215.8902 2.5488 2.3230 215.8902 1.8087 2.4533 3.5762 2.1616 4.2315 4.6721 5.1962 2.5109 3.4173 215.8902 2.4962 2.2873 2.7179 2.7557 2.3414 2.4889 2.3539 2.2585 2.6639 1.8890 2.6552 2.1719 2.3109 2.5488 2.2931 2.3109 2.2585 2.3170 2.2642 1.9200 2.0023 2.1981 1.9044 1.8590 1.8664 1.8443 1.9769 2.2699 4.0662
172 2.9952 3.3456 2.3794 2.9708 2.7752 2.5644 3.0722 2.8573 3.0459 2.6816 2.6381 2.6212 3.1270 3.8107 2.5803 3.2948 3.6419 2.6552 3.6878 3.0459 3.1701 2.9011 2.9708 4.1970 2.6296 2.6296 2.2250 2.0739 2.8257 2.4889 2.4190 2.5803 2.5964 2.5184 2.6816 2.7366 2.7087 2.4745 2.6552 2.9238 2.6046 2.3666 2.2034 2.6296 2.9830 2.5184 2.4745 2.0927 2.2034 1.9769 2.7461 2.1823 3.0202 2.3539 2.5184 2.3924 2.0374 2.1771 2.1464 2.3794 2.6381 2.2361 3.0722 3.2784 2.7654 3.6646 3.2463 2.7752 3.1849 2.7951 2.7752 215.8902 2.1719 2.3291 2.8154 2.5035 2.0833 2.5644 2.5035 1.6907 2.8052 2.0927 2.3666 3.0722 2.8466 3.1555 3.0202 2.9011 2.8466 3.2784 2.6296 2.7557 2.2361 1.5482 1.6368 2.0023 2.0739 1.9439 2.1315 1.3795 2.3170 2.1414 1.4063 2.1216 2.1719 1.9853 1.6663 2.0786 0.9524 1.4109 2.3539 1.7156 1.8299 215.8902 1.6253 1.4528 1.3861 1.7478 1.0491 215.8902 1.5535 215.8902 1.4316 1.5804 1.3034 1.2893 1.1961 1.1536 2.2250 1.3449 1.2833 1.4624 1.1961 1.2181 1.3664 1.3406 1.7610 1.3707 1.2181 1.4339 1.2406 2.7461 2.9470 2.6046 2.7654 3.0076 2.6046 3.0459 2.4463 2.7461 0.7549 0.8597 0.8983 1.0262 0.9864 1.3795 0.9249 1.6026 1.5482 1.5068 1.4386 0.9636 0.9835 1.0098 0.9980 0.9922 0.9440 1.4673 1.3664 1.4918 1.2993 1.1297 0.0000 1.0742 1.4918 2.0285 1.9082 2.3990 2.2472 2.7272 215.8902 215.8902 2.3924 2.0693 3.6419 3.0330 2.2528 1.9121 2.4533 2.1719 1.9853 2.9589 1.8852 215.8902 3.2622 2.1719 215.8902 2.8154 2.0927 2.1771 2.1565 2.1364 2.0023 2.4056 1.8299 2.3859 2.8154 215.8902 13.1393 215.8902 215.8902 2.1464 3.1849 2.3353 2.2814 2.1616 2.9124 2.0833 4.0353 4.1970 215.8902 2.7557 2.5411 2.3477 2.1928 2.5644 2.1515 2.2585 1.5377 2.2642 1.7413 2.3602 2.4889 2.0786 2.3666 1.6784 2.2142 2.2756 2.1265 1.8664 1.8299 1.7093 1.6426 1.4819 1.7880 1.7880 1.9853 1.7880
173 3.0856 2.8361 2.7179 3.2151 2.6552 2.4889 3.2306 2.5335 2.9470 2.9470 2.7951 3.1412 3.0202 2.9238 3.5343 3.1999 3.1130 2.7752 2.8900 3.0459 3.4743 2.6816 2.6727 2.9952 2.3794 2.2361 2.1265 2.2472 2.4745 2.4603 2.3539 2.4325 2.2585 2.2472 2.2931 2.6296 2.6466 2.6639 2.6212 2.8681 2.5723 2.3602 2.5488 2.7851 2.9470 2.2142 2.9238 2.0110 2.0509 2.0509 2.1616 2.0927 2.0330 2.2990 2.5488 2.2931 2.7366 2.4122 2.6552 2.3539 2.3291 2.3291 3.4550 3.4550 3.0459 3.2622 2.6639 3.4940 3.3809 2.9708 2.7272 215.8902 2.0285 2.1515 2.0509 2.0693 2.0880 3.0459 2.9124 1.7156 2.8154 2.1315 2.8573 3.1555 3.1555 2.9354 3.1412 3.0992 3.4550 3.0992 3.0856 2.9952 1.9521 1.5914 1.6485 1.9200 1.7914 1.7478 1.7845 1.3973 1.7880 1.7677 1.2578 1.7220 1.7031 1.5455 1.4673 1.7284 0.9636 1.3534 1.9121 1.7093 1.5750 0.8472 1.7031 1.5750 1.5970 1.7156 0.9835 215.8902 1.6515 215.8902 1.5170 1.5642 1.4363 1.3973 1.6815 1.6815 2.1022 1.5429 1.4943 1.5535 1.3950 1.4293 1.5068 1.4109 2.0285 1.3839 1.4943 1.7610 1.4528 2.9708 2.5883 2.7557 2.4394 2.4190 2.7951 2.7087 2.6727 2.5803 1.1676 1.0902 1.0460 1.0821 1.2754 1.4819 1.1711 1.6195 1.5068 1.5455 1.5018 1.1853 1.2913 1.2330 1.2913 1.2993 1.2482 1.6544 1.5119 1.5221 1.4819 1.3751 1.0742 0.0000 1.6138 1.8664 1.9200 2.1119 2.2472 2.6639 1.9044 7.2904 2.1823 1.8627 2.3414 1.8966 2.1414 2.0833 2.2196 2.6816 2.0285 2.0833 2.0110 1.5970 2.5644 2.4190 3.2948 2.4745 2.0464 2.3924 2.2034 2.3050 1.9769 2.7366 2.3924 1.9005 2.9238 1.8590 2.2361 2.1414 2.2034 3.4173 2.6296 3.3631 4.1970 2.9952 3.2784 5.2569 4.0353 2.4325 2.3666 2.4745 1.8814 2.2250 2.4325 1.9644 2.2305 2.4463 1.7677 2.4325 1.8776 2.3230 2.6212 2.4056 2.3666 1.9359 2.4889 2.5335 2.1414 1.8966 1.6426 1.7744 1.6784 2.0880 1.6968 1.8335 2.0419 1.3642
174 3.2306 2.4962 2.9830 2.6816 2.4463 2.8573 2.8257 2.4394 2.7366 2.6816 2.4745 2.7557 3.5343 3.5343 2.4190 2.7557 3.1849 2.6996 3.7355 2.6639 3.1555 2.3990 2.3050 3.0459 2.1022 2.0739 1.9685 2.0023 2.3539 2.1022 1.8122 2.3602 2.0975 2.0464 2.1464 2.0975 2.1771 2.2585 2.4056 2.2416 1.8299 2.3414 2.4056 2.6466 2.3353 2.0693 2.1875 2.1719 2.0927 2.5964 2.5644 2.5964 2.0110 2.5259 2.8466 2.6996 2.5488 2.7179 2.1119 2.2931 1.8627 1.9938 2.9124 2.6046 2.2642 2.4603 2.4673 2.6381 2.4463 2.4190 2.0555 215.8902 2.0110 2.1414 2.1414 2.6816 2.3859 2.1315 2.7272 1.8928 2.4673 2.3414 2.2814 2.8573 2.4325 2.5335 2.6046 2.5883 2.9708 2.4257 2.5964 2.5723 1.6937 1.3773 1.7914 2.2250 1.6724 1.2734 1.4819 1.7811 1.8776 1.5970 1.2292 1.8739 1.7316 1.8087 1.7544 1.9769 1.0742 1.6426 1.3115 1.4721 1.3620 1.0934 1.8664 1.7093 1.6845 1.7093 0.9995 215.8902 1.7445 2.3539 1.5043 1.8228 1.7677 1.9521 1.3795 1.6485 1.7511 1.7220 1.4018 1.5942 1.4481 1.3491 1.4697 1.4063 1.6724 1.5804 1.5642 1.6485 1.4018 2.3414 2.4745 3.7114 2.6129 2.4745 2.4325 2.5964 3.0202 2.5723 1.5325 1.4339 1.4968 1.5170 1.5535 0.9035 1.4063 1.2873 0.9249 1.0460 0.9303 1.5970 1.4109 1.6138 1.5914 1.7220 1.7413 1.0616 0.9222 0.9303 1.0584 1.7544 1.4918 1.6138 0.0000 2.3539 2.3794 3.0992 2.5964 2.6906 1.7744 215.8902 2.2756 2.3794 2.0285 2.6639 2.1315 2.1515 3.0202 2.5035 2.3602 2.3794 2.6816 215.8902 2.9952 2.8257 2.5035 2.5184 2.4533 2.3924 2.3859 2.8466 2.7087 2.7557 2.1167 2.0647 3.1270 2.1719 2.0739 1.5804 2.3602 2.4816 2.3477 2.3414 2.2931 2.2990 2.2642 2.5259 2.4325 2.2814 2.3477 3.2784 2.7951 1.9769 2.5644 1.5119 2.1216 2.3539 1.8087 2.4463 1.7284 2.0110 2.1616 1.9895 2.0555 1.6724 2.0555 2.0833 1.7284 1.4968 1.6426 1.8263 1.6426 1.4528 1.6876 1.6574 2.3539 1.6026
175 2.2416 1.9200 2.7752 1.7577 2.5566 2.9124 2.2814 2.2814 2.5035 2.4463 2.6466 2.4533 2.0927 1.9853 2.4745 3.4940 2.1119 215.8902 2.8052 2.2472 2.5488 1.7577 2.7179 3.2784 1.9200 3.1555 2.0927 2.2931 2.5964 2.3924 2.2305 2.1464 2.3730 1.6397 2.2361 2.2931 2.2250 2.2642 2.2142 2.3050 2.5035 2.3794 2.2472 1.8966 2.9238 2.6552 1.5535 2.1616 1.5561 1.9200 2.1265 1.9200 1.7544 1.9853 1.7348 1.7348 2.2088 2.2088 1.6138 1.9439 1.6724 2.0330 2.7557 2.9952 2.2472 2.0739 2.0285 1.8590 2.2196 2.3109 2.3170 215.8902 1.7348 1.8017 1.6054 1.7610 2.3291 2.3170 1.8966 2.0374 1.9279 2.1823 2.2416 2.5964 1.7220 1.9685 2.1414 1.9644 2.0927 1.9121 2.0110 2.0739 8.2682 4.3783 3.1270 3.4550 215.8902 3.4360 3.1849 2.7851 215.8902 5.6597 215.8902 215.8902 2.4463 215.8902 215.8902 215.8902 1.3218 2.4673 215.8902 3.3456 215.8902 215.8902 2.5723 2.4190 2.5035 2.0647 1.4624 215.8902 2.1719 215.8902 215.8902 215.8902 215.8902 1.9769 2.1315 2.3794 2.1928 2.0647 2.0374 2.1667 1.8087 2.3539 2.5335 2.2814 1.8890 2.2142 2.1515 2.1022 2.3414 2.5184 2.1928 2.4745 2.5259 2.4190 2.4745 1.7316 2.2699 2.6466 1.8664 2.7851 1.8664 2.5035 1.9685 2.0786 2.2305 2.2088 2.2142 2.8154 2.3109 2.2990 2.0601 2.3924 2.1667 2.2305 2.2034 2.3477 3.7114 2.6296 3.7114 2.2250 2.0285 1.8664 2.3539 0.0000 0.9195 1.0187 1.3301 1.8052 3.5551 1.7914 1.8157 1.7880 1.6310 1.8299 1.8516 1.7914 1.4868 1.0460 1.1853 1.8627 1.7880 2.7366 1.2482 0.9195 1.7610 1.6310 1.2052 1.0338 1.9769 1.8516 1.6544 2.1771 215.8902 2.5644 2.6381 7.0501 4.8150 2.9011 3.5762 1.6195 2.7087 1.9439 1.9439 2.5035 1.8890 1.9561 1.8890 3.5140 1.7948 2.0197 1.4770 1.8157 1.9359 215.8902 1.9811 2.4394 2.3539 1.8814 2.0833 2.1981 2.1875 2.1616 2.4745 2.0739 1.9938 2.2088 2.2250 2.3666 2.6996 2.1719 2.3050 2.0197 1.9938 2.2250 2.5723 4.2669
176 2.1928 2.1414 3.4940 2.0330 2.4533 2.9830 2.6381 2.0647 2.2416 215.8902 2.3170 22.3532 2.6639 4.0978 2.3414 215.8902 4.1632 215.8902 2.8361 2.3859 2.3291 2.8154 6.1401 2.8790 1.8516 1.9359 1.9082 1.7948 1.7914 1.9279 1.8443 1.8087 2.2585 1.6310 2.2250 2.3539 1.9439 2.2034 1.9279 1.7478 1.9279 1.7348 2.2305 1.8516 2.3230 2.1119 2.1119 1.9603 1.9769 1.8017 1.8890 1.9603 1.7413 1.6845 1.9279 1.6426 1.8664 1.8480 1.7093 2.3794 2.0647 2.2990 2.2528 2.4122 2.9470 2.4603 2.3050 2.1216 1.9359 3.0589 2.6996 215.8902 2.0110 1.6426 1.8017 1.6968 1.8516 2.0555 1.9895 2.7654 2.4603 1.7744 2.3291 2.5184 2.1167 1.9769 2.4122 2.6212 2.1667 2.6816 2.4056 1.7125 11.6271 3.5343 2.7951 2.5411 2.7179 3.8633 3.9755 2.5335 6.2291 10.1407 215.8902 2.2472 2.6296 2.5109 1.8299 2.2814 1.6368 2.4463 215.8902 2.2699 2.4325 215.8902 2.4673 2.9470 3.1555 2.3666 1.3449 215.8902 2.4190 215.8902 2.3990 1.9938 3.2151 2.5964 2.9708 2.4190 215.8902 2.2250 2.2416 2.6129 2.1875 2.5035 2.8361 2.9470 2.3477 2.2814 2.5803 2.5488 2.6129 2.3730 2.4745 2.2642 2.1022 2.2196 2.0374 2.1216 2.7461 2.5566 2.2585 2.6296 2.1364 1.8739 2.0786 2.1119 2.5644 2.1875 2.2142 3.1130 2.4603 3.6196 2.5259 2.7752 4.3032 3.8107 3.5762 2.6129 2.4889 2.5644 2.6381 2.4603 1.9082 1.9200 2.3794 0.9195 0.0000 0.5921 1.5429 1.5325 215.8902 1.9938 2.0880 2.2142 1.9359 2.0739 2.1464 1.5750 1.1746 0.8547 0.8622 2.0927 2.3050 215.8902 0.9721 0.5569 1.6224 2.0023 0.8484 0.7504 1.9769 1.6310 1.4770 1.7348 215.8902 215.8902 2.2814 215.8902 215.8902 3.1849 215.8902 1.9811 2.3990 2.2361 2.0153 2.2585 1.8890 2.2472 215.8902 215.8902 215.8902 1.7811 1.7220 2.4962 1.7744 5.3835 3.1555 2.7179 2.4816 3.4940 3.5343 4.1632 2.9238 3.0992 2.6296 2.9470 2.3666 2.8900 3.3809 2.8361 3.4173 3.5343 3.5343 3.8633 2.9238 2.9708 3.8107 2.1414
177 2.4889 1.8553 3.8107 2.9124 2.1315 2.3794 19.2455 2.6129 8.9402 6.2291 2.4190 215.8902 215.8902 215.8902 215.8902 215.8902 5.3835 215.8902 2.8790 2.3859 215.8902 3.7851 2.4463 3.0722 2.0110 2.1119 2.2756 2.0693 1.8299 1.9161 2.0927 1.6845 2.2034 2.6906 2.2585 2.5883 1.9044 1.7348 1.5429 1.4481 2.2642 1.9853 2.5488 1.5588 1.9044 2.2034 2.2814 1.9895 2.2034 2.0023 2.3170 2.0927 1.8299 1.7093 2.2142 1.7610 2.1464 2.0023 1.9727 2.3353 2.3414 2.5411 2.1119 2.2585 3.4360 2.5883 2.2699 2.0927 1.9938 2.8154 2.5488 215.8902 2.0601 2.2034 1.7413 1.6968 2.0023 2.4463 2.0241 2.2472 1.9685 1.5859 2.3794 2.1216 2.9354 2.0601 2.8154 2.5803 2.2472 2.5964 2.5964 2.3924 215.8902 3.1555 2.7557 215.8902 2.6816 2.8790 4.6269 2.7752 215.8902 2.0880 215.8902 2.1771 215.8902 2.6212 2.3291 215.8902 2.0739 2.3170 215.8902 3.5762 2.5803 215.8902 3.0992 3.3456 3.6646 2.2931 1.4918 215.8902 2.7179 215.8902 2.4463 2.0464 2.2250 2.4673 2.5035 2.6046 5.3835 1.9938 2.5566 2.4889 2.4394 2.0975 2.9238 2.2814 2.2088 2.7087 4.2315 2.2142 2.3291 2.9830 2.3477 2.3730 3.0722 2.0739 2.4463 2.3230 2.0647 2.9124 3.4550 3.2151 2.1119 2.2361 2.8052 2.4257 3.3989 2.9952 3.0856 2.8052 1.9005 2.9708 2.8257 2.2873 2.9708 2.1464 2.4533 2.7851 3.3989 3.1270 4.1970 2.8681 2.3990 2.1119 3.0992 1.0187 0.5921 0.0000 1.6604 1.5429 215.8902 2.0464 2.4745 2.1315 2.0110 2.1119 2.5488 1.6195 0.9155 0.7393 0.9035 1.6999 2.6466 5.3835 0.8011 0.3968 2.0023 1.8627 0.5940 0.7066 2.4056 1.8890 1.7093 2.0647 6.3208 12.5008 2.3730 215.8902 215.8902 3.1849 215.8902 2.3414 2.3859 1.9853 1.8664 1.8590 1.9200 2.1216 11.3565 2.9708 5.1372 1.8407 1.6784 2.2528 1.8664 9.7121 3.0076 3.8367 2.5335 3.4743 3.3989 4.6269 3.1555 4.1301 2.9354 3.1270 2.7272 3.8367 2.8790 2.5803 2.9011 2.6046 3.4173 3.1555 2.8573 2.8466 6.3208 7.4165
178 2.2931 2.3050 2.2814 2.2528 2.1719 3.9183 215.8902 9.3127 2.7087 215.8902 3.2463 11.9077 215.8902 215.8902 215.8902 215.8902 215.8902 215.8902 215.8902 215.8902 215.8902 2.0833 2.5644 215.8902 2.2814 3.1555 2.0067 2.0739 2.5964 2.2931 2.1265 1.9521 2.3353 1.9359 2.3353 2.0023 2.0833 2.5411 2.1823 2.4603 2.4394 2.1216 2.3353 2.1616 2.9952 2.6816 2.2814 1.8814 2.0693 2.0647 2.0419 1.9399 1.8087 1.9279 1.6784 2.0374 2.0739 2.0110 2.1216 1.7610 1.6876 1.7031 2.1119 2.0647 1.9279 2.0555 2.1719 1.6999 1.7220 1.9279 1.8664 215.8902 2.0464 1.8966 2.0464 1.8157 1.9121 2.2990 2.1667 2.0739 2.0153 1.7544 1.9811 1.7577 1.7125 1.9769 1.8335 1.7948 2.1928 2.0786 1.6397 1.6515 5.1372 3.9466 215.8902 215.8902 215.8902 215.8902 215.8902 2.5184 215.8902 215.8902 5.0239 215.8902 215.8902 215.8902 215.8902 215.8902 1.2107 2.1414 215.8902 215.8902 215.8902 215.8902 2.4325 2.5488 3.2151 2.4533 1.4063 215.8902 6.7176 6.9357 215.8902 2.0647 215.8902 2.2361 2.4325 2.1216 8.4277 2.3291 2.3990 2.4122 2.6046 2.9011 3.2784 3.0722 2.5566 2.6996 2.2814 2.1414 2.9011 3.0992 2.2034 1.9685 1.5299 2.4463 1.8443 1.3322 1.9082 1.9938 2.2361 2.2814 1.8739 2.0110 2.5964 1.8814 2.4962 2.9830 2.0555 2.4745 2.2416 2.2472 2.4889 215.8902 5.4496 4.4571 2.8573 2.1315 3.2784 2.1315 2.4816 2.3602 2.2472 2.2472 2.5964 1.3301 1.5429 1.6604 0.0000 1.7511 8.9402 1.9603 1.6138 1.3973 1.3707 1.5696 1.5588 1.5429 1.8739 1.9200 2.0197 1.4576 1.3620 215.8902 1.7220 1.5170 1.7610 1.5170 1.6724 1.8299 1.8814 2.0023 1.2675 2.0464 215.8902 215.8902 2.6129 215.8902 7.0501 215.8902 4.5829 2.0464 2.2814 2.0555 2.0880 2.1119 1.7677 1.9200 6.5129 215.8902 215.8902 1.7445 1.3884 2.5259 1.9279 215.8902 2.5035 2.1265 2.6129 2.3666 2.9238 3.3809 2.8052 2.3291 2.1464 2.5488 2.2931 2.7951 2.9011 3.1999 2.4745 3.2784 2.8052 3.1270 2.6727 3.4173 2.9354 11.0955
179 2.3924 2.8573 3.0459 2.3230 3.3114 3.5343 3.0992 2.5723 2.8154 2.5566 3.1270 3.5762 3.8905 2.3050 2.9470 14.1905 2.5259 215.8902 2.6816 4.5399 3.2151 3.1849 3.5343 3.0992 3.5551 3.1270 2.1928 2.7087 2.2250 2.8361 2.6212 2.5644 2.6727 2.7654 2.5488 2.4056 2.5803 2.6046 2.1414 2.2990 2.5109 2.0374 2.6296 3.2784 2.5184 2.5644 2.7461 2.3539 2.2528 2.1216 2.3924 2.2196 2.0975 2.0927 2.1515 2.3170 2.1981 2.1981 2.4962 2.2585 1.8516 2.0023 2.3924 2.1167 3.0992 2.5964 2.7366 2.0285 2.5035 2.7752 2.3170 215.8902 2.2472 1.9359 2.5335 2.3414 2.1667 2.4816 2.6996 2.1216 2.9708 1.8371 2.3050 2.6552 2.9952 1.8776 2.9011 2.8573 2.3794 2.6466 2.5259 2.5644 3.7851 4.7185 6.8249 3.3284 10.3668 16.6842 5.5876 3.5762 215.8902 2.6552 215.8902 3.8633 215.8902 215.8902 6.5129 9.1232 215.8902 2.5488 215.8902 2.8790 215.8902 215.8902 2.3109 2.5803 2.7461 2.5035 215.8902 215.8902 215.8902 215.8902 215.8902 215.8902 2.8361 2.1719 2.2142 2.2699 7.2904 2.2416 1.9200 2.3539 2.4190 2.3859 2.1981 2.7087 2.4533 1.8017 2.6466 3.6196 2.2585 2.4745 2.9011 2.6639 2.6381 3.0459 2.5566 1.9239 2.0555 2.7752 2.3050 2.9238 2.9952 3.7600 3.1849 2.0464 2.8361 3.5343 1.9279 6.5129 4.0353 2.1771 2.5335 2.4325 2.6296 2.4190 2.9354 3.0992 2.3170 5.1372 2.4190 2.9011 2.7272 2.6639 2.6906 1.8052 1.5325 1.5429 1.7511 0.0000 0.3022 0.4834 0.6731 0.8472 0.7754 0.8034 0.6406 0.6793 2.3291 1.8299 1.6663 0.7045 0.6587 0.3816 2.1364 1.6082 0.1926 0.4651 1.9399 1.8627 2.1070 1.7643 1.7744 1.5642 1.7677 215.8902 2.8790 215.8902 215.8902 3.0722 17.6501 1.9521 2.1315 2.6552 2.7654 2.0419 2.4056 2.7654 215.8902 1.8553 2.9011 1.8966 1.6281 2.7557 1.8890 3.1555 2.3794 4.2315 2.6381 3.3456 4.8150 2.7557 3.1849 4.7185 3.3114 3.8633 3.2151 4.1632 4.1301 3.6196 4.0978 4.1632 4.5399 3.3114 3.6196 2.7752 3.9466 215.8902
180 5.8103 3.1412 3.2306 3.0202 215.8902 215.8902 2.1216 2.3794 2.8790 1.9895 215.8902 2.3170 1.7478 2.2472 2.2931 2.5723 2.4673 2.2416 1.7544 2.8573 1.9603 2.3050 215.8902 2.1414 215.8902 1.7031 2.2250 1.3995 1.4109 1.7031 215.8902 2.2088 1.5642 1.6907 1.3301 2.0647 2.1315 1.4794 1.3664 1.8966 1.3751 1.5273 1.8228 1.3385 1.9239 2.3050 215.8902 215.8902 3.8107 21.0371 4.4571 3.4550 29.7440 5.1962 215.8902 2.3794 21.0371 21.0371 3.1701 215.8902 215.8902 215.8902 1.8739 1.6485 1.8814 1.6026 1.9727 2.4325 1.9359 1.8966 1.8966 215.8902 15.7893 5.5176 15.3667 215.8902 215.8902 2.6639 2.1928 215.8902 2.5259 3.9183 1.6485 2.3924 2.2814 1.6368 1.9319 2.0975 1.8516 2.0023 1.8299 2.2585 2.6296 1.6054 1.6754 2.2472 1.3156 2.3859 1.3322 2.5259 2.4962 1.9769 1.8516 1.5750 1.6397 1.5482 1.3156 1.2520 215.8902 3.9755 1.8299 2.0110 1.8664 215.8902 2.9238 2.2990 2.2756 3.9183 215.8902 215.8902 1.9200 215.8902 1.6281 1.4433 2.2305 3.8633 3.6878 2.6996 1.4528 2.3050 2.9011 3.8633 3.2948 2.9011 2.6996 3.1412 2.7951 3.0202 2.2034 2.2142 4.1632 2.1616 2.4122 2.2361 2.9238 2.5566 1.7610 2.0464 2.5644 2.5644 2.1719 215.8902 1.6515 1.8299 2.3050 2.0374 2.7654 1.8480 2.2088 2.1719 1.9082 2.5803 2.8573 215.8902 215.8902 2.8154 215.8902 1.6515 1.9561 2.3924 1.9938 215.8902 215.8902 1.9044 1.7744 3.5551 215.8902 215.8902 8.9402 0.3022 0.0000 215.8902 215.8902 3.3456 215.8902 3.8107 215.8902 0.4439 215.8902 5.6597 2.7752 0.9249 2.6381 1.0430 215.8902 22.3532 215.8902 0.6161 3.1701 5.7339 2.6296 1.4576 215.8902 215.8902 2.1719 1.9685 2.1981 1.9439 2.3050 1.6426 2.3291 1.6937 215.8902 2.7654 2.5883 37.6351 3.3631 2.7179 1.9521 2.2361 2.0464 215.8902 5.0239 2.0023 2.5803 1.7413 1.3973 1.6339 215.8902 2.8790 3.7600 1.7710 1.9853 1.6281 1.7811 3.9183 1.5482 1.8590 2.1265 2.7366 3.1849 2.7366 2.8154 3.4743 2.4463 3.4940 2.7366 1.4386
181 1.9769 215.8902 2.1119 4.3783 1.9561 2.4056 215.8902 1.9480 215.8902 215.8902 215.8902 215.8902 215.8902 2.3602 215.8902 215.8902 2.3794 215.8902 215.8902 215.8902 2.4056 215.8902 2.7272 215.8902 215.8902 215.8902 2.1119 215.8902 7.2904 215.8902 4.1301 2.7179 215.8902 215.8902 3.4550 2.3414 215.8902 4.3783 215.8902 215.8902 2.2142 2.8790 14.9598 3.7851 2.1616 8.2682 9.1232 2.2931 215.8902 215.8902 215.8902 215.8902 215.8902 4.9166 2.4190 215.8902 2.0110 2.1616 4.1632 1.7744 215.8902 7.5469 1.7811 215.8902 2.3924 215.8902 2.2250 215.8902 5.5176 215.8902 215.8902 215.8902 3.7355 215.8902 2.3170 215.8902 2.2756 10.8438 3.8633 2.5488 215.8902 2.1515 3.5343 3.7355 2.4463 2.0464 215.8902 2.3414 3.7355 1.9521 4.0353 1.9359 5.1372 2.3477 5.0798 215.8902 215.8902 2.0330 9.3127 215.8902 17.6501 4.0353 3.0722 4.1301 5.6597 2.1565 3.0459 215.8902 215.8902 215.8902 215.8902 3.0992 3.3989 215.8902 215.8902 4.8651 3.9755 215.8902 215.8902 215.8902 2.3109 215.8902 2.5723 5.3835 9.5089 3.5551 2.4325 2.5964 215.8902 2.1823 2.3794 215.8902 3.3114 215.8902 3.0992 3.4550 3.2463 215.8902 3.6646 16.6842 2.8790 4.1970 215.8902 215.8902 3.5762 3.6646 215.8902 8.5927 4.8150 13.1393 5.0798 215.8902 215.8902 215.8902 7.9651 215.8902 215.8902 215.8902 2.0110 215.8902 4.8150 215.8902 215.8902 2.7951 215.8902 215.8902 16.2283 215.8902 4.9695 215.8902 215.8902 23.0509 215.8902 7.2904 215.8902 1.7914 1.9938 2.0464 1.9603 0.4834 215.8902 0.0000 0.8011 1.1264 0.8839 0.6426 0.5865 0.8983 1.9980 1.9938 2.1515 0.6876 0.6151 5.3835 2.0153 2.0464 0.5865 0.1756 2.1414 2.4533 1.9279 1.8443 2.6381 1.7778 215.8902 215.8902 7.6817 215.8902 215.8902 215.8902 215.8902 2.6639 3.5140 2.2699 2.5109 2.0555 2.5259 2.7752 215.8902 215.8902 215.8902 1.7983 2.3353 8.2682 1.8228 215.8902 2.6996 2.2034 3.0459 215.8902 1.6368 215.8902 215.8902 3.5551 215.8902 3.0992 215.8902 215.8902 215.8902 2.0330 3.8633 18.6931 9.1232 215.8902 7.9651 215.8902 6.8249 2.5644
182 2.6996 2.9470 3.4173 2.8052 2.4463 2.8681 2.6996 2.7366 2.4745 6.2291 215.8902 2.4325 6.2291 1.8966 6.2291 4.9166 2.5184 215.8902 3.3809 2.8361 1.9439 1.9853 2.0464 2.3539 3.3114 3.0459 2.1315 2.4533 3.3809 2.8361 2.6996 2.2142 2.3170 3.6646 2.5035 2.8052 3.1849 4.0662 2.4603 5.5876 2.9011 2.5411 2.5566 3.0459 3.8905 2.8361 2.8154 2.7752 2.2034 2.3050 3.1999 2.9124 2.4325 1.9853 2.2034 2.4889 2.1119 2.3414 1.8263 2.2361 1.8299 2.4889 1.4697 1.8928 2.0374 1.8516 2.3170 1.5508 1.9727 1.7880 1.8443 215.8902 1.8966 2.0833 2.2361 2.3539 2.4745 2.5035 1.8299 2.1315 1.9853 2.1981 1.6604 2.1667 1.7811 1.5859 1.9603 1.7677 2.3990 1.3156 1.7983 1.7125 4.4172 2.7557 3.3114 2.6381 3.7600 2.9470 2.9708 2.7752 215.8902 2.8681 215.8902 2.6639 3.2622 3.1701 2.8573 15.3667 2.2814 2.4603 3.1849 2.7272 215.8902 215.8902 3.3114 2.9011 2.8361 3.1701 215.8902 215.8902 2.6816 215.8902 2.6996 6.4153 8.2682 2.5184 1.9769 2.4056 215.8902 2.5335 2.0285 2.2472 2.1823 2.4533 2.5035 2.6639 2.4463 1.8776 2.2931 2.7366 2.3414 2.1616 2.2873 1.3884 1.7677 2.8681 2.7557 2.1216 2.2699 2.3477 1.9685 2.4463 2.2990 3.1412 2.3924 2.3477 2.7366 2.2931 2.3666 2.5964 1.9603 1.8407 1.8017 2.3109 1.9439 2.1119 2.5723 2.1823 3.0459 2.3924 2.5964 2.1070 2.3924 2.1823 2.2756 1.8157 2.0880 2.4745 1.6138 0.6731 215.8902 0.8011 0.0000 0.9009 0.9893 0.6679 0.7120 0.8130 3.3809 2.0555 2.1119 0.6406 0.6960 2.9238 2.1414 2.0927 0.6731 0.6950 2.2142 2.4056 2.1216 2.1875 1.7610 2.2699 215.8902 215.8902 3.3631 215.8902 215.8902 2.2814 18.1616 1.9938 2.2472 2.2142 2.4889 1.9769 2.4745 2.3794 215.8902 215.8902 215.8902 1.9279 1.6968 3.3114 1.9359 2.5411 2.0833 3.5343 3.5551 2.3291 2.7366 2.9708 3.4940 2.9470 2.5883 2.9470 4.6269 2.7179 3.2784 3.7355 2.8154 2.6212 2.7557 3.2784 2.3170 3.3456 3.3809 215.8902
183 2.6552 2.1771 2.6129 2.4325 2.7951 3.3114 215.8902 2.1565 2.6996 215.8902 2.1875 215.8902 2.2472 1.7880 2.4325 2.0285 1.8299 2.5259 215.8902 2.9952 2.7951 4.7185 7.0501 2.5803 2.2990 2.9952 1.9603 2.0464 2.4325 2.2196 2.0153 2.1315 2.2814 5.0239 2.5566 2.7087 2.0555 2.8154 4.3403 215.8902 2.5411 2.3170 2.2034 215.8902 2.2699 2.0927 2.1167 3.4173 1.9685 2.2034 2.0880 2.3539 1.9279 2.1022 2.0285 1.8017 1.8299 2.1414 2.1216 2.3170 2.5488 1.7677 1.7811 2.0927 2.0786 1.9895 2.6466 1.9279 2.1414 2.1928 2.3477 215.8902 2.0023 2.2585 2.7179 2.8154 2.4745 1.8443 2.0285 2.5184 2.1216 2.5566 3.0459 2.3414 2.2472 1.8157 2.3050 1.9727 2.1928 2.2931 2.1216 2.1667 4.3403 2.7752 3.4940 5.6597 215.8902 3.3631 2.5566 4.3032 5.6597 3.4550 3.0202 2.5488 3.0856 2.8573 2.4463 215.8902 215.8902 2.2361 215.8902 2.9470 8.7634 215.8902 3.7600 2.8790 2.4257 2.9238 215.8902 215.8902 3.1849 215.8902 2.9238 6.2291 2.6381 2.0555 2.3170 2.9011 215.8902 2.9354 2.2034 2.5335 2.4056 2.1364 2.7179 2.7752 2.3230 215.8902 2.4889 2.9708 2.0374 2.1119 1.7284 1.2292 2.6129 2.6046 2.2585 1.8017 2.3170 1.9279 1.9439 2.3353 1.7948 2.2873 2.1119 1.9938 2.8361 2.1265 2.4889 2.2250 2.9952 2.1928 2.2361 2.2088 215.8902 1.8087 2.0693 8.4277 4.1632 3.1555 3.4550 3.0856 2.0693 1.8627 2.3794 1.7880 2.2142 2.1315 1.3973 0.8472 3.3456 1.1264 0.9009 0.0000 0.8472 0.7987 0.9115 1.0277 1.9121 1.7413 1.9005 0.9922 0.8983 5.7339 2.0067 1.7610 0.9249 0.9835 1.8516 2.2642 2.4056 1.8228 1.4293 2.1265 215.8902 215.8902 3.5343 215.8902 215.8902 215.8902 3.1849 2.0693 2.8052 1.7252 1.6515 1.9439 2.0285 1.7948 7.0501 215.8902 2.6996 2.0647 1.4528 2.7851 2.0464 2.3990 3.5551 2.6552 2.8154 2.6466 2.4603 7.4165 3.1130 3.4173 2.8361 2.6296 3.1849 2.6906 2.3990 2.5644 2.5411 2.9011 2.8361 3.1555 2.5488 3.6878 3.4940 215.8902
184 2.4463 2.3539 5.0239 2.4533 2.8573 2.4257 2.8573 2.3477 2.1719 2.4603 2.2361 6.7176 2.6552 2.2361 2.3730 18.6931 2.4463 3.1849 2.8361 3.2784 2.6906 2.2361 2.3730 3.4360 2.0197 3.5762 2.1565 2.2250 2.1616 2.5109 2.2034 1.9399 2.3170 2.5184 2.4816 2.4190 2.5035 2.8573 5.5876 5.5876 2.6129 2.3859 2.8154 215.8902 3.0589 2.0975 2.0693 1.8443 1.6544 1.6082 1.7948 1.5615 1.6663 1.6167 1.7948 1.8087 1.7948 1.7948 1.6485 1.6663 1.6784 1.8017 1.6544 2.0241 2.0647 1.8890 2.1119 2.0464 1.9439 1.9521 1.9561 215.8902 1.7284 1.6253 1.7811 1.8966 1.8443 2.5883 2.1315 1.7220 1.8228 1.7811 2.2699 1.7677 1.6663 1.8263 1.9769 1.7811 2.2034 1.9895 2.0555 1.8228 3.0202 215.8902 2.8257 3.0992 2.6996 3.0722 2.6046 2.6296 215.8902 2.6296 3.1130 3.0202 3.4173 2.3477 2.5488 2.5964 4.3403 2.2416 215.8902 3.9755 215.8902 215.8902 3.0459 3.3284 3.4743 2.7654 1.6544 215.8902 215.8902 215.8902 2.1216 215.8902 215.8902 2.3539 2.2472 2.3414 215.8902 2.2756 2.2142 2.3794 2.0739 2.5964 2.0374 2.2142 2.2034 2.0555 2.3050 2.5723 2.2142 2.5964 2.2088 2.5803 2.6381 2.4190 1.9895 2.2250 2.1119 2.2034 1.9359 2.7752 2.1771 3.4173 2.6727 2.7087 3.1555 2.2873 2.0927 3.3456 3.6878 2.3924 2.2196 2.6727 3.1412 2.2814 3.0459 2.3924 2.8257 2.6639 2.9470 3.2306 3.6419 2.3414 2.0285 1.6310 1.9359 2.0110 1.3707 0.7754 215.8902 0.8839 0.9893 0.8472 0.0000 0.9551 0.9413 0.9331 2.4463 1.6368 2.0833 0.9692 0.8904 215.8902 2.2472 1.8157 0.8422 0.7685 2.3291 1.7348 1.7610 2.1070 1.7880 1.7380 2.4056 3.5762 2.4463 215.8902 215.8902 4.3783 3.2948 1.6368 2.1515 2.2585 2.1364 2.1315 2.1315 1.8228 3.1270 2.0197 3.0459 2.0110 1.6876 2.3170 1.9561 5.7339 2.6906 2.3794 3.1701 2.2250 3.4360 2.5803 2.5335 3.0722 3.1130 2.6466 2.2585 3.1555 2.6552 2.9011 2.5644 2.7752 2.4325 2.8154 2.4745 2.4325 2.5335 215.8902
185 2.5035 2.2361 2.7557 2.1565 2.7951 1.7284 2.1119 2.4056 1.4433 3.0459 2.4745 3.1555 4.4571 2.3170 9.1232 2.8052 2.3539 2.8154 3.5762 2.9124 2.5723 1.6845 1.5859 3.7114 2.1565 2.7752 3.1412 2.7272 2.9952 2.4325 1.7316 2.2873 2.7951 6.9357 2.5488 2.4190 2.1464 2.6212 2.4603 215.8902 2.6129 2.8361 2.5723 1.7845 2.5335 2.2250 2.5411 2.5566 1.7610 2.1616 2.6212 2.1515 1.9121 1.8590 1.9439 2.0647 2.1414 2.1414 2.0739 1.9279 2.6639 2.1315 2.0833 1.8890 2.4056 1.6310 1.5119 1.4386 2.1928 1.8371 1.6663 215.8902 1.9161 1.9521 2.4603 2.4056 2.4889 2.4889 2.1565 2.6816 2.3990 2.1823 1.9980 2.0023 2.1981 1.6485 2.1070 2.0786 2.0285 1.8852 1.9239 1.7284 12.1988 2.7087 16.2283 215.8902 215.8902 3.1701 5.2569 2.7557 215.8902 5.2569 6.6136 3.4173 7.1683 215.8902 215.8902 19.8196 215.8902 3.1999 8.2682 2.3414 215.8902 215.8902 2.1667 2.8154 3.1270 2.7951 215.8902 215.8902 2.3291 215.8902 2.8573 215.8902 215.8902 3.7114 2.3794 2.6996 215.8902 3.0856 2.4463 3.1849 2.0647 2.8900 2.7951 3.0202 2.9952 1.8966 3.2306 2.9238 2.7752 1.5221 1.6195 1.4745 2.1928 2.0464 1.9279 1.4721 2.5723 1.4386 2.1414 2.8790 2.5184 2.5803 3.2784 2.0739 2.4745 2.5109 2.1022 3.5762 2.1364 2.4889 2.3602 2.6381 2.3291 2.8052 2.8052 2.6639 2.6639 2.4122 2.2528 2.7752 3.0330 1.8966 2.6639 1.8299 2.0739 2.1119 1.5696 0.8034 3.8107 0.6426 0.6679 0.7987 0.9551 0.0000 0.6093 0.8422 2.2361 1.8590 2.0927 0.7917 0.4970 6.3208 1.9561 1.8017 0.7448 0.6083 1.8371 2.2416 1.9200 1.7478 1.7880 1.9769 215.8902 215.8902 2.2990 215.8902 2.3794 215.8902 5.7339 1.8814 2.4257 2.3353 2.5644 1.9279 2.0555 2.3990 215.8902 215.8902 12.1988 2.0023 1.7880 3.1849 1.9685 215.8902 1.9727 3.3456 3.8107 3.4360 4.2315 2.9708 4.2669 2.7752 2.8466 3.1555 3.3631 3.5343 2.7752 2.7752 3.4550 3.3456 2.7752 4.4571 2.8573 2.8257 2.7179 2.9011
186 215.8902 2.6296 2.4673 3.2463 2.2034 3.0459 1.8052 2.4673 2.3794 2.2814 215.8902 2.6906 2.2931 1.6310 215.8902 1.7948 1.9200 3.1849 2.2034 2.1719 2.0464 4.8150 215.8902 2.4603 2.3414 3.5551 2.7557 2.8466 2.5883 2.3539 1.9359 2.9952 2.2250 3.5551 3.0076 2.1315 1.9121 2.5259 2.9011 3.3284 2.4889 2.1616 2.9124 2.5035 4.9695 2.8052 2.1719 3.0459 2.3414 2.4056 3.2306 2.7557 2.5644 2.2472 2.4394 2.6552 2.2142 2.2142 2.2142 2.6129 2.1875 1.9200 2.0509 2.0927 2.5184 1.8928 1.9121 2.1216 2.0927 1.8701 1.8739 215.8902 2.3924 2.3170 2.6212 2.8790 2.4122 1.9853 1.9044 2.8573 2.5335 2.5964 1.9121 2.2472 2.0285 1.6937 2.1119 2.0241 2.0241 1.8335 1.7413 1.9399 215.8902 3.0856 3.2948 8.4277 20.4165 2.6906 2.9952 2.5964 215.8902 4.9166 215.8902 2.3539 7.8210 4.3783 4.1632 215.8902 3.7600 1.8627 3.0202 3.3631 215.8902 215.8902 3.0722 3.3456 2.9470 2.6212 215.8902 215.8902 2.3794 215.8902 2.7179 215.8902 215.8902 2.3414 1.7348 2.3990 215.8902 2.0067 1.7677 1.9279 1.8590 2.4257 2.2250 2.5184 2.3050 1.9439 2.4816 2.4463 1.8739 1.5273 1.4018 1.4745 2.2305 1.8739 1.4770 1.4721 1.9200 1.4770 2.1515 2.6212 1.9644 2.2196 2.9470 2.0693 2.0975 2.4603 2.1022 3.1849 2.7461 2.3050 2.3602 2.4056 2.4816 2.4190 2.2196 2.3050 2.2699 2.2814 2.2931 2.7654 2.2528 2.1414 2.1315 1.8516 2.1464 2.5488 1.5588 0.6406 215.8902 0.5865 0.7120 0.9115 0.9413 0.6093 0.0000 0.6347 2.4603 1.8814 1.8157 0.5229 0.5542 215.8902 1.8263 2.2361 0.6527 0.6229 2.1667 1.9603 2.1875 1.8157 1.9044 2.0509 215.8902 215.8902 2.6996 215.8902 1.9521 215.8902 215.8902 1.9685 2.0509 2.2250 2.4394 2.5883 2.2250 2.3170 3.9755 215.8902 215.8902 2.3050 1.8157 2.5644 2.1616 2.7951 2.0739 2.5184 3.1412 2.5964 2.9011 7.4165 2.8154 2.8681 2.0833 2.4463 3.9755 2.7366 2.3794 2.7087 2.3539 3.3456 3.2784 2.4463 2.0464 2.2034 2.9238 215.8902
187 2.8154 2.4190 13.1393 2.6466 3.0722 3.0202 2.6129 2.5723 2.8052 2.5883 2.4745 2.7272 2.5964 2.1515 2.8154 2.7461 2.8681 2.7087 3.2151 2.7366 2.7461 2.7752 2.6906 2.9589 2.6996 3.0589 2.5644 2.3539 2.8790 2.7752 2.5411 2.3924 2.6466 3.1555 2.6816 3.0202 2.3666 3.2622 2.5644 2.2699 2.3730 2.4190 3.4550 2.7179 3.4173 2.5964 2.5109 2.1823 1.9044 1.9769 1.9603 1.8928 1.9980 2.0110 2.2142 1.8443 1.8017 1.8017 1.8443 2.2088 2.1315 2.5644 2.5035 2.9830 2.7179 2.6466 2.8361 2.4056 2.6639 2.9589 2.3924 215.8902 1.9044 1.9769 1.9853 2.0197 2.0374 3.3114 2.7179 2.0067 3.0589 1.6907 2.8052 3.0076 2.5644 2.5803 2.5644 2.6296 4.2669 2.5184 2.6466 2.4533 1.3751 2.0739 3.5977 3.4550 215.8902 20.4165 215.8902 2.3170 215.8902 2.5035 1.8890 3.3456 215.8902 215.8902 215.8902 2.0786 215.8902 3.2784 2.6639 2.2472 1.6845 215.8902 3.1701 2.9354 2.3477 2.8361 215.8902 215.8902 4.1301 215.8902 215.8902 215.8902 215.8902 2.5488 1.7948 2.4889 2.3602 1.8443 2.2472 2.3539 1.8590 2.3353 2.4745 2.0555 2.2142 215.8902 2.5644 2.6996 2.2250 3.5762 2.6996 2.4325 2.6466 3.4550 2.2990 2.4745 2.2990 2.2990 2.3050 3.0459 2.4190 2.4325 2.5184 1.9279 2.2931 2.1928 1.9980 3.0992 2.3291 2.7951 2.2642 2.9830 3.0722 2.2699 2.4889 2.3477 1.9121 3.4550 1.9561 2.4603 1.9121 2.0833 2.1515 1.7914 1.5750 1.6195 1.5429 0.6793 0.4439 0.8983 0.8130 1.0277 0.9331 0.8422 0.6347 0.0000 2.1265 1.7845 1.7093 0.7940 0.8250 0.5021 2.0975 1.5170 0.8698 0.6824 1.8335 1.9200 2.0739 1.8228 1.6195 1.7914 2.5335 1.9279 2.4889 2.0023 1.3973 1.5273 1.7348 1.9603 2.3666 2.0023 2.0833 1.7577 1.8590 2.1216 2.0197 2.0023 1.3729 1.6999 1.5403 2.7752 1.8516 1.6026 1.8335 2.4190 3.4550 2.4889 3.7851 3.0992 3.7600 2.5035 3.0076 2.6727 3.0992 2.3794 2.6466 2.5566 2.7851 3.0856 2.7087 2.4745 3.0459 2.6466 2.3990 2.2873
188 2.6296 2.5803 4.0978 2.9011 2.7366 2.5803 2.1070 3.0992 2.5883 215.8902 2.4603 215.8902 3.7114 215.8902 215.8902 215.8902 215.8902 215.8902 2.8466 2.4056 2.3924 2.2142 2.8573 3.0202 1.5777 2.2699 1.6907 1.8087 1.7914 1.9769 2.5184 1.9239 1.6724 2.1771 2.2642 1.9082 1.7284 2.0833 1.4505 2.3170 2.1719 1.7478 2.0880 1.5273 2.2361 2.0555 2.1265 2.7951 2.4603 2.9124 2.8790 2.5644 2.9830 2.7951 2.8790 2.3794 2.7951 2.7951 2.7951 3.0992 2.7366 3.1412 1.5273 1.9769 1.9082 2.6046 2.1928 1.9603 1.8516 2.2088 2.1719 215.8902 3.0856 2.0833 2.6212 2.6552 2.5644 3.0459 3.6646 3.4940 2.1771 2.1414 2.2699 1.9727 2.8361 2.1515 1.7914 2.1515 2.0110 2.0786 3.1849 2.2416 4.0978 2.1364 5.7339 215.8902 2.6906 2.4325 4.7661 2.9238 215.8902 8.5927 215.8902 2.1119 215.8902 2.4325 2.2305 2.9354 3.2622 2.4816 215.8902 2.7366 2.3291 215.8902 2.2585 2.2814 3.3809 2.0739 1.6082 215.8902 5.9702 215.8902 4.3403 215.8902 215.8902 3.5551 2.9952 2.5723 215.8902 2.3050 2.2814 2.9470 3.2948 2.5184 2.9589 2.8681 2.2088 3.0992 3.0202 3.1999 2.5964 3.1412 2.1667 2.0464 1.7156 1.7478 2.0110 1.5914 2.5335 2.5184 2.1216 1.9200 2.1414 2.5035 2.9238 2.2034 2.6906 2.8573 3.0992 3.1849 1.8443 2.5184 2.9124 3.3809 2.5964 3.2784 2.3291 2.5488 2.4122 2.7654 2.9470 2.8790 2.4533 2.2196 3.0202 1.4868 1.1746 0.9155 1.8739 2.3291 215.8902 1.9980 3.3809 1.9121 2.4463 2.2361 2.4603 2.1265 0.0000 0.7662 0.8324 1.9121 2.4325 2.5644 1.0338 0.9358 2.7087 1.8407 0.6918 0.7371 2.3990 1.9439 2.0153 2.1616 215.8902 2.2250 2.3794 215.8902 14.1905 2.8573 215.8902 2.7272 2.0927 1.7610 1.8087 1.8299 1.8590 1.8087 215.8902 3.3456 4.4172 2.2250 1.8443 2.3730 2.3730 3.1849 2.2699 2.5488 2.9589 3.1555 2.9952 2.6212 2.2250 2.8790 2.5184 2.6381 2.3730 2.4745 4.0662 3.2622 2.9354 2.6381 2.7851 3.0076 2.7179 2.5723 2.4603 215.8902
189 3.5977 2.1167 3.0589 1.9200 2.2585 2.7752 215.8902 3.0459 2.9589 2.7654 2.5259 3.3114 215.8902 215.8902 4.6269 215.8902 215.8902 215.8902 2.4962 1.8017 2.4889 2.6727 2.8573 2.2931 1.6876 2.3050 2.1928 2.0285 2.1119 2.2873 2.0927 2.2931 2.0285 1.9005 2.0880 1.7316 1.9853 2.2034 1.6937 1.8407 2.1119 2.0833 2.4056 1.4293 2.7087 2.1022 1.9769 2.4325 2.3170 2.0067 2.3730 2.0374 1.8739 2.5803 2.8790 2.3109 2.1667 2.2699 2.4325 2.5259 2.1771 1.8516 3.0076 2.9238 3.5762 2.4325 2.7752 2.8154 2.4533 2.5335 4.5399 215.8902 2.3050 1.9200 1.9359 2.4056 2.1928 3.0992 2.3170 2.9952 2.4889 2.0927 2.7179 3.7114 3.1270 2.4394 2.5488 2.5184 1.9121 2.1719 2.3109 2.1928 215.8902 14.1905 2.2990 215.8902 2.4673 2.6816 215.8902 2.6129 215.8902 3.4173 215.8902 2.0419 215.8902 2.2585 2.0464 2.6046 1.5642 2.7366 215.8902 3.1412 12.8142 215.8902 2.3602 2.2034 3.0992 2.6296 1.6082 215.8902 2.6296 215.8902 2.3291 215.8902 215.8902 2.1216 2.8573 1.9044 215.8902 2.1515 2.0374 3.0722 1.9319 2.1464 2.0647 1.9853 1.8739 2.8361 2.1216 2.3050 2.2196 4.1632 2.1119 3.0202 1.6845 2.3353 2.4816 2.5184 2.5488 2.3924 2.1464 2.6996 1.9980 2.1823 2.5335 2.7851 3.3114 2.7557 2.6046 3.0589 2.6296 2.5335 2.3477 2.7087 1.9811 2.5411 2.0927 2.3291 2.4325 2.8573 2.7951 2.3109 2.1719 2.6816 2.5035 1.0460 0.8547 0.7393 1.9200 1.8299 5.6597 1.9938 2.0555 1.7413 1.6368 1.8590 1.8814 1.7845 0.7662 0.0000 0.5846 1.9895 2.0374 6.9357 0.9608 0.9168 2.4056 2.0110 0.5004 0.5865 2.1515 1.8966 1.5804 2.1414 4.4571 2.9470 2.3602 215.8902 215.8902 2.2142 215.8902 2.5335 2.0110 2.0330 2.0285 1.8335 1.8087 2.0285 1.8890 2.1719 2.9011 2.0739 1.5043 1.9811 1.9359 3.0202 2.3539 2.3050 2.5803 2.8681 2.7557 2.7557 2.6727 3.1999 2.4394 2.5964 2.8573 2.2756 2.6381 2.5644 2.6996 2.6639 2.7951 2.9708 2.3050 2.3924 2.4889 215.8902
190 2.8361 2.2642 2.4603 2.0693 2.5184 3.2784 2.5644 2.9354 2.2142 3.2463 2.0110 43.2522 2.9124 2.8790 2.3794 2.2472 4.0978 11.9077 2.1414 1.9853 3.2463 5.7339 2.3414 2.3794 2.0023 2.3414 2.0330 2.0927 2.2034 2.2088 2.3477 2.0330 2.2250 2.4325 2.2361 2.1616 1.9439 2.3539 1.8664 1.6485 1.9895 2.2250 2.1719 1.4293 2.3666 2.4603 2.7557 2.0023 2.1928 2.1719 2.9238 2.2250 2.1928 3.0992 2.7557 2.3170 2.9238 2.7179 2.5964 2.9830 2.4190 2.4463 2.5035 2.1667 2.5184 2.2814 3.9183 1.8627 2.0067 2.3539 3.4550 215.8902 2.4325 2.4463 2.2699 2.1719 1.8443 2.8573 2.4056 2.1414 2.3990 2.1719 2.8154 3.0856 2.2142 2.5184 2.3109 2.5644 1.9200 2.1070 2.3859 2.7557 2.8790 5.6597 3.7355 215.8902 2.7366 3.1701 3.1555 2.8257 215.8902 3.5762 215.8902 2.8790 6.7176 2.5109 2.1719 2.6296 1.4993 2.4257 215.8902 2.9708 7.6817 215.8902 2.3353 2.2699 2.8900 2.4603 2.7654 215.8902 2.3794 215.8902 2.2990 5.0239 2.0927 2.7366 3.1701 2.2142 2.3170 2.3924 1.9521 2.5488 2.3414 2.2699 2.7851 2.6046 2.0555 2.5109 2.2990 2.8573 2.3170 4.0353 2.3990 2.6046 2.6296 2.2034 2.6639 2.5411 2.6816 2.2931 2.2305 2.5883 2.0975 2.1616 2.1414 3.7114 2.6639 2.0374 2.2361 3.3809 2.6552 2.5566 2.1364 2.0374 2.9354 2.6296 2.5964 2.9011 3.4743 3.4743 3.2948 2.2034 1.9853 2.0285 2.3602 1.1853 0.8622 0.9035 2.0197 1.6663 2.7752 2.1515 2.1119 1.9005 2.0833 2.0927 1.8157 1.7093 0.8324 0.5846 0.0000 2.0023 1.9853 3.4173 0.8878 0.6960 2.0555 1.7478 0.4504 0.5697 2.1616 1.5914 1.6544 1.7413 5.0239 3.4360 2.2873 215.8902 215.8902 2.2472 3.2306 1.8299 2.1771 2.1265 2.3414 2.0927 1.9853 2.3414 2.0285 2.0110 4.2315 2.0285 1.5970 1.7744 1.7413 7.6817 2.3924 2.5035 2.5184 2.9708 4.0353 2.5964 3.5343 2.5803 1.9603 3.1270 2.3230 2.4325 3.1849 2.7179 3.1270 2.4122 2.4394 2.9354 2.5883 2.0601 3.7114 215.8902
191 3.4743 3.2622 3.3456 2.9354 2.9952 2.8790 3.1412 2.6466 2.6816 2.8681 2.4962 2.9830 2.8790 2.6996 2.4745 2.4816 2.8790 2.6639 2.8681 3.1849 2.7461 2.7179 3.4550 3.3284 2.9238 3.8367 2.6639 3.0722 3.3114 2.8361 2.9830 2.5803 2.7951 3.1849 2.9589 2.9238 2.7654 2.6296 2.6996 2.8790 3.1412 2.7851 2.8466 3.2622 3.5343 3.0330 2.9124 1.8928 2.2305 1.9319 2.3291 2.5184 2.4325 2.0285 2.3230 2.1022 2.1719 2.2034 2.3990 2.1875 2.0786 1.8228 2.5644 2.0927 2.5259 2.2142 2.4463 2.5803 2.2585 2.0739 2.1070 215.8902 2.0197 1.8299 2.1119 2.4816 2.5259 2.9238 2.7951 2.0647 2.4889 1.8627 2.4673 2.3291 2.5803 2.2196 2.5803 2.5488 2.3666 2.4603 2.2416 2.4889 1.9359 2.1515 2.9238 2.2699 215.8902 2.0927 2.6639 2.9238 215.8902 4.3032 2.0330 5.0798 215.8902 2.0509 2.2528 2.4889 215.8902 2.8154 2.2699 2.2142 1.9938 215.8902 3.1701 3.0992 3.3809 2.4463 215.8902 215.8902 4.9695 215.8902 2.1364 215.8902 3.4550 1.9769 2.2585 2.2250 2.0833 2.1216 2.3050 2.2756 2.2088 2.5184 2.3291 2.2034 2.5109 215.8902 2.5644 2.3539 2.1719 2.4603 2.4889 2.2305 2.7951 3.3284 2.7179 2.6816 2.4257 2.5644 1.9359 2.3666 3.5140 2.2142 2.2250 2.9708 2.4190 3.1555 3.3456 3.3809 3.3631 2.4533 2.9354 2.8154 3.0202 2.7557 2.7752 3.0076 3.5140 2.7557 3.8107 2.3170 2.9589 2.0833 2.3794 1.8627 2.0927 1.6999 1.4576 0.7045 0.9249 0.6876 0.6406 0.9922 0.9692 0.7917 0.5229 0.7940 1.9121 1.9895 2.0023 0.0000 0.6876 0.3741 1.8664 1.5094 0.8154 0.6876 1.8590 1.9727 2.2585 1.7677 1.9239 1.7380 2.0739 1.7880 2.4673 2.1928 215.8902 1.7880 2.0285 2.1022 2.4190 2.0241 2.0241 1.9480 1.7478 1.8192 2.1070 2.3230 1.7577 1.7348 1.7610 2.5644 1.9685 2.2814 2.4463 3.6878 2.9470 2.9470 2.7951 2.6816 3.1849 3.3631 2.6129 2.9470 2.4889 4.1632 3.4743 2.3050 2.4325 3.5140 3.7600 2.6129 2.2088 1.9644 3.0330 9.1232
192 2.2931 2.2814 9.1232 2.2642 3.0992 1.8371 3.5343 2.3170 1.4246 2.1167 1.6026 3.5343 215.8902 2.0647 4.4571 2.6381 4.8150 215.8902 3.0459 2.7366 2.5184 1.6968 2.1616 3.2463 2.4889 2.4962 2.3924 2.5644 2.2034 2.5644 2.1719 2.5803 2.4056 6.8249 2.4603 2.0927 1.7880 2.8681 2.6296 215.8902 2.0285 2.3050 2.4603 1.8966 3.0330 2.3291 1.7031 2.0285 1.7577 1.9439 2.3794 1.8890 2.1315 1.8299 1.8228 2.2034 1.7348 1.7348 1.6876 1.7880 2.0285 1.8017 1.7156 1.9319 1.9480 1.8371 2.0833 2.0023 1.8776 1.7478 1.7188 215.8902 1.9121 1.7348 2.1119 2.1823 2.0285 2.1981 2.0786 2.0647 1.8087 1.7348 1.5588 2.0023 2.0739 1.8157 1.9279 1.8371 2.2305 1.7880 1.6281 1.9895 6.7176 3.9183 215.8902 215.8902 5.7339 3.8905 3.5343 2.9354 215.8902 4.6269 8.2682 2.5723 4.0978 215.8902 6.7176 215.8902 1.4200 2.9238 215.8902 2.2931 215.8902 215.8902 2.2472 2.3477 2.3414 2.4889 215.8902 215.8902 2.5335 215.8902 2.8466 215.8902 9.9226 2.5184 1.8814 1.9521 215.8902 1.9121 2.0374 1.9200 2.0555 1.9279 2.5035 2.5335 2.7272 1.9121 2.1515 2.2361 2.3050 2.0693 2.7557 2.6906 2.3666 2.0555 1.5859 2.2642 2.3291 1.7544 1.6724 2.0419 2.4962 2.2990 2.5035 1.7156 2.0067 2.5964 2.2699 1.9603 2.3170 2.0374 1.9980 2.0110 2.1928 2.0285 2.0786 2.0601 2.7179 2.1265 2.5411 2.1315 1.8852 2.0110 2.6816 1.7880 2.3050 2.6466 1.3620 0.6587 2.6381 0.6151 0.6960 0.8983 0.8904 0.4970 0.5542 0.8250 2.4325 2.0374 1.9853 0.6876 0.0000 3.0992 1.6724 2.0555 0.6772 0.6035 2.2142 2.0110 2.1216 2.2142 1.9769 2.1119 215.8902 215.8902 2.7087 215.8902 4.9166 215.8902 215.8902 2.4745 2.6466 2.3170 2.6046 2.2699 2.1771 2.4394 215.8902 215.8902 215.8902 1.9121 1.8966 2.9952 2.1167 215.8902 1.9161 2.6212 2.7654 2.5803 2.7179 2.9708 2.4122 3.5343 2.4745 2.7179 2.4889 2.7179 2.2931 2.6129 2.8052 2.9238 2.7951 2.3794 2.3794 3.0992 2.6996 215.8902
193 4.7185 3.1849 4.0051 1.9603 9.9226 23.7765 2.5411 2.7654 2.2990 5.4496 215.8902 2.1464 1.8017 2.1216 2.6996 1.9895 1.9853 1.8299 2.6996 2.2931 2.0975 4.8150 215.8902 6.7176 215.8902 215.8902 1.8852 215.8902 215.8902 215.8902 215.8902 1.6138 215.8902 215.8902 215.8902 215.8902 215.8902 215.8902 3.1555 215.8902 1.3620 4.2315 3.6196 3.3809 2.6906 215.8902 2.8790 11.0955 2.8154 3.0722 7.0501 2.9830 2.1565 3.8633 4.0978 1.8814 2.5644 2.7179 2.6727 2.5964 2.5035 215.8902 2.0153 1.9439 1.9399 1.9644 2.0647 1.8966 1.8966 1.8739 2.0330 215.8902 4.2669 4.0353 1.8852 215.8902 4.7185 2.5335 1.9853 4.5399 1.8739 2.6996 1.8928 2.1875 1.8299 1.6310 1.9161 1.5588 2.1315 1.7811 2.2699 1.9603 1.9161 2.1616 2.2142 2.0285 1.9121 1.6784 1.9521 215.8902 215.8902 2.5964 1.6999 1.7643 2.0786 1.9082 1.7643 2.0601 215.8902 2.3666 2.3353 1.8157 1.9439 215.8902 215.8902 5.3835 3.2784 215.8902 215.8902 215.8902 2.0067 215.8902 2.3291 215.8902 3.5762 13.4767 215.8902 3.7851 1.8928 3.1849 215.8902 3.3456 215.8902 2.6296 6.7176 215.8902 5.8891 35.1496 2.4325 2.3230 3.7355 2.1315 1.9603 2.2472 2.5109 2.0023 3.9755 3.2463 2.3602 2.4325 215.8902 215.8902 1.8776 215.8902 1.8299 215.8902 4.4571 2.0110 2.1928 215.8902 215.8902 3.3284 215.8902 215.8902 215.8902 215.8902 215.8902 215.8902 1.9044 4.0353 215.8902 215.8902 215.8902 1.5970 215.8902 2.7366 215.8902 5.3835 215.8902 0.3816 1.0430 5.3835 2.9238 5.7339 215.8902 6.3208 215.8902 0.5021 2.5644 6.9357 3.4173 0.3741 3.0992 0.0000 215.8902 8.9402 11.3565 0.5846 7.9651 3.1555 2.0601 1.7031 3.6646 215.8902 1.7413 1.6907 2.1119 2.1070 1.7948 2.0739 3.1849 1.6544 215.8902 215.8902 4.5829 215.8902 5.6597 4.5829 2.1216 1.9359 1.5018 215.8902 3.9466 2.0285 215.8902 2.1022 1.8157 215.8902 215.8902 3.9466 2.3794 2.2699 4.3783 4.1301 215.8902 9.3127 1.7744 3.1555 215.8902 2.9011 19.8196 2.6129 3.7114 12.8142 7.0501 5.9702 2.7951 3.1849
194 2.8361 1.9603 2.9011 2.2034 2.2088 2.4603 2.5488 4.3783 2.4463 2.9124 2.4463 5.3835 1.6167 4.0353 2.7951 2.9470 5.6597 3.1270 3.9466 1.7284 2.2585 2.0023 1.9439 2.2416 2.3291 2.1414 2.4394 2.5335 2.3050 2.8466 2.9952 2.4325 2.4745 2.2250 2.0153 2.4056 2.2034 2.7557 2.1119 2.1119 2.5883 2.2361 2.6296 1.9279 2.4603 2.4463 2.1216 2.1719 2.2699 2.6816 2.3924 2.5184 2.6816 2.2472 2.6046 2.1022 2.6046 2.6046 1.8299 2.3230 2.0927 2.1616 3.9755 2.4889 4.0353 3.7600 2.6816 2.3291 2.1616 2.2528 2.6129 215.8902 2.5964 2.3794 2.1414 2.3414 2.3730 2.7272 2.7752 2.2361 2.7179 2.0464 2.7851 3.0202 2.6212 2.0927 2.6046 2.2585 2.6046 2.5883 2.3539 2.8790 9.7121 3.5762 3.0330 10.1407 2.5035 14.5679 28.7867 4.2315 215.8902 215.8902 215.8902 2.3924 215.8902 215.8902 2.8361 2.5488 2.5803 2.3353 215.8902 3.0459 215.8902 215.8902 3.1270 2.8466 2.7461 2.4325 1.6082 215.8902 2.1875 215.8902 4.6269 215.8902 215.8902 2.6129 2.7087 2.2931 215.8902 2.2034 2.1265 3.1270 2.6212 2.3924 2.4056 2.3794 2.0197 2.5803 2.2142 2.1823 2.1119 3.4173 3.0722 1.7914 2.4190 2.6816 2.3050 2.3170 2.6727 2.5964 1.8590 1.8776 2.1616 1.9044 1.6815 3.5762 1.9853 2.9470 3.1701 2.9708 3.2948 3.5762 2.4816 3.0076 2.5723 2.4257 2.2814 2.8361 3.5140 3.3114 2.9238 2.3794 3.2622 2.5644 2.9952 1.2482 0.9721 0.8011 1.7220 2.1364 215.8902 2.0153 2.1414 2.0067 2.2472 1.9561 1.8263 2.0975 1.0338 0.9608 0.8878 1.8664 1.6724 215.8902 0.0000 0.9142 2.7366 2.1616 0.8547 0.8202 2.1216 2.1167 1.9200 2.1022 2.2472 215.8902 2.6212 215.8902 4.0978 2.8681 13.4767 2.4673 2.1823 1.8052 1.6815 1.9938 1.7031 1.9603 215.8902 3.8633 2.2305 2.0464 2.0153 2.1515 2.1719 6.2291 3.1849 2.4673 3.6878 5.1962 3.1849 3.1849 3.2948 3.0076 2.5803 2.5488 3.9755 3.1555 3.4550 3.3456 2.6996 3.0076 3.5551 3.8107 2.9589 2.6296 3.0459 215.8902
195 2.0374 2.5883 2.7654 2.2873 1.9121 2.3990 3.2948 2.7461 2.3794 3.0722 2.3414 10.8438 7.4165 2.3170 2.4122 2.6046 2.2472 215.8902 4.9695 2.8466 2.9952 2.1070 3.5977 2.7179 2.0241 1.8157 1.9399 1.8407 2.4745 2.2196 1.8192 1.9005 1.9044 1.7948 1.9644 2.5723 1.8228 2.1414 1.6167 1.6138 1.9439 2.0153 2.3794 1.9521 1.9319 2.2034 2.1216 1.7284 1.8776 1.7348 2.0110 1.9359 1.9121 1.7284 1.7093 1.6907 2.2142 2.3414 1.8814 2.2699 2.2034 2.2196 2.1414 1.8228 2.6466 2.0693 2.1315 1.8664 1.8553 2.1315 2.2142 215.8902 2.0023 2.0110 1.6544 1.6426 1.9044 2.6996 1.8407 2.1315 2.2034 1.5429 2.0833 2.1616 2.2528 2.0927 2.5035 2.1119 2.0023 2.0927 2.4962 1.9853 3.1270 3.4940 2.5644 215.8902 2.9708 3.6646 3.0459 3.1849 215.8902 3.5762 2.2814 2.6129 2.3170 2.7461 2.7951 2.4056 1.7031 2.4394 215.8902 3.0992 2.5184 215.8902 2.3291 2.7851 2.2756 2.3291 1.4819 215.8902 3.1555 215.8902 2.2814 2.3924 21.0371 3.0459 2.2305 2.3414 2.0419 1.8928 1.9044 2.3230 2.2699 2.0197 2.3414 2.0833 2.3353 2.1515 2.3109 2.1216 2.1616 2.6552 2.3170 2.0509 2.0110 1.9239 2.7851 2.2642 2.2250 2.3414 2.2642 3.5551 1.7478 2.3109 2.4816 1.9644 2.5259 2.6212 2.2990 3.1412 2.1216 3.0722 2.0833 2.4463 2.8257 2.8257 2.7557 3.0589 3.2463 3.1270 3.6196 2.8361 2.1719 2.4190 2.8257 0.9195 0.5569 0.3968 1.5170 1.6082 22.3532 2.0464 2.0927 1.7610 1.8157 1.8017 2.2361 1.5170 0.9358 0.9168 0.6960 1.5094 2.0555 8.9402 0.9142 0.0000 1.6224 1.8516 0.6855 0.6268 1.7348 1.8590 1.4433 2.0464 215.8902 3.1849 2.3414 215.8902 215.8902 3.8633 215.8902 2.0110 2.2472 2.0464 2.3050 2.0647 1.8627 2.3050 6.9357 4.0353 4.5829 1.5970 1.5018 2.3539 1.6195 2.8573 2.9011 3.1130 2.5335 2.7752 3.8107 2.6381 2.5803 2.6996 2.3230 2.8052 2.1616 2.9354 3.1555 2.7179 2.8052 2.7366 2.3794 3.3114 3.0992 3.4173 3.7600 215.8902
196 1.8590 2.5109 3.5762 2.1022 2.3794 4.1301 2.4889 1.8228 2.9708 215.8902 19.2455 2.9708 3.1555 2.4056 215.8902 2.9952 2.1823 215.8902 2.7654 3.0076 2.6996 2.2305 215.8902 2.4603 2.0739 2.9238 2.3170 2.0241 2.4463 2.3477 2.1719 2.8052 3.0992 3.3284 2.6296 2.5184 1.8122 3.1555 215.8902 215.8902 2.6296 2.9470 2.8573 215.8902 3.4550 2.9238 2.6906 2.3230 2.3414 2.6296 3.0202 2.6129 2.0285 2.2088 2.1464 2.3414 2.2088 2.1616 2.2472 2.3170 2.1667 2.3539 1.6604 1.7948 2.0285 1.7413 1.9359 1.6195 2.1616 2.1216 2.0739 215.8902 1.8852 2.1719 1.9121 1.9279 2.3291 1.9279 2.3414 2.4190 2.6296 2.0927 1.7710 1.9603 1.7677 1.7380 2.2305 2.3414 2.1414 2.0197 2.0197 1.8852 3.5762 2.4463 3.6646 7.1683 4.4980 3.4940 3.2622 3.5343 215.8902 5.3835 1.9161 2.5335 2.8790 2.7557 2.9011 4.0978 215.8902 2.1414 215.8902 2.3109 4.4980 215.8902 2.3924 2.7366 2.9238 2.3170 215.8902 215.8902 3.2306 215.8902 3.6646 3.3989 3.1555 2.0647 2.2814 2.8361 4.9695 2.2756 2.3477 2.5184 2.2034 2.4533 2.5723 2.5035 2.6727 1.9685 2.5335 3.0202 2.1464 1.7811 2.1414 1.6253 1.6082 2.2814 2.3730 1.9044 2.3990 2.2034 1.9044 2.2416 2.4122 16.2283 3.0992 2.3230 3.4173 2.0927 2.0285 4.3403 2.7851 2.3353 2.4673 2.2196 215.8902 215.8902 2.5488 7.4165 2.0285 2.9708 2.0285 2.1414 215.8902 3.2948 2.5035 1.7610 1.6224 2.0023 1.7610 0.1926 215.8902 0.5865 0.6731 0.9249 0.8422 0.7448 0.6527 0.8698 2.7087 2.4056 2.0555 0.8154 0.6772 11.3565 2.7366 1.6224 0.0000 0.5660 2.1616 2.2361 2.0739 1.8664 1.9439 1.6663 215.8902 215.8902 3.0722 215.8902 215.8902 215.8902 215.8902 2.3924 2.3109 2.8361 3.2151 2.1414 2.4962 3.6646 215.8902 215.8902 215.8902 1.9521 1.7880 2.8790 1.8017 2.7461 2.5964 215.8902 2.5411 2.7366 3.1849 3.9755 3.4940 7.1683 3.0459 3.3456 2.9708 3.5140 3.1555 3.4360 2.8052 3.3114 3.6646 2.9708 3.2948 3.7114 4.0353 215.8902
197 2.6129 4.4571 3.2622 2.8790 3.5977 3.5551 2.8257 2.8466 2.9708 2.9708 3.1412 2.7179 2.8573 2.4889 1.9644 11.9077 2.4745 2.3291 2.6727 2.3924 2.7951 2.9124 2.5566 2.7179 2.4257 2.8790 2.3291 2.4673 2.9124 2.5803 2.7557 2.4122 2.6381 3.2306 2.4325 3.0722 2.7179 3.1849 2.6046 2.5964 2.4257 2.9011 3.1270 2.8154 3.7355 2.9589 2.6296 1.8890 2.3477 2.2990 2.1464 2.2196 2.0419 2.0067 2.3353 2.7951 2.1616 2.0555 2.0419 2.5411 1.7677 2.5964 2.2142 2.4889 2.7179 2.5964 2.9124 2.6996 2.7951 2.3990 2.2361 215.8902 1.7220 1.8739 1.7778 1.9853 1.7710 3.5762 2.8257 2.4190 3.1555 1.6368 2.8573 2.3414 2.6996 2.2088 2.9470 2.2642 2.5035 2.4889 2.5803 2.3859 215.8902 2.8361 5.6597 2.0330 2.8154 215.8902 215.8902 2.5964 215.8902 4.5829 1.5273 215.8902 215.8902 7.9651 215.8902 8.5927 215.8902 2.4056 215.8902 2.3539 1.8299 215.8902 2.6816 2.8154 3.0202 2.5488 215.8902 215.8902 2.4122 215.8902 215.8902 215.8902 215.8902 2.6639 2.0197 3.2463 215.8902 2.0110 2.3990 2.4816 2.6129 2.1464 2.7366 2.5964 2.8154 215.8902 2.5964 2.7851 2.0833 2.7087 2.7272 2.7366 2.7951 3.0459 2.6296 2.4056 2.6466 2.6466 2.0285 2.6046 2.8573 2.4056 2.7366 2.3414 2.2361 2.3353 2.4325 3.4940 2.8790 2.6996 2.7752 2.6996 2.5644 2.7179 2.8361 215.8902 2.1119 4.0051 2.3170 2.0197 2.8154 2.4745 2.5184 1.6310 2.0023 1.8627 1.5170 0.4651 0.6161 0.1756 0.6950 0.9835 0.7685 0.6083 0.6229 0.6824 1.8407 2.0110 1.7478 0.6876 0.6035 0.5846 2.1616 1.8516 0.5660 0.0000 1.8890 1.8516 1.9121 2.0601 1.8776 1.5777 2.0067 1.9853 2.7752 2.8681 1.6138 1.8516 1.7948 2.0880 2.3291 2.1265 2.3230 1.8966 2.2814 2.4533 1.7811 2.3050 1.6368 1.8701 1.6693 2.9238 1.8157 215.8902 2.9470 2.4190 3.0459 2.7272 3.1849 2.3477 2.6296 3.4550 2.2814 2.8466 2.5803 2.8466 2.6129 2.2250 3.1849 2.5644 3.1849 2.9238 2.4325 1.9044 3.1849 215.8902
198 2.6129 2.3353 3.5140 2.4122 2.2034 2.3539 2.2642 3.5762 3.6196 3.5762 2.4603 2.7179 2.3539 3.0202 5.8891 2.9238 4.0353 215.8902 2.2472 2.3050 2.4673 2.6296 2.8790 2.1265 1.9200 2.1464 2.3477 1.9938 2.3414 1.9938 2.1070 2.1464 2.1565 2.5184 2.6816 2.0647 2.0110 2.1364 1.4339 1.3751 2.2814 2.0739 2.6816 1.2833 2.2699 2.5964 2.3794 2.4122 2.8466 2.5488 2.4745 2.0285 1.9853 2.9011 3.6878 2.1928 2.3990 2.5411 2.7272 2.6816 2.2250 2.2931 2.3170 2.2416 2.8790 2.6552 2.4673 2.0927 2.3230 2.7179 2.6046 215.8902 2.5184 2.1928 2.2034 2.5883 2.5184 4.0051 2.1265 2.3050 1.8516 1.9811 2.5644 2.4325 2.5109 2.2699 2.6552 2.7557 2.3859 2.6381 2.8573 3.3114 215.8902 3.6646 3.3809 215.8902 3.5977 3.2948 2.3414 2.6639 215.8902 2.9952 8.4277 7.9651 215.8902 3.7851 7.4165 20.4165 1.8017 2.6816 215.8902 18.6931 215.8902 215.8902 2.8361 2.8361 3.4940 2.2585 3.2948 215.8902 2.2472 215.8902 1.9399 215.8902 215.8902 2.5335 2.7851 2.1771 1.4552 2.5883 2.1022 2.5488 2.5259 2.9952 2.9011 2.4603 1.8928 2.9708 2.3230 3.0202 2.5883 2.9589 2.5184 2.0110 2.1928 2.2034 2.0330 2.2873 2.5035 2.7366 2.5184 2.8573 1.9480 2.4190 2.7366 2.4603 2.4463 2.4889 2.6639 4.5399 1.8966 2.5644 2.0509 2.1823 2.8573 2.0285 2.3794 2.3291 2.5644 2.4325 2.9952 2.2814 2.0927 2.0464 2.4533 1.2052 0.8484 0.5940 1.6724 1.9399 3.1701 2.1414 2.2142 1.8516 2.3291 1.8371 2.1667 1.8335 0.6918 0.5004 0.4504 1.8590 2.2142 7.9651 0.8547 0.6855 2.1616 1.8890 0.0000 0.4668 1.8299 2.0833 1.7610 2.0023 3.7600 3.1270 2.0927 11.0955 13.8269 2.5335 3.9183 2.2931 1.9980 2.0555 2.1119 2.1719 2.2585 2.1119 1.5273 2.5335 2.8900 2.3414 1.7220 2.0555 2.4325 215.8902 2.6129 2.9124 2.3990 3.2784 2.9830 3.1270 2.9124 2.7557 2.5184 2.4673 2.7461 3.0722 2.6639 3.9183 3.5977 3.3989 3.5343 3.1555 2.2528 2.3170 2.8790 215.8902
199 2.9470 2.7179 3.8107 2.1667 2.6296 3.0330 3.9466 2.4056 2.3414 2.7557 2.1216 3.0722 4.6269 2.2142 2.1771 215.8902 2.5644 215.8902 2.9589 2.9952 9.9226 3.5140 3.3809 2.9708 1.6224 2.2088 1.6784 1.9895 1.7478 2.1119 1.9319 2.2416 2.2142 1.5170 2.3794 2.2756 1.9439 2.0374 1.9769 1.7744 1.8852 2.0330 2.0927 1.8407 2.3477 2.1414 2.2361 2.3539 2.4325 1.9853 3.0459 2.3414 2.1719 2.7366 2.5488 2.2814 2.6296 2.4745 2.7654 2.5488 2.1464 2.3170 2.0927 2.4257 3.4743 2.6296 2.5964 2.3170 1.8966 3.0330 2.9708 215.8902 2.4889 1.9521 2.2361 2.3990 2.2361 2.5803 3.1270 2.7951 3.3989 2.1719 2.8900 3.0722 3.0589 2.6552 2.8790 2.5644 2.9011 2.5035 3.1999 3.3809 14.5679 3.1999 3.0992 2.5488 2.3794 2.3859 5.0798 2.4745 215.8902 2.7752 3.9755 2.1414 215.8902 2.4463 1.9480 2.2142 3.7600 2.4745 215.8902 3.1270 2.6296 215.8902 2.5035 2.6639 2.8466 2.2088 215.8902 215.8902 2.4190 215.8902 2.0833 215.8902 215.8902 2.5411 2.6466 2.7951 215.8902 3.6196 2.1315 2.8361 2.4962 2.9952 2.8361 2.2585 2.3477 2.9124 2.5184 2.8361 2.6996 3.3809 2.3170 1.7156 1.6845 2.1719 2.5411 2.0110 2.1928 2.5803 2.5035 2.4603 1.8776 2.4325 2.1981 2.5184 2.9708 2.3794 2.5335 3.4550 2.8900 3.0722 1.8814 2.1070 2.3924 2.3794 2.5488 2.5411 4.3783 3.5343 4.3783 2.1315 2.1771 2.3924 2.3924 1.0338 0.7504 0.7066 1.8299 1.8627 5.7339 2.4533 2.4056 2.2642 1.7348 2.2416 1.9603 1.9200 0.7371 0.5865 0.5697 1.9727 2.0110 3.1555 0.8202 0.6268 2.2361 1.8516 0.4668 0.0000 2.0739 2.0464 1.7284 2.2814 13.1393 7.5469 2.3414 215.8902 215.8902 3.2151 215.8902 2.8154 2.6639 2.4325 2.3794 2.1216 1.9853 2.2814 3.9755 3.3114 6.2291 2.3794 1.7380 1.8516 2.0241 3.1270 3.0992 2.5488 2.5803 3.2622 4.3032 2.9470 2.7654 2.9470 2.4463 2.5883 2.1616 2.5644 2.3539 3.0589 3.1555 2.9952 3.4173 2.8361 2.3924 2.5035 3.5551 10.1407
200 2.1315 2.9708 20.4165 1.7983 2.1364 4.6269 215.8902 2.3666 2.4325 4.2669 2.2699 2.4889 2.0509 215.8902 215.8902 2.9470 3.6878 1.9521 2.6816 2.5411 2.4190 215.8902 215.8902 2.0023 1.9279 2.0975 2.3050 2.5335 3.3809 2.5803 2.4463 2.1414 2.5644 2.7752 2.4673 3.0722 2.5644 2.4056 2.1167 3.5977 2.4603 2.8154 3.3456 3.0202 2.5644 3.0589 2.1119 1.8590 2.2142 2.4745 1.9279 2.2142 2.2416 2.2305 2.0927 2.4889 2.5964 2.3050 2.1119 2.0110 2.1616 2.1315 2.2814 2.1070 2.0464 1.9161 2.2699 1.8443 2.8466 1.7744 2.0374 215.8902 2.2034 1.9161 1.9121 1.8516 2.0555 3.2948 2.2990 2.1265 2.2088 2.1119 2.0330 2.5803 1.7643 2.8900 2.2585 2.1119 2.1022 1.6815 2.1119 2.0374 215.8902 2.6996 5.7339 215.8902 2.2585 3.2151 215.8902 2.1216 215.8902 215.8902 2.3109 2.5488 215.8902 2.6296 2.6296 4.4571 4.5399 2.8573 215.8902 3.1555 2.2250 215.8902 2.8573 2.1464 2.5184 2.7179 2.9952 215.8902 215.8902 215.8902 215.8902 215.8902 215.8902 2.4190 2.2756 2.2250 4.1301 2.1667 2.3477 2.2814 2.0464 2.3539 2.6296 2.2034 2.6552 2.1070 2.1515 2.0927 2.5335 1.5914 2.1315 1.2292 1.7983 1.9521 1.3197 1.2330 2.6212 2.5964 2.1414 2.0927 2.5109 1.9938 3.2151 3.8107 2.1119 2.0601 2.3291 2.7461 2.3414 2.7951 2.3109 2.7087 2.6552 3.0992 2.7366 2.6381 2.8573 2.1981 3.4550 2.6816 2.1565 2.2034 2.3859 1.9769 1.9769 2.4056 1.8814 2.1070 2.6296 1.9279 2.1216 2.4056 1.7610 1.9200 2.1875 2.0739 2.3990 2.1515 2.1616 2.2585 2.1216 2.0601 2.1216 1.7348 2.0739 1.9121 1.8299 2.0739 0.0000 1.3534 0.9636 1.2754 215.8902 215.8902 1.8192 6.7176 215.8902 215.8902 2.8900 1.7125 2.1265 1.3197 1.3074 1.5429 1.3385 1.2873 215.8902 215.8902 215.8902 1.3795 0.9706 2.7951 1.1746 3.9183 2.5803 2.3539 2.4394 2.3170 4.0662 2.2250 2.4745 2.2361 2.5488 2.3291 2.5184 2.0833 2.4533 2.4745 2.5488 3.3989 2.5488 2.6816 3.2151 3.6878 2.6639 215.8902
201 3.2463 5.8891 1.9279 2.2361 2.2931 2.9238 2.4673 2.3730 2.2416 2.8573 3.0076 2.7557 2.3924 2.8790 2.3291 2.6129 2.9708 2.8466 2.3170 3.2784 3.0856 2.8790 2.1981 2.5488 2.1928 2.4190 2.3990 2.3109 2.7366 2.4463 2.2196 2.0285 2.4257 2.4889 2.5566 2.2416 2.8790 2.4325 3.0459 2.9589 2.6906 2.7951 2.9011 3.1849 3.2784 2.2931 2.3170 2.4257 2.2250 2.2472 2.5184 2.2416 2.1667 2.2088 1.9399 2.2416 3.0076 2.6996 2.2142 2.0647 2.2814 1.9044 2.1771 2.6906 2.4962 2.7272 3.0202 2.9238 2.2585 3.3284 2.6639 215.8902 2.4463 2.0739 2.2250 1.9895 1.7610 3.2784 2.9708 2.2756 2.4603 2.2305 2.5644 2.6129 2.4745 2.3924 2.5335 2.5964 2.6996 2.6906 2.4745 2.5566 2.5883 2.1823 3.0589 1.7880 2.0241 1.5144 3.1270 2.1616 215.8902 2.4889 1.7478 1.9121 215.8902 1.8776 2.3859 2.9708 215.8902 3.0076 215.8902 1.8890 1.9521 215.8902 1.9853 2.1565 3.8107 2.4463 215.8902 215.8902 215.8902 215.8902 215.8902 215.8902 215.8902 2.4745 2.0110 1.7811 1.9005 2.2814 2.3291 1.9685 1.9359 1.9279 1.9439 2.1119 2.0285 1.7914 2.4962 2.3050 1.8890 2.5566 2.9470 2.7461 2.4122 2.2699 2.5035 2.6466 2.3602 2.3924 2.8573 2.3109 2.2472 2.1981 2.7272 3.2151 2.7179 2.9124 2.7087 3.9466 3.4550 3.3456 2.1364 2.3170 2.2250 4.0662 3.2784 3.8107 2.7752 3.3989 2.8361 2.8052 2.1364 2.3050 2.8466 1.8516 1.6310 1.8890 2.0023 1.7643 1.4576 1.8443 2.1875 1.8228 2.1070 1.7478 1.8157 1.8228 1.9439 1.8966 1.5914 1.7677 2.2142 1.7031 2.1167 1.8590 1.8664 2.0601 2.0833 2.0464 1.3534 0.0000 0.9849 1.0616 1.6784 1.3620 1.9769 1.5273 1.4528 1.8516 1.5299 1.7031 1.9279 1.3556 1.3973 1.2218 1.3950 1.3095 1.6138 1.7948 1.6138 1.0399 0.8930 1.9239 1.2330 1.9399 2.7087 3.5343 2.3924 3.0202 2.9470 2.4056 3.0722 2.3990 2.5488 2.2034 3.1130 2.7654 3.3284 2.8154 2.8681 2.5883 2.8154 2.4673 2.7366 2.5644 2.6212 7.2904
202 2.1719 2.6816 2.8790 2.5035 1.9082 2.7557 1.9769 2.0833 2.3170 215.8902 4.7185 2.5488 215.8902 2.3353 215.8902 215.8902 215.8902 215.8902 3.0992 2.3859 2.6129 2.7179 215.8902 2.6639 2.7366 2.2756 2.8790 2.1719 2.8573 2.4603 2.5488 3.3456 2.3539 2.3170 2.0927 3.6646 3.5762 2.6727 2.1022 2.0927 2.6381 2.3050 2.6816 1.8966 2.0285 2.9952 2.1167 1.9769 1.6724 1.8553 1.9853 1.8814 1.6845 1.7478 2.1119 1.9279 2.1616 2.1515 1.6426 2.1119 1.8814 1.8017 2.1981 2.1464 2.3539 4.3783 4.5399 1.8052 3.4360 4.0051 3.5140 215.8902 1.7544 1.9359 1.6724 1.8480 1.9359 1.8664 1.8966 2.0023 1.8553 2.2142 4.3783 4.7185 1.8739 2.4533 2.5644 2.0601 5.5176 2.0023 1.7380 1.9853 7.6817 3.1412 215.8902 215.8902 2.3291 26.1330 21.0371 1.8966 215.8902 215.8902 215.8902 2.5259 215.8902 2.5964 2.2642 2.1565 1.5642 2.5035 215.8902 15.7893 21.0371 215.8902 3.0722 2.4325 2.5488 2.1823 215.8902 215.8902 7.2904 215.8902 215.8902 215.8902 16.6842 2.3414 2.0285 2.2931 215.8902 2.7654 2.5566 2.0927 3.2463 2.0647 3.0202 2.6296 1.9853 2.0509 2.6639 2.3924 2.2472 2.2528 2.0153 1.7188 1.4770 2.7951 2.2756 1.6907 2.4463 2.6129 2.2034 2.2472 1.8192 2.1315 2.2472 1.7125 2.0739 2.5109 2.9011 2.7752 2.8573 2.3414 2.6046 3.2784 2.5335 4.0662 3.1701 2.5644 2.3794 4.1632 2.5184 2.7557 2.0023 1.9769 2.7087 1.6544 1.4770 1.7093 1.2675 1.7744 215.8902 2.6381 1.7610 1.4293 1.7880 1.7880 1.9044 1.6195 2.0153 1.5804 1.6544 1.9239 1.9769 3.6646 1.9200 1.4433 1.9439 1.8776 1.7610 1.7284 0.9636 0.9849 0.0000 1.1746 215.8902 215.8902 2.4603 2.4394 215.8902 215.8902 215.8902 1.7413 2.3291 1.0584 0.9922 1.3491 1.1399 1.0999 215.8902 2.4257 2.8154 1.1468 0.1588 2.0330 1.2033 2.3230 2.2142 2.0601 2.1315 3.0992 2.2931 2.5566 3.0076 1.9603 2.2585 2.5335 2.5035 3.1701 2.5644 2.5259 2.5488 2.4463 2.5184 2.6046 2.4325 2.9238 3.0076 215.8902
203 3.5762 3.1701 3.5343 2.7951 2.7461 2.7752 2.1315 3.7851 2.4056 2.1719 2.8361 2.9952 2.5184 215.8902 3.9755 2.1771 215.8902 215.8902 2.6212 3.2948 3.7851 2.6296 2.6639 2.7179 1.9853 2.1364 2.0285 2.1414 3.3456 2.2990 2.9952 2.9124 3.1555 2.7752 2.4325 3.1999 2.1167 2.5259 215.8902 215.8902 2.3539 2.8573 3.0992 2.3050 2.3170 2.4603 2.0786 2.1616 2.0285 1.7220 2.0786 1.8664 2.3414 2.0927 2.0927 2.0464 1.9439 1.9439 2.0197 2.3353 2.1667 1.9359 2.2873 1.9561 2.4603 215.8902 3.2306 1.8739 2.4889 2.6639 1.4576 215.8902 1.9279 1.8516 2.0975 1.8814 1.9603 1.5273 2.6996 2.1771 2.6212 2.0464 1.5642 2.4325 2.1719 2.2142 2.2472 2.7654 2.0647 2.3050 2.6381 1.7577 215.8902 2.5644 215.8902 215.8902 4.5829 215.8902 2.0739 2.7087 215.8902 215.8902 215.8902 215.8902 215.8902 4.4172 215.8902 215.8902 215.8902 6.7176 215.8902 215.8902 3.3809 215.8902 2.4325 3.3631 3.8367 2.7654 215.8902 215.8902 4.7661 215.8902 4.4172 215.8902 215.8902 3.3989 2.2699 2.3924 29.7440 3.0459 2.5644 2.2528 3.2151 2.3353 2.2250 2.7752 2.7366 3.6196 2.9708 2.1823 2.4325 1.9044 2.2250 1.8299 3.1270 2.0975 1.7845 1.2993 3.5343 2.1022 2.5644 2.3990 2.5184 2.6816 1.8157 1.8516 2.2361 2.6381 2.3602 4.7185 2.8790 215.8902 215.8902 215.8902 23.7765 215.8902 2.7179 2.6639 2.5723 5.8103 2.0153 2.0927 2.4056 2.7366 2.7557 2.1771 1.7348 2.0647 2.0464 1.5642 215.8902 1.7778 2.2699 2.1265 1.7380 1.9769 2.0509 1.7914 2.1616 2.1414 1.7413 1.7380 2.1119 215.8902 2.1022 2.0464 1.6663 1.5777 2.0023 2.2814 1.2754 1.0616 1.1746 0.0000 215.8902 215.8902 2.3414 215.8902 215.8902 215.8902 215.8902 1.6663 2.1928 1.3995 1.6082 1.2873 1.5170 1.5535 215.8902 215.8902 215.8902 1.2107 1.0128 2.5259 1.2368 6.2291 2.6639 2.3291 2.5803 4.5399 3.3456 3.5343 2.5335 2.8790 3.1999 2.9589 2.4533 3.1412 3.7600 3.6646 3.8107 6.3208 3.5977 3.3456 3.7600 2.9952 4.6269 215.8902
204 3.6646 3.0202 3.3809 2.4745 2.5723 3.0202 2.3414 2.7752 2.5723 2.1719 2.9011 2.7557 3.3456 2.5883 2.7557 3.0992 2.5644 3.1849 3.1999 3.1270 2.4190 2.5035 2.9952 3.1270 2.6816 2.4745 2.2472 2.5184 2.4889 3.1130 2.0023 2.4325 2.4889 3.2622 2.3109 3.1849 2.9238 2.8466 2.3414 2.6046 2.9238 2.8790 2.6552 2.7179 2.8466 2.3230 2.3990 22.3532 215.8902 2.6296 215.8902 215.8902 5.7339 215.8902 4.1632 215.8902 3.4173 3.4173 215.8902 13.8269 8.1141 215.8902 2.2814 2.5335 2.3050 215.8902 2.0647 2.4463 2.6816 1.7478 2.8573 215.8902 215.8902 3.9466 5.9702 215.8902 215.8902 3.3114 2.4056 215.8902 5.1372 7.0501 2.6816 2.2250 2.3050 1.9853 2.2585 2.6129 1.8890 2.5035 1.8516 1.9359 2.2361 1.8516 1.8928 2.3477 2.7179 1.5914 1.5068 215.8902 3.3284 2.0330 1.2993 2.5184 1.7252 2.1216 2.6996 2.3291 215.8902 1.3449 1.7544 1.7478 1.8087 215.8902 2.2814 7.0501 2.1414 2.8154 215.8902 215.8902 1.9727 215.8902 1.5221 215.8902 2.2756 215.8902 215.8902 215.8902 2.6816 215.8902 215.8902 215.8902 3.5140 215.8902 215.8902 215.8902 215.8902 215.8902 215.8902 215.8902 3.4173 2.1515 2.2585 2.2990 1.9082 1.9121 2.0927 2.4122 2.0285 1.6544 1.6968 2.3050 5.3193 2.5184 2.9011 2.4394 2.4056 2.7272 2.1515 2.4673 2.6996 1.9121 2.4603 2.6046 2.1119 1.9279 2.0285 2.4745 2.1616 2.4745 2.3924 2.3291 1.8299 2.3924 2.1167 215.8902 215.8902 6.3208 215.8902 1.7677 2.1719 215.8902 215.8902 215.8902 2.4056 215.8902 215.8902 2.5335 215.8902 4.4571 5.0239 2.0739 215.8902 1.7413 2.2472 215.8902 215.8902 2.0067 3.7600 13.1393 215.8902 1.6784 215.8902 215.8902 0.0000 1.3817 0.8749 0.7415 0.8118 1.5221 0.6772 1.5429 0.6248 215.8902 215.8902 215.8902 215.8902 215.8902 1.0522 0.7504 0.7987 3.4940 215.8902 0.6307 215.8902 1.8890 3.0992 2.4889 2.7366 2.1719 2.6639 2.4190 2.4325 2.3539 2.3730 215.8902 2.3170 2.1928 3.8633 2.5644 7.1683 215.8902 215.8902 2.5964 2.4394 2.5644 215.8902 1.9359
205 3.0202 2.3602 2.2642 2.0975 2.8154 3.3809 2.7654 1.8017 2.2361 2.1771 2.6906 2.4603 2.5035 3.6878 2.4603 2.2250 3.3631 2.1216 2.4745 2.8790 2.2142 2.1216 2.4816 2.8466 3.6419 2.7752 1.9980 1.8192 1.9685 2.0285 1.5832 1.7284 2.1315 1.6167 2.1875 2.2361 2.1464 2.5566 1.7413 1.9769 1.7880 1.8966 1.8299 2.0330 2.1119 2.2873 2.9952 215.8902 3.7114 4.8651 3.3114 5.2569 2.9124 215.8902 215.8902 215.8902 32.8565 9.7121 20.4165 7.6817 2.7557 12.5008 1.9727 1.8407 1.7577 1.7880 1.6426 2.5644 2.0023 1.5273 2.1364 215.8902 3.5343 3.6419 5.2569 5.1962 3.1270 2.9708 2.1119 3.1555 2.0601 4.8150 2.2142 2.6906 1.9769 1.8966 2.5109 2.1167 2.5803 2.2361 1.5273 1.9279 1.9603 1.7744 1.7413 2.0739 1.4819 1.3577 1.5170 4.3783 3.4360 1.6138 1.5482 1.7778 1.5750 1.6937 1.4293 1.6604 215.8902 3.0722 1.6968 1.7778 1.6968 215.8902 215.8902 2.4962 2.4190 2.0647 215.8902 215.8902 1.5804 215.8902 1.6195 1.3620 2.1414 1.9769 215.8902 1.9044 1.5535 5.0239 4.7185 9.1232 2.3794 215.8902 215.8902 2.0419 215.8902 215.8902 215.8902 215.8902 2.3109 2.2088 2.5035 1.7413 2.2361 1.8590 2.1364 2.3924 2.2699 1.6845 1.3239 2.4463 2.0330 2.1771 2.0833 2.1616 1.7914 1.6310 1.4721 1.3707 2.0927 2.0693 3.9466 215.8902 2.1981 215.8902 215.8902 1.7156 1.7093 1.5247 1.7511 215.8902 2.3859 1.9005 2.0647 2.5644 215.8902 12.5008 215.8902 215.8902 1.9685 215.8902 215.8902 215.8902 3.5762 215.8902 215.8902 1.9279 2.2250 2.9470 3.4360 1.7880 215.8902 1.6907 215.8902 3.1849 215.8902 1.9853 3.1270 7.5469 215.8902 1.3620 215.8902 215.8902 1.3817 0.0000 1.5696 1.3620 1.4018 0.8852 1.5642 0.6209 1.9895 215.8902 215.8902 215.8902 215.8902 2.6639 1.5094 1.3364 1.3074 215.8902 215.8902 1.1746 215.8902 1.9439 1.5696 1.8299 215.8902 1.8299 2.2699 1.5561 1.6026 1.5669 1.5804 2.8257 1.6485 1.9399 215.8902 215.8902 215.8902 215.8902 215.8902 2.5109 215.8902 2.6996 215.8902 1.6544
206 2.5964 2.9952 2.8573 2.5964 2.5335 2.6996 2.2873 2.5566 3.0202 2.3291 2.6212 2.4816 2.3414 2.7366 2.7179 2.1719 2.5644 2.5803 3.3284 3.3631 2.3414 2.6129 3.4550 2.6129 2.4463 2.8154 2.7461 2.4122 2.8466 3.0722 2.3414 2.6727 2.3666 2.8257 2.6727 3.4360 2.9830 2.7366 3.1849 3.0076 3.3284 2.4889 2.6552 3.6196 3.3809 2.9124 2.5964 2.6727 2.0833 2.4056 3.3809 2.2250 2.0555 2.4056 3.0722 1.9044 2.8361 2.8052 2.3666 2.2472 2.5184 2.3924 2.6906 2.7366 2.8154 2.8681 2.9238 2.6296 2.6816 3.1270 2.7461 215.8902 2.6639 2.3291 2.2699 1.9121 2.9470 2.7557 3.0722 2.2250 3.0459 2.6466 2.7951 3.2784 2.2034 2.7087 2.6639 2.7851 2.8466 3.1130 2.6381 2.4816 2.3050 2.7366 1.9727 2.1875 2.6466 1.6082 2.3666 2.8154 215.8902 2.2361 1.8516 2.1875 2.2472 2.3109 2.2931 2.2416 215.8902 3.2306 2.5184 2.1771 2.1719 215.8902 2.2585 2.1167 3.0459 2.5411 215.8902 215.8902 1.9811 4.7185 1.8590 215.8902 215.8902 2.4056 2.6727 2.4122 2.4122 2.1464 2.3794 2.5883 2.0833 2.4325 2.2814 2.7179 2.6046 2.3666 2.1667 2.2416 2.2528 2.7654 2.9011 3.6196 2.6212 2.6381 2.5335 2.9708 3.5551 3.3631 2.5035 2.6552 2.1216 3.0856 3.1270 3.0722 2.7752 3.3631 2.6816 2.8790 3.2463 2.7366 2.4603 3.6419 2.6816 2.8361 2.5335 3.2784 3.3989 2.8790 3.1849 2.5488 2.8154 2.9238 3.1270 2.6381 2.2814 2.3730 2.6129 2.8790 2.1981 7.6817 3.3631 3.5343 2.4463 2.2990 2.6996 2.4889 2.3794 2.3602 2.2873 2.4673 2.7087 2.1119 2.6212 2.3414 3.0722 2.7752 2.0927 2.3414 1.8192 1.9769 2.4603 2.3414 0.8749 1.5696 0.0000 0.8801 0.7987 1.6195 0.8275 1.5482 0.9195 2.8790 3.1270 2.4603 2.3414 2.7366 1.1065 0.7743 0.9249 2.3924 2.1414 0.7066 2.4190 2.2585 2.6466 2.4190 2.8154 2.6816 2.4673 2.0285 2.0374 2.6046 2.5184 2.0833 1.9769 2.5411 1.8701 2.0110 2.2472 2.8681 2.4463 2.1771 2.2142 2.0647 2.4673 5.3835
207 2.3539 2.3666 2.9708 2.5488 2.1928 2.3477 2.2034 2.5644 2.5035 2.5335 2.2699 2.4122 2.2814 3.0459 2.6129 2.3924 2.3602 2.3730 3.4550 3.3284 2.5723 2.0786 2.3230 2.7654 2.2814 2.1928 2.0647 2.0023 2.5723 2.8257 2.2585 2.6639 2.4745 2.3291 2.1719 3.3631 2.6129 2.5964 2.5803 1.9239 2.8361 2.7461 2.9011 2.4745 3.0330 2.0464 2.5109 215.8902 2.4463 9.3127 215.8902 6.6136 11.0955 4.1970 109.7235 215.8902 4.0353 4.0353 215.8902 215.8902 2.1515 215.8902 2.4056 2.6816 2.6816 2.4394 2.5883 2.2361 2.1216 2.1719 2.0880 215.8902 2.6129 215.8902 215.8902 8.9402 215.8902 2.7272 2.2585 2.7752 2.3170 4.5829 3.2463 2.1515 2.0739 1.8664 2.7557 2.4325 2.6046 2.4962 1.5750 1.5859 2.7557 2.0927 2.1364 2.2699 2.3050 1.5998 1.8443 11.0955 6.1401 1.9603 1.3156 2.2528 2.1667 2.3353 2.1464 2.3050 215.8902 2.9952 1.7445 2.0833 2.1022 215.8902 215.8902 215.8902 14.1905 215.8902 215.8902 215.8902 2.2196 4.5829 2.1022 215.8902 2.1216 215.8902 215.8902 215.8902 2.3666 1.9769 215.8902 215.8902 4.8150 215.8902 215.8902 215.8902 215.8902 215.8902 215.8902 215.8902 1.9769 2.8257 2.2585 2.0509 2.3990 2.2814 2.0464 2.5488 4.7661 2.3353 1.8627 2.0880 215.8902 1.9359 2.3353 2.5184 2.4603 2.7179 2.2699 2.0833 3.0589 4.0353 4.1970 2.8790 2.5335 1.9480 2.0067 2.3109 215.8902 2.2756 215.8902 2.3230 215.8902 1.8590 2.1719 7.0501 215.8902 215.8902 215.8902 215.8902 1.9439 215.8902 215.8902 215.8902 215.8902 215.8902 215.8902 2.0023 215.8902 215.8902 215.8902 2.1928 215.8902 2.1070 215.8902 215.8902 215.8902 2.8681 11.0955 215.8902 6.7176 1.5273 2.4394 215.8902 0.7415 1.3620 0.8801 0.0000 0.6426 1.4673 0.6782 1.4819 0.6055 215.8902 215.8902 215.8902 215.8902 215.8902 1.0157 0.7917 0.7708 2.8900 19.2455 0.6648 215.8902 2.1719 2.9238 2.2990 215.8902 2.0330 2.6466 2.0833 1.9521 2.3291 2.3353 2.4463 1.7811 2.2756 19.2455 215.8902 215.8902 2.8681 5.9702 3.3809 7.6817 2.9011 6.8249 2.1414
208 2.2699 3.0459 5.7339 2.4962 2.4056 2.7272 1.9938 2.4056 2.9470 1.9895 3.0330 2.3414 3.3456 2.3859 2.3859 2.4603 2.3109 3.0722 3.5343 2.8790 2.6816 2.4889 5.5176 4.8150 2.7461 3.2784 2.2699 2.4816 2.9238 3.0459 2.2931 2.8900 3.0992 2.9354 2.9238 3.4173 3.1849 2.7752 2.4816 2.2361 5.8891 2.7654 2.5035 3.1701 4.0353 3.1701 2.5644 26.9827 215.8902 7.0501 46.4222 10.1407 2.4463 11.9077 4.3403 2.5411 4.4172 4.4172 215.8902 2.0833 2.8900 215.8902 2.3794 2.0241 1.9685 1.7744 2.1667 2.6816 2.3170 1.4819 2.0739 215.8902 3.2151 51.6899 9.7121 4.1301 215.8902 3.2463 3.7114 4.9166 2.3414 4.0662 2.6727 2.6129 1.4018 1.5403 1.8017 1.8590 2.2642 1.8017 1.3973 1.3773 2.8573 2.3477 2.2873 2.5335 2.4325 2.0647 1.9895 3.3809 2.5335 2.3794 1.5119 2.1928 2.1022 2.1070 2.2250 2.3230 215.8902 3.6646 2.3291 2.2699 1.8157 215.8902 2.4190 2.7951 2.2361 3.5551 215.8902 215.8902 3.0589 215.8902 2.5259 215.8902 2.9124 215.8902 215.8902 215.8902 2.3924 4.3032 215.8902 215.8902 215.8902 1.4063 215.8902 215.8902 215.8902 7.6817 215.8902 215.8902 1.9082 2.0693 2.8361 2.6381 2.5184 2.4463 3.1849 2.1414 2.1414 1.5482 2.2472 2.3230 7.8210 2.3666 215.8902 215.8902 3.0330 3.4173 3.1270 2.5184 2.9470 2.7951 2.5803 2.4056 2.9470 2.2088 2.3050 2.6466 2.4603 2.5411 5.3193 215.8902 13.1393 2.2361 2.0739 4.8150 215.8902 215.8902 7.0501 215.8902 2.3050 215.8902 215.8902 215.8902 215.8902 2.3794 1.9521 1.3973 14.1905 215.8902 215.8902 215.8902 4.9166 1.7948 4.0978 215.8902 215.8902 1.6138 13.8269 215.8902 215.8902 1.4528 215.8902 215.8902 0.8118 1.4018 0.7987 0.6426 0.0000 1.6026 0.6813 1.6784 0.5142 215.8902 215.8902 3.5140 215.8902 215.8902 1.0837 0.7460 0.8472 2.4889 3.3456 0.5697 215.8902 2.6296 2.7461 2.5488 1.9161 2.2814 2.8257 2.5566 2.5566 2.2472 2.5411 2.4325 2.4056 3.0076 2.2585 2.1515 2.5035 2.9238 2.2931 2.4325 2.4533 2.5964 3.0722 2.7951
209 2.7179 2.6996 2.9011 4.0353 2.4889 2.5723 2.6996 2.2034 2.3924 2.3170 2.5411 2.7951 3.3809 2.1823 2.1216 2.2699 2.4603 2.1981 2.6996 3.2463 2.4190 2.8900 3.2463 2.6129 1.5119 1.6784 1.5832 1.6026 1.9319 1.4673 2.0647 1.6663 1.8516 1.5482 1.6082 2.0927 1.9082 1.6845 1.4868 1.7284 1.8966 1.6937 1.5170 1.6195 1.7643 1.4339 5.0239 2.3050 10.3668 3.6878 4.3032 19.8196 8.1141 215.8902 11.0955 23.7765 5.3835 10.6010 3.0459 5.9702 4.3783 5.9702 2.5335 2.0419 2.2034 1.9121 1.7744 2.6816 1.8890 1.7677 2.4190 215.8902 12.5008 7.9651 5.0239 215.8902 2.1719 3.0722 4.7185 3.9183 2.9238 9.3127 1.8553 1.9005 1.9359 1.7983 2.5335 1.9853 3.2784 1.9685 2.0110 1.7413 1.9603 2.1414 1.9853 1.6845 2.0555 1.6310 2.1981 2.2873 1.6026 2.1414 1.5094 2.0647 1.7610 1.5914 1.4063 1.8263 4.0353 2.8361 2.2699 1.6724 1.7948 215.8902 3.6419 4.4571 19.8196 26.9827 6.7176 215.8902 1.6604 215.8902 1.8516 1.6082 2.1616 3.1270 2.9011 2.8573 1.7220 2.1719 4.4571 3.1555 215.8902 2.5035 4.7185 215.8902 2.6639 2.5803 215.8902 215.8902 3.3456 2.2699 3.6196 1.9439 2.0110 1.8299 1.9439 2.4603 2.0285 2.5035 2.9830 2.1364 2.2585 1.7156 4.2669 1.9938 2.3666 2.1928 2.0285 1.5482 1.5914 1.6224 215.8902 215.8902 215.8902 2.3730 215.8902 1.8516 1.6368 1.8966 1.6604 1.8087 215.8902 2.1414 1.5804 2.9011 3.1849 3.1849 215.8902 3.0722 1.6426 215.8902 2.2814 215.8902 4.3783 215.8902 215.8902 1.5273 2.8573 2.2142 2.2472 1.7880 215.8902 2.0739 2.8681 3.8633 215.8902 1.8516 2.5335 3.2151 215.8902 1.8516 215.8902 215.8902 1.5221 0.8852 1.6195 1.4673 1.6026 0.0000 1.5482 0.8522 1.8017 215.8902 215.8902 215.8902 23.7765 215.8902 1.5750 1.3385 1.4270 215.8902 215.8902 1.1032 9.1232 2.1823 1.4293 1.7348 2.3353 1.5273 5.3835 1.7744 1.5170 1.3197 1.6426 3.9755 1.8739 1.4154 8.5927 2.9011 18.6931 9.7121 2.9708 2.2699 3.0722 2.8790 4.1970 1.6426
210 2.7366 2.9238 3.6878 3.4173 2.3794 2.6816 2.3414 2.4745 2.8681 2.4122 2.5723 2.0786 3.0722 2.7366 2.7461 2.6296 2.8681 2.7272 3.7114 2.9830 2.9708 3.0330 2.6381 3.7600 3.4743 2.4056 2.9354 3.2151 2.3291 2.7461 2.2250 2.8257 2.7951 2.7366 3.1270 4.3783 3.1701 4.0051 2.4816 2.5644 2.5964 2.5803 2.7272 2.4816 2.5644 2.3230 2.8466 4.1970 215.8902 13.8269 215.8902 215.8902 9.9226 215.8902 3.4940 215.8902 3.4173 3.4173 22.3532 2.5335 2.8900 215.8902 2.5803 2.1928 2.1464 2.1364 1.9439 3.0992 2.2250 1.8664 2.2585 215.8902 215.8902 3.4173 215.8902 5.6597 5.8103 2.3050 2.9708 37.6351 2.1719 36.3673 2.6296 2.6996 2.2034 1.8299 2.2699 2.8361 1.9399 2.1022 1.8966 1.4246 2.6046 2.2814 1.9980 2.1981 2.4463 1.7914 2.0023 215.8902 4.4980 2.0197 1.5068 2.5723 1.9811 2.4056 2.2814 2.2034 215.8902 14.9598 2.2472 2.5335 1.9521 215.8902 7.0501 7.6817 215.8902 9.1232 215.8902 3.8633 2.6296 215.8902 2.3109 215.8902 2.4962 2.0023 215.8902 1.9895 2.1875 4.7185 215.8902 215.8902 7.5469 215.8902 7.8210 2.8573 215.8902 215.8902 215.8902 215.8902 215.8902 2.5259 2.4603 2.3539 2.3353 2.1771 2.3539 2.5644 2.4190 2.4056 2.2814 2.6466 215.8902 2.5109 3.0856 7.5469 2.6046 2.5964 2.7951 2.5411 2.3666 2.2585 2.2472 2.1216 2.4745 2.3539 2.3414 2.1616 4.8651 2.5335 2.1414 2.4533 215.8902 2.2034 2.3602 3.5762 215.8902 215.8902 4.5829 17.6501 2.3291 215.8902 18.1616 3.1849 3.2948 5.7339 215.8902 1.7348 215.8902 215.8902 3.2306 2.0285 215.8902 3.1849 13.4767 215.8902 215.8902 1.7948 3.9183 215.8902 2.8900 1.5299 215.8902 215.8902 0.6772 1.5642 0.8275 0.6782 0.6813 1.5482 0.0000 1.7880 0.4472 215.8902 215.8902 4.5399 215.8902 215.8902 0.9878 0.5697 0.8106 2.9011 215.8902 0.2100 215.8902 2.3924 2.4889 2.4889 215.8902 2.6129 9.7121 2.5883 1.8553 2.3666 2.1823 2.5184 2.6381 2.8466 10.1407 215.8902 10.1407 3.0330 215.8902 5.5176 2.8154 6.6136 2.7087 2.2756
211 2.5035 2.8466 4.3032 2.7272 2.6212 2.3050 2.7179 2.8681 2.7951 2.9354 2.5411 3.1270 2.4257 2.8154 2.1119 2.8573 3.1270 2.7851 3.0589 2.3170 2.7557 2.8361 2.3414 2.8900 2.4889 2.1823 2.3794 2.4325 2.5488 2.8900 2.9708 2.5035 2.4056 2.2585 2.2931 3.3809 2.5035 2.5644 2.8790 2.9708 2.4533 2.6639 2.6129 3.2622 2.6816 2.5184 3.4550 2.2642 1.7220 1.9239 2.1719 2.6639 1.5914 2.1565 1.8890 2.1167 2.3050 2.3730 2.6129 2.3291 2.1667 2.4325 2.8573 2.2361 2.7087 2.5803 2.5488 2.9830 2.5109 2.4325 2.3109 215.8902 2.0374 2.6816 2.0330 2.1719 2.2528 3.6196 3.0202 1.7348 2.3666 1.8590 2.6466 2.2931 2.5644 2.3414 2.6046 2.3539 2.9830 2.4603 2.5184 2.5035 1.8157 2.0464 1.7914 1.8407 1.9521 1.8299 1.8443 1.8299 215.8902 2.4122 2.0647 2.0739 2.1216 2.1414 1.6426 2.0374 1.1433 1.9082 1.3707 1.8776 1.8890 215.8902 2.1216 2.2814 2.4056 4.1632 215.8902 215.8902 2.0739 215.8902 2.0285 2.1667 215.8902 2.3170 2.0739 1.9603 1.7031 2.2088 2.0241 2.3414 1.9603 2.2034 1.9121 2.4190 1.9044 1.5588 2.1667 1.9005 1.8852 2.4673 2.6129 2.8361 2.7951 2.7654 3.2306 2.9708 2.5964 2.9470 2.9708 3.2622 3.3989 3.1270 3.8633 2.9124 3.0459 2.3477 2.5723 2.9708 2.8154 3.7600 3.5762 2.6466 2.9238 3.1849 2.9952 2.9708 3.3456 2.2990 3.3809 3.5762 2.1464 3.4173 2.4816 1.6195 1.9811 2.3414 2.0464 1.9521 1.6937 2.6639 1.9938 2.0693 1.6368 1.8814 1.9685 1.9603 2.7272 2.5335 1.8299 2.1022 2.4745 1.6544 2.4673 2.0110 2.3924 2.0880 2.2931 2.8154 1.7125 1.7031 1.7413 1.6663 1.5429 0.6209 1.5482 1.4819 1.6784 0.8522 1.7880 0.0000 1.2597 1.6310 1.7643 2.1719 1.6253 1.7284 1.4968 1.5429 1.5196 2.2250 1.8966 1.1264 2.2250 2.0464 1.7348 1.9439 2.5644 2.3414 1.7710 2.0786 2.4190 2.3924 2.1616 2.3109 1.9121 2.2034 2.3291 1.9603 2.1119 2.0647 1.9561 2.3291 2.1022 2.5644 2.9589 2.1981
212 3.1849 3.0202 3.7600 3.5551 2.4889 2.3539 2.6296 2.5803 2.4603 2.6466 2.7557 2.7366 3.0856 2.6129 2.9011 2.5184 2.5803 2.4056 3.0330 2.4394 2.8466 3.8107 2.1167 2.6639 2.8573 2.7951 3.6878 3.3456 2.7951 2.7752 3.0992 3.0992 2.6639 2.5803 2.3170 2.9011 3.4940 3.1701 2.4533 3.1849 2.9952 3.2784 3.5762 3.5551 3.5343 2.8900 2.6296 2.9830 1.9439 2.7557 3.1849 2.7366 2.8573 3.1270 2.9011 2.4745 2.6816 2.5259 2.4745 1.9279 2.1167 2.2034 2.5335 2.7366 2.3794 1.9938 2.7087 2.0833 3.2784 2.5335 2.4056 215.8902 2.0739 2.4745 2.2585 2.4533 2.6466 3.6646 3.9183 2.5109 2.6906 2.2088 2.9011 2.8466 2.3666 2.9238 2.6296 2.9952 2.3539 2.8361 2.1414 2.2585 3.4550 215.8902 2.4962 10.8438 2.4533 215.8902 2.4889 2.6466 6.0539 215.8902 215.8902 2.8466 3.1270 2.5488 7.2904 2.9238 215.8902 2.1167 2.7179 215.8902 215.8902 215.8902 2.2416 2.9952 3.5551 2.6296 215.8902 215.8902 4.1632 215.8902 215.8902 3.4550 4.2669 2.3414 2.3050 1.7348 2.9238 2.4463 2.1616 2.2472 1.8890 1.9439 2.1875 2.2642 2.0833 2.0241 1.9279 1.9521 2.3990 2.7366 2.6996 2.2142 2.4603 2.5488 2.4603 2.3794 2.3050 2.3109 2.3990 2.1414 2.8790 2.3924 2.3539 2.5964 2.2585 2.5335 2.5964 2.5488 2.8681 2.9238 2.6129 2.3539 2.9470 2.5644 2.6727 2.6639 2.3291 5.6597 2.8361 2.1616 3.1849 2.6296 2.3477 2.7087 2.3990 2.3859 2.2814 2.1315 215.8902 3.5140 2.2472 2.8052 2.1515 2.4257 2.0509 2.3666 2.0927 2.0110 2.1771 2.4190 2.6466 215.8902 2.1823 2.2472 2.3109 2.3291 1.9980 2.6639 2.1265 1.9279 2.3291 2.1928 0.6248 1.9895 0.9195 0.6055 0.5142 1.8017 0.4472 1.2597 0.0000 2.2034 2.5883 2.2699 2.6906 2.4122 0.6939 0.7893 0.7527 2.1719 2.5035 0.8775 2.5035 2.4463 2.6816 2.6296 3.0330 2.6996 2.7557 2.6552 2.5644 2.3666 2.6466 2.2528 1.7284 2.8154 2.5411 2.1315 2.4889 3.4173 2.7557 2.5184 2.3230 2.2756 2.4962 4.6269
213 2.6466 5.5876 3.2463 2.2814 2.5803 2.9124 11.3565 3.2306 3.0992 7.9651 2.8361 2.8790 4.6269 3.1270 215.8902 215.8902 3.5551 2.9708 2.4533 2.3924 2.9470 215.8902 215.8902 2.9952 2.7752 2.1515 2.2196 2.8573 2.6996 3.1270 2.6816 2.5335 2.8361 2.7366 1.9279 3.2306 2.5803 2.7179 4.3032 215.8902 3.3284 2.5335 2.6996 16.2283 2.4463 3.3631 2.3924 2.7272 2.9238 2.5964 3.3989 2.3291 2.5035 2.3414 2.5259 2.6816 2.3794 2.2756 2.0464 3.1270 2.1070 2.4889 2.1981 2.5803 1.8776 2.4325 2.7461 2.2361 2.8052 2.3414 1.8157 215.8902 2.1719 2.0927 2.2814 2.5411 2.8573 2.2416 2.3924 2.2034 2.2196 2.2250 2.2034 2.9589 2.0693 3.1412 2.8573 2.5184 3.2948 1.9121 2.7366 2.2814 215.8902 2.6296 215.8902 215.8902 215.8902 8.4277 215.8902 13.8269 215.8902 215.8902 215.8902 4.7185 215.8902 4.5829 215.8902 215.8902 215.8902 3.3114 7.5469 7.5469 12.8142 215.8902 2.2699 3.3809 3.7114 2.5411 1.1164 215.8902 215.8902 215.8902 215.8902 215.8902 3.0722 3.4550 2.7179 2.9011 215.8902 2.1515 5.0239 2.2250 2.8573 2.2642 3.7355 3.0589 2.7951 2.6129 2.7179 2.0927 2.7851 2.3414 2.4257 2.6046 2.7752 2.6996 2.1667 2.1771 2.6639 2.7851 2.0110 2.0927 2.0975 3.4940 2.6381 2.2361 2.3050 3.1270 2.3109 2.2416 2.6129 2.7366 2.8257 6.8249 2.7272 2.1315 2.4533 3.2463 3.0459 3.3456 2.6296 4.2315 2.3353 3.3631 2.3414 1.9439 2.2361 1.9853 2.0555 2.6552 2.7654 2.2699 2.2142 1.7252 2.2585 2.3353 2.2250 2.0023 1.7610 2.0330 2.1265 2.0241 2.3170 215.8902 1.8052 2.0464 2.8361 2.1265 2.0555 2.4325 1.3197 1.3556 1.0584 1.3995 215.8902 215.8902 2.8790 215.8902 215.8902 215.8902 215.8902 1.6310 2.2034 0.0000 0.0858 1.6082 0.4091 0.0826 3.0459 215.8902 215.8902 1.9685 1.0338 2.7366 1.9980 215.8902 2.8466 2.3291 2.3990 3.6196 3.3989 2.4962 4.4172 2.9470 2.8154 8.9402 2.8052 5.2569 3.7600 3.2151 5.6597 4.3783 2.7851 2.9952 3.4550 7.5469 2.8790 215.8902
214 2.7654 3.1555 2.6466 2.4325 1.7544 2.7366 215.8902 2.7557 2.5259 7.9651 3.2784 215.8902 215.8902 7.9651 215.8902 215.8902 4.5399 3.4550 2.4603 2.0927 3.0992 2.3109 215.8902 3.4550 2.4190 2.1216 2.0374 2.9238 2.9011 2.5035 2.4056 2.6296 2.6906 2.3924 2.2814 3.5343 3.0589 2.5644 4.3032 215.8902 2.9830 2.4603 2.5488 9.3127 2.5109 3.5140 2.6906 2.8361 2.7951 2.6381 2.5723 2.2250 2.5644 2.1070 2.7366 2.7366 2.6129 2.6996 2.1119 3.0992 2.1515 2.6639 2.3990 2.6816 1.7577 2.4889 2.6552 2.3170 2.3414 2.3924 1.8739 215.8902 2.1414 1.8890 2.4463 2.6816 2.9238 2.2034 2.4745 2.2416 2.3291 2.3794 2.4889 3.5977 2.0330 2.7557 2.2585 2.6212 3.2463 1.9359 2.4325 2.1515 215.8902 5.1962 215.8902 6.5129 6.4153 7.4165 215.8902 26.9827 215.8902 215.8902 215.8902 4.8651 215.8902 215.8902 215.8902 215.8902 215.8902 3.1849 215.8902 7.5469 16.6842 215.8902 2.3794 3.4940 3.3989 2.7951 1.1164 215.8902 215.8902 215.8902 215.8902 215.8902 3.2622 4.3032 2.7461 2.9011 5.1962 2.4394 4.1970 2.0601 3.0459 2.7179 4.9166 2.9589 2.5411 3.9183 2.5488 2.6996 3.1849 2.0833 2.5335 1.9685 2.7366 2.3291 2.0464 2.2814 2.3666 3.0992 2.2585 1.9521 2.0975 3.3809 2.8900 2.0739 2.1216 2.8466 2.1022 2.0464 2.4463 2.7752 3.0589 4.4172 215.8902 2.8573 2.6816 2.8361 2.6296 2.6296 2.7366 4.6721 2.2814 4.1970 2.2931 1.9439 2.0153 1.8664 2.0880 2.7654 2.5883 2.5109 2.4889 1.6515 2.1364 2.5644 2.4394 2.0833 1.8087 2.0285 2.3414 2.0241 2.6046 4.5829 1.6815 2.3050 3.2151 2.3230 2.1119 2.3794 1.3074 1.3973 0.9922 1.6082 215.8902 215.8902 3.1270 215.8902 215.8902 215.8902 215.8902 1.7643 2.5883 0.0858 0.0000 1.6195 0.4279 0.0599 8.7634 215.8902 215.8902 2.2472 1.0821 2.4603 2.0419 5.3193 3.8107 2.2814 2.3230 4.8150 3.8633 2.4962 2.9952 3.1270 3.1555 10.6010 2.8361 2.6816 3.7600 2.6816 4.1301 3.0076 2.4533 3.4743 4.1632 4.4172 2.6727 215.8902
215 2.8361 3.1270 2.6552 2.5335 3.3989 2.2472 5.1962 2.9589 3.2622 215.8902 2.4325 7.1683 2.1616 2.3170 2.3794 215.8902 2.9011 2.1719 1.9980 2.2250 2.1823 3.3284 2.3539 2.6129 1.8443 1.9727 2.1414 3.0202 2.4745 2.3602 2.2472 2.3230 2.7366 2.3170 2.7557 2.9011 2.1515 2.7366 2.3050 2.2585 2.0464 1.9521 3.1270 1.9279 1.9044 2.9011 4.0051 2.3794 2.2585 2.2585 2.7951 2.3990 2.1928 2.6727 2.3414 2.0927 2.4745 2.5411 2.8361 2.5035 2.5184 2.0739 1.9359 2.2873 2.4745 2.0464 2.3924 2.3539 2.5964 2.1667 2.0647 215.8902 2.2472 2.5184 2.4056 2.6639 2.2416 1.9359 1.8299 2.0927 1.8407 2.8573 1.9895 2.0241 1.9521 1.8890 2.1119 2.2990 2.4673 1.5914 2.0975 1.8335 6.1401 2.9708 2.6639 215.8902 3.2151 2.8052 2.1464 2.1216 215.8902 4.8150 215.8902 7.2904 215.8902 215.8902 9.9226 5.5876 215.8902 2.4889 215.8902 215.8902 2.7179 215.8902 2.6212 2.3990 2.8361 2.6816 215.8902 215.8902 215.8902 215.8902 215.8902 215.8902 13.4767 3.0330 2.7461 3.5343 215.8902 2.7654 2.7179 3.0722 2.6296 3.2151 3.1270 3.1412 2.6816 2.3539 2.9470 2.5964 2.8573 2.7654 2.7752 2.2642 2.3170 2.3924 1.9319 2.3050 2.1364 2.0833 2.3414 2.4257 2.5259 2.5035 2.7366 2.7461 2.8052 2.0647 2.8573 1.9161 2.1616 2.9708 2.5723 5.5176 2.4889 2.4603 4.0978 3.3631 2.7366 4.4172 2.8466 5.1962 2.1616 2.9952 2.2990 2.5035 2.2585 1.8590 2.1119 2.0419 37.6351 2.0555 1.9769 1.9439 2.1315 1.9279 2.5883 1.7577 1.8299 1.8335 2.0927 1.9480 2.2699 215.8902 1.9938 2.0647 2.1414 1.8966 2.1719 2.1216 1.5429 1.2218 1.3491 1.2873 215.8902 215.8902 2.4603 215.8902 3.5140 215.8902 4.5399 2.1719 2.2699 1.6082 1.6195 0.0000 1.7348 1.6845 215.8902 2.1616 1.6339 0.7088 1.3074 2.2142 0.7283 2.6296 3.2948 2.2642 3.3114 6.5129 3.7114 3.2151 7.6817 2.9011 3.2948 3.4940 2.8573 6.5129 3.7600 3.0076 3.1555 3.0722 2.8361 3.4173 4.1632 4.6721 5.2569 215.8902
216 2.2142 1.8664 2.3230 2.1515 2.9470 2.2034 215.8902 2.2699 2.2142 2.6046 2.6466 2.2250 215.8902 215.8902 2.8681 215.8902 3.6196 215.8902 2.4325 2.4463 5.8103 1.6968 215.8902 3.0459 2.4056 2.8052 1.9938 3.2948 3.1555 2.0285 2.3730 3.0722 2.3050 2.6816 2.1216 2.5644 2.7087 2.7179 3.0202 3.8633 6.1401 2.9011 2.4603 3.7600 2.7366 3.0589 2.8900 2.9830 2.6552 2.4889 3.7114 2.9011 2.4190 2.3414 2.2472 2.1823 3.2784 3.3456 2.3924 3.4743 2.5411 2.6639 2.1823 2.5035 2.1875 2.1719 1.6195 1.9121 2.8790 1.9161 1.7643 215.8902 1.9399 2.1515 3.1555 2.3794 2.9830 2.3170 2.6296 2.1216 2.5035 1.9161 2.1070 1.8299 2.2873 2.6212 1.9685 2.4394 2.2699 2.2250 2.0509 2.0555 12.5008 7.5469 4.8651 215.8902 4.9166 3.3456 4.5829 2.6129 215.8902 215.8902 215.8902 2.1515 6.9357 3.1270 5.6597 3.3114 215.8902 2.9470 22.3532 13.4767 215.8902 215.8902 4.0353 2.3602 2.8154 2.2756 1.2181 215.8902 215.8902 215.8902 215.8902 215.8902 215.8902 3.1849 2.4673 2.4257 215.8902 2.3730 2.7654 1.9121 3.4360 1.9161 2.3170 2.3859 3.1701 2.9708 2.2699 2.3990 2.0197 2.2931 2.5883 2.2196 2.3170 2.3170 2.0927 2.8681 2.2642 2.6466 2.1719 2.1928 2.0833 2.7366 3.0589 2.0739 2.5883 2.9470 2.4056 2.7557 2.3666 2.3170 2.3730 2.5723 3.3631 3.1999 2.7557 2.3539 2.6296 3.0202 3.0459 2.5109 2.9124 3.2784 2.2642 1.8890 1.8890 1.9200 1.7677 2.4056 3.3631 2.5259 2.4745 2.0285 2.1315 2.0555 2.2250 1.8590 1.8590 1.8087 1.9853 1.7478 2.1771 5.6597 1.7031 1.8627 2.4962 2.2814 2.2585 1.9853 1.3385 1.3950 1.1399 1.5170 215.8902 215.8902 2.3414 215.8902 215.8902 23.7765 215.8902 1.6253 2.6906 0.4091 0.4279 1.7348 0.0000 0.3892 215.8902 215.8902 215.8902 1.7880 1.1746 2.2873 2.2472 215.8902 2.5723 2.4394 2.4816 3.0589 3.0459 2.2472 3.1849 3.3809 2.9952 3.9755 2.4603 3.1999 3.1555 2.3794 4.2315 3.4550 3.1555 3.4173 3.9466 5.8103 2.6996 215.8902
217 2.7461 3.4550 3.0722 2.4325 1.7544 2.8361 215.8902 2.5259 2.4122 7.9651 3.3809 215.8902 4.6269 7.9651 215.8902 215.8902 3.1270 3.6196 2.5883 2.3924 3.0722 2.5109 215.8902 2.9952 2.5488 2.3414 1.9727 2.7179 2.9011 2.6466 2.3539 2.4889 2.6906 2.3794 2.5488 3.4550 2.9124 2.4463 3.7355 215.8902 2.9011 2.3924 2.9011 215.8902 2.5109 3.3456 2.6906 2.9354 3.0722 2.6552 2.5488 2.3666 2.5566 2.2756 2.8257 2.6296 2.6381 2.6816 2.0464 2.9589 2.4325 2.6639 2.4190 2.5883 1.7156 2.2361 2.6727 2.3291 2.4962 2.0509 1.8739 215.8902 2.1414 2.2472 2.3539 2.6296 2.6466 2.3050 2.6639 2.2088 2.3730 2.1719 2.0374 3.5977 1.9200 2.6296 2.0833 2.7087 2.9952 1.7983 2.1565 2.1315 215.8902 2.2585 215.8902 7.4165 3.0856 3.0589 5.6597 26.9827 215.8902 215.8902 215.8902 5.5876 215.8902 5.1962 215.8902 215.8902 215.8902 3.3114 215.8902 2.9952 13.1393 215.8902 2.2931 3.6878 3.7114 2.7752 1.5273 215.8902 5.5876 215.8902 215.8902 215.8902 2.8257 4.1632 2.6381 2.8790 12.1988 2.4603 4.3032 2.2142 2.6996 2.6381 4.3032 2.9589 2.9470 4.4980 2.5035 2.5259 2.5184 1.8443 2.3414 2.2814 2.6816 2.4190 1.8664 1.8664 2.3109 2.8361 2.1823 1.9769 2.0975 3.3809 3.1555 2.2814 2.3414 2.7366 2.2034 2.1719 2.5964 2.6129 2.9830 4.4172 215.8902 2.0647 2.5964 3.0722 2.6296 2.8154 2.5644 3.4173 2.0833 5.2569 2.5259 1.9561 2.2472 2.1216 1.9200 2.7654 2.7179 2.7752 2.3794 1.7948 1.8228 2.3990 2.3170 2.1216 1.8087 2.0285 2.3414 1.8192 2.4394 4.5829 1.9603 2.3050 3.6646 2.4533 2.1119 2.2814 1.2873 1.3095 1.0999 1.5535 215.8902 2.6639 2.7366 215.8902 215.8902 215.8902 215.8902 1.7284 2.4122 0.0826 0.0599 1.6845 0.3892 0.0000 12.1988 215.8902 215.8902 2.2196 1.0999 2.1719 2.1771 5.3193 3.5140 2.1771 2.4190 3.5551 3.8633 2.4745 4.5399 3.3456 3.4743 10.6010 3.6419 3.9755 3.4550 3.4550 4.9695 4.4980 3.1412 3.4173 3.7600 5.9702 2.6466 215.8902
218 2.5259 3.0589 2.9238 2.7654 2.2931 3.0202 2.3477 3.0722 2.3050 3.1849 2.4603 2.4257 2.9470 2.6296 2.4673 2.3602 2.2814 2.0833 2.8154 3.1270 2.4745 2.0464 2.9238 3.9755 2.5035 2.6466 2.2528 2.3414 2.4603 3.0202 2.4603 2.2472 2.6996 2.9238 2.6381 3.2306 2.3794 2.3666 2.8790 7.2904 3.0722 3.2784 2.8681 2.7461 2.6816 2.8052 2.6906 215.8902 215.8902 215.8902 215.8902 215.8902 10.8438 215.8902 215.8902 215.8902 6.9357 2.8790 215.8902 2.0464 4.6269 215.8902 2.8900 2.7087 2.2472 2.5488 2.7366 2.5335 2.0197 2.2528 2.4603 215.8902 12.1988 215.8902 215.8902 215.8902 215.8902 3.0202 2.1565 215.8902 2.4889 215.8902 2.5883 2.5566 1.9044 1.9200 2.5411 2.0647 2.3924 2.4889 1.8299 1.7031 2.9011 2.2034 2.1771 2.5411 2.6046 1.9685 2.0374 3.6196 2.9708 2.4056 1.9769 2.9952 2.4603 3.4550 2.3477 2.7461 215.8902 215.8902 2.3794 1.9005 2.4325 215.8902 215.8902 3.1555 2.5035 3.8633 215.8902 215.8902 1.9005 215.8902 2.1565 215.8902 2.6639 215.8902 215.8902 215.8902 2.2472 215.8902 215.8902 215.8902 215.8902 215.8902 4.4980 2.1464 4.7185 3.1412 215.8902 215.8902 215.8902 2.1981 2.0285 2.5803 1.8516 1.8407 2.0464 1.9769 1.9685 2.5035 215.8902 2.4962 215.8902 2.2873 215.8902 5.8103 2.2756 2.3477 2.0833 2.2196 2.6296 2.3414 2.0197 2.8790 5.5176 2.3291 215.8902 3.1555 215.8902 2.4056 5.0239 215.8902 4.0353 4.0353 2.4325 1.8890 215.8902 11.3565 6.5129 215.8902 1.9521 215.8902 215.8902 7.0501 3.1270 215.8902 3.9755 2.0197 215.8902 1.8890 2.0285 2.1070 215.8902 2.1216 215.8902 6.9357 215.8902 1.7811 1.5273 3.9755 215.8902 1.6138 215.8902 215.8902 1.0522 1.5094 1.1065 1.0157 1.0837 1.5750 0.9878 1.4968 0.6939 3.0459 8.7634 215.8902 215.8902 12.1988 0.0000 1.0869 0.6981 3.4940 215.8902 1.1131 215.8902 2.6046 3.0589 1.8299 215.8902 2.0241 2.4394 2.2142 2.1928 2.0285 2.0601 215.8902 2.0927 2.3414 215.8902 215.8902 215.8902 215.8902 215.8902 2.3924 2.5488 8.7634 215.8902 2.2585
219 2.3539 2.8790 2.6996 2.3291 2.4816 2.7179 2.2699 2.4603 2.5488 2.0197 2.1167 1.9895 3.2463 2.4603 2.7087 1.9082 2.4745 2.2814 4.0353 3.3809 2.3794 2.5644 6.3208 2.5723 2.4463 2.8573 2.1928 2.5964 2.1119 3.0076 2.3291 2.4962 2.9470 3.0202 2.5411 2.6996 2.9708 2.9708 2.8573 3.6646 3.1270 3.1270 2.4056 2.6296 2.9238 2.9238 2.2931 5.4496 215.8902 6.9357 215.8902 215.8902 2.6212 215.8902 215.8902 215.8902 3.3114 9.3127 215.8902 2.1616 5.8891 215.8902 2.3730 1.9161 2.1022 1.9938 2.3291 2.3666 1.6663 1.5642 2.2528 215.8902 3.0202 215.8902 215.8902 215.8902 5.6597 3.0076 3.0202 2.5644 2.3050 5.5876 1.9811 2.0023 1.7778 1.3322 2.2814 2.3230 2.2416 2.2361 2.2585 1.6426 2.0739 2.5411 2.2416 2.4816 1.8664 1.9769 2.0464 215.8902 4.1970 2.2305 1.7577 1.8299 1.9399 2.1364 1.9727 2.1414 215.8902 215.8902 2.7951 2.5803 2.3291 215.8902 215.8902 2.0786 2.3924 2.4056 215.8902 215.8902 2.0927 215.8902 215.8902 215.8902 2.9238 215.8902 215.8902 215.8902 2.3539 215.8902 215.8902 215.8902 1.5094 215.8902 215.8902 215.8902 4.9166 215.8902 215.8902 215.8902 6.5129 2.2699 2.0555 2.6816 2.1315 2.3170 2.5184 3.4173 2.8154 1.8590 2.1364 2.3794 2.9708 2.3990 1.9644 2.6906 2.9708 2.3859 3.3284 2.5109 2.4325 2.7272 2.4257 2.6296 2.8361 2.3170 2.1119 5.4496 2.1119 1.8299 1.9769 2.4962 4.1970 2.4325 2.2814 3.5140 215.8902 2.9708 215.8902 1.8553 2.2361 215.8902 215.8902 215.8902 2.0197 215.8902 215.8902 2.0023 3.3456 2.1719 2.0110 2.3230 215.8902 1.9359 3.8633 4.0353 215.8902 2.3050 2.5335 3.3114 215.8902 1.7948 2.4257 215.8902 0.7504 1.3364 0.7743 0.7917 0.7460 1.3385 0.5697 1.5429 0.7893 215.8902 215.8902 2.1616 215.8902 215.8902 1.0869 0.0000 0.7437 2.4673 1.8407 0.7708 215.8902 2.5566 2.5964 3.3631 215.8902 2.3924 4.0353 2.5035 2.7752 2.5335 2.6046 3.0992 3.0202 3.0722 6.9357 2.1667 2.9589 5.0239 215.8902 2.6816 2.8790 3.3631 215.8902 3.8633
220 2.2142 2.3230 2.5411 2.3291 2.4056 2.9238 2.2472 2.6129 2.2990 2.9124 2.8154 2.3990 3.0992 2.7087 2.6996 1.9811 2.5883 2.6996 3.0992 3.6646 2.0555 2.3539 2.7366 2.8361 2.3230 2.5035 2.3539 2.3353 2.4816 3.3809 2.3109 2.2472 2.5644 2.6639 2.5803 2.9011 2.6639 2.7752 2.6996 2.8154 3.3631 3.2622 2.3794 3.0722 3.3809 2.6727 2.3539 20.4165 2.4816 2.2873 215.8902 1.9644 1.9200 5.8891 2.4325 2.2305 4.3783 3.5343 7.5469 2.6727 2.4533 2.3050 2.4122 2.5184 1.7811 2.3050 2.4889 2.1216 2.1464 1.9200 2.3730 215.8902 3.1130 3.1555 2.9589 2.2931 14.1905 2.2814 2.3050 2.6816 2.3539 5.1372 1.8052 2.0067 1.9399 1.8157 2.0739 2.0153 2.3794 2.1719 1.7284 1.8890 2.8466 2.0464 1.9319 2.5411 2.7951 1.6110 1.4528 215.8902 215.8902 2.3924 1.4457 2.8361 2.3477 2.2250 2.3539 2.4889 215.8902 215.8902 2.0975 2.0374 2.1022 215.8902 2.5964 2.7951 2.9124 3.0856 215.8902 215.8902 2.3353 3.9466 2.7752 215.8902 2.5566 1.6845 215.8902 6.2291 2.2814 6.8249 2.0647 215.8902 215.8902 215.8902 4.0978 2.3414 215.8902 9.9226 215.8902 215.8902 215.8902 2.2472 2.9708 2.0110 2.1022 1.9811 2.2585 2.5035 2.1719 1.8890 1.9359 3.4940 215.8902 2.6816 215.8902 3.2784 2.6816 2.5184 2.3414 2.2873 2.6466 215.8902 1.9811 2.6466 2.7752 215.8902 2.1070 2.5184 1.7677 2.4056 2.0880 2.2873 215.8902 2.3666 2.3477 1.7948 215.8902 5.1372 215.8902 2.9011 2.0464 215.8902 215.8902 2.6996 3.0459 12.1988 215.8902 1.3729 4.4172 2.9011 4.2315 1.7577 215.8902 1.5018 2.2305 4.5829 215.8902 1.6368 2.8900 6.2291 215.8902 1.6138 2.8154 215.8902 0.7987 1.3074 0.9249 0.7708 0.8472 1.4270 0.8106 1.5196 0.7527 215.8902 215.8902 1.6339 215.8902 215.8902 0.6981 0.7437 0.0000 2.4533 2.8154 0.6855 215.8902 2.4325 2.5803 1.8590 215.8902 1.9279 5.7339 1.8814 1.9561 2.1414 2.3170 215.8902 1.8739 2.4190 3.1999 2.8361 17.1580 5.7339 215.8902 2.8790 2.3414 10.6010 2.5883 2.6466
221 2.8790 2.3050 5.0239 2.6996 3.2622 2.9708 3.1270 2.6816 2.9238 2.8790 2.2990 2.4673 2.9124 12.1988 3.0992 3.1849 3.4360 2.9470 2.4745 2.3924 3.4360 2.4463 3.4940 3.3456 2.9952 2.6816 2.5803 2.6381 2.5723 2.5335 2.8361 2.1616 2.3924 2.6129 2.6906 2.7752 2.4463 3.0202 2.4463 15.3667 2.7851 2.5488 3.3989 2.9830 1.8443 2.7557 2.8257 1.7156 2.2250 1.9644 2.0601 2.2142 2.0464 2.1616 1.9200 2.3230 2.2814 2.0927 2.4533 2.2814 2.1464 2.2931 2.2814 2.1823 2.9470 1.9811 2.9238 3.1270 3.0330 2.3109 2.1414 215.8902 1.9044 2.2361 1.6968 1.9603 1.7811 2.2873 2.4056 2.0153 2.1315 2.2814 2.9708 1.9895 2.5644 2.0786 2.0464 2.7087 3.0992 1.8553 2.0464 2.1315 8.1141 2.5259 5.5176 215.8902 3.5762 12.8142 215.8902 2.5964 4.7185 215.8902 215.8902 3.7114 2.6906 10.6010 23.0509 8.2682 15.3667 2.5488 215.8902 215.8902 215.8902 8.5927 2.7557 2.1119 2.3666 2.7179 215.8902 215.8902 215.8902 215.8902 8.9402 215.8902 43.2522 2.2756 2.7951 2.2931 215.8902 2.4603 2.2814 2.3291 3.5343 2.5803 2.3050 3.1999 2.2088 3.1555 2.4603 3.0202 2.6639 2.2931 2.3414 2.5109 3.1555 2.2034 2.5335 2.4889 2.6639 2.7752 2.2034 2.9952 2.2528 3.2948 2.4463 2.1119 3.0202 2.2931 2.5035 2.5335 3.3631 4.2315 2.4745 4.3032 2.7752 3.0459 3.1270 2.2814 2.4463 2.6296 2.3170 2.7179 2.7557 2.4745 3.2784 2.0197 1.7811 1.8407 1.7445 1.8966 215.8902 1.7983 1.9279 2.0647 2.0110 2.0023 2.3050 1.6999 2.2250 2.0739 2.0285 1.7348 1.9121 215.8902 2.0464 1.5970 1.9521 1.8701 2.3414 2.3794 1.3795 1.0399 1.1468 1.2107 3.4940 215.8902 2.3924 2.8900 2.4889 215.8902 2.9011 2.2250 2.1719 1.9685 2.2472 0.7088 1.7880 2.2196 3.4940 2.4673 2.4533 0.0000 1.1399 2.1823 0.2749 2.2873 3.4173 2.9011 2.6296 2.7461 2.7366 2.9354 3.6878 2.9830 4.1632 2.7557 3.4360 3.2622 2.5335 2.3539 2.4325 2.7461 2.4056 2.5803 2.6816 2.4325 2.9011 2.3477
222 2.3291 2.5335 14.9598 3.1412 1.6167 2.6466 3.1270 2.2756 2.2585 215.8902 1.9727 3.1849 215.8902 2.1315 215.8902 215.8902 2.6996 5.5176 3.1412 3.7851 9.1232 2.2756 2.3291 1.9121 2.1315 2.3170 2.4603 1.9200 2.4190 2.7752 2.3291 2.0555 1.9561 2.3539 2.3859 2.7557 2.4463 2.1119 2.0241 2.0110 2.1119 2.0464 2.3050 1.8627 1.8966 2.4122 1.5914 2.0464 1.6574 1.8516 1.8852 1.8017 1.5998 1.6784 2.2472 2.1981 1.9769 2.0647 1.7284 2.0110 1.8017 1.9359 2.0241 1.9980 2.5411 2.0285 6.2291 1.8122 2.0285 2.0739 1.8664 215.8902 1.6138 1.6724 1.7348 1.9685 1.9121 1.8516 2.2814 1.9200 1.7610 2.1616 2.4816 2.0509 1.8443 2.4463 2.3230 2.4533 1.8407 1.7220 1.6663 2.1667 4.8150 2.7951 6.8249 4.9166 2.7557 10.6010 6.9357 1.8017 3.7600 8.4277 6.0539 215.8902 7.0501 215.8902 4.9166 2.5488 1.8852 2.3794 215.8902 7.1683 2.9830 2.0197 2.8573 2.3666 2.5644 2.3050 1.5273 215.8902 2.4603 215.8902 5.1962 215.8902 215.8902 2.4745 1.8776 2.0285 6.6136 2.6129 2.5109 2.0197 2.8790 2.2814 2.8257 2.3924 2.0647 2.1315 2.5184 1.9769 2.1515 2.4056 2.7851 1.6693 1.5018 2.6727 2.0975 1.8776 2.3539 2.2814 1.7125 2.2931 1.9200 2.5335 2.2585 2.0693 2.1616 1.9161 2.7366 2.4122 2.7752 2.6129 2.5644 3.2784 2.3353 3.7851 3.1130 2.3794 2.3794 3.5762 2.8790 2.7557 2.5411 1.8814 2.7951 1.4770 1.7220 1.6784 1.3884 1.6281 5.0239 2.3353 1.6968 1.4528 1.6876 1.7880 1.8157 1.5403 1.8443 1.5043 1.5970 1.7610 1.8966 3.9466 2.0153 1.5018 1.7880 1.6693 1.7220 1.7380 0.9706 0.8930 0.1588 1.0128 215.8902 215.8902 2.1414 19.2455 3.3456 215.8902 215.8902 1.8966 2.5035 1.0338 1.0821 1.3074 1.1746 1.0999 215.8902 1.8407 2.8154 1.1399 0.0000 2.3230 1.2482 215.8902 2.0197 2.3666 2.2142 3.6878 2.9952 2.2990 2.5803 1.8890 2.0374 2.5335 2.6212 2.6816 2.4745 2.7752 2.4056 2.6296 2.9470 2.6639 2.3291 2.7752 2.8466 215.8902
223 3.1270 2.3794 215.8902 3.2306 2.0023 2.8573 2.7951 2.3990 2.7557 2.9708 2.4056 3.0856 2.7752 3.6419 2.7366 2.5335 2.9011 3.3989 4.6269 3.1849 2.9238 3.0076 1.9980 2.9011 2.5335 2.7179 2.4603 2.5803 2.6639 3.2151 2.8257 2.9470 2.5109 2.9708 3.0459 2.8257 2.6996 3.2784 3.7114 2.9708 2.9238 2.8900 2.7557 2.9354 2.2250 2.3794 2.2361 2.0601 1.8443 2.1616 2.2699 2.2699 1.9853 2.4190 2.0285 1.8443 2.8466 2.8790 2.4190 1.7880 1.8087 2.0464 2.1823 2.9238 2.6639 1.4968 3.0202 3.1701 2.8573 2.5964 2.9124 215.8902 1.8739 2.0555 1.8228 1.8814 2.2873 3.1555 3.1999 2.5259 2.7179 2.5723 2.8154 2.7752 2.3794 2.7557 2.4257 2.6552 2.6296 3.1270 2.6129 2.5964 3.6196 215.8902 7.5469 3.3114 2.4745 215.8902 1.6082 2.7179 3.0202 1.7348 215.8902 2.0110 1.6253 3.9755 2.0241 2.1515 215.8902 2.7366 215.8902 3.3114 2.4190 215.8902 2.0464 2.0739 3.6878 2.4257 215.8902 215.8902 2.2472 5.9702 3.7851 215.8902 215.8902 1.9439 2.4325 1.8192 2.2142 3.1412 2.0197 2.0833 1.9279 2.9708 1.7948 2.1565 2.1070 2.1667 2.5488 1.9239 2.7654 3.8367 3.4940 3.4940 2.9830 2.6639 3.2622 3.1270 3.7114 3.1270 2.6639 1.6574 2.6129 1.8122 2.1119 3.6196 2.4463 2.0241 3.4743 4.7661 2.6727 2.5964 2.5488 2.8790 2.4745 2.4190 3.3809 1.6663 2.1771 3.3114 2.7272 2.3414 2.3477 2.2250 1.9769 1.8157 2.4962 2.2528 2.5259 2.7557 2.0023 8.2682 3.3114 2.7851 2.3170 3.1849 2.5644 2.7752 2.3730 1.9811 1.7744 2.5644 2.9952 2.0285 2.1515 2.3539 2.8790 2.9238 2.0555 1.8516 2.7951 1.9239 2.0330 2.5259 0.6307 1.1746 0.7066 0.6648 0.5697 1.1032 0.2100 1.1264 0.8775 2.7366 2.4603 2.2142 2.2873 2.1719 1.1131 0.7708 0.6855 2.1823 2.3230 0.0000 3.7355 2.6996 2.1022 2.8154 9.9226 2.4190 2.4533 2.3924 2.0739 2.3050 4.0978 2.2305 1.9853 2.4257 2.2528 2.3794 2.0647 1.8890 2.1315 2.1981 2.3924 2.4889 2.5803 215.8902
224 3.4360 2.4325 2.4394 2.5883 2.1616 2.4745 2.9470 2.5644 2.9011 6.5129 2.4257 3.0722 2.0647 2.9708 215.8902 215.8902 2.4603 215.8902 2.1719 2.3170 2.0464 2.4056 2.6046 2.0647 2.2873 2.1771 2.0023 2.6212 2.7951 2.3170 2.6816 2.3353 2.7179 2.2142 2.0555 2.4603 2.8257 2.9830 7.9651 6.1401 2.1719 2.0023 2.8257 2.3414 2.0023 2.4190 2.3477 1.8157 1.9853 1.9521 2.2699 2.0285 1.6968 2.6996 2.3050 2.2699 2.5335 2.5335 2.7272 2.5335 2.0023 2.1823 1.9938 1.8407 2.4190 1.7348 2.4463 2.0067 2.1616 2.2642 1.9359 215.8902 2.0739 1.9769 1.7610 2.1414 1.8966 2.2642 1.8966 2.0647 1.9980 2.1719 2.0023 1.7744 2.0739 1.9480 1.9359 2.3990 2.5803 1.5273 2.2814 1.5170 215.8902 3.2784 5.5876 215.8902 3.9755 9.3127 215.8902 2.3414 215.8902 215.8902 215.8902 215.8902 215.8902 15.3667 13.1393 215.8902 4.7185 2.2528 215.8902 10.6010 215.8902 215.8902 3.1849 2.4190 2.7461 3.3989 4.3403 215.8902 215.8902 215.8902 215.8902 215.8902 215.8902 2.3794 2.6466 2.1616 215.8902 2.6381 2.7951 2.2585 3.0202 2.3794 2.4463 2.2814 2.3924 2.7179 2.7752 3.4550 2.5184 2.4962 2.3353 2.4394 2.2642 2.0509 2.4745 2.1070 2.2416 2.1616 2.1823 2.7366 2.0464 3.1849 2.2361 2.4463 2.4889 1.9853 2.1464 2.3666 2.1414 3.5551 2.5964 4.9695 2.4190 2.9011 4.0353 2.2034 2.3794 2.4603 2.3794 2.4889 2.1928 2.4325 2.5644 1.9359 1.7744 1.8664 1.9279 1.8890 2.5803 1.8228 1.9359 2.0464 1.9561 1.9685 2.1616 1.8516 2.3730 1.9359 1.7413 1.9685 2.1167 215.8902 2.1719 1.6195 1.8017 1.8157 2.4325 2.0241 1.1746 1.2330 1.2033 1.2368 215.8902 215.8902 2.4190 215.8902 215.8902 9.1232 215.8902 2.2250 2.5035 1.9980 2.0419 0.7283 2.2472 2.1771 215.8902 215.8902 215.8902 0.2749 1.2482 3.7355 0.0000 1.6544 3.8107 2.6639 3.3456 2.7752 3.7600 2.6129 3.2151 2.7654 2.8154 2.6906 4.2669 3.3114 3.7600 3.0330 2.2931 2.8361 3.0202 3.2463 3.0202 2.5644 4.0353 215.8902
225 2.3602 3.9183 3.4173 2.0197 2.0285 2.6296 2.0833 1.9319 2.0647 2.8361 2.3050 3.4360 2.8154 3.0330 3.4173 3.4173 3.0202 2.8790 215.8902 2.4325 3.8633 2.5964 2.7752 2.2699 1.9769 1.9521 2.2142 1.8814 2.2699 2.1315 1.7577 2.0285 1.8017 2.1265 1.9938 2.0693 2.7179 2.2250 2.1464 2.2585 2.3050 2.3291 2.1515 2.2756 2.4056 1.7677 2.3602 23.0509 5.8891 2.3990 215.8902 2.3291 4.1632 5.6597 4.4980 215.8902 215.8902 215.8902 215.8902 2.5335 2.5566 215.8902 2.8257 2.7179 2.3291 2.3414 2.4603 3.1555 3.3631 2.6552 3.3456 215.8902 4.0353 5.0239 4.0051 215.8902 215.8902 2.2250 2.7752 2.2305 1.9279 3.2463 3.7114 3.0722 1.9439 2.4603 3.2784 3.3114 2.5803 3.2784 2.7951 2.4889 1.4721 1.3707 1.1997 1.8590 1.6138 1.4154 1.2482 5.4496 1.5068 1.3470 1.0323 1.6485 1.4481 1.5914 1.6026 1.6663 215.8902 2.6906 1.3664 1.6253 1.2444 1.5273 215.8902 2.1414 1.9239 2.0241 215.8902 1.6633 1.5615 1.9480 1.4177 1.5588 1.3839 2.0023 4.8150 5.0798 2.3414 2.0023 215.8902 2.1364 2.1565 2.1515 9.3127 2.3230 9.3127 215.8902 4.0978 215.8902 2.1022 1.8371 1.9279 2.3414 2.2034 1.8443 2.5335 2.5335 2.2034 2.1119 2.0023 2.3414 1.5696 2.1823 2.1515 1.5750 1.7677 2.3291 1.6845 1.7811 1.7031 2.0197 2.0023 2.0647 2.3539 2.1616 1.8052 1.8087 1.7220 1.7284 1.9685 2.3539 2.5644 1.9644 1.5119 215.8902 5.3835 9.7121 215.8902 3.1555 1.7413 215.8902 2.5411 2.3990 5.7339 215.8902 2.7951 1.6026 3.1849 3.0202 7.6817 2.2814 215.8902 2.1022 6.2291 2.8573 2.7461 215.8902 215.8902 3.1270 3.9183 1.9399 2.3230 6.2291 1.8890 1.9439 2.2585 2.1719 2.6296 2.1823 2.3924 2.0464 2.4463 215.8902 5.3193 2.6296 215.8902 5.3193 2.6046 2.5566 2.4325 2.2873 215.8902 2.6996 1.6544 0.0000 0.9510 1.2913 215.8902 1.3156 3.4360 1.2754 1.6663 1.1032 1.2292 3.3809 1.3751 1.3795 12.5008 215.8902 215.8902 215.8902 215.8902 3.0459 2.6381 1.9521 2.3170 1.1571
226 3.5343 3.4173 2.9952 3.2306 3.2784 3.7600 3.3456 3.6646 2.4889 3.6196 3.4550 3.0076 3.1130 2.5035 2.7951 4.1301 2.6639 3.0459 2.9011 3.5762 3.0856 3.0992 3.9183 2.9708 2.6816 2.8052 2.8900 2.4745 2.9470 2.9708 2.8681 3.1270 2.7179 2.7272 2.7951 2.9354 3.2784 3.1412 2.9011 2.9952 2.7366 3.2151 3.3456 2.7087 3.0076 2.9708 3.2463 2.1216 2.3414 2.1515 2.0601 1.9938 2.2142 2.6212 2.4889 2.2585 2.3291 2.3414 2.4394 2.2931 2.1119 2.4190 3.6419 3.2784 3.0992 3.3456 3.3284 3.2463 3.5551 3.1849 3.3114 215.8902 2.4889 2.3539 2.3990 2.4463 2.5335 2.2699 2.2642 2.0197 2.3050 2.3924 3.6196 3.5762 2.9830 2.9470 3.4743 3.5551 3.4940 3.7114 3.8905 3.1849 1.3218 1.4968 1.2578 1.7031 1.3642 1.3115 1.0039 1.1536 1.3364 1.2181 0.9222 1.3861 1.3534 1.4293 1.3973 1.4528 1.0742 1.2873 1.1746 1.4481 1.2070 0.9806 1.2520 1.5018 1.3685 1.2993 1.0098 1.5273 1.4624 1.9980 1.2559 1.6310 1.1997 1.1365 1.0247 0.9468 1.8122 0.8957 1.0128 1.2144 1.0430 1.1097 1.0128 0.9035 1.4018 1.1817 1.0584 1.0368 1.1131 2.6296 4.3032 2.5964 2.3539 2.4122 3.0722 2.7366 1.9521 2.5411 2.0927 2.2642 2.2416 2.3353 2.3170 2.0647 2.1875 2.5883 2.2142 2.3050 2.1875 2.2931 2.2931 2.1565 2.2931 2.2472 2.4056 2.4190 2.2361 2.3990 2.3666 2.2585 2.1515 2.2305 2.1216 1.9811 3.1555 3.0076 2.5035 2.3794 1.3973 2.6996 2.0833 3.5551 2.6906 1.9727 2.0739 1.8335 2.2699 2.3539 2.3924 2.4463 1.9161 1.8157 3.1849 2.9011 2.5964 2.9470 2.6129 3.0992 2.5803 2.7087 2.2142 2.6639 3.0992 1.5696 2.6466 2.9238 2.7461 1.4293 2.4889 1.7348 2.6816 2.8466 3.8107 3.2948 2.5723 3.5140 3.0589 2.5964 2.5803 3.4173 2.0197 2.1022 3.8107 0.9510 0.0000 0.9195 0.9980 1.2675 1.0647 1.0999 1.3406 1.0157 1.2033 1.0647 1.2559 1.1281 1.0710 1.2444 1.1331 1.1853 1.0805 1.1399 1.0710 1.1676 1.2754 1.2144
227 3.6646 2.2699 3.2784 2.6639 1.8890 2.1823 2.4325 3.4550 2.0419 2.3050 3.2463 2.1167 2.6046 2.2814 2.5184 2.1928 2.5411 2.4603 2.9238 2.0927 2.2931 3.3809 3.8107 2.0464 2.7179 2.6466 2.8900 2.5335 2.9952 2.7752 2.8573 2.9708 3.0722 2.6816 2.6212 3.3114 2.9470 3.0202 2.2585 2.9354 2.7179 3.0202 2.9708 2.3109 3.1999 2.7951 3.0722 2.0197 1.8590 2.0023 1.9853 1.8928 1.9938 2.3291 2.0197 1.9938 2.0110 2.0464 2.2250 2.1216 2.0739 2.0197 3.1555 3.5977 4.1632 3.5551 4.7185 5.8891 4.0978 3.2784 3.6196 215.8902 1.8553 1.8299 2.0153 2.1515 2.1022 2.1616 2.2416 2.0647 2.2699 2.7557 3.2151 3.7600 3.3809 3.4173 4.4571 3.8633 4.6269 5.3835 4.7185 2.9708 1.6253 1.4293 1.3707 1.7948 1.4600 1.4018 1.5482 1.3322 1.1997 1.2236 1.0726 1.3364 1.2993 1.2292 1.3177 1.5068 2.0647 1.5429 1.5170 1.5170 1.2993 1.5273 1.5482 1.6138 1.5723 1.4918 0.8826 215.8902 1.5068 1.8664 1.4893 1.5696 1.5170 1.4246 1.4246 1.2144 1.8299 1.3491 1.3973 1.3795 1.2993 1.3664 1.2675 1.2425 1.6368 1.5170 1.2482 1.3707 1.3491 2.7366 3.7355 3.1555 2.3666 2.7951 2.9124 3.0076 3.1412 3.3989 2.1667 2.5488 2.2585 2.2088 2.4394 2.0975 2.1928 2.8052 2.0285 2.1216 2.3602 2.4463 2.4745 2.4325 2.5803 2.6212 2.4816 2.4257 2.3050 2.3666 2.2931 2.6639 2.2585 2.4463 2.3539 2.4394 2.7179 3.8367 2.1265 4.2315 1.6339 2.2034 3.5343 2.6552 2.3794 3.3456 2.5184 2.4190 2.5488 2.3050 2.5035 3.6878 2.6212 215.8902 2.4673 3.1130 215.8902 2.4190 2.9124 2.5488 2.3539 3.5343 2.0601 2.3291 2.4889 1.8299 2.4190 2.2990 2.5488 1.7348 2.4889 1.9439 2.6296 2.3291 2.2814 2.2642 2.4394 2.1771 1.8299 3.3631 1.8590 2.9011 2.3666 2.8154 2.6639 1.2913 0.9195 0.0000 0.9358 1.3773 1.1676 1.2933 1.4770 1.2444 1.3260 1.2714 1.2953 1.2218 1.3884 1.4109 1.3928 1.4132 1.2793 1.4433 1.4721 1.4109 1.6310 1.0934
228 2.8681 2.3170 2.9470 2.4745 2.3666 2.2142 2.2699 2.3539 2.1928 2.3794 2.7557 2.2585 2.1823 2.3353 215.8902 2.1928 2.4603 2.3050 2.2814 2.1119 2.6466 1.9980 1.6845 2.3109 2.9124 2.5644 2.2873 2.0647 2.4962 2.4122 2.6906 3.4743 2.1771 2.6552 2.5644 2.5184 2.2250 1.9521 2.3990 3.0459 2.4533 2.7752 2.6129 2.0555 2.5964 2.6816 2.2528 2.3050 2.2361 2.2585 2.1022 2.3291 2.4889 2.2416 2.1515 2.0786 2.1981 2.2250 2.2931 2.3050 2.2142 1.9853 2.7557 2.2642 2.2814 2.3730 2.1565 2.3794 2.3050 2.4463 1.8157 215.8902 2.3794 2.1364 2.0833 2.0464 2.1616 1.9399 2.3170 1.9603 2.0555 2.2034 4.0051 2.2756 2.2196 2.4889 2.0374 2.0739 3.9755 2.2034 2.3666 2.1875 4.2315 215.8902 215.8902 2.3230 2.6466 4.9166 215.8902 1.6663 215.8902 6.3208 215.8902 2.5184 3.6878 3.0722 2.8361 2.3794 1.2559 1.7880 215.8902 215.8902 215.8902 215.8902 1.4200 1.7511 1.5750 1.5221 0.9062 215.8902 215.8902 4.0353 215.8902 3.1130 215.8902 1.3751 1.5588 1.3751 3.1849 1.2773 1.4918 1.3906 1.5221 1.4293 1.3156 1.4246 1.7220 1.5535 1.3364 1.3491 1.3707 2.4962 2.2699 2.3924 1.7744 2.3794 1.8852 2.0153 1.8739 2.1364 1.4624 1.8739 1.5804 1.6485 1.4528 1.8553 1.6082 1.9938 1.7811 1.9239 1.7093 1.7220 1.7478 1.7220 1.7577 1.7744 1.8590 1.9121 1.9121 1.9200 2.0285 1.8890 1.5377 1.7677 1.8087 2.3539 2.4816 2.5335 2.6129 2.6381 215.8902 3.0459 3.5551 2.8154 3.1701 3.8107 3.1412 3.4550 2.9589 2.5803 2.5184 2.9470 2.7654 215.8902 3.6878 2.5335 2.5411 3.0459 2.3990 2.5803 2.4394 2.3924 2.1315 2.5803 2.7366 215.8902 2.8154 215.8902 1.9161 2.3353 215.8902 2.5644 3.0330 2.3990 2.3230 3.3114 2.4816 2.4190 215.8902 215.8902 215.8902 2.6296 2.2142 9.9226 3.3456 215.8902 0.9980 0.9358 0.0000 1.2993 1.3364 1.4918 1.3620 1.3534 1.6281 1.4868 1.2368 1.4154 1.3428 1.3839 1.2636 1.4528 1.3642 1.3950 1.4293 1.3322 1.6281 4.2669
229 2.8052 2.4816 2.7752 2.3050 2.8361 3.5762 2.5411 3.4173 2.0464 1.9439 2.7951 2.2990 2.4463 2.1928 2.9470 1.9359 2.0739 2.2034 3.1412 2.2642 2.3924 2.9708 2.7366 2.7654 3.2463 3.9183 3.6419 3.1270 3.3809 3.7355 2.7851 4.3403 2.6816 3.2463 3.0992 2.2361 3.6646 2.9830 2.8790 3.4173 3.1701 3.5551 3.2306 3.0722 3.8633 3.4550 3.7600 2.1616 2.1616 2.3050 2.2250 2.3666 2.2585 2.2142 2.3602 2.3291 2.2990 2.3924 2.2196 2.4122 2.2990 2.0555 3.3631 3.4173 3.3809 2.3666 4.4571 3.8107 3.7114 4.1301 3.3631 215.8902 2.2472 2.1616 2.1616 2.1265 2.2416 2.2585 2.7366 1.9044 2.4056 2.0374 3.4550 3.5762 2.8790 3.8905 2.2699 4.0978 4.2315 3.3631 3.4360 3.0202 1.6138 1.6485 1.3406 1.7677 1.7348 1.5018 1.4918 1.6968 1.4673 1.5750 0.9331 1.4968 1.4063 1.8228 1.6604 1.6310 0.8597 1.7093 1.3599 1.4819 1.2773 1.3449 1.7348 1.6663 1.6368 1.5804 0.9035 215.8902 1.9200 1.5119 1.5299 1.6485 1.9044 1.4993 1.4868 1.4918 1.8052 1.2714 1.6310 1.4721 1.4721 1.4918 1.3095 1.3364 1.6339 1.6195 1.3795 1.3406 1.4819 2.1565 3.7114 2.4463 3.9755 2.7752 2.8790 2.2585 2.1022 2.7366 2.3924 2.5964 2.4816 2.4190 2.2756 2.2814 2.3109 3.1849 2.1515 2.3990 2.4745 2.6816 2.5035 2.4745 2.5964 2.4325 2.5883 2.5335 2.4533 2.3730 2.4603 2.6552 2.2642 2.4325 2.4463 1.8814 3.4940 3.4743 2.3666 3.3456 2.8790 215.8902 2.3291 2.6466 2.2250 3.4360 2.5964 2.4889 3.1555 2.8681 2.9708 2.9470 2.5803 3.9466 5.1962 2.7752 2.7366 2.7272 3.2784 3.2622 2.3170 3.0202 3.0992 4.5399 2.1719 1.8299 2.6816 2.0330 2.2814 1.5273 2.6129 2.3414 2.6996 3.6196 4.8150 6.5129 3.0589 3.5551 2.0241 2.3924 1.9279 2.7461 3.6878 2.4190 2.7752 1.3156 1.2675 1.3773 1.2993 0.0000 0.5940 0.7349 0.5902 0.7617 1.0083 0.5587 0.7131 0.7066 0.5353 0.5478 0.5460 0.6248 0.6547 0.6229 0.5569 0.4801 0.7975 0.5442
230 2.7851 2.5566 3.0202 2.0509 1.9359 2.1119 2.1616 2.0927 1.9938 2.1823 2.0464 2.0927 1.9279 2.0464 2.8790 2.2756 1.9279 2.1414 2.2472 2.3539 2.6046 1.9359 2.1022 2.5259 2.2585 2.3291 2.0419 2.0975 2.0555 2.1022 2.3414 2.6129 2.0880 2.1022 2.6381 2.1981 2.2196 2.5335 1.9005 2.2756 2.3291 2.4463 2.4603 2.5411 2.4816 2.2699 2.4463 1.9521 2.3859 2.6212 2.2931 2.3170 2.1981 2.8681 2.5488 2.1616 2.2931 2.4889 2.6816 2.4533 2.2931 2.1464 2.6727 1.9200 2.1875 2.2088 2.1364 2.6129 2.7851 2.4190 2.0023 215.8902 2.3291 2.3291 2.2250 2.1414 2.0509 1.9359 2.5964 2.2472 1.9603 2.3291 2.1823 2.0509 2.0023 1.7811 1.8966 1.9439 2.2088 1.9521 1.6253 1.7811 2.8573 2.9238 215.8902 2.4190 3.2948 3.6646 215.8902 1.4624 215.8902 3.0202 21.0371 215.8902 2.3414 6.5129 215.8902 215.8902 0.9524 1.8087 215.8902 215.8902 6.1401 215.8902 1.7188 1.7610 1.7348 1.6604 1.0837 215.8902 3.4173 215.8902 215.8902 215.8902 215.8902 1.4968 1.7348 1.3707 215.8902 1.3773 1.6426 1.6195 1.4868 1.4528 1.5273 1.4433 1.9521 1.5804 1.4624 1.4819 1.4109 2.4190 2.4257 2.8466 2.6296 3.4173 2.3109 2.3050 2.2416 2.0509 1.5588 1.9319 1.7031 1.9044 1.6110 1.9239 1.5669 1.9005 1.7880 1.8890 1.9521 2.0197 1.7413 1.8299 1.8590 2.1719 1.9727 1.7811 1.8664 1.7880 1.8664 2.1719 1.7413 1.8776 1.7284 2.0833 3.5343 3.3989 2.9238 4.8150 3.7600 1.6368 2.7366 2.4603 3.4360 4.2315 2.9011 3.7851 2.9952 2.7557 4.0353 2.7951 2.7179 2.3794 3.1849 3.8107 3.1849 3.1849 2.9830 4.3032 4.0662 2.9470 2.2931 3.3456 2.6639 2.2699 2.4673 2.6466 2.8257 5.3835 9.7121 1.7710 2.7557 3.3989 3.8633 3.7114 3.0459 3.8633 2.4394 4.0353 5.7339 2.7366 2.9952 2.4533 3.7600 3.4360 1.0647 1.1676 1.3364 0.5940 0.0000 0.5679 0.6855 0.6855 0.8422 0.6710 0.7617 0.5660 0.6367 0.6093 0.6347 0.6751 0.7066 0.6357 0.5186 0.6327 0.9088 215.8902
231 3.3456 2.3170 2.8361 2.5184 2.9470 3.1999 3.4743 3.3631 1.9644 2.5488 2.7557 2.5335 2.9354 2.0509 2.7272 2.3539 1.9279 2.6552 2.3924 2.5335 2.9124 3.3284 2.9470 2.3794 2.6996 3.8633 2.9952 3.0459 2.8790 3.2151 2.5723 3.4550 2.8573 2.8790 3.1555 3.4743 3.1270 3.2306 3.1849 3.4173 2.8361 2.9708 2.9830 2.7654 3.8905 2.8573 3.6646 2.3170 2.0601 2.0110 2.1464 2.1515 2.1167 2.5644 2.1464 2.2305 2.0374 2.3353 2.3539 1.8371 2.1823 2.1070 3.2463 3.7114 2.8257 2.5723 3.7600 3.3809 3.7355 2.5723 3.1412 215.8902 2.4463 2.1022 2.0975 1.5887 2.6046 3.4360 3.2463 2.1823 3.1130 2.3050 3.0459 3.9466 2.6639 2.9830 2.8900 3.1701 3.8367 3.4173 3.6196 2.8900 1.5750 1.5696 1.4481 1.7744 1.6907 1.5914 1.4433 1.7093 1.3861 1.5377 1.1468 1.4673 1.4918 1.4433 1.4868 1.6515 0.9249 1.6604 1.3729 1.7544 1.3599 1.2033 1.5832 1.4552 1.4200 1.6397 1.0647 215.8902 1.9121 1.4481 1.4770 1.5429 1.6815 1.4968 1.6604 1.3364 1.6515 1.4721 1.4293 1.3707 1.4794 1.4223 1.3074 1.3034 1.7156 1.7478 1.6253 1.4528 1.4018 3.8107 3.4173 2.5644 2.8052 2.7461 3.5551 2.4962 2.7366 2.8052 2.1616 2.5644 2.4889 2.2250 2.2699 2.0833 2.0647 2.5964 2.0241 2.2088 2.3666 2.5964 2.2642 2.2472 2.4056 2.3730 2.5184 2.3990 2.3170 2.2142 2.2361 2.3109 2.3602 2.3230 2.0110 2.1981 4.1632 4.6269 3.3809 2.7557 1.7710 215.8902 2.9708 7.4165 2.5803 2.9708 7.4165 3.0992 2.6212 2.7557 2.5964 2.6816 2.9708 2.2699 3.1849 2.6381 3.9755 2.3477 3.1270 2.9470 2.2250 2.4056 2.5566 3.5343 2.4190 1.5561 2.0285 2.0833 2.5566 1.7744 2.5883 2.0786 2.6552 2.4962 2.4962 3.2151 2.2472 2.4745 2.2142 2.5035 1.8814 2.9354 2.2990 2.3924 2.6129 1.2754 1.0999 1.2933 1.4918 0.7349 0.5679 0.0000 0.8597 0.6547 0.8943 0.8497 0.8082 0.7504 0.6367 0.6209 0.7283 0.5524 0.6386 0.6547 0.6229 0.6327 0.9468 0.7640
232 2.9952 2.9830 2.9708 2.2528 2.3170 1.9938 2.1928 2.1928 2.2142 2.4056 2.4533 2.7366 2.2585 2.5803 2.7851 2.3666 2.4190 2.5488 3.0589 2.3859 2.3924 2.1414 2.7272 2.6816 2.9708 3.3456 3.1555 3.4360 2.9011 3.4550 2.0833 2.9952 3.1999 2.9238 3.1999 2.2585 2.7654 3.2948 2.5035 2.3414 2.9830 2.5964 2.9470 3.4940 3.7114 3.6646 2.6046 2.1167 2.3230 1.8017 2.2814 2.3353 2.3170 2.3602 2.3230 2.2361 2.0509 2.1823 2.2990 1.9644 2.1070 2.2756 2.8154 2.2585 2.5184 2.6639 3.0330 3.1270 2.8257 2.6129 2.8466 215.8902 2.1616 2.2088 1.9319 2.2361 2.6996 2.5335 3.1412 2.1022 2.1719 2.2814 4.3403 4.3783 2.2416 2.3414 2.7951 2.0374 3.0856 3.4360 2.4394 1.9769 1.8087 1.8157 1.5429 1.8087 2.1616 1.9603 1.7348 1.6968 1.8299 2.0927 1.1065 2.1119 1.8017 1.8814 1.9685 1.9480 0.9922 1.8966 1.6784 1.8443 1.4386 215.8902 1.5196 1.7983 1.6339 1.5887 0.9035 215.8902 2.0647 215.8902 1.8087 2.2250 1.7478 1.5119 1.5196 1.6138 1.8516 1.3884 1.6907 1.5804 1.5482 1.6138 1.3095 1.4063 1.8299 1.6195 1.4918 1.5043 1.6426 2.7366 3.2463 2.9952 2.8573 3.4550 2.8052 2.2990 2.5184 3.0722 2.3666 2.6639 2.7461 2.4463 2.3990 2.2361 2.3666 2.8573 2.3170 2.6296 2.5803 2.5488 2.4889 2.5566 2.8466 2.5184 2.4745 2.6129 2.6816 2.5803 2.7951 2.5488 2.4889 2.6212 2.1616 2.1875 2.9238 3.1555 2.8052 3.1849 1.9853 215.8902 3.4940 3.1130 2.5335 4.2669 2.8154 3.7600 2.2250 2.6727 3.5343 3.1849 2.4122 4.3783 3.2948 2.5803 3.4940 2.6296 2.9124 2.7654 2.4745 3.0722 3.0076 2.5335 2.4325 1.6026 2.0374 1.9521 2.5566 1.5170 1.8553 2.4190 2.5644 4.4172 2.9952 7.6817 3.1849 4.5399 2.1928 2.7752 1.9561 3.6878 2.5803 2.0739 3.2151 1.6663 1.3406 1.4770 1.3620 0.5902 0.6855 0.8597 0.0000 0.8348 1.0983 0.7109 0.8106 0.7228 0.4801 0.5940 0.5809 0.5893 0.5569 0.5997 0.6689 0.5884 0.9276 1.0584
233 3.1270 2.3414 3.0459 3.1999 2.9830 3.1270 3.4940 3.3809 2.8154 4.4571 2.9589 3.6878 3.3809 2.1216 3.6646 2.5883 2.3477 3.1849 2.8361 2.3990 4.3032 2.9124 3.3284 2.5259 2.4745 3.1130 2.8900 2.9124 2.8573 2.9952 2.6816 3.1270 2.7752 2.5803 2.7366 2.8154 3.4940 2.9830 2.8466 2.9952 2.7851 2.7951 3.0992 3.1701 3.4173 2.7179 3.0459 2.1315 2.3291 1.9853 2.1616 2.5488 1.7252 2.7851 2.4056 2.1167 2.4533 2.6129 2.6727 2.1315 2.4463 2.1616 3.5977 3.6646 3.5762 3.7114 4.6269 3.3809 3.4743 3.3989 3.4940 215.8902 2.2142 2.2142 2.2142 2.2305 2.1315 3.6646 3.2151 2.1515 3.1701 2.3170 3.3114 3.4940 2.5411 3.2784 3.9755 4.0978 3.8633 3.8107 4.0353 3.3989 1.1623 1.4576 1.1433 1.6784 1.3115 1.2070 1.2482 1.5914 1.2993 1.2597 0.8348 1.3449 1.3973 1.3115 1.3449 1.2754 0.9922 1.6026 1.3239 1.5642 1.0837 1.0678 1.5247 1.6397 1.4697 1.7348 1.1588 215.8902 1.6082 1.9044 1.3620 1.4528 1.3197 1.4993 1.6026 1.3534 1.5588 1.4624 1.4576 1.5914 1.6253 1.6368 1.5299 1.4844 1.8814 1.8157 1.7125 1.6784 1.6253 3.5343 3.8905 3.8107 3.5977 2.4816 3.6646 3.3456 3.6646 3.8633 2.1119 2.2585 2.2931 2.1928 2.2472 2.0601 2.0927 2.2642 2.0739 2.0693 2.1823 2.2034 2.1771 2.2361 2.3414 2.3539 2.4463 2.2699 2.1719 2.3050 2.2088 2.2931 2.0786 2.4056 1.9895 2.1616 3.0992 4.1301 2.3291 4.7185 1.6281 3.5551 2.9470 3.4173 3.0722 2.7752 2.8681 2.5035 2.8790 3.1999 2.5803 3.3631 3.5343 4.1301 3.0076 2.6996 7.1683 3.4550 2.7557 2.9470 2.2361 2.3990 1.9603 2.8790 2.3539 1.5669 2.6046 2.3291 2.2472 1.3197 2.3666 2.3924 2.3666 2.9470 3.1270 2.9011 3.3809 3.3456 2.0285 2.5335 2.1414 2.9830 1.8890 2.3050 2.7654 1.1032 1.0157 1.2444 1.3534 0.7617 0.6855 0.6547 0.8348 0.0000 0.8011 0.6855 0.7045 0.6288 0.6527 0.7088 0.5978 0.7283 0.7024 0.6547 0.7174 0.6772 0.8930 0.5460
234 3.1412 3.0202 3.2151 2.3230 2.7557 2.9830 2.9124 2.9952 2.4889 2.4745 3.0722 2.6552 2.2088 2.1928 2.9708 2.3794 2.0786 2.6552 2.7272 2.7366 3.9466 2.8900 3.7114 2.1875 2.6296 2.8154 2.7179 2.8154 3.2622 2.7366 2.7179 2.8154 3.0330 2.6296 2.6466 3.1270 3.3114 3.3456 2.8257 3.2948 2.9952 3.2306 3.2463 2.8257 2.9952 3.3631 3.0459 1.9359 2.1515 2.6046 2.1515 2.2873 2.2756 2.2814 2.7557 2.3666 2.7179 2.7951 2.2990 2.3794 2.4603 1.9044 3.8367 4.4172 3.2784 3.3114 3.7851 3.0330 3.7851 3.7355 3.7600 215.8902 2.0464 2.3924 1.9005 1.8814 2.0419 3.7600 2.9708 2.0739 2.8900 2.2699 3.8107 3.0459 3.6196 3.0722 3.5343 3.5140 3.6196 4.2315 3.9466 3.4173 1.2597 1.4968 1.2482 1.6426 1.5119 1.3239 1.4109 1.4063 1.4018 1.2330 0.9579 1.4481 1.2559 1.2559 1.2597 1.3751 0.9636 1.7544 1.3534 1.3707 1.2636 1.0368 1.6784 1.8966 2.1719 2.0601 0.9195 215.8902 1.7948 1.6724 1.5914 1.5144 1.7811 1.8590 1.4481 1.6026 1.6253 1.4918 1.5429 1.6604 1.5377 1.5588 1.6195 1.5914 1.7284 1.7983 1.6253 1.5482 1.5119 3.4360 2.9952 2.5803 3.2948 2.5803 3.0722 3.1555 3.0076 2.5259 2.3170 2.5803 2.2873 2.5883 2.3050 2.1414 2.0555 2.4533 2.2990 2.0601 2.2250 2.6466 2.2196 2.3859 2.4745 2.3666 2.1928 2.2142 2.2250 2.2142 2.2305 2.3109 2.3666 2.3666 2.0555 2.4745 2.6296 2.9354 2.1464 3.3114 1.7811 215.8902 2.5883 2.8361 3.1130 2.8466 2.0833 3.0076 2.5184 2.4394 1.9603 2.6129 2.4745 215.8902 2.5803 2.3230 3.0459 2.2814 2.5184 2.4463 2.5488 2.5488 2.2585 3.1999 2.3730 1.5804 2.5184 2.3353 2.5411 1.6426 2.1823 2.1616 2.6466 2.8154 3.1555 3.2948 2.9952 3.4743 2.0601 2.6046 2.3170 4.1632 2.0374 4.0978 2.8154 1.2292 1.2033 1.3260 1.6281 1.0083 0.8422 0.8943 1.0983 0.8011 0.0000 0.9222 0.9276 0.8904 0.9062 0.8852 0.7917 0.8226 0.7800 0.7617 0.9062 0.8324 1.0368 0.6981
235 2.6381 1.9399 3.8107 2.1265 1.9521 1.7220 2.3353 2.3291 2.2931 2.1167 2.2585 2.4745 2.2472 2.6296 2.8573 1.9980 2.5803 2.0197 2.1667 2.4394 2.4463 2.1022 2.0509 2.6046 2.2699 2.4325 2.0739 2.3477 2.2250 2.1022 1.9359 2.1719 2.3230 2.0374 2.3414 2.1771 2.3230 2.1565 1.7093 2.3170 2.1771 2.2250 2.4745 1.6876 2.5109 2.1119 2.5644 1.9685 2.1515 2.4889 2.8361 2.2642 2.0023 2.8790 2.4745 2.6552 2.4325 2.6466 2.7951 2.5883 2.1119 2.4962 1.8371 2.2142 2.5883 1.8739 1.8157 2.1315 2.6996 1.9239 1.9200 215.8902 2.5259 2.3414 2.0374 2.2814 2.0739 1.9359 2.5411 2.0023 1.9279 2.0067 2.0110 2.2250 2.0555 1.9121 2.1216 2.3924 2.0647 1.9521 1.9439 1.8814 6.8249 2.9238 215.8902 2.4533 9.9226 2.8900 5.3835 1.4063 215.8902 2.3230 215.8902 3.4173 3.6878 3.2306 20.4165 215.8902 1.0934 1.8590 215.8902 6.6136 6.9357 215.8902 1.8664 1.9439 1.9769 1.8516 1.1925 215.8902 6.1401 215.8902 3.0202 215.8902 215.8902 1.4968 1.5804 1.4293 2.7179 1.3685 1.7880 1.6604 1.4968 1.4433 1.4109 1.4576 1.8814 1.6845 1.3884 1.4200 1.4018 2.6466 2.5259 2.1981 1.9319 3.1555 2.0601 2.5035 2.1928 2.3730 1.7811 1.8228 2.2472 1.6693 1.5804 2.0241 1.9044 2.2585 1.7413 1.9811 2.4190 1.7677 1.7845 2.0927 1.7845 1.8407 1.8017 1.6724 2.0464 2.1515 1.9769 2.2585 1.6784 1.9359 1.6724 2.0739 2.9470 3.1270 2.5488 3.8633 3.9183 3.0992 2.9470 2.6296 2.6466 3.1555 2.4463 2.6727 2.6381 2.5964 3.1270 2.9470 2.7179 9.3127 2.5488 2.8052 3.3456 2.8466 2.4673 2.5883 2.3291 2.2034 2.5335 2.9589 215.8902 2.8257 2.0833 2.4463 2.4325 3.9755 2.5184 2.3109 2.2528 8.9402 10.6010 3.4940 3.9755 10.6010 215.8902 3.0992 215.8902 2.7557 2.5335 2.2305 2.6906 3.3809 1.0647 1.2714 1.4868 0.5587 0.6710 0.8497 0.7109 0.6855 0.9222 0.0000 0.7024 0.4970 0.6527 0.6834 0.6347 0.7731 0.8673 0.7572 0.6496 0.6628 0.9482 4.3783
236 2.5723 2.0153 2.3414 2.3924 2.8790 3.0202 2.1022 2.9238 2.0197 2.1265 2.5488 2.1875 2.3539 2.6212 1.8192 1.9853 2.4603 2.2142 3.4550 2.0023 2.6816 2.6727 2.6906 2.6727 3.2151 3.6419 3.2463 3.0202 3.3456 3.2463 3.4360 4.7185 3.1130 2.8790 3.1849 3.4173 3.7600 3.3809 3.1130 3.0992 2.8257 3.8633 3.5343 3.0856 3.3809 3.7600 3.3456 2.0023 1.9769 2.0693 2.0464 2.0647 1.8814 2.1515 2.0975 2.2034 1.9769 1.9769 2.4463 2.0285 2.0197 1.7348 3.9466 3.7114 3.4550 2.7951 3.4940 3.8633 3.7355 3.1270 3.6646 215.8902 2.0647 2.5411 2.1981 1.9853 2.1022 2.1771 2.4673 2.0833 1.9980 2.0555 3.3809 3.2463 2.7179 2.9011 3.4940 3.2463 4.1632 3.9755 3.3114 3.0202 1.4018 1.8443 1.4018 1.6845 1.4154 1.3729 1.4293 1.7478 1.2125 1.4177 1.0157 1.3239 1.4339 1.4918 1.3884 1.5642 0.7460 1.6515 1.5535 1.5119 1.3664 0.8324 1.5508 1.6138 1.6968 1.7252 0.8472 215.8902 1.7031 1.9853 1.5482 1.5119 1.6485 1.6724 1.5196 1.6663 1.8443 1.3861 1.6968 1.5535 1.3491 1.3707 1.4293 1.4528 1.9727 1.8553 1.3577 1.4018 1.4246 2.6129 4.4172 2.5644 2.4325 2.6296 3.1701 3.7355 2.1771 2.6129 2.0739 2.6046 2.2699 2.1070 2.2814 2.0647 2.2585 2.8573 2.0833 2.2814 2.3666 2.3794 2.2361 2.2250 2.5335 2.4190 2.4745 2.3230 2.2250 2.2305 2.2699 2.3170 2.2142 2.4889 2.0555 1.9938 2.3666 2.7272 2.2931 3.2151 1.5482 215.8902 4.6269 3.1849 2.2585 3.3631 3.9755 3.0992 2.3730 2.8573 2.3230 2.4889 2.4889 1.7744 3.9755 2.1616 2.9708 2.5803 2.7461 2.1616 2.5184 3.1130 2.5035 2.4533 2.3170 1.6485 1.9769 1.7811 2.4056 1.8739 2.6381 1.9121 1.7284 2.8052 2.8361 2.8573 2.4603 3.6419 2.0927 3.0202 1.8739 3.4360 2.6212 1.9853 4.2669 1.3751 1.2559 1.2953 1.2368 0.7131 0.7617 0.8082 0.8106 0.7045 0.9276 0.7024 0.0000 0.7261 0.6229 0.6093 0.6327 0.6918 0.6855 0.6547 0.6386 0.5318 1.0039 0.6190
237 3.6646 3.8367 3.1701 2.4122 2.9470 3.3631 3.1849 3.5343 2.5184 3.8905 3.0330 3.2151 3.2622 2.2142 2.6296 3.9755 2.5488 4.0978 3.1849 2.2034 2.4533 3.3114 3.6196 2.7366 2.7654 2.9124 3.0330 2.9589 3.1412 2.9952 2.9952 3.0330 2.9708 3.0330 2.9124 3.6419 4.0978 3.5140 2.7366 3.0992 3.3114 3.7114 3.2784 2.7272 3.6419 2.8573 4.4571 2.3170 2.4190 2.3291 2.4603 2.6466 2.1616 2.6996 2.5883 2.3666 2.5803 2.9708 2.4962 2.3666 2.0374 2.1719 3.5343 3.8905 3.5551 2.7461 5.5176 4.3032 4.2669 3.5551 4.2669 215.8902 2.6466 2.3170 2.4190 2.5644 2.4745 3.3114 3.5343 2.0374 3.0992 2.3859 3.8905 3.4173 2.7951 3.2784 4.4172 3.6196 3.2784 3.7600 3.5140 3.2463 1.3884 1.4433 1.4154 1.7610 1.4386 1.4624 1.4109 1.7478 1.4576 1.4293 1.0522 1.7610 1.6026 1.5482 1.5482 1.5273 1.1468 2.0739 1.6663 1.4433 1.3054 1.3620 1.6310 1.7478 1.6724 1.4943 1.1588 1.9279 1.7610 2.5803 1.3795 1.9938 1.7031 1.4576 1.4109 1.3751 2.2142 1.3884 1.5429 1.5018 1.5804 1.6026 1.4109 1.3973 1.7677 1.6968 1.4819 1.4433 1.5482 3.4550 3.4173 4.3032 3.3989 3.0589 3.7114 2.8154 2.1616 2.5184 2.1565 2.3230 2.4745 2.1823 2.2142 2.2088 2.2814 2.3794 2.2088 2.2416 2.3477 2.3291 2.1414 2.1216 2.3859 2.3666 2.5335 2.4533 2.3666 2.4056 2.5803 2.2642 2.2756 2.5335 2.0833 2.2088 2.8900 3.8367 2.7951 4.1632 1.8590 215.8902 2.7179 2.6906 3.1555 3.5343 2.7366 2.3794 2.4745 2.2756 2.4325 4.1632 2.7179 3.1555 3.1555 2.9354 3.5140 2.8466 3.0722 2.5644 2.0833 2.7654 3.1701 3.1412 2.1928 1.9399 2.5411 2.2756 3.0076 1.4154 2.8466 2.2034 2.8154 5.2569 2.6816 6.5129 3.1999 3.9755 2.3414 3.0722 2.4190 3.2622 2.6816 2.4257 3.3114 1.3795 1.1281 1.2218 1.4154 0.7066 0.5660 0.7504 0.7228 0.6288 0.8904 0.4970 0.7261 0.0000 0.5624 0.6587 0.5978 0.5177 0.7024 0.5107 0.6307 0.6327 0.9195 0.9468
238 2.5803 1.8966 2.7366 2.0975 2.3924 1.9769 2.1315 2.2931 2.2034 2.2528 2.3050 2.0833 2.2528 2.0739 215.8902 1.9727 2.6129 2.2196 2.2642 2.2699 2.2250 1.9044 2.1464 2.4889 2.4463 2.5644 2.5035 2.4190 2.0110 1.8814 2.0464 2.4325 1.8263 2.2196 2.4257 2.0880 2.2250 2.1515 1.7348 1.7125 2.3859 2.3291 2.8154 1.7914 2.3539 2.2585 2.2250 2.3050 2.2873 2.3050 2.3170 2.1022 2.1315 2.4056 2.3291 2.2142 2.4190 2.5644 2.5488 2.6639 1.9603 2.2250 1.9644 2.1070 2.2142 2.1315 1.7811 2.0110 2.0927 2.3602 3.4173 215.8902 2.2756 2.4325 1.9727 2.1616 2.3050 2.4603 2.6296 1.9603 2.2034 2.0023 2.4816 2.3230 2.0285 1.9938 1.9769 1.9980 2.3924 1.9938 1.8627 1.7577 215.8902 215.8902 5.7339 2.3291 1.8443 2.1167 11.3565 1.3795 215.8902 3.1270 46.4222 2.2931 2.4190 9.3127 215.8902 215.8902 1.1746 1.9359 215.8902 215.8902 13.8269 215.8902 1.5750 1.4200 1.6907 1.4918 0.9806 215.8902 215.8902 215.8902 215.8902 215.8902 215.8902 1.6368 1.6968 1.5998 215.8902 1.4528 1.8017 1.4918 1.4339 1.7156 1.3491 1.4528 1.6138 1.8590 1.5018 1.5273 1.7610 2.3109 2.5566 2.8466 2.3414 2.6212 1.5859 2.3353 2.1515 2.2416 1.6253 2.2142 1.8228 1.5196 1.5696 1.8553 1.7156 1.9938 1.6253 2.1315 1.9938 2.1315 1.7093 1.7093 2.1315 2.0647 1.9279 1.7284 2.0419 2.0419 2.1216 1.9200 2.1265 2.1414 1.7284 2.2250 3.3809 2.8790 2.9011 4.1301 2.1265 215.8902 3.2784 2.3990 2.6552 2.7752 2.3794 2.6466 4.0662 2.6381 3.1849 3.4743 2.2931 215.8902 3.4550 3.1555 3.1555 2.6129 2.6639 2.3539 2.4533 3.3284 2.5644 3.7600 3.8633 215.8902 1.8701 19.2455 2.2585 8.5927 10.1407 2.3291 2.5411 3.7600 3.7600 3.7600 3.1555 3.4550 215.8902 6.9357 3.1999 2.5335 2.4745 2.2528 3.7600 12.5008 1.0710 1.3884 1.3428 0.5353 0.6367 0.6367 0.4801 0.6527 0.9062 0.6527 0.6229 0.5624 0.0000 0.5125 0.4618 0.5407 0.5212 0.4295 0.4987 0.4169 0.8082 215.8902
239 2.3414 2.2305 2.6996 2.1515 2.0647 1.9279 2.0693 1.9521 2.2034 2.1719 2.0555 1.9480 2.0285 2.0374 2.9589 2.1565 2.3990 2.0647 2.5488 2.6996 1.8966 2.0880 2.0786 2.3990 2.0374 2.0693 1.8664 2.8361 2.0241 1.8299 2.1823 2.2416 2.0374 2.0693 2.5259 2.0833 2.3477 2.3602 2.1119 2.5335 2.0739 2.4533 2.7272 1.6663 2.7179 2.3602 2.2305 2.1928 2.2196 2.2528 2.6466 2.3794 1.9359 2.5035 2.5803 2.9830 2.4190 2.4190 2.4056 2.6906 2.2472 2.2088 2.3859 2.4325 2.3859 1.9005 2.1928 2.4745 1.6663 2.0833 1.7778 215.8902 2.2361 2.3794 1.9319 2.0693 2.1216 2.1119 2.5184 2.0374 2.5488 2.1216 1.9811 2.2931 2.0927 1.7744 2.1928 2.1216 2.0330 2.0464 2.3794 1.9439 4.4571 215.8902 2.8900 215.8902 215.8902 2.5035 215.8902 1.5804 215.8902 2.7851 13.4767 215.8902 2.4603 215.8902 215.8902 215.8902 1.0934 1.7880 215.8902 215.8902 8.1141 215.8902 1.7093 1.5914 1.7677 1.6544 0.9806 215.8902 215.8902 5.1372 215.8902 2.7179 215.8902 1.4673 1.5535 1.5642 6.0539 1.4968 1.6663 1.5018 1.5068 1.4576 1.4721 1.4673 1.8664 1.7880 1.4968 1.5998 1.4968 2.0739 2.7179 2.1823 2.4603 2.4962 1.8299 2.1364 1.6544 2.3730 1.6907 2.6296 1.9439 1.4433 1.4673 1.7093 1.6544 2.5335 1.6138 2.2931 1.8299 1.8371 1.6026 1.5804 1.9521 2.2250 2.1928 1.8890 1.7284 1.8664 1.7845 2.0023 1.8664 1.8966 1.4968 2.3666 2.8361 2.5803 3.1999 3.6196 2.7366 2.0330 3.7355 2.5644 2.9011 2.7752 2.7087 2.5566 3.2622 2.5644 2.7179 2.3050 2.6129 2.9011 3.3456 2.7179 3.4360 2.2250 3.9183 3.0589 2.4745 2.8154 2.5259 3.6646 2.5644 215.8902 2.0110 215.8902 2.1515 2.9011 215.8902 1.9603 2.1315 3.2151 2.6816 3.0076 2.3794 3.4550 215.8902 2.1667 2.8361 2.3539 2.7752 2.3794 3.0330 215.8902 1.2444 1.4109 1.3839 0.5478 0.6093 0.6209 0.5940 0.7088 0.8852 0.6834 0.6093 0.6587 0.5125 0.0000 0.4717 0.6426 0.5716 0.5407 0.5177 0.5125 0.7964 215.8902
240 2.4962 2.5488 3.7114 1.7125 1.8087 2.0693 2.1315 2.1315 2.1119 2.2756 1.8890 1.8814 2.1414 1.9938 215.8902 2.2034 1.7156 1.9980 2.2756 2.3794 2.2034 1.7093 2.2873 2.3924 2.8361 2.6816 1.9359 2.2585 2.3924 2.3794 2.2814 2.5184 1.8122 2.0833 2.5644 2.1719 3.0992 2.2931 3.6878 1.9603 2.3924 2.1414 2.0927 2.1823 2.3477 2.2585 2.2528 2.3291 2.1928 2.2931 2.2931 2.1928 1.9685 2.6996 2.2472 2.3602 2.8790 2.4056 2.5335 2.7179 1.8590 2.5644 1.7413 2.1928 2.3859 1.8966 1.9319 2.4745 1.8443 2.1315 1.9200 215.8902 2.3477 2.3539 1.8890 2.1414 2.5488 2.2088 2.8790 1.8890 2.0833 2.1414 1.9359 1.9521 2.0927 2.0833 1.9439 1.9439 215.8902 1.9439 1.9279 1.7478 215.8902 215.8902 215.8902 10.6010 5.3835 215.8902 215.8902 1.6310 215.8902 6.2291 215.8902 215.8902 3.8633 5.4496 215.8902 215.8902 1.1746 1.7478 215.8902 215.8902 215.8902 215.8902 1.9319 1.6604 1.8017 1.6907 0.9806 215.8902 215.8902 5.5876 215.8902 215.8902 215.8902 1.4721 1.5535 1.6968 215.8902 1.5068 1.7348 1.6026 1.3491 1.5068 1.4293 1.4246 1.8443 1.8263 1.4624 1.5642 1.5535 3.2784 2.8573 2.5335 2.1823 2.5184 2.2034 2.2814 2.3170 2.4190 1.6138 2.0555 1.8407 1.5914 1.7220 1.9044 1.7156 2.1928 1.7544 2.1216 2.0739 1.9769 1.7093 1.5068 1.9685 1.9082 2.2472 1.9769 2.0023 2.0555 1.9279 2.1981 1.8299 1.6426 1.6426 2.6996 3.4173 2.9011 2.4745 4.0978 3.1849 3.8633 2.8154 2.5411 2.5644 3.4550 2.3539 2.7851 2.9354 2.6996 3.1270 2.4325 2.8052 19.8196 2.6996 2.8052 2.8052 3.1849 3.5977 3.1555 2.5488 2.8681 2.5488 3.8107 7.1683 215.8902 2.2472 215.8902 2.5035 18.6931 10.1407 2.1119 2.4889 5.6597 4.1301 3.1555 4.2315 4.9695 215.8902 2.9589 17.1580 2.4325 2.4056 2.0647 2.2931 215.8902 1.1331 1.3928 1.2636 0.5460 0.6347 0.7283 0.5809 0.5978 0.7917 0.6347 0.6327 0.5978 0.4618 0.4717 0.0000 0.6981 0.5177 0.4919 0.4327 0.2980 0.7777 215.8902
241 2.4056 2.3666 2.6639 2.2305 2.3353 1.8627 2.4745 2.4603 2.2196 2.3170 2.4603 2.1719 2.1616 2.1875 215.8902 2.0647 2.0023 2.5803 2.4056 2.3050 2.3990 1.8299 2.0786 1.7413 2.9238 2.4257 1.9005 2.7179 2.3477 2.7752 2.0555 2.4394 2.2034 2.6816 2.8466 2.7851 3.6878 3.1701 2.1119 2.0927 2.4673 2.9952 3.2306 2.5411 2.9830 2.5035 2.7461 2.1119 1.9439 2.1928 2.2931 2.0464 2.0647 2.4122 2.2814 2.2699 2.5803 2.6466 2.4056 2.4962 2.3414 2.4962 2.2814 2.1823 3.0330 1.9121 2.1022 2.9470 2.7272 1.8087 6.3208 215.8902 2.1167 2.4056 2.2472 2.4889 1.8553 2.4190 3.2622 2.1414 1.9644 2.3666 3.5762 2.9470 2.5335 2.1928 2.0023 1.9399 2.0374 2.4056 1.8087 2.0197 4.0051 215.8902 215.8902 2.0833 4.6269 215.8902 215.8902 1.6310 215.8902 2.2416 46.4222 3.8633 215.8902 3.8633 7.5469 4.3403 1.2636 1.8739 215.8902 215.8902 215.8902 215.8902 1.6544 1.6224 1.6368 1.7031 1.1588 215.8902 215.8902 215.8902 215.8902 215.8902 215.8902 1.6784 1.8890 1.6968 215.8902 1.6310 1.6907 1.5970 1.6167 1.8017 1.5914 1.6195 1.7811 1.8814 1.6907 1.9200 1.8017 1.8516 3.4173 1.8299 2.7752 2.6816 2.2142 2.8790 2.1315 3.0076 1.7445 2.4190 1.9938 1.7677 1.7156 1.8157 1.6876 2.0555 1.8814 2.0374 1.7220 1.7811 1.5970 1.9044 1.9399 1.7778 2.0285 1.6845 1.7677 1.8443 1.7880 1.9044 1.7093 1.7744 1.8263 2.1719 3.5343 2.6046 3.2784 4.1632 2.7366 18.6931 2.6212 2.9011 2.7752 3.3456 3.3456 3.0856 2.6381 2.6639 2.4122 3.5140 2.9238 2.6129 3.0076 2.7366 3.3114 2.5644 3.3989 2.9952 3.3989 2.5883 2.4463 6.3208 215.8902 215.8902 2.8681 2.8681 2.9238 9.7121 3.0330 2.0647 3.4173 4.3783 3.0076 3.0722 3.4550 4.4980 215.8902 5.0239 5.7339 2.7461 2.6296 1.8890 2.8361 215.8902 1.1853 1.4132 1.4528 0.6248 0.6751 0.5524 0.5893 0.7283 0.8226 0.7731 0.6918 0.5177 0.5407 0.6426 0.6981 0.0000 0.5125 0.4987 0.6093 0.6016 0.8826 215.8902
242 2.1070 2.1216 3.0722 2.1823 2.1667 1.9005 1.9279 1.8192 2.0110 2.4533 2.0647 1.9359 2.0285 2.4533 13.1393 2.1981 1.9853 1.9279 1.9853 2.3170 1.8228 1.9938 2.0110 1.9239 2.3353 1.9521 2.0880 2.0285 2.4533 1.9200 1.9439 2.1981 1.8443 1.9005 2.1771 2.3859 2.2699 2.3170 2.5259 2.1315 2.0241 2.6129 2.2585 1.9980 2.6296 2.2528 2.4325 2.3730 1.7643 2.1022 2.1875 1.9521 1.9769 2.1315 2.1364 2.2814 2.3730 2.1167 2.1265 2.2814 2.3414 2.2756 2.0197 2.8466 2.2931 2.1771 2.1515 2.2699 2.0197 1.6224 1.9521 215.8902 2.4122 2.4190 2.1928 2.4673 2.3730 2.0464 2.6816 1.8052 2.3230 2.3730 1.9895 2.0241 2.2873 2.0330 2.1719 2.3477 2.1464 2.2814 2.2034 1.8664 2.1981 215.8902 215.8902 3.8107 3.9466 2.4603 2.5964 1.4410 215.8902 3.4550 215.8902 215.8902 2.7654 215.8902 215.8902 215.8902 0.8878 1.7544 215.8902 215.8902 215.8902 215.8902 1.4648 1.4893 1.4200 1.5273 0.8878 215.8902 11.3565 12.1988 215.8902 215.8902 215.8902 1.5914 1.5482 1.6026 215.8902 1.3322 1.5068 1.5482 1.3281 1.5696 1.3839 1.4339 1.6426 1.6663 1.3795 1.6968 1.5914 2.9238 2.5488 2.8154 2.4056 2.9354 2.4463 2.2142 2.3924 2.3353 1.4177 1.9853 1.8664 1.6574 1.4339 1.6724 1.4433 1.9644 1.6368 1.7710 1.5887 1.9082 1.6815 1.7445 1.8664 2.0197 1.8664 1.7284 1.9811 1.8087 1.8553 1.8590 1.6426 1.6784 1.6426 2.3050 3.5343 3.4173 2.8052 4.5399 2.8154 9.1232 2.7557 2.8361 2.4325 2.7752 3.2784 2.7087 2.7851 2.7951 2.4394 3.7600 2.7951 3.7114 3.5551 2.3794 3.6646 3.1849 3.5343 3.4173 2.5488 2.8154 2.5184 3.5977 215.8902 215.8902 2.4463 5.9702 2.2931 2.9708 215.8902 1.9561 2.7557 2.7851 2.4533 2.8361 3.1555 3.1412 215.8902 215.8902 215.8902 2.4056 2.9470 2.1315 3.0202 215.8902 1.0805 1.2793 1.3642 0.6547 0.7066 0.6386 0.5569 0.7024 0.7800 0.8673 0.6855 0.7024 0.5212 0.5716 0.5177 0.5125 0.0000 0.5790 0.6466 0.5827 0.8348 215.8902
243 2.5883 2.3291 3.1270 2.2528 1.9769 1.9359 2.0110 2.0197 2.2416 2.5335 2.2305 2.3291 1.9359 1.9521 3.4940 2.2416 2.0464 2.0374 2.2585 2.9470 2.4394 2.2088 1.7845 2.3414 2.5883 2.6046 1.9980 2.3539 1.7284 2.3414 2.0927 2.3666 2.0509 2.1515 2.9708 2.2873 2.5259 1.9082 1.9480 2.0023 1.8852 2.3291 2.5723 2.6727 2.7851 2.1771 2.3414 2.2814 2.3602 2.5644 2.5803 2.4463 2.0601 2.5335 2.7179 2.3170 2.6996 2.6381 2.4394 2.5184 2.3109 2.1216 1.5119 2.5566 2.2472 1.7744 1.9938 2.3414 2.0110 1.6544 1.9521 215.8902 2.0464 2.4394 2.0464 2.0419 2.1928 2.1667 2.3230 2.0464 2.0330 2.0833 2.2756 1.7413 2.1022 2.1119 1.9239 2.1265 2.0880 1.9521 2.0786 1.8228 2.6996 3.2784 215.8902 4.7661 3.6878 2.4889 215.8902 1.6026 215.8902 2.9952 215.8902 215.8902 2.4190 5.4496 215.8902 215.8902 1.1746 1.8087 215.8902 215.8902 215.8902 215.8902 1.6515 1.6138 1.6082 1.5119 0.9636 215.8902 215.8902 215.8902 215.8902 215.8902 215.8902 1.4721 1.7880 1.7093 5.7339 1.7284 1.5970 1.5482 1.5119 1.6138 1.5588 1.4339 1.8443 1.8299 1.5482 1.6138 1.6368 2.6552 2.9238 1.9769 2.1119 2.5488 2.0786 2.1875 2.5184 2.5259 1.6426 2.0285 1.8157 1.6138 1.5914 1.7316 1.6195 2.1719 1.5669 1.9359 1.8516 1.7156 1.7478 1.6426 1.8052 2.1216 2.1070 1.5196 1.9121 1.7744 1.8627 1.8664 1.4819 2.0880 1.4528 2.0197 3.8633 3.1555 3.1270 3.3114 3.4743 215.8902 3.2784 3.1555 2.8154 4.4571 2.4463 2.4745 3.0076 2.9708 2.9354 2.6129 2.3794 12.8142 3.8107 3.3114 2.9708 2.9238 3.1555 2.8361 2.6816 2.4673 2.6046 3.3456 2.5964 2.5109 2.1771 3.3809 2.4325 2.2699 5.5176 2.3291 2.5184 2.9952 3.4743 3.4173 3.4173 3.4173 2.3924 2.6816 2.8790 2.5803 2.6639 2.1981 3.2463 3.0459 1.1399 1.4433 1.3950 0.6229 0.6357 0.6547 0.5997 0.6547 0.7617 0.7572 0.6547 0.5107 0.4295 0.5407 0.4919 0.4987 0.5790 0.0000 0.5997 0.5133 0.9062 215.8902
244 2.5335 2.5803 3.2151 2.3666 2.0285 2.1414 2.3602 1.9769 1.7880 2.1414 2.2088 2.2088 1.8890 2.3050 4.6269 2.0464 2.0601 2.3602 2.0197 2.4394 2.1464 1.9399 2.0330 2.1315 2.2034 2.9124 1.8122 2.2305 1.5482 2.1464 1.7220 2.3859 1.7914 1.7845 2.1414 2.0647 2.0023 2.0330 1.8122 2.2250 2.1928 2.0693 2.3414 2.3109 2.5035 2.0833 1.9895 2.3050 2.4056 2.5488 2.4056 2.2699 2.1315 2.9238 2.2699 2.5184 2.5184 2.5184 2.4056 2.5803 1.7880 1.9521 2.0786 2.2585 2.1119 2.2416 1.9769 2.7179 2.2142 2.2990 2.1928 215.8902 2.2142 2.1515 2.0197 2.0023 2.3050 2.1022 2.7951 2.2472 2.0285 2.3109 2.0739 2.1616 2.0023 1.8966 2.1119 1.9644 2.0647 2.0330 1.8299 2.0330 4.9166 215.8902 215.8902 5.1372 215.8902 2.4603 2.2585 1.5859 215.8902 3.0330 215.8902 215.8902 2.2305 215.8902 215.8902 215.8902 0.9249 1.7413 215.8902 215.8902 7.4165 215.8902 1.7156 1.5482 1.6845 1.6544 1.0491 215.8902 215.8902 215.8902 215.8902 215.8902 215.8902 1.4819 1.7220 1.4918 5.1962 1.5377 1.6310 1.5804 1.6253 1.5377 1.5750 1.4968 2.1823 1.8228 1.6485 1.6397 1.5068 2.4745 3.1412 2.6296 1.8157 2.5109 1.6544 1.9603 2.0241 2.7851 1.6026 1.9769 1.6224 1.7031 1.6253 1.8299 1.5669 2.2250 1.6368 2.2142 2.2034 1.9685 1.6138 1.6784 1.9938 2.1119 2.0647 2.1515 1.6397 1.8299 1.6815 1.8443 1.7880 1.6968 1.6876 1.9938 2.9238 2.8573 2.6727 3.6196 2.4463 7.9651 2.3170 2.5488 2.4745 2.8573 2.0464 3.0459 2.7179 2.3050 2.5883 2.2088 2.3794 7.0501 2.9589 3.0992 3.2948 2.4325 2.2528 2.3924 3.2151 2.7366 2.4325 3.7600 2.4394 215.8902 2.2142 7.6817 2.4533 3.0722 2.8154 2.1022 2.3230 3.4550 4.1632 4.1632 3.9466 3.7600 2.5488 2.8790 2.3414 2.6816 2.3291 2.3924 3.0202 2.6381 1.0710 1.4721 1.4293 0.5569 0.5186 0.6229 0.6689 0.7174 0.9062 0.6496 0.6386 0.6307 0.4987 0.5177 0.4327 0.6093 0.6466 0.5997 0.0000 0.3505 0.8250 215.8902
245 2.5109 2.4190 3.0459 2.1565 2.0110 1.9603 2.0739 1.9439 1.9603 2.1823 2.0927 2.2088 1.9980 2.2472 3.9755 2.0927 2.2416 2.0975 1.9521 2.2528 2.0647 1.7413 2.0927 2.1119 2.3859 2.8154 2.0601 1.9938 1.9044 2.0647 1.7413 2.2585 1.8590 1.9044 2.4603 2.1364 2.2931 1.9121 1.7511 2.1928 1.8966 2.1616 2.1515 1.7125 2.2814 1.8664 2.0285 2.4190 2.1515 2.1464 2.4463 2.1719 2.0786 2.2142 2.4889 2.1875 2.2699 2.4463 2.3859 2.4190 2.0374 2.3291 2.4816 2.7951 2.3730 1.9239 2.0110 2.5035 2.2361 1.9279 2.0197 215.8902 2.2305 2.3170 2.1364 2.0330 2.1875 2.0975 2.6212 2.0739 2.3794 2.2472 1.8590 1.9279 1.8966 1.8890 1.9200 1.8263 2.2990 2.0880 2.1315 1.8228 2.3990 215.8902 215.8902 7.6817 5.3835 2.4889 215.8902 1.5068 215.8902 2.5883 215.8902 215.8902 2.2472 215.8902 215.8902 215.8902 1.0934 1.7031 215.8902 215.8902 6.6136 215.8902 1.6339 1.5273 1.6784 1.6195 0.8597 215.8902 215.8902 215.8902 215.8902 215.8902 215.8902 1.4819 1.7220 1.5804 215.8902 1.5247 1.6426 1.6224 1.4339 1.5377 1.4339 1.4063 1.9603 1.7478 1.4918 1.4200 1.4339 2.3353 3.2784 2.0739 1.7284 2.2196 1.5588 2.0880 1.7778 2.4603 1.5696 2.0023 1.8890 1.5561 1.4819 1.8407 1.6426 2.2585 1.7220 2.1022 1.8890 2.0739 1.7478 1.9121 2.0975 2.1119 1.9480 1.6907 1.8299 2.0285 1.8299 1.9769 1.7880 1.8335 1.6574 2.2250 2.9708 2.8466 3.4173 2.7752 3.4940 215.8902 3.3456 3.6878 2.4325 2.8257 2.2034 2.6466 2.5723 2.3924 2.0601 1.9644 3.0992 5.9702 2.6296 3.4173 3.7114 1.9044 2.3170 2.5035 3.6878 2.5644 2.9238 2.9952 2.5644 2.6996 2.0647 2.9011 2.5964 2.8790 6.6136 2.5644 2.2756 7.5469 4.4172 4.6721 5.8103 5.9702 8.7634 3.3631 10.6010 2.4325 2.7752 2.4889 2.5644 1.9521 1.1676 1.4109 1.3322 0.4801 0.6327 0.6327 0.5884 0.6772 0.8324 0.6628 0.5318 0.6327 0.4169 0.5125 0.2980 0.6016 0.5827 0.5133 0.3505 0.0000 0.7847 215.8902
246 2.4533 1.9727 4.2669 2.1119 2.2814 2.3666 2.1414 2.1616 1.9603 2.2585 2.2361 2.2305 1.8480 2.1022 2.9589 1.9005 2.2699 2.1928 2.0197 2.1414 2.0555 1.9980 1.9239 2.1167 2.8573 2.5723 2.5184 2.4745 2.0647 2.1875 2.3539 2.2250 2.1119 2.7179 2.7179 2.6046 2.9589 2.4745 2.4603 2.4325 2.6727 1.9938 2.6381 2.6466 2.2472 2.3477 2.0419 2.3291 2.4325 2.1719 2.4122 2.2142 2.2585 2.4056 2.0509 2.4463 2.0555 2.6727 2.5803 2.6129 2.1515 2.8361 2.2585 2.2088 1.7188 1.7188 2.1414 1.9685 1.9938 1.5119 1.4481 215.8902 2.2642 2.4056 2.0601 2.6906 2.3414 2.0464 2.6129 2.0927 2.3050 2.3291 1.9895 2.0601 1.7845 2.2088 1.6253 1.5777 1.8664 1.8228 1.8553 2.1928 2.5488 2.1823 215.8902 3.2622 3.6878 2.8573 215.8902 1.6456 215.8902 2.5964 215.8902 215.8902 215.8902 6.0539 215.8902 17.6501 1.0217 1.8739 215.8902 215.8902 215.8902 215.8902 1.7880 1.8590 1.7348 1.7156 1.0647 215.8902 215.8902 215.8902 215.8902 215.8902 215.8902 1.6907 1.7156 1.6368 215.8902 1.4868 1.8739 1.5561 1.5914 1.7610 1.5914 1.5588 2.0880 1.8739 1.6054 1.6310 1.6907 2.5184 2.6639 2.3050 1.8966 2.7557 1.2559 2.1928 2.2088 2.6129 1.7093 1.8590 2.1928 1.6784 1.7252 1.7220 1.8890 2.5184 2.0153 2.2642 2.0555 2.0374 2.0647 2.0647 2.2034 2.3539 2.3414 2.2585 2.3170 2.1167 2.7272 2.2699 1.9853 2.0419 2.3539 2.5723 3.8107 6.3208 2.9354 3.9466 2.7366 6.8249 3.3809 3.4940 2.5335 2.7179 2.9238 2.3990 2.4603 2.4889 3.7114 3.0330 2.6996 2.7951 3.0459 3.7600 4.0353 3.1849 2.8790 3.5551 2.6639 2.6212 3.0076 4.6269 215.8902 215.8902 2.4673 6.8249 3.0722 4.1970 2.7087 2.9589 2.4962 2.8790 2.6727 5.2569 2.6996 2.6466 215.8902 215.8902 2.5883 2.9011 2.8466 2.5803 4.0353 2.3170 1.2754 1.6310 1.6281 0.7975 0.9088 0.9468 0.9276 0.8930 1.0368 0.9482 1.0039 0.9195 0.8082 0.7964 0.7777 0.8826 0.8348 0.9062 0.8250 0.7847 0.0000 215.8902
247 2.0927 2.7179 2.5335 43.2522 1.9279 2.0330 2.0739 1.4918 2.2305 2.2814 1.9439 1.9769 2.6296 215.8902 2.2361 2.4190 2.3170 2.5883 215.8902 2.3291 2.4603 2.1364 1.9938 215.8902 1.8590 2.0601 2.1119 1.7744 2.2873 1.9161 1.7880 2.0285 2.0110 1.9769 1.8739 2.0110 2.1364 2.1119 1.8443 1.9279 1.8263 1.9603 1.8890 1.9769 2.3050 2.0110 2.4463 2.1364 2.1928 215.8902 215.8902 215.8902 215.8902 7.8210 215.8902 215.8902 215.8902 215.8902 215.8902 215.8902 215.8902 215.8902 2.0833 2.0464 2.2142 2.4889 2.6212 2.2034 2.1119 2.0927 2.2361 215.8902 215.8902 215.8902 9.5089 2.9238 2.3990 3.8633 2.6996 215.8902 1.1746 215.8902 2.1414 2.4816 2.2814 2.4394 2.0509 2.4463 3.0722 2.1981 1.8590 2.1823 1.5535 1.2368 1.3817 1.6784 1.5196 1.3534 1.1853 9.9226 1.3599 1.2953 0.7261 1.7413 1.4339 1.5119 1.6426 1.5482 215.8902 4.3403 1.1853 1.3115 0.9236 0.6151 2.2361 3.5343 3.6878 1.7778 215.8902 1.7478 1.6845 2.3602 1.4246 1.8017 1.5221 1.9279 215.8902 215.8902 2.0927 4.4571 215.8902 215.8902 215.8902 215.8902 215.8902 4.4980 4.4980 215.8902 9.7121 215.8902 215.8902 2.0330 1.6368 1.9200 2.1119 1.6574 1.6999 215.8902 2.2585 1.8017 1.7093 1.7125 1.3928 1.7880 1.8814 1.4200 1.5119 1.7544 1.4018 1.5196 1.6195 1.6138 1.4528 1.7948 2.1315 2.0833 2.2472 1.9121 1.1925 1.6368 1.8739 4.0662 1.7880 1.3642 1.6026 4.2669 2.1414 7.4165 11.0955 215.8902 1.4386 2.5644 215.8902 215.8902 215.8902 2.9011 215.8902 2.2873 215.8902 215.8902 215.8902 9.1232 215.8902 3.1849 215.8902 215.8902 215.8902 215.8902 215.8902 10.1407 215.8902 7.2904 215.8902 215.8902 1.9359 1.6544 5.3835 2.1414 2.7951 1.6426 2.2756 2.1981 4.6269 215.8902 215.8902 215.8902 215.8902 215.8902 2.2585 3.8633 2.6466 2.3477 215.8902 215.8902 215.8902 1.1571 1.2144 1.0934 4.2669 0.5442 215.8902 0.7640 1.0584 0.5460 0.6981 4.3783 0.6190 0.9468 215.8902 215.8902 215.8902 215.8902 215.8902 215.8902 215.8902 215.8902 215.8902 0.0000
